Date,Div,Time,HomeTeam,AwayTeam,FTR,HTR,Season,HST,AvgLast5AwayGoalsScored,HF,AvgAwayCornersConceded,AS,MaxCA,AvgLast5HomeCorners,AvgAwayGoalsScored,AvgHomeCorners,Last5HomeOver2.5Perc,Last5AwayOver2.5Count,AvgLast5HomeCornersConceded,MaxC_gt_2.5,B365AHA,AvgLast5HomeGoalsScored,B365C_gt_2.5,Last5AwayOver2.5Perc,AwayOver2.5Perc,Last5HomeOver2.5Count,PredictedTotalCorners,HomeOver2.5Perc,AvgLast5AwayGoalsConceded,PredictedAwayCorners,AvgC_lt_2.5,HS,AvgLast5AwayCorners,PredictedTotalCorners_Last5,MaxAHH,AY,AvgLast5AwayCornersConceded,PredictedHomeCorners,AST,AvgLast5HomeGoalsConceded,Over2.5,OverUnder10.5Corners
2023-08-27,D1,16:30,Bayern Munich,Augsburg,H,H,2023/2024,6.0,1.0,13.0,5.59,11.0,29.0,10.0,1.41,7.24,100.0,1.0,4.0,1.19,1.8,3.0,1.17,100.0,64.71,1.0,11.62,70.59,3.0,4.24,5.18,19.0,4.0,14.0,2.1,2.0,10.0,7.38,2.0,1.0,1,1
2023-09-16,D1,14:30,RB Leipzig,Augsburg,H,H,2023/2024,6.0,0.5,16.0,5.59,16.0,13.0,2.5,1.41,6.76,100.0,2.0,5.0,1.44,1.83,4.0,1.36,100.0,64.71,2.0,10.6,58.82,3.0,4.68,3.11,9.0,5.0,7.5,2.09,0.0,5.5,5.92,4.0,0.5,1,0
2023-10-01,D1,16:30,Freiburg,Augsburg,H,H,2023/2024,3.0,0.33,13.0,5.59,13.0,4.7,4.33,1.41,4.41,33.33,2.0,5.33,1.99,1.97,1.67,1.97,66.67,64.71,1.0,9.41,58.82,2.67,4.72,1.97,7.0,4.33,8.66,1.95,2.0,4.33,4.69,4.0,1.33,0,0
2023-10-22,D1,16:30,Heidenheim,Augsburg,A,A,2023/2024,5.0,1.5,11.0,5.59,9.0,3.23,7.75,1.41,6.24,75.0,3.0,4.75,1.88,1.73,2.25,1.81,75.0,64.71,3.0,10.94,58.82,2.5,4.86,2.07,16.0,4.5,12.25,2.13,2.0,4.75,6.08,6.0,2.5,1,1
2023-11-04,D1,14:30,FC Koln,Augsburg,D,D,2023/2024,12.0,1.4,10.0,5.59,18.0,3.56,9.0,1.41,6.65,60.0,3.0,2.8,1.71,1.89,1.2,1.62,60.0,64.71,3.0,11.21,41.18,2.2,4.67,2.3,28.0,4.0,13.0,2.1,4.0,5.8,6.54,3.0,1.8,0,1
2023-11-25,D1,14:30,Union Berlin,Augsburg,D,A,2023/2024,6.0,1.4,10.0,5.59,11.0,4.07,6.0,1.41,5.29,60.0,2.0,4.0,2.09,1.89,0.2,2.02,40.0,64.71,3.0,10.11,58.82,1.8,4.76,1.84,16.0,4.0,10.0,2.04,2.0,4.4,5.35,2.0,2.4,0,0
2023-12-09,D1,14:30,Werder Bremen,Augsburg,H,H,2023/2024,5.0,1.4,13.0,5.59,11.0,3.25,3.2,1.41,4.12,60.0,1.0,4.4,1.67,1.75,1.6,1.62,20.0,64.71,3.0,9.41,70.59,1.6,4.91,2.32,12.0,3.2,6.4,2.14,2.0,5.2,4.5,1.0,1.6,0,0
2023-12-20,D1,19:30,Stuttgart,Augsburg,H,H,2023/2024,7.0,1.4,8.0,5.59,6.0,8.5,6.0,1.41,5.65,60.0,2.0,4.0,1.54,1.87,2.0,1.5,40.0,64.71,3.0,10.12,76.47,1.8,4.46,2.65,17.0,3.4,9.4,2.1,4.0,5.6,5.66,5.0,1.0,1,0
2024-01-21,D1,16:30,M'gladbach,Augsburg,A,H,2023/2024,4.0,0.8,10.0,5.59,15.0,4.36,4.6,1.41,5.71,100.0,2.0,4.2,1.61,1.95,2.4,1.53,40.0,64.71,5.0,10.34,76.47,1.6,4.8,2.5,18.0,3.8,8.4,1.96,2.0,5.4,5.54,7.0,1.2,1,1
2024-02-03,D1,14:30,Bochum,Augsburg,D,H,2023/2024,4.0,0.8,17.0,5.59,12.0,3.24,3.8,1.41,5.12,40.0,2.0,5.2,1.82,2.03,1.8,1.73,40.0,64.71,2.0,9.95,58.82,1.6,4.96,2.16,9.0,4.4,8.2,1.97,1.0,4.0,4.99,6.0,0.6,0,0
2024-02-17,D1,14:30,Mainz,Augsburg,H,H,2023/2024,4.0,0.6,8.0,5.59,10.0,4.1,8.2,1.41,6.82,0.0,2.0,3.0,1.99,1.86,0.6,1.92,40.0,64.71,0.0,10.95,35.29,1.6,4.5,1.94,19.0,5.0,13.2,2.05,2.0,4.8,6.45,4.0,0.8,0,1
2024-03-02,D1,14:30,Darmstadt,Augsburg,A,A,2023/2024,5.0,1.8,4.0,5.59,21.0,2.15,3.8,1.41,3.76,80.0,3.0,3.4,1.81,2.09,0.6,1.73,60.0,64.71,4.0,9.05,64.71,1.2,4.76,2.08,10.0,5.8,9.6,1.81,0.0,4.4,4.29,6.0,3.0,1,0
2024-03-16,D1,14:30,Wolfsburg,Augsburg,A,D,2023/2024,4.0,2.4,12.0,5.59,14.0,3.3,6.2,1.41,4.47,60.0,3.0,3.6,1.74,2.09,1.4,1.67,60.0,64.71,3.0,9.89,64.71,0.8,4.89,2.2,15.0,6.2,12.4,1.88,3.0,5.2,5.0,5.0,2.0,1,1
2024-04-07,D1,14:30,Hoffenheim,Augsburg,H,H,2023/2024,6.0,2.2,8.0,5.59,14.0,3.0,7.0,1.41,5.71,60.0,3.0,4.0,1.43,1.9,1.2,1.4,60.0,64.71,3.0,10.6,70.59,1.2,4.72,3.0,17.0,6.0,13.0,2.03,1.0,6.4,5.88,7.0,1.4,1,1
2024-04-19,D1,19:30,Ein Frankfurt,Augsburg,H,A,2023/2024,7.0,2.2,2.0,5.59,6.0,3.93,6.2,1.41,5.71,60.0,4.0,2.2,1.6,1.85,1.8,1.57,80.0,64.71,3.0,10.21,52.94,1.6,4.35,2.46,12.0,6.0,12.2,2.07,3.0,7.0,5.86,1.0,1.0,1,1
2024-05-04,D1,14:30,Dortmund,Augsburg,H,H,2023/2024,10.0,2.4,4.0,5.59,20.0,3.61,6.8,1.41,6.0,60.0,5.0,4.8,1.4,2.04,2.2,1.36,100.0,64.71,3.0,10.94,64.71,2.4,4.88,3.15,21.0,6.4,13.2,1.89,1.0,6.8,6.06,4.0,1.4,1,1
2024-05-18,D1,14:30,Leverkusen,Augsburg,H,H,2023/2024,8.0,1.4,6.0,5.59,8.0,15.0,7.0,1.41,7.65,80.0,5.0,2.0,1.25,1.95,2.6,1.25,100.0,64.71,4.0,11.26,82.35,2.8,4.24,4.28,19.0,6.0,13.0,1.96,1.0,7.2,7.02,2.0,0.8,1,0
2024-09-01,D1,14:30,Heidenheim,Augsburg,H,H,2024/2025,9.0,0.0,15.0,5.59,15.0,3.05,5.0,1.0,5.18,100.0,1.0,6.0,1.82,1.83,4.0,1.8,100.0,52.94,1.0,9.39,58.82,4.0,4.14,2.08,17.0,6.0,11.0,2.12,3.0,5.0,5.25,1.0,0.0,1,1
2024-09-28,D1,14:30,RB Leipzig,Augsburg,H,H,2024/2025,7.0,0.0,9.0,5.59,7.0,6.5,7.67,1.0,6.12,33.33,2.0,4.33,1.52,2.04,1.67,1.5,100.0,52.94,1.0,10.2,64.71,4.0,4.02,2.69,14.0,5.5,13.17,1.92,2.0,6.5,6.18,1.0,0.0,1,1
2024-10-19,D1,14:30,Freiburg,Augsburg,H,H,2024/2025,6.0,0.33,11.0,5.59,9.0,5.56,5.0,1.0,4.29,100.0,3.0,3.75,1.7,1.89,2.0,1.67,100.0,52.94,4.0,8.68,82.35,3.67,3.82,2.23,15.0,5.0,10.0,1.97,1.0,6.0,4.86,3.0,1.5,1,0
2024-11-02,D1,14:30,Wolfsburg,Augsburg,D,A,2024/2025,6.0,0.5,7.0,5.59,3.0,3.74,3.8,1.0,5.06,80.0,3.0,3.8,1.83,1.87,1.6,1.8,75.0,52.94,4.0,9.06,58.82,3.0,3.85,2.1,18.0,4.0,7.8,2.04,3.0,6.5,5.21,1.0,2.4,0,0
2024-11-22,D1,19:30,Bayern Munich,Augsburg,H,D,2024/2025,14.0,0.4,9.0,5.59,2.0,23.0,6.0,1.0,6.71,60.0,4.0,2.4,1.3,1.93,2.6,1.29,80.0,52.94,3.0,9.47,82.35,3.0,3.1,3.79,33.0,3.2,9.2,2.02,2.0,6.8,6.37,1.0,0.2,1,0
2024-12-07,D1,14:30,Ein Frankfurt,Augsburg,D,D,2024/2025,4.0,0.8,17.0,5.59,8.0,6.5,4.4,1.0,5.35,60.0,4.0,4.8,1.7,1.98,3.0,1.67,80.0,52.94,3.0,9.08,70.59,2.6,3.64,2.28,16.0,2.0,6.4,1.96,2.0,6.6,5.44,3.0,1.4,1,0
2024-12-21,D1,14:30,Holstein Kiel,Augsburg,H,H,2024/2025,6.0,1.0,11.0,5.59,17.0,2.29,4.6,1.0,3.59,40.0,4.0,4.8,1.96,2.07,1.2,1.93,80.0,52.94,2.0,8.46,70.59,2.8,4.07,1.92,8.0,2.6,7.2,1.85,4.0,5.6,4.39,4.0,1.6,1,1
2025-01-15,D1,19:30,Union Berlin,Augsburg,A,A,2024/2025,2.0,1.2,15.0,5.59,11.0,3.87,4.0,1.0,4.19,20.0,3.0,3.25,2.24,2.05,0.4,2.1,60.0,52.94,1.0,8.26,47.06,2.2,3.56,1.72,13.0,2.6,6.6,1.85,2.0,6.0,4.7,5.0,1.4,0,1
2025-01-19,D1,16:30,Werder Bremen,Augsburg,A,A,2024/2025,2.0,1.4,8.0,5.59,9.0,4.25,6.2,1.0,5.12,80.0,3.0,3.6,1.85,2.01,2.2,1.8,60.0,52.94,4.0,8.98,52.94,2.0,3.59,2.05,20.0,2.8,9.0,1.89,2.0,5.6,5.39,4.0,1.8,0,0
2025-02-01,D1,14:30,St Pauli,Augsburg,D,H,2024/2025,1.0,1.6,16.0,5.59,2.0,3.86,3.8,1.0,5.06,40.0,2.0,4.0,2.24,1.86,1.4,2.2,40.0,52.94,2.0,8.54,17.65,1.6,3.52,1.7,5.0,3.0,6.8,2.06,3.0,4.6,5.02,1.0,1.0,0,0
2025-02-08,D1,14:30,Mainz,Augsburg,D,D,2024/2025,5.0,1.2,12.0,5.59,9.0,5.09,5.2,1.0,5.82,20.0,1.0,3.2,2.14,1.87,1.6,2.0,20.0,52.94,1.0,9.02,35.29,1.2,3.5,1.78,9.0,3.6,8.8,2.06,3.0,4.0,5.52,2.0,0.2,0,0
2025-02-22,D1,14:30,M'gladbach,Augsburg,A,D,2024/2025,5.0,1.6,10.0,5.59,17.0,4.18,5.0,1.0,4.94,60.0,1.0,4.8,1.99,2.04,1.6,1.95,20.0,52.94,3.0,8.89,58.82,0.2,3.9,1.98,8.0,2.8,7.8,1.89,2.0,3.8,4.99,4.0,1.2,1,0
2025-03-08,D1,14:30,Dortmund,Augsburg,A,A,2024/2025,1.0,1.4,6.0,5.59,6.0,8.8,7.4,1.0,6.41,80.0,1.0,3.2,1.73,1.99,2.2,1.62,20.0,52.94,4.0,9.29,76.47,0.2,3.15,2.28,14.0,2.6,10.0,1.91,4.0,4.8,6.14,1.0,1.6,0,1
2025-03-29,D1,14:30,Hoffenheim,Augsburg,D,D,2024/2025,4.0,1.2,14.0,5.59,11.0,3.19,5.8,1.0,4.88,40.0,1.0,4.2,2.0,1.84,1.0,1.92,20.0,52.94,2.0,8.81,58.82,0.4,3.75,1.92,13.0,2.6,8.4,2.08,2.0,4.0,5.06,4.0,1.8,0,0
2025-04-12,D1,14:30,Bochum,Augsburg,A,A,2024/2025,9.0,1.4,14.0,5.59,12.0,3.26,5.4,1.0,5.76,60.0,2.0,5.2,2.2,2.08,0.8,2.1,40.0,52.94,3.0,9.58,47.06,0.4,3.99,1.75,25.0,3.6,9.0,1.82,1.0,4.8,5.59,5.0,2.0,1,1
2025-04-26,D1,14:30,Leverkusen,Augsburg,H,H,2024/2025,5.0,1.4,10.0,5.59,11.0,6.75,5.8,1.0,7.65,20.0,2.0,3.0,1.66,2.05,1.0,1.62,40.0,52.94,1.0,9.99,64.71,0.8,3.29,2.29,14.0,4.4,10.2,1.85,1.0,5.2,6.7,2.0,0.6,0,0
2025-05-11,D1,18:30,Stuttgart,Augsburg,H,H,2024/2025,11.0,0.8,9.0,5.59,7.0,5.84,5.0,1.0,6.12,80.0,2.0,5.4,1.53,1.98,1.8,1.4,40.0,52.94,4.0,9.7,76.47,1.6,3.74,2.81,29.0,4.0,9.0,1.92,1.0,7.0,5.96,0.0,2.0,1,1
2025-08-23,D1,14:30,Freiburg,Augsburg,A,A,2025/2026,4.0,3.0,14.0,4.44,14.0,4.0,5.0,1.11,5.22,100.0,1.0,5.0,1.98,2.0,1.0,1.95,100.0,77.78,1.0,8.41,77.78,1.0,3.43,1.83,16.0,5.0,10.0,1.85,5.0,5.0,4.98,5.0,3.0,1,0
2025-09-14,D1,14:30,St Pauli,Augsburg,H,D,2025/2026,7.0,2.0,10.0,4.44,10.0,3.55,4.0,1.11,6.88,100.0,2.0,1.5,2.1,1.98,2.5,1.9,100.0,77.78,2.0,8.7,75.0,1.5,3.01,1.82,13.0,3.0,7.0,1.9,4.0,4.0,5.69,5.0,2.0,1,0
2025-09-27,D1,14:30,Heidenheim,Augsburg,H,D,2025/2026,5.0,1.67,16.0,4.44,8.0,2.45,3.33,1.11,4.5,66.67,3.0,3.67,1.77,1.83,1.0,1.73,100.0,77.78,2.0,7.61,80.0,1.67,3.33,2.07,11.0,2.67,6.0,2.03,6.0,3.67,4.28,2.0,2.0,1,0
2025-10-18,D1,14:30,FC Koln,Augsburg,D,D,2025/2026,2.0,1.5,10.0,4.44,10.0,3.65,5.33,1.11,4.67,66.67,3.0,5.0,1.57,1.88,2.0,1.53,75.0,77.78,2.0,8.18,66.67,1.5,3.57,2.4,9.0,2.5,7.83,2.0,2.0,4.0,4.61,4.0,1.33,0,0
2025-11-09,D1,16:30,Stuttgart,Augsburg,H,D,2025/2026,6.0,1.6,13.0,4.44,17.0,6.0,5.2,1.11,5.11,40.0,4.0,4.8,1.53,2.0,1.8,1.5,80.0,77.78,2.0,8.36,44.44,1.8,3.52,2.51,17.0,2.8,8.0,1.85,3.0,4.0,4.84,6.0,0.6,1,0
2025-11-29,D1,14:30,Hoffenheim,Augsburg,H,H,2025/2026,3.0,1.0,17.0,4.44,14.0,4.6,7.0,1.11,5.67,80.0,4.0,4.6,1.57,2.03,2.0,1.57,80.0,77.78,4.0,8.75,77.78,2.2,3.38,2.42,17.0,2.2,9.2,1.86,0.0,4.4,5.37,4.0,1.4,1,0
2025-12-13,D1,14:30,Ein Frankfurt,Augsburg,H,D,2025/2026,4.0,0.8,14.0,4.44,12.0,4.33,5.0,1.11,5.0,20.0,3.0,3.2,1.85,1.95,1.0,1.85,60.0,77.78,1.0,7.88,55.56,2.0,3.1,2.0,11.0,3.2,8.2,1.9,3.0,4.2,4.78,1.0,0.8,0,0
2026-01-11,D1,14:30,M'gladbach,Augsburg,H,H,2025/2026,7.0,0.6,16.0,4.44,17.0,3.95,3.2,1.11,4.1,80.0,3.0,5.0,1.8,1.98,1.6,1.8,60.0,77.78,4.0,7.71,70.0,2.4,3.62,2.01,12.0,3.2,6.4,1.88,1.0,4.0,4.09,2.0,1.4,1,0
2026-01-24,D1,14:30,Bayern Munich,Augsburg,A,H,2025/2026,6.0,0.8,10.0,4.44,16.0,21.0,7.0,1.11,6.6,100.0,4.0,2.4,1.25,1.88,4.0,1.22,80.0,77.78,5.0,8.98,100.0,2.4,3.06,4.19,15.0,3.4,10.4,1.98,1.0,4.8,5.92,6.0,1.6,1,1
2023-09-02,D1,17:30,M'gladbach,Bayern Munich,A,H,2023/2024,3.0,3.0,5.0,2.88,25.0,1.3,3.0,2.41,5.71,100.0,2.0,11.5,1.27,1.97,0.5,1.25,100.0,94.12,2.0,11.06,76.47,0.5,6.85,4.13,8.0,10.5,13.5,1.99,2.0,0.5,4.21,9.0,2.5,1,1
2023-09-30,D1,17:30,RB Leipzig,Bayern Munich,D,H,2023/2024,2.0,2.67,10.0,2.88,11.0,1.9,3.33,2.41,6.76,100.0,3.0,3.67,1.43,1.94,3.33,1.4,100.0,94.12,3.0,10.4,58.82,1.0,5.43,3.07,7.0,7.33,10.66,2.0,5.0,2.0,4.97,5.0,1.0,1,0
2023-10-21,D1,17:30,Mainz,Bayern Munich,A,A,2023/2024,3.0,2.75,12.0,2.88,12.0,1.32,4.0,2.41,6.82,75.0,4.0,4.0,1.42,1.89,0.75,1.36,100.0,94.12,3.0,10.55,35.29,1.0,5.48,3.13,14.0,7.25,11.25,2.02,2.0,2.0,5.07,5.0,2.5,1,0
2023-11-04,D1,17:30,Dortmund,Bayern Munich,A,A,2023/2024,1.0,3.0,14.0,2.88,14.0,1.9,5.0,2.41,6.0,60.0,5.0,4.2,1.36,1.78,1.6,1.3,100.0,94.12,3.0,10.19,64.71,0.8,5.45,3.36,15.0,6.2,11.2,2.11,2.0,2.2,4.74,8.0,1.6,1,0
2023-11-24,D1,19:30,FC Koln,Bayern Munich,A,A,2023/2024,2.0,2.4,6.0,2.88,19.0,1.3,8.4,2.41,6.65,40.0,4.0,5.0,1.37,1.87,1.0,1.33,80.0,94.12,2.0,11.37,41.18,0.8,5.87,3.32,6.0,7.4,15.8,2.07,1.0,2.8,5.5,5.0,1.6,0,1
2023-12-09,D1,14:30,Ein Frankfurt,Bayern Munich,H,H,2023/2024,6.0,2.2,8.0,2.88,17.0,1.4,3.0,2.41,5.71,60.0,4.0,4.8,1.5,1.85,2.2,1.44,80.0,94.12,3.0,9.72,52.94,1.6,5.28,2.78,14.0,6.2,9.2,2.07,2.0,2.8,4.44,6.0,1.2,1,0
2023-12-20,D1,19:30,Wolfsburg,Bayern Munich,A,A,2023/2024,4.0,2.2,14.0,2.88,20.0,1.5,3.0,2.41,4.47,80.0,4.0,5.2,1.54,1.98,1.2,1.5,80.0,94.12,4.0,9.46,64.71,1.4,5.8,2.68,5.0,7.2,10.2,1.97,2.0,1.8,3.66,7.0,1.6,1,0
2024-01-27,D1,14:30,Augsburg,Bayern Munich,A,A,2023/2024,7.0,2.2,12.0,2.88,13.0,1.36,2.6,2.41,4.71,40.0,4.0,6.6,1.37,2.03,1.2,1.3,80.0,94.12,2.0,9.76,58.82,1.6,5.97,3.4,14.0,6.8,9.4,1.9,6.0,2.2,3.79,4.0,1.4,1,0
2024-02-10,D1,17:30,Leverkusen,Bayern Munich,H,H,2023/2024,8.0,1.4,13.0,2.88,8.0,3.07,7.4,2.41,7.65,60.0,4.0,3.4,1.83,1.87,2.2,1.8,80.0,94.12,3.0,11.1,82.35,2.2,5.19,2.1,14.0,7.6,15.0,2.06,2.0,2.4,5.91,1.0,0.2,1,0
2024-02-18,D1,16:30,Bochum,Bayern Munich,H,H,2023/2024,5.0,1.6,12.0,2.88,26.0,1.42,3.4,2.41,5.12,40.0,5.0,5.8,1.47,1.91,1.8,1.4,100.0,94.12,2.0,10.07,58.82,2.8,5.93,2.91,14.0,7.0,10.4,2.02,4.0,2.6,4.14,10.0,0.8,1,1
2024-03-01,D1,19:30,Freiburg,Bayern Munich,D,D,2023/2024,5.0,1.8,11.0,2.88,21.0,1.52,3.2,2.41,4.41,80.0,5.0,3.6,1.57,2.07,1.8,1.53,100.0,94.12,4.0,9.17,58.82,2.2,5.4,2.55,17.0,6.4,9.6,1.86,2.0,3.0,3.77,9.0,2.0,1,0
2024-03-16,D1,14:30,Darmstadt,Bayern Munich,A,A,2023/2024,3.0,2.4,9.0,2.88,26.0,1.16,3.6,2.41,3.76,80.0,5.0,4.4,1.25,1.87,1.0,1.22,100.0,94.12,4.0,9.12,64.71,2.4,5.63,4.16,7.0,7.0,10.6,2.07,0.0,3.4,3.49,6.0,3.4,1,1
2024-04-06,D1,14:30,Heidenheim,Bayern Munich,H,A,2023/2024,4.0,2.2,9.0,2.88,15.0,1.41,5.6,2.41,6.24,60.0,5.0,4.2,1.4,2.0,1.2,1.36,100.0,94.12,3.0,10.7,58.82,2.6,5.67,3.18,9.0,6.6,12.2,1.98,0.0,3.2,5.03,8.0,1.4,1,0
2024-04-20,D1,17:30,Union Berlin,Bayern Munich,A,A,2023/2024,4.0,3.2,5.0,2.88,18.0,1.73,5.6,2.41,5.29,60.0,5.0,5.0,1.78,2.02,1.0,1.73,100.0,94.12,3.0,10.23,58.82,2.2,5.7,2.15,15.0,6.0,11.6,1.9,0.0,3.4,4.53,9.0,2.2,1,0
2024-05-04,D1,14:30,Stuttgart,Bayern Munich,H,D,2023/2024,11.0,3.0,10.0,2.88,10.0,2.7,5.2,2.41,5.65,60.0,5.0,4.0,1.48,2.04,2.4,1.44,100.0,94.12,3.0,9.88,76.47,2.2,5.21,2.8,24.0,4.4,9.6,1.92,2.0,3.2,4.67,3.0,1.0,1,0
2024-05-18,D1,14:30,Hoffenheim,Bayern Munich,H,A,2023/2024,9.0,3.0,7.0,2.88,12.0,1.97,6.4,2.41,5.71,80.0,5.0,5.2,1.32,1.85,2.4,1.3,100.0,94.12,4.0,10.19,70.59,2.6,5.31,3.57,17.0,4.2,10.6,2.06,1.0,3.8,4.88,4.0,2.0,1,1
2024-08-25,D1,14:30,Wolfsburg,Bayern Munich,A,A,2024/2025,2.0,3.0,13.0,2.53,14.0,1.54,1.0,2.71,5.06,100.0,1.0,7.0,1.53,1.98,2.0,1.44,100.0,70.59,1.0,9.61,58.82,2.0,5.99,2.76,11.0,7.0,8.0,1.96,3.0,1.0,3.62,8.0,3.0,1,0
2024-09-14,D1,17:30,Holstein Kiel,Bayern Munich,A,A,2024/2025,1.0,4.5,12.0,2.53,23.0,1.22,1.5,2.71,3.59,50.0,2.0,8.5,1.31,1.93,0.5,1.3,100.0,70.59,1.0,9.46,70.59,1.5,6.55,3.74,5.0,8.5,10.0,1.97,1.0,1.5,2.91,13.0,4.0,1,1
2024-09-21,D1,14:30,Werder Bremen,Bayern Munich,A,A,2024/2025,0.0,4.67,4.0,2.53,25.0,1.34,3.0,2.71,5.12,50.0,3.0,5.0,1.38,1.99,0.0,1.36,100.0,70.59,1.0,9.55,52.94,1.0,5.67,3.27,0.0,7.0,10.0,1.97,3.0,1.33,3.88,7.0,2.5,1,0
2024-10-06,D1,16:30,Ein Frankfurt,Bayern Munich,D,D,2024/2025,4.0,4.25,10.0,2.53,22.0,1.55,3.0,2.71,5.35,66.67,4.0,6.67,1.42,1.83,2.67,1.4,100.0,70.59,2.0,9.93,70.59,1.5,5.95,3.05,5.0,8.0,11.0,2.09,1.0,1.0,3.98,13.0,1.33,1,1
2024-10-27,D1,14:30,Bochum,Bayern Munich,A,A,2024/2025,2.0,4.4,15.0,2.53,17.0,1.18,3.5,2.71,5.76,75.0,5.0,5.0,1.23,1.86,0.75,1.2,100.0,70.59,3.0,10.14,47.06,1.2,5.87,4.49,6.0,7.4,10.9,2.06,1.0,1.2,4.27,9.0,3.0,1,0
2024-11-09,D1,14:30,St Pauli,Bayern Munich,A,A,2024/2025,0.0,4.0,10.0,2.53,13.0,1.23,4.2,2.71,5.06,20.0,4.0,4.2,1.49,1.83,0.0,1.44,80.0,70.59,1.0,9.6,17.65,0.8,5.56,2.79,3.0,8.0,12.2,2.11,2.0,2.0,4.04,6.0,1.2,0,1
2024-11-30,D1,17:30,Dortmund,Bayern Munich,D,H,2024/2025,2.0,3.0,11.0,2.53,14.0,1.78,6.2,2.71,6.41,80.0,3.0,0.8,1.61,1.85,2.6,1.57,60.0,70.59,4.0,9.81,76.47,0.8,4.83,2.47,7.0,6.6,12.8,2.06,2.0,2.0,4.98,5.0,1.0,0,0
2024-12-14,D1,14:30,Mainz,Bayern Munich,H,H,2024/2025,4.0,2.2,21.0,2.53,13.0,1.57,5.2,2.71,5.82,40.0,3.0,2.4,1.61,2.04,1.6,1.57,60.0,70.59,2.0,9.79,35.29,1.2,5.2,2.4,8.0,6.2,11.4,1.88,2.0,2.4,4.59,1.0,1.0,1,0
2025-01-11,D1,17:30,M'gladbach,Bayern Munich,A,D,2024/2025,0.0,1.8,10.0,2.53,23.0,1.36,5.6,2.71,4.94,40.0,2.0,5.4,1.41,1.78,2.2,1.36,40.0,70.59,2.0,10.03,58.82,0.6,5.8,3.04,5.0,6.0,11.6,2.08,1.0,3.2,4.23,10.0,0.8,0,1
2025-01-25,D1,14:30,Freiburg,Bayern Munich,A,A,2024/2025,2.0,1.2,15.0,2.53,7.0,1.28,5.2,2.71,4.29,80.0,2.0,4.2,1.42,1.92,2.0,1.4,40.0,70.59,4.0,9.3,82.35,0.8,5.47,2.98,7.0,5.8,11.0,2.01,2.0,3.2,3.83,3.0,1.4,1,0
2025-02-15,D1,17:30,Leverkusen,Bayern Munich,D,D,2024/2025,3.0,1.0,16.0,2.53,2.0,2.4,5.6,2.71,7.65,60.0,2.0,3.0,1.87,2.0,2.4,1.8,40.0,70.59,3.0,10.5,64.71,0.8,4.76,2.03,15.0,3.8,9.4,1.93,3.0,3.4,5.74,0.0,0.6,0,0
2025-02-28,D1,19:30,Stuttgart,Bayern Munich,A,D,2024/2025,3.0,1.4,12.0,2.53,17.0,1.8,4.4,2.71,6.12,100.0,3.0,2.4,1.62,1.85,1.8,1.53,60.0,70.59,5.0,9.83,76.47,0.8,5.01,2.49,12.0,4.4,8.8,2.11,3.0,3.8,4.82,8.0,1.6,1,0
2025-03-15,D1,14:30,Union Berlin,Bayern Munich,D,D,2024/2025,3.0,1.4,13.0,2.53,18.0,1.36,4.6,2.71,4.19,40.0,2.0,5.8,1.61,2.04,0.8,1.57,40.0,70.59,2.0,9.51,47.06,0.6,5.75,2.45,7.0,6.8,11.4,1.9,2.0,3.6,3.76,4.0,1.0,0,1
2025-04-04,D1,19:30,Augsburg,Bayern Munich,A,D,2024/2025,3.0,1.8,8.0,2.53,19.0,1.44,4.4,2.71,5.76,40.0,3.0,4.6,1.62,1.93,0.8,1.57,60.0,70.59,2.0,10.11,52.94,0.8,5.55,2.39,6.0,5.6,10.0,2.0,0.0,3.2,4.56,7.0,0.8,1,0
2025-04-19,D1,14:30,Heidenheim,Bayern Munich,A,A,2024/2025,1.0,2.2,8.0,2.53,18.0,1.3,5.0,2.71,5.18,60.0,3.0,3.0,1.32,2.01,0.6,1.29,60.0,70.59,3.0,9.66,58.82,0.6,5.32,3.53,4.0,5.6,10.6,1.9,1.0,3.6,4.34,11.0,2.2,1,0
2025-05-03,D1,14:30,RB Leipzig,Bayern Munich,D,H,2024/2025,6.0,2.8,9.0,2.53,20.0,1.78,5.8,2.71,6.12,60.0,4.0,5.8,1.34,2.07,2.0,1.29,80.0,70.59,3.0,10.7,64.71,1.2,5.84,3.48,8.0,7.0,12.8,1.85,1.0,2.8,4.86,6.0,1.4,1,0
2025-05-17,D1,14:30,Hoffenheim,Bayern Munich,A,A,2024/2025,2.0,3.0,9.0,2.53,14.0,1.68,3.0,2.71,4.88,40.0,4.0,4.4,1.34,2.0,1.2,1.33,80.0,70.59,2.0,9.53,58.82,1.0,5.69,3.38,6.0,6.6,9.6,1.9,0.0,2.2,3.84,5.0,1.8,1,0
2025-08-30,D1,17:30,Augsburg,Bayern Munich,A,A,2025/2026,3.0,3.0,14.0,3.89,20.0,1.32,7.0,3.56,5.6,100.0,1.0,5.0,1.44,1.88,2.0,1.44,100.0,100.0,1.0,10.87,50.0,2.0,5.42,2.86,10.0,5.0,12.0,2.02,4.0,7.0,5.45,10.0,3.0,1,1
2025-09-20,D1,14:30,Hoffenheim,Bayern Munich,A,A,2025/2026,4.0,3.5,17.0,3.89,18.0,1.4,4.5,3.56,5.67,100.0,2.0,5.0,1.35,1.85,1.0,1.33,100.0,100.0,2.0,10.31,77.78,1.5,5.17,3.26,12.0,5.0,9.5,2.0,2.0,6.0,5.14,10.0,3.5,1,0
2025-10-04,D1,17:30,Ein Frankfurt,Bayern Munich,A,A,2025/2026,1.0,3.33,11.0,3.89,12.0,1.4,5.33,3.56,5.0,100.0,3.0,1.67,1.25,2.03,2.33,1.22,100.0,100.0,3.0,9.31,55.56,1.0,4.52,4.08,6.0,4.33,9.66,1.8,2.0,5.33,4.79,3.0,2.67,1,0
2025-10-25,D1,14:30,M'gladbach,Bayern Munich,A,D,2025/2026,0.0,3.25,6.0,3.89,27.0,1.29,5.0,3.56,4.1,60.0,4.0,5.0,1.26,1.95,0.8,1.22,100.0,100.0,3.0,9.44,70.0,0.75,5.29,3.92,1.0,5.25,10.25,1.93,3.0,4.25,4.15,11.0,2.6,1,0
2025-11-08,D1,14:30,Union Berlin,Bayern Munich,D,D,2025/2026,4.0,3.0,8.0,3.89,12.0,1.22,6.2,3.56,5.4,60.0,5.0,4.2,1.4,1.98,1.4,1.36,100.0,100.0,3.0,10.23,80.0,1.0,5.21,3.01,12.0,5.2,11.4,1.93,4.0,4.6,5.02,4.0,1.4,1,1
2025-12-06,D1,14:30,Stuttgart,Bayern Munich,A,A,2025/2026,1.0,3.4,6.0,3.89,19.0,1.65,4.6,3.56,5.11,60.0,5.0,3.6,1.32,1.98,1.6,1.3,100.0,100.0,3.0,9.71,44.44,0.6,5.09,3.39,13.0,5.0,9.6,1.89,4.0,3.8,4.62,11.0,1.6,1,0
2025-12-21,D1,16:30,Heidenheim,Bayern Munich,A,A,2025/2026,1.0,3.4,8.0,3.89,23.0,1.2,5.2,3.56,4.5,80.0,5.0,5.4,1.29,1.98,1.0,1.25,100.0,100.0,4.0,9.48,80.0,0.4,5.23,3.74,8.0,5.2,10.4,1.9,0.0,2.8,4.25,11.0,2.2,1,0
2026-01-14,D1,19:30,FC Koln,Bayern Munich,A,D,2025/2026,3.0,3.4,3.0,3.89,19.0,1.28,3.4,3.56,4.67,60.0,5.0,4.4,1.25,1.98,1.8,1.22,100.0,100.0,3.0,9.47,66.67,0.6,5.31,4.04,8.0,5.8,9.2,1.92,0.0,2.8,4.16,8.0,2.0,1,0
2026-01-17,D1,17:30,RB Leipzig,Bayern Munich,A,H,2025/2026,4.0,3.8,7.0,3.89,19.0,1.75,6.2,3.56,5.78,60.0,5.0,5.2,1.37,1.85,2.4,1.36,100.0,100.0,3.0,10.59,66.67,0.8,5.46,3.17,17.0,6.0,12.2,2.0,0.0,3.6,5.13,12.0,1.6,1,1
2023-08-19,D1,14:30,Stuttgart,Bochum,H,H,2023/2024,9.0,0.0,5.0,6.65,4.0,4.52,7.0,0.94,5.65,100.0,1.0,0.0,1.7,2.02,5.0,1.62,100.0,70.59,1.0,9.31,76.47,5.0,3.14,2.26,19.0,0.0,7.0,1.95,1.0,7.0,6.17,1.0,0.0,1,0
2023-09-02,D1,14:30,Augsburg,Bochum,D,D,2023/2024,3.0,1.0,15.0,6.65,22.0,3.45,5.5,0.94,4.71,100.0,2.0,6.0,1.83,1.88,3.0,1.67,100.0,70.59,2.0,9.55,58.82,3.5,4.25,2.13,11.0,2.5,8.0,2.09,2.0,5.0,5.3,9.0,3.0,1,0
2023-09-23,D1,14:30,Bayern Munich,Bochum,H,H,2023/2024,16.0,0.67,8.0,6.65,4.0,21.0,8.33,0.94,7.24,100.0,3.0,3.0,1.22,1.89,4.0,1.22,100.0,70.59,3.0,10.44,70.59,4.67,3.36,4.38,26.0,2.0,10.33,2.03,1.0,6.0,7.08,1.0,1.0,1,0
2023-10-07,D1,14:30,RB Leipzig,Bochum,D,D,2023/2024,5.0,0.5,10.0,6.65,9.0,13.0,4.75,0.94,6.76,75.0,3.0,3.0,1.57,1.75,2.5,1.44,75.0,70.59,3.0,10.1,58.82,3.5,3.57,2.66,18.0,1.75,6.5,2.13,4.0,6.75,6.53,2.0,0.75,0,0
2023-10-21,D1,14:30,Freiburg,Bochum,H,H,2023/2024,5.0,0.6,11.0,6.65,13.0,5.02,4.5,0.94,4.41,50.0,4.0,4.5,1.88,1.94,1.75,1.73,80.0,70.59,2.0,8.98,58.82,3.2,3.8,2.09,15.0,1.8,6.3,1.98,4.0,6.4,5.18,5.0,1.25,1,0
2023-11-03,D1,19:30,Darmstadt,Bochum,A,D,2023/2024,4.0,1.0,7.0,6.65,9.0,3.18,5.6,0.94,3.76,100.0,4.0,3.4,1.85,1.84,2.0,1.8,80.0,70.59,5.0,8.82,64.71,2.4,3.81,2.07,15.0,2.2,7.8,2.11,5.0,7.2,5.01,4.0,2.8,1,1
2023-11-26,D1,14:30,Heidenheim,Bochum,D,D,2023/2024,3.0,0.6,14.0,6.65,9.0,3.17,7.2,0.94,6.24,40.0,3.0,4.8,1.77,1.97,1.8,1.73,60.0,70.59,2.0,10.65,58.82,2.0,4.06,2.19,9.0,2.2,9.4,1.97,3.0,7.8,6.59,2.0,1.4,0,1
2023-12-08,D1,19:30,Hoffenheim,Bochum,H,H,2023/2024,7.0,0.8,18.0,6.65,22.0,4.54,4.4,0.94,5.71,80.0,3.0,3.8,1.63,2.0,1.6,1.57,60.0,70.59,4.0,9.76,70.59,1.2,3.82,2.48,18.0,3.0,7.4,1.96,2.0,7.0,5.94,5.0,2.2,1,0
2023-12-20,D1,19:30,Leverkusen,Bochum,H,H,2023/2024,8.0,0.8,7.0,6.65,6.0,15.0,9.2,0.94,7.65,80.0,4.0,2.8,1.5,2.04,2.8,1.44,80.0,70.59,4.0,10.87,82.35,2.0,3.48,2.93,15.0,3.4,12.6,1.9,2.0,6.0,7.39,1.0,0.4,1,0
2024-01-28,D1,16:30,Dortmund,Bochum,H,D,2023/2024,6.0,0.8,10.0,6.65,10.0,7.64,5.6,0.94,6.0,80.0,4.0,3.4,1.35,1.92,2.0,1.33,80.0,70.59,4.0,10.08,64.71,2.2,3.9,3.33,15.0,3.8,9.4,2.02,3.0,6.6,6.18,4.0,2.2,1,1
2024-02-10,D1,14:30,Ein Frankfurt,Bochum,D,D,2023/2024,2.0,0.6,6.0,6.65,14.0,5.4,4.6,0.94,5.71,60.0,3.0,3.4,1.9,1.9,2.0,1.84,60.0,70.59,3.0,9.55,52.94,2.2,3.69,2.0,8.0,4.0,8.6,2.02,2.0,6.0,5.86,5.0,1.0,0,1
2024-02-24,D1,14:30,M'gladbach,Bochum,H,H,2023/2024,6.0,1.0,13.0,6.65,15.0,3.56,4.2,0.94,5.71,80.0,4.0,4.2,1.7,1.86,2.2,1.62,80.0,70.59,4.0,10.06,76.47,3.2,4.26,2.28,22.0,4.2,8.4,2.06,4.0,5.8,5.8,5.0,1.4,1,1
2024-03-16,D1,14:30,Mainz,Bochum,H,H,2023/2024,4.0,0.8,15.0,6.65,11.0,4.42,9.0,0.94,6.82,0.0,3.0,4.6,1.71,1.89,1.0,1.67,60.0,70.59,0.0,10.97,35.29,3.0,4.02,2.24,13.0,4.4,13.4,2.04,3.0,6.4,6.95,4.0,0.6,0,1
2024-04-06,D1,14:30,FC Koln,Bochum,H,D,2023/2024,6.0,1.0,16.0,6.65,8.0,3.27,5.0,0.94,6.65,40.0,3.0,5.8,1.85,1.9,1.0,1.8,60.0,70.59,2.0,11.0,41.18,2.6,4.44,2.06,17.0,4.6,9.6,2.04,3.0,7.4,6.56,2.0,1.8,1,1
2024-04-20,D1,14:30,Wolfsburg,Bochum,H,H,2023/2024,5.0,0.8,11.0,6.65,9.0,4.05,5.4,0.94,4.47,60.0,2.0,5.0,1.98,1.87,1.2,1.95,40.0,70.59,3.0,9.71,64.71,2.2,4.37,1.93,10.0,5.4,10.8,2.06,3.0,6.8,5.34,1.0,2.0,0,1
2024-05-05,D1,14:30,Union Berlin,Bochum,A,A,2023/2024,6.0,1.4,13.0,6.65,17.0,4.1,6.0,0.94,5.29,60.0,3.0,5.4,2.01,1.94,1.2,1.93,60.0,70.59,3.0,10.28,58.82,2.6,4.47,1.91,12.0,5.6,11.6,1.99,1.0,6.4,5.81,5.0,2.6,1,0
2024-05-18,D1,14:30,Werder Bremen,Bochum,H,H,2023/2024,12.0,1.2,12.0,6.65,26.0,3.34,5.8,0.94,4.12,80.0,3.0,5.4,1.54,1.83,1.8,1.44,60.0,70.59,4.0,9.91,70.59,2.4,4.7,2.68,25.0,6.0,11.8,2.1,1.0,7.0,5.21,8.0,1.6,1,1
2024-08-24,D1,14:30,RB Leipzig,Bochum,H,D,2024/2025,3.0,0.0,9.0,5.81,10.0,13.0,9.0,1.0,6.12,0.0,0.0,3.0,1.37,2.03,1.0,1.33,0.0,47.06,0.0,10.48,64.71,1.0,3.86,3.35,12.0,3.0,12.0,1.93,3.0,9.0,6.62,4.0,0.0,0,1
2024-09-14,D1,14:30,Freiburg,Bochum,H,A,2024/2025,9.0,0.5,5.0,5.81,13.0,5.9,5.5,1.0,4.29,100.0,1.0,4.5,1.69,2.0,2.5,1.62,50.0,47.06,2.0,9.13,82.35,1.5,4.07,2.34,27.0,4.5,10.0,1.93,3.0,7.0,5.06,2.0,1.0,1,1
2024-09-27,D1,19:30,Dortmund,Bochum,H,A,2024/2025,8.0,1.0,12.0,5.81,10.0,14.0,8.67,1.0,6.41,66.67,2.0,2.67,1.29,2.03,3.33,1.29,66.67,47.06,2.0,10.03,76.47,2.33,3.35,3.84,23.0,3.0,11.67,1.91,0.0,8.33,6.68,6.0,1.33,1,1
2024-10-19,D1,14:30,Hoffenheim,Bochum,H,H,2024/2025,7.0,1.0,10.0,5.81,13.0,6.0,4.5,1.0,4.88,100.0,3.0,6.5,1.36,1.96,2.5,1.3,75.0,47.06,4.0,9.52,58.82,2.5,4.21,3.37,12.0,2.75,7.25,1.89,1.0,7.25,5.31,4.0,2.75,1,0
2024-11-02,D1,14:30,Ein Frankfurt,Bochum,H,H,2024/2025,9.0,1.2,6.0,5.81,11.0,7.7,3.5,1.0,5.35,75.0,4.0,5.5,1.45,2.0,3.75,1.4,80.0,47.06,3.0,9.41,70.59,3.4,3.99,2.99,18.0,2.6,6.1,1.93,2.0,6.8,5.42,8.0,1.5,1,0
2024-11-23,D1,14:30,Stuttgart,Bochum,H,D,2024/2025,5.0,1.2,7.0,5.81,9.0,10.0,8.0,1.0,6.12,60.0,4.0,4.2,1.41,1.9,2.4,1.36,80.0,47.06,3.0,9.98,76.47,3.6,3.72,3.16,15.0,2.8,10.8,2.01,3.0,6.4,6.26,2.0,1.2,0,1
2024-11-30,D1,14:30,Augsburg,Bochum,H,H,2024/2025,4.0,1.0,8.0,5.81,7.0,4.97,7.8,1.0,5.76,60.0,3.0,3.6,1.85,1.97,1.4,1.84,60.0,47.06,3.0,9.83,52.94,3.4,3.77,2.04,16.0,1.8,9.6,1.96,3.0,6.6,6.06,1.0,1.0,0,0
2025-01-11,D1,14:30,Mainz,Bochum,H,H,2024/2025,5.0,0.8,6.0,5.81,11.0,5.5,5.2,1.0,5.82,40.0,1.0,3.0,1.93,1.95,2.0,1.92,20.0,47.06,2.0,9.41,35.29,2.4,3.66,1.96,10.0,3.25,8.45,1.98,2.0,5.75,5.75,2.0,0.6,0,1
2025-01-25,D1,17:30,M'gladbach,Bochum,H,H,2024/2025,6.0,0.4,6.0,5.81,10.0,4.78,5.8,1.0,4.94,40.0,1.0,5.4,1.62,1.98,2.0,1.57,20.0,47.06,2.0,9.75,58.82,1.6,4.35,2.43,16.0,4.5,10.3,1.95,3.0,6.5,5.4,4.0,0.6,1,1
2025-02-09,D1,14:30,Holstein Kiel,Bochum,D,A,2024/2025,3.0,0.8,11.0,5.81,21.0,3.31,3.4,1.0,3.59,80.0,2.0,5.2,1.78,1.89,2.4,1.73,40.0,47.06,4.0,8.87,70.59,1.6,4.55,2.15,10.0,4.75,8.15,2.02,2.0,5.5,4.32,6.0,2.0,1,0
2025-02-22,D1,14:30,Wolfsburg,Bochum,D,D,2024/2025,6.0,1.0,8.0,5.81,11.0,5.6,6.0,1.0,5.06,60.0,2.0,5.6,1.59,1.98,1.8,1.53,40.0,47.06,3.0,9.73,58.82,1.6,4.42,2.48,13.0,5.75,11.75,1.95,3.0,4.75,5.31,5.0,1.4,0,0
2025-03-08,D1,14:30,Bayern Munich,Bochum,A,H,2024/2025,5.0,1.2,7.0,5.81,8.0,17.0,7.2,1.0,6.71,100.0,3.0,1.8,1.38,1.9,3.2,1.33,60.0,47.06,5.0,9.88,82.35,2.0,3.46,3.38,14.0,5.2,12.4,2.02,6.0,5.6,6.42,5.0,1.6,1,1
2025-03-28,D1,19:30,Leverkusen,Bochum,H,D,2024/2025,5.0,1.4,6.0,5.81,8.0,13.0,5.8,1.0,7.65,60.0,4.0,2.8,1.46,2.06,1.8,1.44,80.0,47.06,3.0,10.25,64.71,2.2,3.49,2.8,14.0,4.4,10.2,1.84,1.0,5.2,6.76,3.0,1.0,1,0
2025-04-19,D1,14:30,Werder Bremen,Bochum,H,D,2024/2025,4.0,1.4,9.0,5.81,12.0,5.5,5.0,1.0,5.12,60.0,3.0,4.0,1.55,1.95,1.4,1.5,60.0,47.06,3.0,9.18,52.94,1.8,4.01,2.54,14.0,4.4,9.4,1.96,3.0,4.0,5.17,1.0,1.8,0,0
2025-05-02,D1,19:30,Heidenheim,Bochum,D,D,2024/2025,3.0,1.0,8.0,5.81,14.0,3.15,4.6,1.0,5.18,60.0,2.0,3.0,1.99,1.89,0.6,1.95,40.0,47.06,3.0,9.1,58.82,1.4,3.88,1.94,11.0,4.2,8.8,2.03,1.0,4.6,5.22,3.0,1.8,0,0
2025-05-17,D1,14:30,St Pauli,Bochum,A,A,2024/2025,2.0,1.2,3.0,5.81,9.0,4.6,7.4,1.0,5.06,0.0,2.0,3.2,1.65,1.96,0.6,1.62,40.0,47.06,0.0,9.28,17.65,1.2,3.76,2.3,10.0,4.0,11.4,1.85,0.0,5.4,5.52,6.0,1.0,0,1
2023-08-20,D1,16:30,Ein Frankfurt,Darmstadt,H,H,2023/2024,4.0,0.0,9.0,6.35,11.0,7.5,7.0,0.88,5.71,0.0,0.0,3.0,1.69,2.04,1.0,1.67,0.0,58.82,0.0,9.16,52.94,1.0,3.03,2.31,10.0,3.0,10.0,1.9,3.0,7.0,6.13,2.0,0.0,0,0
2023-09-02,D1,14:30,Leverkusen,Darmstadt,H,D,2023/2024,13.0,0.5,8.0,6.35,5.0,15.0,4.0,0.88,7.65,100.0,1.0,3.5,1.53,1.95,4.0,1.44,50.0,58.82,2.0,9.68,82.35,3.0,2.94,2.74,24.0,2.5,6.5,2.07,2.0,5.5,6.74,1.0,1.5,1,0
2023-09-22,D1,19:30,Stuttgart,Darmstadt,H,H,2023/2024,11.0,0.67,7.0,6.35,3.0,9.01,4.67,0.88,5.65,100.0,2.0,2.67,1.57,1.78,4.33,1.53,66.67,58.82,3.0,8.89,76.47,3.0,3.19,2.58,18.0,3.0,7.67,2.11,6.0,5.33,5.7,0.0,0.33,1,0
2023-10-07,D1,14:30,Augsburg,Darmstadt,A,D,2023/2024,3.0,1.0,13.0,6.35,17.0,4.85,4.5,0.88,4.71,100.0,3.0,5.0,2.0,2.0,2.25,1.93,75.0,58.82,4.0,8.84,58.82,2.5,3.71,1.98,17.0,3.25,7.75,1.92,2.0,5.0,5.13,5.0,2.25,1,0
2023-10-28,D1,14:30,Bayern Munich,Darmstadt,H,D,2023/2024,16.0,0.8,15.0,6.35,10.0,36.0,7.8,0.88,7.24,100.0,4.0,2.2,1.19,2.0,4.6,1.17,80.0,58.82,5.0,9.73,70.59,3.6,2.84,5.31,28.0,2.8,10.6,1.98,2.0,5.4,6.89,4.0,0.6,1,0
2023-11-25,D1,14:30,Freiburg,Darmstadt,D,D,2023/2024,3.0,1.0,15.0,6.35,7.0,6.3,6.4,0.88,4.41,60.0,4.0,3.4,1.75,1.95,2.0,1.62,80.0,58.82,3.0,8.52,58.82,3.6,3.25,2.29,16.0,2.6,9.0,1.98,0.0,6.2,5.27,1.0,1.8,0,1
2023-12-09,D1,14:30,Heidenheim,Darmstadt,H,H,2023/2024,7.0,1.2,17.0,6.35,20.0,4.41,6.8,0.88,6.24,40.0,4.0,5.2,1.93,2.05,1.6,1.73,80.0,58.82,2.0,10.04,58.82,3.2,3.64,2.06,16.0,2.8,9.6,1.84,2.0,7.0,6.4,7.0,1.4,1,1
2023-12-19,D1,19:30,Hoffenheim,Darmstadt,D,H,2023/2024,4.0,1.6,9.0,6.35,14.0,7.0,5.2,0.88,5.71,80.0,4.0,3.8,1.62,1.99,2.0,1.57,80.0,58.82,4.0,9.27,70.59,3.2,3.26,2.41,13.0,2.6,7.8,2.01,4.0,7.6,6.01,3.0,2.2,1,1
2024-01-28,D1,14:30,Union Berlin,Darmstadt,H,D,2023/2024,6.0,1.2,13.0,6.35,15.0,5.5,5.2,0.88,5.29,40.0,3.0,4.0,2.14,2.09,1.4,2.0,60.0,58.82,2.0,9.28,58.82,3.2,3.5,1.84,19.0,2.4,7.6,1.86,2.0,7.6,5.78,1.0,1.0,0,0
2024-02-10,D1,14:30,M'gladbach,Darmstadt,D,D,2023/2024,8.0,1.2,11.0,6.35,10.0,5.48,4.4,0.88,5.71,80.0,2.0,3.6,1.82,1.88,1.6,1.73,40.0,58.82,4.0,9.45,76.47,1.6,3.52,2.1,22.0,2.6,7.0,2.06,5.0,7.6,5.93,1.0,1.2,0,0
2024-02-24,D1,14:30,Werder Bremen,Darmstadt,D,D,2023/2024,4.0,1.2,10.0,6.35,11.0,5.0,4.0,0.88,4.12,40.0,2.0,5.4,1.76,2.01,1.6,1.67,40.0,58.82,2.0,8.8,70.59,1.6,3.93,2.16,13.0,3.4,7.4,1.91,4.0,6.2,4.87,3.0,1.0,0,0
2024-03-09,D1,14:30,RB Leipzig,Darmstadt,H,H,2023/2024,8.0,0.8,3.0,6.35,9.0,23.31,7.4,0.88,6.76,20.0,1.0,5.0,1.34,1.98,1.6,1.3,20.0,58.82,1.0,10.11,58.82,1.4,3.44,3.51,28.0,3.6,11.0,1.98,3.0,6.2,6.67,4.0,0.8,0,1
2024-03-31,D1,18:30,Bochum,Darmstadt,D,H,2023/2024,7.0,0.6,7.0,6.35,13.0,6.8,5.4,0.88,5.12,80.0,1.0,5.8,1.56,2.09,1.6,1.5,20.0,58.82,4.0,9.4,58.82,1.2,3.88,2.58,20.0,4.0,9.4,1.86,2.0,5.8,5.52,3.0,2.2,1,1
2024-04-06,D1,14:30,Mainz,Darmstadt,H,H,2023/2024,9.0,0.6,16.0,6.35,14.0,7.7,7.8,0.88,6.82,20.0,2.0,4.6,1.66,1.93,1.8,1.57,40.0,58.82,1.0,10.14,35.29,1.8,3.42,2.36,18.0,3.6,11.4,2.02,3.0,6.0,6.72,2.0,0.4,1,0
2024-04-20,D1,14:30,FC Koln,Darmstadt,A,D,2023/2024,4.0,1.0,10.0,6.35,12.0,7.57,4.4,0.88,6.65,40.0,2.0,5.0,1.65,2.06,0.6,1.57,40.0,58.82,2.0,9.99,41.18,1.8,3.76,2.37,18.0,3.8,8.2,1.85,1.0,5.4,6.23,6.0,2.2,0,0
2024-05-04,D1,14:30,Wolfsburg,Darmstadt,H,H,2023/2024,6.0,0.8,11.0,6.35,6.0,10.0,6.2,0.88,4.47,80.0,3.0,4.8,1.49,2.08,1.6,1.44,60.0,58.82,4.0,8.9,64.71,2.2,3.59,2.76,18.0,3.0,9.2,1.89,3.0,6.4,5.31,1.0,1.8,1,1
2024-05-18,D1,14:30,Dortmund,Darmstadt,H,H,2023/2024,10.0,0.8,4.0,6.35,7.0,21.0,6.2,0.88,6.0,60.0,4.0,4.8,1.21,2.03,2.6,1.2,80.0,58.82,3.0,9.55,64.71,2.6,3.42,4.9,21.0,2.8,9.0,1.9,3.0,6.2,6.13,1.0,0.8,1,0
2023-08-26,D1,14:30,Bochum,Dortmund,D,H,2023/2024,6.0,1.0,21.0,6.0,13.0,1.58,5.0,1.82,5.12,0.0,0.0,4.0,1.52,2.06,1.0,1.5,0.0,58.82,0.0,9.76,58.82,1.0,4.44,2.76,17.0,4.0,9.0,1.86,1.0,5.0,5.32,3.0,1.0,0,0
2023-09-16,D1,14:30,Freiburg,Dortmund,A,H,2023/2024,4.0,2.5,12.0,6.0,14.0,2.4,5.5,1.82,4.41,50.0,1.0,6.5,1.52,1.92,1.5,1.5,50.0,58.82,1.0,9.67,58.82,1.5,4.64,2.68,14.0,6.0,11.5,2.02,3.0,5.5,5.03,6.0,2.0,1,1
2023-09-29,D1,19:30,Hoffenheim,Dortmund,A,A,2023/2024,5.0,2.67,14.0,6.0,6.0,2.2,3.67,1.82,5.71,100.0,2.0,2.67,1.41,1.89,1.67,1.36,66.67,58.82,3.0,9.64,70.59,1.33,4.13,3.12,15.0,5.0,8.67,2.05,4.0,5.0,5.51,5.0,2.0,1,0
2023-10-29,D1,14:30,Ein Frankfurt,Dortmund,D,H,2023/2024,7.0,2.75,11.0,6.0,14.0,2.32,5.0,1.82,5.71,20.0,3.0,3.4,1.68,1.89,1.4,1.67,75.0,58.82,1.0,9.51,52.94,1.75,3.99,2.28,11.0,4.75,9.75,2.05,2.0,3.75,5.52,4.0,0.8,1,0
2023-11-11,D1,14:30,Stuttgart,Dortmund,H,D,2023/2024,10.0,2.4,13.0,6.0,5.0,2.85,4.8,1.82,5.65,100.0,4.0,3.0,1.55,1.93,3.0,1.5,80.0,58.82,5.0,9.57,76.47,1.8,4.06,2.6,22.0,4.0,8.8,2.01,3.0,4.2,5.51,1.0,1.2,1,0
2023-12-03,D1,16:30,Leverkusen,Dortmund,D,A,2023/2024,6.0,2.4,12.0,6.0,6.0,5.3,11.0,1.82,7.65,80.0,4.0,2.4,1.48,2.03,2.8,1.44,80.0,58.82,4.0,11.11,82.35,1.8,3.66,2.83,22.0,3.4,14.4,1.88,2.0,6.4,7.45,2.0,0.6,0,1
2023-12-16,D1,14:30,Augsburg,Dortmund,D,D,2023/2024,4.0,1.8,13.0,6.0,24.0,2.21,3.6,1.82,4.71,60.0,3.0,5.0,1.51,1.94,1.6,1.5,60.0,58.82,3.0,9.5,58.82,1.6,4.45,2.69,20.0,3.2,6.8,1.99,1.0,6.0,5.05,6.0,1.4,0,1
2024-01-13,D1,17:30,Darmstadt,Dortmund,A,A,2023/2024,2.0,1.8,10.0,6.0,17.0,1.7,4.4,1.82,3.76,40.0,3.0,4.8,1.51,1.9,0.2,1.44,60.0,58.82,2.0,8.89,64.71,1.4,4.3,2.75,10.0,3.4,7.8,2.05,3.0,5.8,4.59,8.0,1.4,1,0
2024-01-20,D1,14:30,FC Koln,Dortmund,A,A,2023/2024,5.0,2.0,16.0,6.0,11.0,1.91,7.2,1.82,6.65,20.0,3.0,6.2,1.54,1.95,0.4,1.44,60.0,58.82,1.0,11.31,41.18,0.8,4.59,2.72,16.0,3.4,10.6,1.95,2.0,8.4,6.72,7.0,1.4,1,1
2024-02-02,D1,19:30,Heidenheim,Dortmund,D,D,2023/2024,0.0,1.8,7.0,6.0,13.0,2.09,5.8,1.82,6.24,40.0,2.0,4.0,1.43,2.05,1.4,1.4,40.0,58.82,2.0,10.73,58.82,0.4,4.42,2.98,11.0,4.4,10.2,1.9,2.0,8.0,6.31,5.0,1.0,0,0
2024-02-17,D1,14:30,Wolfsburg,Dortmund,D,A,2023/2024,4.0,1.8,18.0,6.0,12.0,2.16,4.6,1.82,4.47,40.0,2.0,3.4,1.6,1.86,1.0,1.53,40.0,58.82,2.0,9.38,64.71,0.4,4.38,2.47,9.0,4.8,9.4,2.05,1.0,5.8,5.0,5.0,1.4,0,0
2024-03-02,D1,14:30,Union Berlin,Dortmund,A,A,2023/2024,5.0,2.0,11.0,6.0,12.0,2.17,5.2,1.82,5.29,20.0,2.0,5.4,1.78,1.83,1.2,1.73,40.0,58.82,1.0,10.21,58.82,0.2,4.62,2.17,13.0,4.8,10.0,2.07,1.0,6.6,5.59,7.0,0.8,0,1
2024-03-09,D1,17:30,Werder Bremen,Dortmund,A,A,2023/2024,5.0,1.8,6.0,6.0,13.0,1.88,5.0,1.82,4.12,60.0,2.0,5.8,1.46,1.9,1.4,1.44,40.0,58.82,3.0,9.92,70.59,0.4,4.85,2.88,15.0,4.8,9.8,2.04,2.0,8.0,5.07,6.0,1.4,1,1
2024-03-30,D1,17:30,Bayern Munich,Dortmund,A,A,2023/2024,3.0,1.4,7.0,6.0,11.0,7.6,7.4,1.82,7.24,60.0,1.0,4.2,1.25,1.95,2.8,1.22,20.0,58.82,3.0,10.88,70.59,0.4,3.98,4.23,16.0,4.8,12.2,2.05,0.0,6.8,6.9,5.0,1.0,0,1
2024-04-13,D1,14:30,M'gladbach,Dortmund,A,A,2023/2024,5.0,1.8,13.0,6.0,12.0,2.26,7.2,1.82,5.71,80.0,2.0,3.2,1.55,2.02,1.8,1.53,40.0,58.82,4.0,10.4,76.47,0.6,4.4,2.6,16.0,4.4,11.6,1.91,4.0,6.4,6.0,4.0,2.0,1,0
2024-04-27,D1,14:30,RB Leipzig,Dortmund,H,H,2023/2024,7.0,1.8,11.0,6.0,12.0,5.5,7.8,1.82,6.76,40.0,3.0,4.4,1.4,2.07,2.2,1.36,60.0,58.82,2.0,10.94,58.82,1.2,4.3,3.15,21.0,5.4,13.2,1.9,2.0,6.4,6.64,5.0,0.2,1,1
2024-05-11,D1,17:30,Mainz,Dortmund,H,H,2023/2024,6.0,1.4,14.0,6.0,10.0,3.9,6.2,1.82,6.82,60.0,4.0,3.6,1.46,1.95,2.8,1.44,80.0,58.82,3.0,10.58,35.29,1.8,4.15,2.81,14.0,4.4,10.6,1.98,2.0,5.6,6.43,2.0,0.4,1,0
2024-08-31,D1,14:30,Werder Bremen,Dortmund,D,D,2024/2025,1.0,0.0,11.0,5.12,9.0,1.95,5.0,1.59,5.12,0.0,0.0,6.0,1.62,1.78,0.0,1.57,0.0,64.71,0.0,10.02,52.94,0.0,4.92,2.47,5.0,6.0,11.0,2.1,7.0,5.0,5.1,4.0,0.0,0,1
2024-09-22,D1,16:30,Stuttgart,Dortmund,H,H,2024/2025,9.0,0.5,10.0,5.12,6.0,3.02,8.5,1.59,6.12,100.0,1.0,3.0,1.47,1.87,4.0,1.44,50.0,64.71,2.0,10.43,76.47,2.5,4.38,2.8,16.0,5.0,13.5,2.06,3.0,5.5,6.05,3.0,2.0,1,0
2024-10-05,D1,14:30,Union Berlin,Dortmund,H,H,2024/2025,5.0,0.67,15.0,5.12,9.0,2.07,4.33,1.59,4.19,66.67,2.0,4.0,1.84,1.88,1.67,1.73,66.67,64.71,2.0,9.06,47.06,2.33,4.58,2.08,13.0,4.33,8.66,2.05,4.0,4.67,4.48,5.0,0.67,1,0
2024-10-26,D1,14:30,Augsburg,Dortmund,H,D,2024/2025,4.0,0.75,13.0,5.12,11.0,1.88,6.8,1.59,5.76,100.0,3.0,4.0,1.52,1.91,2.2,1.5,75.0,64.71,5.0,10.18,52.94,2.25,4.63,2.69,12.0,4.5,11.3,2.0,3.0,4.25,5.55,4.0,1.6,1,0
2024-11-09,D1,14:30,Mainz,Dortmund,H,H,2024/2025,9.0,0.8,17.0,5.12,2.0,2.05,6.4,1.59,5.82,40.0,4.0,3.4,1.59,2.06,1.0,1.57,80.0,64.71,2.0,9.91,35.29,2.4,4.29,2.44,13.0,3.6,10.0,1.85,1.0,5.0,5.62,1.0,1.6,1,0
2024-12-07,D1,17:30,M'gladbach,Dortmund,D,D,2024/2025,3.0,1.0,16.0,5.12,16.0,2.1,5.4,1.59,4.94,40.0,4.0,4.4,1.57,1.87,2.2,1.5,80.0,64.71,2.0,9.76,58.82,2.6,4.68,2.61,9.0,3.2,8.6,2.08,2.0,5.4,5.08,3.0,0.8,0,1
2024-12-22,D1,16:30,Wolfsburg,Dortmund,A,A,2024/2025,5.0,1.4,8.0,5.12,12.0,2.2,6.6,1.59,5.06,60.0,4.0,3.8,1.66,1.98,1.8,1.62,80.0,64.71,3.0,9.88,58.82,1.8,4.54,2.37,14.0,3.2,9.8,1.95,2.0,6.2,5.34,4.0,2.2,1,1
2025-01-14,D1,17:30,Holstein Kiel,Dortmund,H,H,2024/2025,7.0,1.6,13.0,5.12,16.0,1.57,3.4,1.59,3.59,60.0,4.0,6.0,1.53,1.9,2.0,1.5,80.0,64.71,3.0,9.32,70.59,2.2,5.15,2.65,11.0,4.4,7.8,2.03,2.0,5.8,4.17,4.0,1.6,1,0
2025-01-17,D1,19:30,Ein Frankfurt,Dortmund,H,H,2024/2025,5.0,1.4,8.0,5.12,12.0,2.61,7.8,1.59,5.35,60.0,3.0,3.2,1.73,1.99,2.0,1.67,60.0,64.71,3.0,10.16,70.59,2.2,4.54,2.26,13.0,4.8,12.6,1.96,2.0,6.2,5.62,3.0,1.2,0,1
2025-02-01,D1,14:30,Heidenheim,Dortmund,A,A,2024/2025,5.0,1.6,11.0,5.12,16.0,1.75,5.6,1.59,5.18,60.0,3.0,4.8,1.64,1.98,0.8,1.57,60.0,64.71,3.0,10.0,58.82,1.8,4.77,2.38,11.0,5.8,11.4,1.94,0.0,5.4,5.23,5.0,2.2,1,0
2025-02-15,D1,14:30,Bochum,Dortmund,H,H,2024/2025,9.0,1.4,12.0,5.12,17.0,1.62,5.6,1.59,5.76,20.0,3.0,5.4,1.62,1.84,1.6,1.53,60.0,64.71,1.0,10.54,47.06,2.0,5.09,2.48,18.0,6.6,12.2,2.08,0.0,4.4,5.45,2.0,0.8,0,0
2025-03-01,D1,14:30,St Pauli,Dortmund,A,D,2024/2025,1.0,1.2,11.0,5.12,14.0,1.95,4.0,1.59,5.06,20.0,2.0,3.6,1.94,1.87,0.8,1.91,40.0,64.71,1.0,9.39,17.65,1.8,4.55,1.97,7.0,6.0,10.0,2.06,2.0,3.8,4.84,3.0,1.0,0,0
2025-03-15,D1,17:30,RB Leipzig,Dortmund,H,H,2024/2025,5.0,0.8,14.0,5.12,25.0,2.61,5.8,1.59,6.12,60.0,1.0,4.8,1.68,1.82,1.8,1.67,20.0,64.71,3.0,10.6,64.71,1.4,4.95,2.29,15.0,6.6,12.4,2.16,3.0,4.2,5.65,9.0,1.2,0,1
2025-04-05,D1,14:30,Freiburg,Dortmund,A,A,2024/2025,3.0,1.6,8.0,5.12,18.0,2.2,3.4,1.59,4.29,60.0,2.0,4.6,1.74,2.0,1.6,1.73,40.0,64.71,3.0,9.14,82.35,1.2,4.78,2.17,12.0,6.0,9.4,1.9,0.0,3.8,4.36,7.0,1.2,1,0
2025-04-12,D1,17:30,Bayern Munich,Dortmund,D,D,2024/2025,11.0,1.6,8.0,5.12,11.0,6.6,5.8,1.59,6.71,100.0,2.0,3.0,1.35,2.0,2.8,1.33,40.0,64.71,5.0,10.18,82.35,1.4,4.21,3.31,28.0,6.0,11.8,1.91,0.0,4.2,5.97,3.0,1.4,1,1
2025-04-26,D1,14:30,Hoffenheim,Dortmund,A,A,2024/2025,3.0,2.2,17.0,5.12,16.0,1.91,3.6,1.59,4.88,20.0,3.0,5.2,1.6,1.93,1.4,1.53,60.0,64.71,1.0,9.64,58.82,1.4,4.9,2.5,11.0,5.4,9.0,1.98,1.0,4.2,4.74,8.0,1.2,1,0
2025-05-11,D1,14:30,Leverkusen,Dortmund,A,A,2024/2025,10.0,2.6,7.0,5.12,9.0,2.66,7.0,1.59,7.65,40.0,4.0,3.0,1.49,1.84,1.4,1.44,80.0,64.71,2.0,10.86,64.71,1.8,4.15,2.69,19.0,5.2,12.2,2.07,2.0,5.2,6.71,5.0,1.4,1,1
2025-08-23,D1,17:30,St Pauli,Dortmund,D,A,2025/2026,7.0,3.0,13.0,5.2,8.0,1.95,5.0,1.9,6.88,100.0,1.0,2.0,1.82,1.98,3.0,1.8,100.0,50.0,1.0,9.2,75.0,3.0,3.12,2.01,11.0,2.0,7.0,1.9,3.0,5.0,6.08,7.0,3.0,1,0
2025-09-13,D1,14:30,Heidenheim,Dortmund,A,A,2025/2026,1.0,2.5,5.0,5.2,17.0,1.62,3.5,1.9,4.5,50.0,1.0,4.5,1.5,1.88,0.5,1.44,50.0,50.0,1.0,8.24,80.0,1.5,3.62,2.63,6.0,3.0,6.5,1.98,3.0,5.0,4.62,8.0,2.5,0,0
2025-09-27,D1,14:30,Mainz,Dortmund,A,A,2025/2026,2.0,2.33,12.0,5.2,10.0,2.08,6.0,1.9,6.5,0.0,1.0,4.33,1.66,1.83,0.0,1.57,33.33,50.0,0.0,9.48,30.0,1.0,3.44,2.36,8.0,3.67,9.67,2.03,1.0,5.67,6.04,4.0,1.33,0,1
2025-10-18,D1,17:30,Bayern Munich,Dortmund,H,H,2025/2026,7.0,2.0,12.0,5.2,8.0,8.5,5.25,1.9,6.6,100.0,2.0,4.25,1.33,1.93,4.25,1.33,50.0,50.0,4.0,9.4,100.0,1.25,3.42,3.43,15.0,3.5,8.75,1.93,3.0,5.25,5.98,1.0,0.25,1,0
2025-10-31,D1,19:30,Augsburg,Dortmund,A,A,2025/2026,1.0,1.8,14.0,5.2,5.0,1.6,5.8,1.9,5.6,80.0,2.0,4.4,1.57,1.93,1.2,1.57,40.0,50.0,4.0,9.36,50.0,1.0,3.9,2.45,9.0,3.4,9.2,1.93,1.0,5.0,5.46,1.0,3.0,0,0
2025-11-08,D1,14:30,Hamburg,Dortmund,D,D,2025/2026,3.0,1.4,14.0,5.2,17.0,1.93,3.4,1.9,3.67,40.0,1.0,5.6,1.57,1.88,1.4,1.57,20.0,50.0,2.0,8.2,44.44,0.6,4.1,2.42,9.0,4.2,7.6,2.02,1.0,4.4,4.1,1.0,1.0,0,0
2025-11-29,D1,17:30,Leverkusen,Dortmund,A,A,2025/2026,4.0,1.4,7.0,5.2,7.0,2.6,6.0,1.9,5.8,40.0,2.0,3.0,1.62,1.98,2.4,1.57,40.0,50.0,2.0,9.09,50.0,0.8,3.46,2.34,14.0,4.0,10.0,1.88,4.0,5.4,5.63,4.0,0.6,1,1
2025-12-14,D1,14:30,Freiburg,Dortmund,D,A,2025/2026,6.0,1.2,11.0,5.2,9.0,2.2,6.0,1.9,5.22,60.0,2.0,2.8,1.85,1.88,2.0,1.8,40.0,50.0,3.0,8.46,77.78,1.0,3.17,1.95,21.0,3.0,9.0,1.98,2.0,5.2,5.29,4.0,1.0,0,0
2026-01-09,D1,19:30,Ein Frankfurt,Dortmund,D,D,2025/2026,6.0,1.6,14.0,5.2,16.0,2.1,4.6,1.9,5.0,20.0,2.0,3.6,1.66,2.0,1.6,1.62,40.0,50.0,1.0,8.31,55.56,1.2,3.32,2.26,12.0,3.4,8.0,1.85,3.0,4.8,4.99,6.0,0.8,1,0
2026-01-24,D1,17:30,Union Berlin,Dortmund,A,A,2025/2026,3.0,2.0,10.0,5.2,15.0,2.3,4.8,1.9,5.4,100.0,3.0,3.8,2.1,2.05,1.6,2.1,60.0,50.0,5.0,8.95,80.0,1.2,3.66,1.73,10.0,3.2,8.0,1.83,1.0,5.4,5.29,5.0,2.0,1,0
2023-08-27,D1,14:30,Mainz,Ein Frankfurt,D,H,2023/2024,7.0,1.0,23.0,6.0,8.0,2.9,5.0,1.29,6.82,0.0,0.0,4.0,2.09,1.81,1.0,2.04,0.0,64.71,0.0,10.07,35.29,1.0,3.82,1.9,13.0,4.0,9.0,2.14,4.0,5.0,6.25,2.0,1.0,0,0
2023-09-16,D1,17:30,Bochum,Ein Frankfurt,D,D,2023/2024,10.0,1.0,13.0,6.0,8.0,2.61,6.5,1.29,5.12,0.0,0.0,3.0,2.08,2.05,1.0,2.06,0.0,64.71,0.0,9.54,58.82,1.0,3.92,1.85,24.0,3.0,9.5,1.87,2.0,6.5,5.62,6.0,1.0,0,0
2023-09-30,D1,14:30,Wolfsburg,Ein Frankfurt,H,H,2023/2024,7.0,0.67,11.0,6.0,7.0,3.75,3.67,1.29,4.47,33.33,0.0,6.0,2.1,2.07,2.0,2.0,0.0,64.71,1.0,9.15,64.71,1.33,4.16,1.89,19.0,3.33,7.0,1.86,6.0,6.67,4.99,3.0,0.33,0,1
2023-10-21,D1,14:30,Hoffenheim,Ein Frankfurt,A,A,2023/2024,5.0,1.25,7.0,6.0,13.0,3.85,4.25,1.29,5.71,100.0,1.0,2.75,1.88,2.05,1.5,1.8,25.0,64.71,4.0,9.36,70.59,1.25,3.64,2.08,14.0,3.25,7.5,1.87,0.0,6.5,5.72,5.0,2.25,1,0
2023-11-04,D1,14:30,Union Berlin,Ein Frankfurt,A,A,2023/2024,3.0,1.6,13.0,6.0,4.0,3.13,6.0,1.29,5.29,80.0,2.0,3.4,2.17,2.1,0.8,2.1,40.0,64.71,4.0,9.6,58.82,1.0,3.89,1.76,10.0,2.8,8.8,1.87,1.0,7.0,5.71,3.0,2.4,1,0
2023-11-12,D1,16:30,Werder Bremen,Ein Frankfurt,D,H,2023/2024,5.0,1.8,3.0,6.0,14.0,2.61,4.0,1.29,4.12,80.0,3.0,5.8,1.73,2.03,2.4,1.67,60.0,64.71,4.0,9.22,70.59,1.2,4.39,2.2,14.0,3.4,7.4,1.89,3.0,6.6,4.83,3.0,1.2,1,0
2023-12-03,D1,18:30,Augsburg,Ein Frankfurt,H,H,2023/2024,4.0,1.8,9.0,6.0,12.0,2.88,3.4,1.29,4.71,80.0,4.0,4.4,2.12,1.93,1.8,2.06,80.0,64.71,4.0,9.09,58.82,1.4,4.12,1.92,9.0,3.8,7.2,2.0,1.0,5.4,4.97,6.0,1.4,1,0
2023-12-17,D1,16:30,Leverkusen,Ein Frankfurt,H,H,2023/2024,6.0,1.8,4.0,6.0,4.0,12.0,10.6,1.29,7.65,80.0,5.0,3.0,1.55,1.94,2.6,1.44,100.0,64.71,4.0,10.73,82.35,1.6,3.46,2.73,14.0,4.0,14.6,2.0,1.0,5.0,7.27,2.0,0.4,1,0
2024-01-13,D1,14:30,RB Leipzig,Ein Frankfurt,A,A,2023/2024,7.0,1.4,7.0,6.0,5.0,8.19,9.4,1.29,6.76,80.0,4.0,2.6,1.6,1.97,2.8,1.57,80.0,64.71,4.0,10.52,58.82,1.4,3.68,2.48,26.0,4.2,13.6,1.99,2.0,6.8,6.84,1.0,0.8,0,1
2024-01-20,D1,14:30,Darmstadt,Ein Frankfurt,D,A,2023/2024,3.0,1.2,11.0,6.0,7.0,2.1,3.0,1.29,3.76,40.0,4.0,4.6,2.15,1.98,0.4,2.1,80.0,64.71,2.0,8.49,64.71,1.8,4.04,1.78,13.0,4.2,7.2,1.93,1.0,5.8,4.45,4.0,1.4,1,0
2024-02-03,D1,17:30,FC Koln,Ein Frankfurt,H,D,2023/2024,4.0,0.8,8.0,6.0,11.0,2.6,6.6,1.29,6.65,20.0,3.0,7.2,2.25,1.95,0.6,2.2,60.0,64.71,1.0,10.92,41.18,1.8,4.44,1.72,14.0,4.2,10.8,1.98,4.0,6.6,6.48,4.0,1.2,0,1
2024-02-18,D1,14:30,Freiburg,Ein Frankfurt,D,D,2023/2024,8.0,1.2,8.0,6.0,10.0,3.03,3.6,1.29,4.41,60.0,3.0,2.8,2.06,1.88,1.8,2.01,60.0,64.71,3.0,8.74,58.82,2.0,3.71,1.86,13.0,3.6,7.2,2.05,0.0,7.4,5.03,6.0,1.6,1,0
2024-03-02,D1,14:30,Heidenheim,Ein Frankfurt,A,A,2023/2024,3.0,1.6,6.0,6.0,11.0,2.49,5.2,1.29,6.24,60.0,3.0,4.0,2.0,1.83,1.2,1.99,60.0,64.71,3.0,10.21,58.82,1.6,3.98,1.89,16.0,3.2,8.4,2.07,4.0,7.8,6.23,6.0,1.4,1,0
2024-03-17,D1,16:30,Dortmund,Ein Frankfurt,H,D,2023/2024,6.0,1.6,5.0,6.0,8.0,5.01,7.4,1.29,6.0,80.0,4.0,2.8,1.47,1.85,2.4,1.4,80.0,64.71,4.0,9.84,64.71,2.2,3.66,2.91,16.0,3.0,10.4,2.08,2.0,6.4,6.18,6.0,1.2,1,1
2024-04-13,D1,17:30,Stuttgart,Ein Frankfurt,H,H,2023/2024,6.0,1.2,4.0,6.0,10.0,6.5,5.4,1.29,5.65,60.0,4.0,4.8,1.45,2.07,2.4,1.44,80.0,64.71,3.0,9.69,76.47,2.4,3.9,2.83,9.0,3.8,9.2,1.87,3.0,6.4,5.79,3.0,1.0,1,0
2024-04-27,D1,14:30,Bayern Munich,Ein Frankfurt,H,D,2023/2024,9.0,1.4,11.0,6.0,10.0,7.0,5.6,1.29,7.24,60.0,5.0,4.4,1.41,2.07,2.8,1.36,100.0,64.71,3.0,10.1,70.59,2.4,3.48,3.11,19.0,2.8,8.4,1.88,3.0,5.8,6.62,3.0,1.0,1,0
2024-05-11,D1,14:30,M'gladbach,Ein Frankfurt,D,D,2023/2024,3.0,1.0,9.0,6.0,16.0,2.66,5.8,1.29,5.71,60.0,4.0,4.0,1.6,2.0,1.0,1.57,80.0,64.71,3.0,9.86,76.47,2.0,4.14,2.45,6.0,4.2,10.0,1.92,0.0,5.0,5.72,1.0,1.8,0,0
2024-08-24,D1,17:30,Dortmund,Ein Frankfurt,H,D,2024/2025,5.0,0.0,6.0,5.76,7.0,4.82,7.0,1.59,6.41,0.0,0.0,7.0,1.52,2.01,2.0,1.5,0.0,58.82,0.0,10.95,76.47,2.0,4.58,2.65,17.0,7.0,14.0,1.92,1.0,7.0,6.37,2.0,0.0,0,1
2024-09-14,D1,14:30,Wolfsburg,Ein Frankfurt,A,A,2024/2025,4.0,1.0,7.0,5.76,15.0,2.66,3.0,1.59,5.06,100.0,1.0,5.5,1.88,1.89,1.5,1.87,50.0,58.82,2.0,9.9,58.82,1.5,4.78,2.01,17.0,5.5,8.5,2.02,2.0,6.0,5.12,7.0,2.5,1,0
2024-09-29,D1,14:30,Holstein Kiel,Ein Frankfurt,A,D,2024/2025,5.0,2.0,12.0,5.76,18.0,2.04,2.33,1.59,3.59,66.67,2.0,8.67,1.61,1.95,1.0,1.57,66.67,58.82,2.0,9.66,70.59,1.67,5.48,2.43,10.0,6.67,9.0,1.98,3.0,5.33,4.18,10.0,4.0,1,1
2024-10-19,D1,14:30,Leverkusen,Ein Frankfurt,H,D,2024/2025,9.0,1.75,9.0,5.76,9.0,6.59,11.0,1.59,7.65,100.0,3.0,2.5,1.45,1.95,2.5,1.44,75.0,58.82,4.0,11.34,64.71,1.75,3.99,2.87,27.0,5.75,16.75,1.96,1.0,6.0,7.35,2.0,2.25,1,1
2024-10-27,D1,16:30,Union Berlin,Ein Frankfurt,D,A,2024/2025,4.0,1.6,13.0,5.76,17.0,3.12,4.25,1.59,4.19,50.0,3.0,4.25,2.0,2.03,1.5,1.92,60.0,58.82,2.0,9.3,47.06,1.6,4.57,1.88,13.0,5.6,9.85,1.92,3.0,5.6,4.73,5.0,0.75,0,0
2024-11-10,D1,16:30,Stuttgart,Ein Frankfurt,A,A,2024/2025,11.0,2.2,10.0,5.76,8.0,4.68,8.8,1.59,6.12,80.0,4.0,3.8,1.66,1.98,2.6,1.62,80.0,58.82,4.0,10.55,76.47,1.6,4.28,2.34,22.0,4.8,13.6,1.93,3.0,5.8,6.27,5.0,1.8,1,1
2024-12-01,D1,16:30,Heidenheim,Ein Frankfurt,A,A,2024/2025,1.0,2.6,7.0,5.76,14.0,2.0,4.8,1.59,5.18,60.0,4.0,4.8,1.81,1.99,0.2,1.73,80.0,58.82,3.0,9.9,58.82,1.4,4.53,2.13,8.0,5.0,9.8,1.93,2.0,6.0,5.37,8.0,2.2,1,1
2024-12-15,D1,18:30,RB Leipzig,Ein Frankfurt,H,D,2024/2025,9.0,2.0,15.0,5.76,16.0,3.31,6.4,1.59,6.12,80.0,4.0,4.4,1.56,2.05,2.0,1.5,80.0,58.82,4.0,10.64,64.71,1.4,4.55,2.6,19.0,4.6,11.0,1.87,3.0,6.4,6.09,3.0,1.4,1,1
2025-01-11,D1,14:30,St Pauli,Ein Frankfurt,A,A,2024/2025,4.0,2.0,8.0,5.76,14.0,2.23,4.6,1.59,5.06,20.0,3.0,5.6,1.87,1.75,0.6,1.86,60.0,58.82,1.0,9.67,17.65,1.0,4.45,2.05,18.0,4.6,9.2,2.14,3.0,5.4,5.22,6.0,1.0,0,0
2025-01-26,D1,14:30,Hoffenheim,Ein Frankfurt,D,A,2024/2025,8.0,2.2,16.0,5.76,12.0,2.14,6.2,1.59,4.88,60.0,4.0,3.8,1.53,1.98,1.6,1.44,80.0,58.82,3.0,9.86,58.82,1.2,4.48,2.7,24.0,4.2,10.4,1.95,0.0,6.4,5.38,7.0,1.8,1,1
2025-02-08,D1,17:30,M'gladbach,Ein Frankfurt,D,D,2024/2025,3.0,1.8,10.0,5.76,15.0,2.71,6.0,1.59,4.94,40.0,3.0,4.8,1.57,1.95,1.8,1.5,60.0,58.82,2.0,9.98,58.82,1.0,4.62,2.61,8.0,3.8,9.8,1.99,3.0,6.0,5.36,7.0,0.8,0,0
2025-02-23,D1,16:30,Bayern Munich,Ein Frankfurt,H,H,2024/2025,12.0,1.0,8.0,5.76,7.0,11.25,8.0,1.59,6.71,100.0,3.0,1.4,1.41,1.89,3.8,1.36,60.0,58.82,5.0,10.08,82.35,1.8,3.59,3.13,19.0,3.0,11.0,2.02,1.0,5.6,6.49,2.0,1.0,1,0
2025-03-16,D1,14:30,Bochum,Ein Frankfurt,A,A,2024/2025,7.0,1.4,7.0,5.76,18.0,2.64,6.6,1.59,5.76,40.0,3.0,5.2,1.72,1.99,1.2,1.67,60.0,58.82,2.0,10.34,47.06,1.6,4.47,2.23,17.0,2.2,8.8,1.94,1.0,6.0,5.87,7.0,1.6,1,1
2025-04-05,D1,17:30,Werder Bremen,Ein Frankfurt,H,H,2024/2025,4.0,1.2,8.0,5.76,9.0,3.1,5.2,1.59,5.12,60.0,3.0,4.2,1.56,1.91,1.4,1.5,60.0,58.82,3.0,9.68,52.94,2.0,4.26,2.51,12.0,2.8,8.0,2.02,3.0,6.4,5.42,0.0,1.8,0,1
2025-04-20,D1,14:30,Augsburg,Ein Frankfurt,D,D,2024/2025,2.0,0.8,6.0,5.76,8.0,2.8,3.8,1.59,5.76,20.0,2.0,5.6,1.85,2.01,0.4,1.8,40.0,58.82,1.0,10.09,52.94,1.6,4.58,2.03,13.0,4.0,7.8,1.93,1.0,5.2,5.51,5.0,0.6,0,1
2025-05-04,D1,18:30,Mainz,Ein Frankfurt,D,A,2024/2025,3.0,0.8,10.0,5.76,8.0,3.02,5.2,1.59,5.82,40.0,2.0,3.8,1.65,1.82,1.6,1.57,40.0,58.82,2.0,9.93,35.29,1.6,4.21,2.34,12.0,4.0,9.2,2.1,0.0,5.6,5.72,2.0,1.2,0,0
2025-05-17,D1,14:30,Freiburg,Ein Frankfurt,A,D,2024/2025,1.0,1.4,13.0,5.76,11.0,2.98,3.2,1.59,4.29,100.0,2.0,4.2,1.65,1.73,1.6,1.62,40.0,58.82,5.0,9.18,82.35,1.0,4.5,2.33,8.0,5.2,8.4,2.12,4.0,5.6,4.68,6.0,2.6,1,1
2025-08-30,D1,14:30,Hoffenheim,Ein Frankfurt,A,A,2025/2026,5.0,3.0,14.0,4.3,9.0,2.5,4.0,2.3,5.67,100.0,1.0,5.0,1.45,2.0,1.0,1.44,100.0,80.0,1.0,9.19,77.78,1.0,4.2,2.75,17.0,5.0,9.0,1.86,3.0,4.0,4.99,6.0,3.0,1,0
2025-09-12,D1,19:30,Leverkusen,Ein Frankfurt,H,H,2025/2026,8.0,2.0,10.0,4.3,13.0,3.2,5.0,2.3,5.8,100.0,2.0,6.0,1.56,2.0,2.0,1.53,100.0,80.0,2.0,9.5,50.0,2.0,4.34,2.48,18.0,6.5,11.5,1.86,3.0,4.0,5.16,2.0,1.5,1,1
2025-09-27,D1,17:30,M'gladbach,Ein Frankfurt,A,A,2025/2026,8.0,3.33,14.0,4.3,21.0,2.33,6.67,2.3,4.1,66.67,3.0,5.33,1.58,1.93,1.33,1.57,100.0,80.0,2.0,8.86,70.0,2.67,4.46,2.44,11.0,6.33,13.0,1.93,2.0,4.0,4.4,7.0,3.33,1,0
2025-10-19,D1,14:30,Freiburg,Ein Frankfurt,D,A,2025/2026,5.0,3.0,6.0,4.3,8.0,2.88,5.25,2.3,5.22,75.0,4.0,3.75,1.67,2.0,1.75,1.67,100.0,80.0,3.0,8.65,77.78,2.5,3.8,2.27,12.0,5.0,10.25,1.85,3.0,3.75,4.85,3.0,1.75,1,0
2025-11-01,D1,14:30,Heidenheim,Ein Frankfurt,D,H,2025/2026,4.0,2.6,7.0,4.3,16.0,1.8,4.8,2.3,4.5,60.0,4.0,4.2,1.55,1.88,1.2,1.53,80.0,80.0,3.0,8.55,80.0,2.2,4.18,2.47,9.0,5.6,10.4,1.98,2.0,3.4,4.37,3.0,1.8,0,0
2025-11-22,D1,17:30,FC Koln,Ein Frankfurt,A,A,2025/2026,5.0,2.8,6.0,4.3,11.0,2.45,4.2,2.3,4.67,80.0,4.0,4.2,1.61,1.93,2.6,1.57,80.0,80.0,4.0,8.63,66.67,2.6,4.25,2.38,11.0,5.2,9.4,1.93,0.0,3.2,4.38,7.0,1.8,1,0
2025-12-06,D1,17:30,RB Leipzig,Ein Frankfurt,H,H,2025/2026,7.0,2.6,9.0,4.3,8.0,4.5,6.8,2.3,5.78,80.0,4.0,4.4,1.57,1.9,3.2,1.57,80.0,80.0,4.0,9.42,66.67,3.2,4.17,2.43,16.0,3.6,10.4,1.95,2.0,3.2,5.25,2.0,0.6,1,0
2025-12-20,D1,14:30,Hamburg,Ein Frankfurt,D,D,2025/2026,3.0,1.6,8.0,4.3,9.0,2.9,5.4,2.3,3.67,40.0,3.0,4.2,1.85,1.88,1.4,1.85,60.0,80.0,2.0,8.18,44.44,2.6,4.21,1.98,9.0,3.4,8.8,1.98,0.0,3.4,3.97,3.0,1.2,0,0
2026-01-13,D1,17:30,Stuttgart,Ein Frankfurt,H,H,2025/2026,11.0,1.6,8.0,4.3,12.0,4.75,5.6,2.3,5.11,80.0,3.0,3.4,1.48,1.95,1.6,1.44,60.0,80.0,4.0,8.88,44.44,2.8,3.95,2.71,20.0,3.6,9.2,1.9,2.0,4.8,4.93,5.0,2.0,1,1
2026-01-16,D1,19:30,Werder Bremen,Ein Frankfurt,D,D,2025/2026,4.0,2.0,8.0,4.3,8.0,2.7,5.2,2.3,4.38,60.0,4.0,3.8,1.75,1.85,1.4,1.73,80.0,80.0,3.0,8.11,62.5,3.2,3.59,2.11,13.0,2.2,7.4,2.0,4.0,5.2,4.52,4.0,1.8,1,0
2023-08-19,D1,17:30,Dortmund,FC Koln,H,D,2023/2024,2.0,0.0,13.0,7.0,11.0,7.0,6.0,0.76,6.0,0.0,0.0,3.0,1.5,2.07,1.0,1.44,0.0,29.41,0.0,10.29,64.71,1.0,4.04,2.73,12.0,3.0,9.0,1.87,0.0,6.0,6.25,4.0,0.0,0,0
2023-09-03,D1,14:30,Ein Frankfurt,FC Koln,D,A,2023/2024,4.0,0.5,10.0,7.0,6.0,3.75,7.5,0.76,5.71,0.0,0.0,2.0,2.13,2.06,1.0,2.09,0.0,29.41,0.0,9.95,52.94,1.0,3.61,1.82,12.0,2.0,9.5,1.88,3.0,7.0,6.34,2.0,0.5,0,0
2023-09-23,D1,17:30,Werder Bremen,FC Koln,H,D,2023/2024,6.0,0.67,18.0,7.0,13.0,3.02,3.33,0.76,4.12,100.0,1.0,7.0,1.75,2.01,2.0,1.73,33.33,29.41,3.0,10.04,70.59,1.33,4.92,2.18,17.0,4.0,7.33,1.91,1.0,7.67,5.12,5.0,1.67,1,1
2023-10-08,D1,14:30,Leverkusen,FC Koln,H,H,2023/2024,10.0,0.5,9.0,7.0,7.0,13.0,6.5,0.76,7.65,100.0,2.0,3.25,1.6,1.96,3.75,1.57,50.0,29.41,4.0,11.3,82.35,1.75,3.84,2.51,21.0,4.0,10.5,1.98,0.0,8.5,7.46,3.0,1.0,1,1
2023-10-28,D1,17:30,RB Leipzig,FC Koln,H,H,2023/2024,13.0,0.4,8.0,7.0,6.0,7.29,6.0,0.76,6.76,80.0,3.0,2.6,1.61,1.97,3.2,1.57,60.0,29.41,4.0,10.92,58.82,2.6,3.95,2.41,24.0,3.4,9.4,1.97,4.0,9.0,6.97,1.0,0.6,1,1
2023-11-11,D1,17:30,Bochum,FC Koln,D,H,2023/2024,9.0,0.6,14.0,7.0,10.0,2.76,5.2,0.76,5.12,40.0,3.0,4.6,1.73,1.73,1.2,1.67,60.0,29.41,2.0,10.41,58.82,2.6,4.48,2.21,25.0,3.4,8.6,2.16,1.0,8.4,5.93,6.0,1.6,0,0
2023-12-01,D1,19:30,Darmstadt,FC Koln,A,D,2023/2024,1.0,0.6,12.0,7.0,11.0,2.74,4.0,0.76,3.76,60.0,3.0,3.4,2.0,1.98,1.2,1.96,60.0,29.41,3.0,9.21,64.71,2.4,4.29,1.96,11.0,4.4,8.4,2.01,3.0,7.0,4.92,6.0,1.6,0,0
2023-12-17,D1,14:30,Freiburg,FC Koln,H,D,2023/2024,7.0,0.4,13.0,7.0,7.0,4.32,6.2,0.76,4.41,40.0,2.0,2.2,1.99,2.03,2.0,1.95,40.0,29.41,2.0,9.39,58.82,2.4,3.97,1.92,23.0,3.2,9.4,1.85,4.0,6.2,5.42,1.0,1.0,0,0
2023-12-20,D1,17:30,Union Berlin,FC Koln,H,D,2023/2024,8.0,0.4,10.0,7.0,15.0,4.8,5.2,0.76,5.29,60.0,1.0,3.8,1.92,1.95,1.2,1.9,20.0,29.41,3.0,10.01,58.82,2.2,4.35,1.97,12.0,3.4,8.6,1.96,0.0,4.8,5.66,7.0,1.6,0,0
2024-01-27,D1,14:30,Wolfsburg,FC Koln,D,D,2023/2024,5.0,0.6,17.0,7.0,6.0,5.3,3.4,0.76,4.47,60.0,0.0,5.2,1.99,1.78,1.2,1.9,0.0,29.41,3.0,9.42,64.71,1.2,4.49,2.01,12.0,3.8,7.2,2.13,3.0,3.8,4.93,2.0,1.4,0,0
2024-02-11,D1,16:30,Hoffenheim,FC Koln,D,D,2023/2024,4.0,0.6,12.0,7.0,5.0,5.0,7.0,0.76,5.71,40.0,0.0,4.2,1.67,1.84,1.8,1.67,0.0,29.41,2.0,10.31,70.59,1.2,4.2,2.32,10.0,3.8,10.8,2.1,4.0,5.2,6.11,1.0,1.4,0,1
2024-02-24,D1,14:30,Stuttgart,FC Koln,D,D,2023/2024,5.0,0.6,11.0,7.0,12.0,10.0,6.8,0.76,5.65,60.0,0.0,4.8,1.62,1.99,2.6,1.57,0.0,29.41,3.0,10.44,76.47,1.4,4.22,2.39,13.0,3.4,10.2,1.95,0.0,6.8,6.22,6.0,1.0,0,1
2024-03-09,D1,14:30,M'gladbach,FC Koln,D,D,2023/2024,5.0,1.2,15.0,7.0,12.0,4.57,5.0,0.76,5.71,80.0,1.0,4.2,2.02,2.07,2.4,1.99,20.0,29.41,4.0,10.59,76.47,1.6,4.46,1.91,16.0,3.6,8.6,1.87,4.0,7.4,6.13,5.0,1.6,1,1
2024-03-31,D1,14:30,Augsburg,FC Koln,D,D,2023/2024,6.0,1.4,9.0,7.0,12.0,5.2,6.4,0.76,4.71,60.0,1.0,3.6,1.71,1.86,1.6,1.62,20.0,29.41,3.0,10.28,58.82,1.4,4.4,2.3,24.0,3.8,10.2,2.06,3.0,9.0,5.88,2.0,1.4,0,1
2024-04-13,D1,14:30,Bayern Munich,FC Koln,H,D,2023/2024,7.0,1.2,3.0,7.0,11.0,14.6,6.0,0.76,7.24,60.0,1.0,5.0,1.36,2.0,3.0,1.33,20.0,29.41,3.0,11.25,70.59,1.6,4.04,3.35,17.0,4.2,10.2,1.96,3.0,8.8,7.21,5.0,1.0,0,0
2024-04-28,D1,16:30,Mainz,FC Koln,D,H,2023/2024,4.0,1.2,17.0,7.0,16.0,6.0,7.8,0.76,6.82,40.0,1.0,4.4,1.75,1.99,2.4,1.67,20.0,29.41,2.0,11.38,35.29,1.6,4.3,2.2,16.0,4.8,12.6,1.97,4.0,8.0,7.08,6.0,0.6,0,1
2024-05-18,D1,14:30,Heidenheim,FC Koln,H,H,2023/2024,7.0,1.2,9.0,7.0,19.0,3.32,5.2,0.76,6.24,60.0,2.0,5.6,1.52,2.03,2.0,1.5,40.0,29.41,3.0,11.24,58.82,2.2,4.82,2.73,13.0,6.4,11.6,1.86,3.0,7.2,6.42,9.0,1.4,1,1
2025-08-24,D1,14:30,Mainz,FC Koln,A,D,2025/2026,2.0,1.0,7.0,7.6,12.0,3.85,8.0,1.1,6.5,0.0,0.0,3.0,1.83,1.98,0.0,1.83,0.0,50.0,0.0,10.58,30.0,0.0,3.51,1.98,19.0,3.0,11.0,1.9,2.0,8.0,7.07,2.0,1.0,0,1
2025-09-13,D1,14:30,Wolfsburg,FC Koln,D,D,2025/2026,6.0,2.0,15.0,7.6,14.0,4.0,5.0,1.1,4.8,50.0,1.0,7.0,1.8,1.85,2.0,1.73,50.0,50.0,1.0,10.51,70.0,1.5,4.72,2.06,14.0,3.5,8.5,2.0,3.0,7.5,5.79,8.0,2.0,1,1
2025-09-20,D1,17:30,RB Leipzig,FC Koln,H,H,2025/2026,8.0,1.67,10.0,7.6,13.0,3.8,6.5,1.1,5.78,50.0,2.0,4.0,1.43,2.03,2.5,1.4,66.67,50.0,1.0,10.64,66.67,2.0,4.11,2.88,18.0,4.0,10.5,1.83,1.0,8.0,6.53,2.0,0.5,1,1
2025-10-03,D1,19:30,Hoffenheim,FC Koln,A,A,2025/2026,4.0,1.5,15.0,7.6,10.0,3.7,6.67,1.1,5.67,66.67,2.0,5.33,1.62,1.95,0.67,1.57,50.0,50.0,2.0,10.69,77.78,1.5,4.13,2.39,15.0,4.5,11.17,1.92,1.0,8.75,6.56,4.0,2.67,0,1
2025-10-25,D1,17:30,Dortmund,FC Koln,H,D,2025/2026,9.0,1.2,10.0,7.6,5.0,8.0,9.25,1.1,6.67,25.0,2.0,4.5,1.5,1.98,1.5,1.44,40.0,50.0,1.0,11.55,44.44,1.4,4.02,2.65,27.0,4.0,13.25,1.88,2.0,10.4,7.53,0.0,0.25,0,1
2025-11-08,D1,17:30,M'gladbach,FC Koln,H,H,2025/2026,4.0,1.2,11.0,7.6,19.0,3.6,4.0,1.1,4.1,80.0,3.0,5.0,1.57,1.93,1.4,1.57,60.0,50.0,4.0,9.68,70.0,2.0,4.2,2.37,9.0,4.6,8.6,1.93,3.0,9.2,5.48,5.0,2.8,1,0
2025-11-29,D1,14:30,Werder Bremen,FC Koln,D,H,2025/2026,4.0,0.8,11.0,7.6,10.0,3.14,5.6,1.1,4.38,40.0,2.0,2.0,1.57,1.88,1.0,1.57,40.0,50.0,2.0,9.24,62.5,1.6,3.51,2.41,17.0,3.8,9.4,1.98,4.0,8.6,5.73,2.0,1.0,0,0
2025-12-13,D1,17:30,Leverkusen,FC Koln,H,D,2025/2026,6.0,0.6,8.0,7.6,6.0,4.75,7.0,1.1,5.8,40.0,1.0,2.8,1.5,1.98,2.6,1.44,20.0,50.0,2.0,10.29,50.0,1.4,3.66,2.6,17.0,3.4,10.4,1.9,1.0,8.4,6.63,4.0,0.4,0,1
2026-01-10,D1,14:30,Heidenheim,FC Koln,D,H,2025/2026,6.0,0.8,9.0,7.6,21.0,2.65,3.8,1.1,4.5,80.0,2.0,5.8,1.8,2.05,1.0,1.73,40.0,50.0,4.0,9.5,80.0,1.8,4.02,2.03,14.0,3.0,6.8,1.83,1.0,7.2,5.48,9.0,2.2,1,0
2026-01-25,D1,16:30,Freiburg,FC Koln,H,H,2025/2026,5.0,1.0,5.0,7.6,19.0,3.85,5.2,1.1,5.22,80.0,3.0,2.6,1.73,1.93,2.2,1.73,60.0,50.0,4.0,9.26,77.78,2.0,3.49,2.14,13.0,3.6,8.8,1.93,2.0,4.8,5.77,4.0,0.8,1,0
2023-08-19,D1,14:30,Hoffenheim,Freiburg,A,A,2023/2024,5.0,2.0,9.0,7.18,17.0,3.32,4.0,1.0,5.71,100.0,1.0,2.0,1.7,1.84,1.0,1.67,100.0,70.59,1.0,8.83,70.59,1.0,3.09,2.26,24.0,2.0,6.0,2.11,1.0,4.0,5.74,8.0,2.0,1,0
2023-09-02,D1,14:30,Stuttgart,Freiburg,H,H,2023/2024,6.0,1.0,9.0,7.18,11.0,3.3,4.5,1.0,5.65,100.0,2.0,2.0,1.87,2.0,5.0,1.73,100.0,70.59,2.0,8.84,76.47,3.0,3.19,2.14,13.0,3.0,7.5,1.95,1.0,3.0,5.65,5.0,0.0,1,0
2023-09-24,D1,16:30,Ein Frankfurt,Freiburg,D,D,2023/2024,5.0,0.67,12.0,7.18,9.0,3.65,7.33,1.0,5.71,0.0,2.0,2.33,2.07,2.06,0.67,1.99,66.67,70.59,0.0,9.13,52.94,2.0,3.03,1.88,13.0,3.0,10.33,1.88,2.0,4.33,6.1,2.0,0.33,0,0
2023-10-08,D1,16:30,Bayern Munich,Freiburg,H,H,2023/2024,5.0,0.5,7.0,7.18,2.0,26.0,8.0,1.0,7.24,100.0,3.0,2.5,1.27,1.95,3.75,1.22,75.0,70.59,4.0,9.99,70.59,2.25,2.91,4.18,21.0,2.5,10.5,1.96,0.0,5.0,7.08,0.0,0.75,1,0
2023-10-29,D1,16:30,Leverkusen,Freiburg,H,H,2023/2024,4.0,0.6,9.0,7.18,10.0,14.0,7.4,1.0,7.65,100.0,4.0,3.4,1.53,2.03,3.4,1.44,80.0,70.59,5.0,10.39,82.35,2.2,3.03,2.8,19.0,2.8,10.2,1.86,2.0,6.2,7.36,4.0,1.0,1,1
2023-11-12,D1,18:30,RB Leipzig,Freiburg,H,D,2023/2024,6.0,0.4,10.0,7.18,9.0,7.0,6.6,1.0,6.76,80.0,4.0,2.4,1.59,1.92,2.8,1.53,80.0,70.59,4.0,10.03,58.82,2.6,3.18,2.48,15.0,3.0,9.6,2.0,0.0,6.8,6.85,3.0,0.6,1,0
2023-12-03,D1,14:30,Mainz,Freiburg,A,D,2023/2024,6.0,0.6,16.0,7.18,13.0,3.45,5.4,1.0,6.82,60.0,3.0,4.4,2.0,1.92,0.8,1.94,60.0,70.59,3.0,10.4,35.29,1.6,3.39,1.92,19.0,2.8,8.2,2.01,1.0,9.2,7.01,5.0,2.0,0,1
2023-12-09,D1,14:30,Wolfsburg,Freiburg,A,D,2023/2024,3.0,0.8,11.0,7.18,4.0,3.42,4.4,1.0,4.47,60.0,3.0,4.8,1.94,1.88,1.4,1.92,60.0,70.59,3.0,9.21,64.71,1.6,3.64,1.99,10.0,2.8,7.2,2.02,4.0,8.8,5.57,1.0,1.2,0,0
2023-12-20,D1,19:30,Heidenheim,Freiburg,H,A,2023/2024,3.0,1.2,20.0,7.18,10.0,2.55,7.2,1.0,6.24,60.0,3.0,4.6,2.13,2.1,2.0,2.04,60.0,70.59,3.0,10.54,58.82,1.6,3.71,1.87,14.0,3.4,10.6,1.81,4.0,8.8,6.83,4.0,1.8,1,1
2024-01-27,D1,14:30,Werder Bremen,Freiburg,H,D,2023/2024,4.0,1.2,14.0,7.18,7.0,3.16,3.0,1.0,4.12,60.0,3.0,4.8,1.92,2.05,1.6,1.91,60.0,70.59,3.0,9.07,70.59,1.8,3.95,2.0,14.0,3.6,6.6,1.85,1.0,7.6,5.12,4.0,1.4,1,0
2024-02-09,D1,19:30,Dortmund,Freiburg,H,H,2023/2024,8.0,1.0,13.0,7.18,6.0,7.0,6.0,1.0,6.0,80.0,3.0,3.6,1.46,1.98,2.6,1.44,60.0,70.59,4.0,9.87,64.71,1.8,3.45,2.87,17.0,3.6,9.6,2.02,0.0,7.2,6.42,3.0,1.4,1,0
2024-02-25,D1,18:30,Augsburg,Freiburg,H,A,2023/2024,8.0,1.0,16.0,7.18,5.0,3.05,3.8,1.0,4.71,60.0,4.0,5.8,1.79,1.92,1.4,1.73,80.0,70.59,3.0,9.28,58.82,2.2,3.87,2.12,21.0,3.4,7.2,2.0,1.0,6.4,5.41,1.0,1.6,1,1
2024-03-10,D1,14:30,Bochum,Freiburg,A,A,2023/2024,6.0,1.2,11.0,7.18,9.0,3.05,4.4,1.0,5.12,60.0,5.0,6.2,2.06,1.93,1.4,1.97,100.0,70.59,3.0,9.8,58.82,2.4,3.97,1.85,18.0,3.8,8.2,2.0,7.0,7.8,5.83,5.0,1.8,1,1
2024-03-30,D1,14:30,M'gladbach,Freiburg,A,A,2023/2024,4.0,1.4,11.0,7.18,13.0,3.58,7.8,1.0,5.71,80.0,5.0,3.8,1.77,1.95,1.8,1.73,100.0,70.59,4.0,10.31,76.47,1.8,3.67,2.17,18.0,3.2,11.0,2.0,0.0,9.2,6.64,8.0,2.0,1,1
2024-04-14,D1,14:30,Darmstadt,Freiburg,A,A,2023/2024,4.0,1.4,6.0,7.18,9.0,1.77,3.2,1.0,3.76,60.0,4.0,4.6,1.72,1.86,0.6,1.67,80.0,70.59,3.0,8.56,64.71,1.2,3.52,2.26,16.0,2.6,5.8,2.05,1.0,8.6,5.04,3.0,3.2,0,0
2024-05-04,D1,17:30,FC Koln,Freiburg,D,D,2023/2024,7.0,1.4,10.0,7.18,4.0,2.94,4.8,1.0,6.65,40.0,3.0,4.6,1.78,1.84,0.6,1.73,60.0,70.59,2.0,10.46,41.18,0.6,3.63,2.14,20.0,2.2,7.0,2.09,1.0,9.0,6.83,0.0,2.0,0,0
2024-05-18,D1,14:30,Union Berlin,Freiburg,H,D,2023/2024,5.0,1.4,14.0,7.18,11.0,4.15,5.0,1.0,5.29,80.0,3.0,5.4,1.79,2.05,1.6,1.73,60.0,70.59,4.0,9.74,58.82,0.6,3.78,2.13,14.0,3.2,8.2,1.87,4.0,7.6,5.96,5.0,2.4,1,0
2024-09-01,D1,16:30,Bayern Munich,Freiburg,H,H,2024/2025,4.0,0.0,13.0,4.35,8.0,14.0,2.0,1.0,6.71,0.0,0.0,4.0,1.29,1.78,2.0,1.29,0.0,52.94,0.0,8.55,82.35,2.0,3.37,3.72,11.0,4.0,6.0,2.11,0.0,2.0,5.18,4.0,0.0,0,0
2024-09-21,D1,14:30,Heidenheim,Freiburg,A,D,2024/2025,2.0,1.5,6.0,4.35,14.0,2.48,4.0,1.0,5.18,100.0,1.0,7.5,1.85,1.91,2.0,1.8,50.0,52.94,2.0,8.96,58.82,1.0,4.37,2.06,7.0,6.5,10.5,2.05,1.0,2.5,4.59,5.0,1.5,1,1
2024-10-05,D1,14:30,Werder Bremen,Freiburg,A,D,2024/2025,3.0,1.33,7.0,4.35,13.0,2.72,4.33,1.0,5.12,33.33,1.0,5.0,1.79,1.95,0.0,1.73,33.33,52.94,1.0,8.82,52.94,0.67,4.08,2.16,11.0,6.0,10.33,2.0,2.0,4.0,4.74,3.0,2.0,0,1
2024-10-26,D1,14:30,RB Leipzig,Freiburg,H,A,2024/2025,9.0,1.25,9.0,4.35,15.0,4.39,6.5,1.0,6.12,50.0,2.0,4.0,1.72,1.95,2.0,1.67,50.0,52.94,2.0,9.48,64.71,1.25,4.0,2.25,12.0,5.25,11.75,1.98,2.0,3.75,5.48,5.0,0.25,1,0
2024-11-08,D1,19:30,Union Berlin,Freiburg,D,D,2024/2025,6.0,1.0,11.0,4.35,14.0,3.32,4.2,1.0,4.19,40.0,2.0,3.6,2.44,1.73,1.2,2.3,40.0,52.94,2.0,7.99,47.06,1.0,3.8,1.62,12.0,4.4,8.6,2.17,0.0,3.8,4.19,4.0,0.6,0,0
2024-11-23,D1,14:30,Dortmund,Freiburg,H,H,2024/2025,7.0,1.0,11.0,4.35,7.0,5.02,7.4,1.0,6.41,100.0,3.0,0.4,1.77,2.03,3.2,1.73,60.0,52.94,5.0,8.83,76.47,1.4,3.0,2.15,19.0,3.6,11.0,1.88,2.0,4.8,5.83,3.0,1.2,1,0
2024-12-08,D1,16:30,Hoffenheim,Freiburg,D,D,2024/2025,5.0,0.6,10.0,4.35,11.0,3.09,4.6,1.0,4.88,60.0,2.0,2.8,2.02,1.88,2.2,1.99,40.0,52.94,3.0,8.35,58.82,1.6,3.58,1.95,15.0,2.0,6.6,2.05,1.0,5.4,4.77,4.0,2.2,0,0
2024-12-21,D1,17:30,Leverkusen,Freiburg,H,H,2024/2025,12.0,0.6,8.0,4.35,8.0,8.24,7.0,1.0,7.65,80.0,3.0,2.2,1.67,2.07,2.8,1.53,60.0,52.94,4.0,9.43,64.71,2.6,2.95,2.43,20.0,1.4,8.4,1.87,2.0,4.8,6.48,2.0,1.0,1,0
2025-01-14,D1,19:30,Ein Frankfurt,Freiburg,H,D,2024/2025,8.0,0.6,8.0,4.35,7.0,5.03,7.8,1.0,5.35,80.0,3.0,2.2,1.56,2.0,3.0,1.53,60.0,52.94,4.0,8.71,70.59,2.8,3.32,2.57,23.0,1.0,8.8,1.92,1.0,5.8,5.39,5.0,1.6,1,0
2025-01-18,D1,14:30,Stuttgart,Freiburg,H,H,2024/2025,7.0,0.6,8.0,4.35,4.0,5.8,5.2,1.0,6.12,60.0,4.0,2.4,1.65,1.75,2.2,1.62,80.0,52.94,3.0,8.73,76.47,3.6,3.18,2.35,12.0,1.0,6.2,2.11,3.0,5.8,5.55,0.0,0.8,1,0
2025-02-01,D1,14:30,Bochum,Freiburg,A,A,2024/2025,4.0,0.8,15.0,4.35,13.0,2.74,7.0,1.0,5.76,20.0,3.0,4.8,2.0,1.84,1.2,1.97,60.0,52.94,1.0,9.44,47.06,2.8,3.86,1.91,22.0,2.4,9.4,2.11,2.0,6.2,5.58,5.0,1.0,0,1
2025-02-15,D1,14:30,St Pauli,Freiburg,A,D,2024/2025,1.0,0.8,10.0,4.35,6.0,3.35,3.4,1.0,5.06,20.0,3.0,4.4,2.35,2.06,0.8,2.15,60.0,52.94,1.0,8.38,17.65,2.6,3.63,1.67,5.0,3.4,6.8,1.87,0.0,5.4,4.75,4.0,1.0,0,0
2025-03-02,D1,16:30,Augsburg,Freiburg,D,D,2024/2025,5.0,0.6,13.0,4.35,7.0,3.21,5.2,1.0,5.76,20.0,2.0,6.6,2.4,2.03,0.4,2.3,40.0,52.94,1.0,9.38,52.94,1.6,4.04,1.63,13.0,3.4,8.6,1.94,1.0,5.6,5.34,3.0,0.8,0,0
2025-03-15,D1,14:30,Mainz,Freiburg,D,H,2024/2025,4.0,0.8,7.0,4.35,24.0,4.83,4.4,1.0,5.82,20.0,2.0,4.0,2.08,1.88,1.6,2.07,40.0,52.94,1.0,8.8,35.29,1.2,3.65,1.84,9.0,4.0,8.4,2.05,2.0,4.2,5.15,8.0,0.4,1,0
2025-04-12,D1,14:30,M'gladbach,Freiburg,A,D,2024/2025,1.0,1.2,4.0,4.35,19.0,3.18,4.2,1.0,4.94,60.0,2.0,4.4,1.58,1.99,0.8,1.53,40.0,52.94,3.0,8.75,58.82,0.6,4.11,2.43,10.0,5.0,9.2,1.91,1.0,4.2,4.64,7.0,1.8,1,0
2025-04-26,D1,14:30,Wolfsburg,Freiburg,A,D,2024/2025,1.0,1.2,6.0,4.35,15.0,2.98,4.8,1.0,5.06,20.0,2.0,4.6,1.65,1.82,0.8,1.62,40.0,52.94,1.0,8.61,58.82,0.6,3.96,2.35,8.0,4.0,8.8,2.09,1.0,3.0,4.65,2.0,1.4,0,0
2025-05-10,D1,14:30,Holstein Kiel,Freiburg,A,D,2024/2025,3.0,1.4,9.0,4.35,9.0,2.1,3.6,1.0,3.59,100.0,3.0,4.2,1.65,1.87,1.6,1.57,60.0,52.94,5.0,7.88,70.59,0.8,4.16,2.37,15.0,3.8,7.4,2.05,0.0,3.0,3.72,4.0,2.4,1,0
2025-08-31,D1,18:30,FC Koln,Freiburg,H,H,2025/2026,6.0,1.0,12.0,4.5,12.0,2.8,3.0,1.3,4.67,100.0,1.0,5.0,1.91,2.0,4.0,1.9,100.0,60.0,1.0,8.6,66.67,4.0,4.31,1.9,18.0,5.0,8.0,1.85,1.0,3.0,4.29,2.0,1.0,1,0
2025-09-20,D1,14:30,Werder Bremen,Freiburg,A,A,2025/2026,5.0,2.0,13.0,4.5,10.0,2.9,2.5,1.3,4.38,100.0,2.0,3.5,1.73,1.8,1.5,1.73,100.0,60.0,2.0,7.62,62.5,2.0,3.59,2.2,12.0,2.5,5.0,2.1,2.0,2.5,4.03,5.0,3.0,1,0
2025-10-05,D1,18:30,M'gladbach,Freiburg,D,D,2025/2026,5.0,1.33,15.0,4.5,12.0,2.75,6.0,1.3,4.1,50.0,2.0,4.25,1.93,1.85,1.0,1.93,66.67,60.0,2.0,8.2,70.0,1.33,3.92,1.93,9.0,2.0,8.0,2.0,1.0,3.0,4.28,1.0,2.5,0,0
2025-10-26,D1,14:30,Leverkusen,Freiburg,H,H,2025/2026,4.0,1.0,9.0,4.5,10.0,3.9,3.8,1.3,5.8,40.0,2.0,4.6,1.8,2.03,1.8,1.8,50.0,60.0,2.0,8.75,50.0,1.5,3.78,2.02,19.0,2.25,6.05,1.83,2.0,2.75,4.97,3.0,0.8,0,0
2025-11-01,D1,14:30,Union Berlin,Freiburg,D,D,2025/2026,2.0,0.8,20.0,4.5,13.0,2.83,6.0,1.3,5.4,60.0,2.0,5.4,2.22,2.03,1.4,2.2,40.0,60.0,3.0,9.14,80.0,1.2,4.12,1.66,11.0,2.8,8.8,1.85,1.0,3.2,5.02,4.0,1.2,0,0
2025-11-22,D1,14:30,Bayern Munich,Freiburg,H,D,2025/2026,8.0,1.0,9.0,4.5,8.0,18.0,5.8,1.3,6.6,100.0,2.0,4.2,1.4,2.03,4.0,1.36,40.0,60.0,5.0,9.33,100.0,1.6,3.67,3.05,22.0,2.8,8.6,1.85,0.0,3.2,5.66,2.0,0.6,1,0
2025-12-06,D1,14:30,Heidenheim,Freiburg,H,A,2025/2026,3.0,0.6,11.0,4.5,16.0,1.84,5.8,1.3,4.5,80.0,2.0,4.6,2.12,1.93,1.4,2.1,40.0,60.0,4.0,8.68,80.0,2.0,4.06,1.74,16.0,4.0,9.8,1.93,1.0,4.4,4.62,2.0,1.6,1,1
2025-12-20,D1,14:30,Wolfsburg,Freiburg,A,D,2025/2026,6.0,1.4,16.0,4.5,15.0,2.9,3.2,1.3,4.8,100.0,3.0,5.6,1.91,2.03,1.8,1.88,60.0,60.0,5.0,9.27,70.0,2.6,4.78,1.92,13.0,5.0,8.2,1.85,1.0,4.0,4.49,8.0,2.8,1,0
2026-01-14,D1,19:30,RB Leipzig,Freiburg,H,D,2025/2026,7.0,1.4,12.0,4.5,3.0,4.7,6.2,1.3,5.78,60.0,3.0,4.4,1.68,1.93,2.8,1.67,60.0,60.0,3.0,9.71,66.67,2.6,4.29,2.2,21.0,4.8,11.0,1.93,4.0,5.0,5.42,1.0,0.8,0,0
2026-01-18,D1,16:30,Augsburg,Freiburg,D,D,2025/2026,5.0,1.8,11.0,4.5,12.0,2.8,5.4,1.3,5.6,20.0,4.0,6.0,2.05,1.78,1.2,2.0,80.0,60.0,1.0,9.86,50.0,3.0,4.54,1.8,13.0,5.0,10.4,2.1,2.0,5.8,5.32,5.0,0.6,1,1
2025-08-24,D1,16:30,M'gladbach,Hamburg,D,D,2025/2026,4.0,0.0,10.0,3.78,7.0,3.85,7.0,0.44,4.1,0.0,0.0,6.0,1.58,2.0,0.0,1.53,0.0,55.56,0.0,8.97,70.0,0.0,4.37,2.45,17.0,6.0,13.0,1.85,1.0,7.0,4.6,2.0,0.0,0,1
2025-09-13,D1,17:30,Bayern Munich,Hamburg,H,H,2025/2026,12.0,0.0,11.0,3.78,9.0,29.0,5.0,0.44,6.6,100.0,1.0,4.0,1.17,1.88,5.5,1.14,50.0,55.56,2.0,9.37,100.0,2.5,3.69,5.3,22.0,4.5,9.5,2.2,2.0,6.0,5.68,2.0,0.0,1,0
2025-09-28,D1,18:30,Union Berlin,Hamburg,D,D,2025/2026,2.0,0.0,18.0,3.78,16.0,3.8,6.33,0.44,5.4,66.67,1.0,5.33,1.81,1.88,1.33,1.8,33.33,55.56,2.0,9.22,80.0,1.67,4.1,2.0,11.0,4.0,10.33,2.0,2.0,5.67,5.12,6.0,1.67,0,0
2025-10-18,D1,14:30,RB Leipzig,Hamburg,H,H,2025/2026,4.0,0.25,13.0,3.78,15.0,6.0,5.33,0.44,5.78,66.67,2.0,4.33,1.35,1.98,2.33,1.33,50.0,55.56,2.0,9.26,66.67,1.75,4.1,3.18,10.0,4.25,9.58,1.88,1.0,5.0,5.16,3.0,0.67,1,0
2025-11-02,D1,14:30,FC Koln,Hamburg,H,H,2025/2026,10.0,0.4,8.0,3.78,11.0,2.8,4.5,0.44,4.67,75.0,3.0,4.5,1.62,1.98,2.5,1.57,60.0,55.56,3.0,8.44,66.67,2.2,4.04,2.34,23.0,4.0,8.5,1.88,6.0,4.4,4.4,5.0,1.25,1,0
2025-11-22,D1,14:30,Augsburg,Hamburg,H,D,2025/2026,6.0,0.4,13.0,3.78,15.0,2.87,5.2,0.44,5.6,60.0,3.0,4.0,1.8,1.8,1.0,1.8,60.0,55.56,3.0,8.98,50.0,2.4,4.06,2.03,13.0,3.4,8.6,2.05,3.0,3.8,4.92,6.0,2.4,0,0
2025-12-13,D1,14:30,Hoffenheim,Hamburg,H,H,2025/2026,6.0,0.6,16.0,3.78,14.0,4.75,6.6,0.44,5.67,80.0,3.0,4.2,1.62,1.98,2.6,1.62,60.0,55.56,4.0,8.89,77.78,2.2,3.83,2.41,10.0,3.4,10.0,1.94,3.0,3.4,5.06,5.0,0.8,1,0
2026-01-10,D1,14:30,Freiburg,Hamburg,H,D,2025/2026,7.0,0.8,13.0,3.78,10.0,4.8,4.8,0.44,5.22,80.0,4.0,1.8,1.92,1.83,2.2,1.91,80.0,55.56,4.0,7.86,77.78,2.6,3.32,1.89,20.0,3.4,8.2,2.03,5.0,2.4,4.54,5.0,1.0,1,0
2026-01-23,D1,19:30,St Pauli,Hamburg,D,D,2025/2026,3.0,0.6,15.0,3.78,5.0,2.88,6.8,0.44,6.88,60.0,3.0,5.0,2.63,1.85,0.4,2.63,60.0,55.56,3.0,9.43,75.0,2.2,3.74,1.49,8.0,3.2,10.0,2.0,1.0,2.8,5.69,2.0,1.8,0,0
2023-08-19,D1,14:30,Wolfsburg,Heidenheim,H,H,2023/2024,8.0,0.0,10.0,5.24,13.0,5.25,1.0,1.18,4.47,0.0,0.0,7.0,1.67,1.87,2.0,1.57,0.0,47.06,0.0,9.02,64.71,2.0,5.05,2.39,18.0,7.0,8.0,2.07,0.0,1.0,3.97,1.0,0.0,0,0
2023-09-01,D1,19:30,Dortmund,Heidenheim,D,H,2023/2024,9.0,1.0,9.0,5.24,15.0,11.0,4.5,1.18,6.0,50.0,1.0,4.5,1.32,2.09,1.5,1.29,50.0,47.06,1.0,9.87,64.71,2.0,4.61,3.6,20.0,6.5,11.0,1.91,3.0,2.0,5.26,6.0,1.0,1,0
2023-09-24,D1,14:30,Leverkusen,Heidenheim,H,H,2023/2024,10.0,1.0,9.0,5.24,1.0,17.0,5.0,1.18,7.65,100.0,2.0,3.0,1.37,1.88,4.0,1.36,66.67,47.06,3.0,10.36,82.35,2.67,3.98,3.29,20.0,5.0,10.0,2.04,1.0,3.67,6.38,1.0,1.33,1,0
2023-10-08,D1,18:30,Ein Frankfurt,Heidenheim,H,H,2023/2024,6.0,0.75,14.0,5.24,7.0,5.05,6.25,1.18,5.71,0.0,2.0,3.25,1.83,1.96,1.0,1.8,50.0,47.06,0.0,9.55,52.94,2.5,4.12,2.08,12.0,5.25,11.5,1.96,3.0,3.5,5.43,2.0,0.25,0,0
2023-10-28,D1,14:30,M'gladbach,Heidenheim,H,D,2023/2024,6.0,0.8,5.0,5.24,8.0,4.98,6.6,1.18,5.71,80.0,3.0,7.2,1.52,1.92,1.0,1.5,60.0,47.06,4.0,10.47,76.47,2.4,4.96,2.69,11.0,5.0,11.6,2.02,3.0,4.0,5.51,3.0,1.8,1,0
2023-11-11,D1,14:30,Bayern Munich,Heidenheim,H,H,2023/2024,8.0,1.2,8.0,5.24,7.0,34.0,7.2,1.18,7.24,100.0,4.0,1.8,1.22,2.05,4.8,1.17,80.0,47.06,5.0,10.29,70.59,2.8,3.76,4.73,18.0,4.0,11.2,1.87,0.0,5.2,6.53,2.0,0.8,1,0
2023-12-02,D1,14:30,RB Leipzig,Heidenheim,H,H,2023/2024,8.0,1.0,13.0,5.24,7.0,13.33,7.4,1.18,6.76,80.0,4.0,1.8,1.39,2.06,2.6,1.33,80.0,47.06,4.0,10.27,58.82,2.8,3.94,3.24,23.0,3.4,10.8,1.88,2.0,5.6,6.33,1.0,0.8,1,0
2023-12-16,D1,14:30,Mainz,Heidenheim,A,A,2023/2024,4.0,1.0,9.0,5.24,5.0,4.99,5.8,1.18,6.82,40.0,3.0,3.8,1.71,2.06,0.6,1.67,60.0,47.06,2.0,10.37,35.29,2.0,4.15,2.24,16.0,3.2,9.0,1.88,3.0,5.8,6.22,2.0,1.6,0,0
2024-01-13,D1,14:30,FC Koln,Heidenheim,D,H,2023/2024,6.0,1.2,12.0,5.24,10.0,3.8,6.2,1.18,6.65,20.0,3.0,6.0,1.82,2.08,1.0,1.73,60.0,47.06,1.0,10.94,41.18,1.8,4.65,2.1,13.0,3.2,9.4,1.84,1.0,7.0,6.29,2.0,0.8,0,1
2024-01-27,D1,14:30,Hoffenheim,Heidenheim,D,D,2023/2024,8.0,1.2,11.0,5.24,15.0,4.87,5.8,1.18,5.71,60.0,2.0,4.2,1.54,2.02,2.0,1.48,40.0,47.06,3.0,10.01,70.59,1.6,4.22,2.71,20.0,3.4,9.2,1.9,0.0,7.6,5.79,3.0,1.8,0,1
2024-02-10,D1,14:30,Werder Bremen,Heidenheim,A,A,2023/2024,3.0,1.2,10.0,5.24,10.0,4.54,3.4,1.18,4.12,60.0,2.0,5.4,1.9,2.05,1.4,1.8,40.0,47.06,3.0,9.57,70.59,1.0,4.93,2.06,14.0,5.0,8.4,1.88,2.0,7.2,4.64,3.0,1.4,1,1
2024-02-24,D1,14:30,Union Berlin,Heidenheim,D,H,2023/2024,3.0,1.4,9.0,5.24,9.0,4.75,4.8,1.18,5.29,40.0,2.0,5.4,2.12,1.87,1.8,2.06,40.0,47.06,2.0,10.12,58.82,1.0,4.72,1.81,12.0,4.8,9.6,2.05,1.0,7.0,5.4,4.0,0.6,1,0
2024-03-09,D1,14:30,Augsburg,Heidenheim,H,H,2023/2024,4.0,1.2,14.0,5.24,6.0,4.98,4.0,1.18,4.71,60.0,2.0,4.8,1.58,2.03,1.4,1.53,40.0,47.06,3.0,9.65,58.82,1.2,4.71,2.5,8.0,5.0,9.0,1.91,3.0,6.4,4.94,1.0,1.4,0,0
2024-03-31,D1,16:30,Stuttgart,Heidenheim,D,H,2023/2024,6.0,1.6,5.0,5.24,6.0,11.0,6.4,1.18,5.65,60.0,3.0,4.4,1.42,1.97,2.8,1.4,60.0,47.06,3.0,10.06,76.47,1.6,4.42,3.01,20.0,5.2,11.6,1.97,0.0,5.8,5.64,3.0,1.4,1,1
2024-04-13,D1,14:30,Bochum,Heidenheim,D,D,2023/2024,5.0,1.6,12.0,5.24,10.0,3.71,6.0,1.18,5.12,80.0,3.0,5.2,1.79,2.07,1.6,1.73,60.0,47.06,4.0,9.97,58.82,1.6,4.72,2.15,24.0,4.6,10.6,1.85,1.0,5.2,5.25,3.0,2.2,0,0
2024-04-28,D1,18:30,Darmstadt,Heidenheim,A,D,2023/2024,4.0,1.4,14.0,5.24,19.0,2.26,3.0,1.18,3.76,60.0,2.0,5.6,1.71,1.86,0.6,1.67,40.0,47.06,3.0,8.72,64.71,1.4,4.56,2.25,12.0,4.2,7.2,2.07,1.0,4.8,4.16,6.0,3.0,0,1
2024-05-11,D1,14:30,Freiburg,Heidenheim,D,D,2023/2024,3.0,1.2,9.0,5.24,9.0,4.67,3.4,1.18,4.41,60.0,1.0,5.2,1.72,1.99,1.2,1.67,20.0,47.06,3.0,8.99,58.82,1.2,4.47,2.25,19.0,4.6,8.0,1.95,1.0,4.4,4.52,3.0,2.2,0,0
2024-08-25,D1,16:30,St Pauli,Heidenheim,A,D,2024/2025,3.0,2.0,10.0,5.53,6.0,4.06,4.0,1.41,5.06,0.0,0.0,2.0,2.05,2.06,0.0,2.03,0.0,52.94,0.0,7.99,17.65,0.0,3.02,1.88,11.0,2.0,6.0,1.87,3.0,4.0,4.97,3.0,2.0,0,0
2024-09-13,D1,19:30,Dortmund,Heidenheim,H,H,2024/2025,7.0,2.0,13.0,5.53,11.0,9.0,7.5,1.41,6.41,50.0,1.0,4.0,1.53,1.83,3.0,1.44,50.0,52.94,1.0,9.18,76.47,2.0,2.92,2.81,13.0,1.5,9.0,2.13,2.0,6.0,6.26,4.0,1.0,1,0
2024-09-28,D1,14:30,Mainz,Heidenheim,A,A,2024/2025,2.0,2.0,10.0,5.53,14.0,4.58,8.33,1.41,5.82,33.33,1.0,6.33,1.88,1.78,0.67,1.85,33.33,52.94,1.0,9.61,35.29,1.33,3.56,2.04,7.0,3.0,11.33,2.13,4.0,6.33,6.05,7.0,1.67,0,1
2024-10-19,D1,14:30,M'gladbach,Heidenheim,H,D,2024/2025,10.0,2.0,15.0,5.53,19.0,4.11,4.0,1.41,4.94,75.0,2.0,3.25,1.65,2.04,1.75,1.62,50.0,52.94,3.0,8.69,58.82,1.75,3.57,2.35,20.0,3.0,7.0,1.89,3.0,6.25,5.12,6.0,2.0,1,0
2024-11-02,D1,14:30,Holstein Kiel,Heidenheim,H,H,2024/2025,6.0,1.6,16.0,5.53,17.0,3.0,3.8,1.41,3.59,40.0,2.0,7.0,1.95,1.86,0.8,1.92,40.0,52.94,2.0,8.54,70.59,1.6,4.2,1.95,11.0,3.6,7.4,2.09,5.0,6.0,4.34,4.0,2.8,0,1
2024-11-23,D1,14:30,Leverkusen,Heidenheim,H,D,2024/2025,10.0,1.6,8.0,5.53,6.0,15.0,8.4,1.41,7.65,80.0,3.0,2.0,1.48,1.98,2.6,1.44,60.0,52.94,4.0,9.95,64.71,2.6,2.88,2.82,20.0,3.2,11.6,1.96,0.0,6.4,7.07,3.0,1.6,1,0
2024-12-07,D1,14:30,Bayern Munich,Heidenheim,H,H,2024/2025,10.0,1.6,4.0,5.53,2.0,25.02,7.2,1.41,6.71,80.0,3.0,1.6,1.31,2.0,3.0,1.3,60.0,52.94,4.0,9.24,82.35,2.6,2.81,3.68,21.0,3.0,10.2,1.86,0.0,6.4,6.43,2.0,0.6,1,0
2024-12-22,D1,14:30,Bochum,Heidenheim,H,H,2024/2025,4.0,1.2,18.0,5.53,10.0,3.74,5.8,1.41,5.76,40.0,3.0,4.4,1.85,1.87,0.8,1.8,60.0,52.94,2.0,9.31,47.06,3.0,3.58,2.09,14.0,2.2,8.0,2.04,7.0,6.0,5.73,2.0,2.0,0,0
2025-01-15,D1,19:30,Werder Bremen,Heidenheim,D,D,2024/2025,5.0,1.4,10.0,5.53,14.0,4.85,5.6,1.41,5.12,100.0,3.0,4.2,1.65,1.83,2.6,1.62,60.0,52.94,5.0,8.7,52.94,3.0,3.38,2.31,12.0,2.0,7.6,2.13,3.0,5.6,5.32,5.0,1.8,1,0
2025-01-25,D1,14:30,Augsburg,Heidenheim,H,H,2024/2025,7.0,1.6,8.0,5.53,11.0,4.22,5.8,1.41,5.76,20.0,4.0,5.8,1.93,1.96,0.6,1.9,80.0,52.94,1.0,9.27,52.94,3.2,3.56,1.94,11.0,1.6,7.4,1.95,0.0,5.8,5.71,6.0,0.8,1,0
2025-02-08,D1,14:30,Freiburg,Heidenheim,H,H,2024/2025,3.0,1.2,11.0,5.53,11.0,5.41,4.8,1.41,4.29,80.0,3.0,4.0,1.85,1.95,2.2,1.8,60.0,52.94,4.0,8.18,82.35,2.4,3.38,2.08,9.0,2.2,7.0,1.97,1.0,5.8,4.8,5.0,1.4,0,0
2025-02-23,D1,14:30,RB Leipzig,Heidenheim,D,A,2024/2025,6.0,1.2,15.0,5.53,4.0,10.15,5.8,1.41,6.12,80.0,3.0,3.8,1.52,1.92,2.4,1.5,60.0,52.94,4.0,9.42,64.71,2.0,3.53,2.68,17.0,3.0,8.8,2.03,3.0,5.6,5.89,2.0,1.4,1,1
2025-03-29,D1,14:30,Wolfsburg,Heidenheim,A,A,2024/2025,2.0,1.0,8.0,5.53,11.0,5.06,5.2,1.41,5.06,20.0,2.0,5.6,1.77,2.05,0.8,1.73,40.0,52.94,1.0,9.1,58.82,1.2,3.83,2.11,11.0,4.0,9.2,1.86,4.0,5.8,5.27,4.0,1.0,0,0
2025-04-13,D1,16:30,Ein Frankfurt,Heidenheim,H,H,2024/2025,8.0,0.8,6.0,5.53,14.0,4.62,3.6,1.41,5.35,80.0,2.0,6.0,1.68,1.93,1.8,1.67,40.0,52.94,4.0,8.99,70.59,1.4,3.75,2.25,19.0,3.8,7.4,1.97,1.0,5.6,5.24,3.0,1.4,1,0
2025-04-25,D1,19:30,Stuttgart,Heidenheim,A,D,2024/2025,3.0,1.0,14.0,5.53,6.0,6.65,4.2,1.41,6.12,80.0,2.0,6.0,1.5,1.85,1.2,1.5,40.0,52.94,4.0,9.36,76.47,1.2,3.63,2.7,19.0,4.2,8.4,2.07,4.0,5.6,5.73,2.0,2.4,0,1
2025-05-10,D1,14:30,Union Berlin,Heidenheim,A,A,2024/2025,1.0,1.2,14.0,5.53,8.0,3.81,3.4,1.41,4.19,60.0,2.0,6.0,1.84,1.97,1.6,1.73,40.0,52.94,3.0,8.23,47.06,0.8,3.76,2.05,10.0,3.8,7.2,1.95,0.0,4.4,4.47,4.0,2.0,1,0
2025-08-30,D1,14:30,RB Leipzig,Heidenheim,H,D,2025/2026,5.0,0.0,7.0,5.11,5.0,6.0,4.0,0.78,5.78,0.0,0.0,3.0,1.44,1.93,2.0,1.4,0.0,66.67,0.0,9.83,66.67,2.0,4.57,2.8,19.0,3.0,7.0,1.95,5.0,4.0,5.26,3.0,0.0,0,0
2025-09-20,D1,14:30,Hamburg,Heidenheim,H,H,2025/2026,9.0,0.5,15.0,5.11,20.0,4.5,1.5,0.78,3.67,50.0,1.0,8.5,1.67,1.8,1.0,1.67,50.0,66.67,1.0,9.35,44.44,2.0,5.65,2.21,22.0,7.5,9.0,2.05,1.0,2.5,3.7,8.0,1.5,1,1
2025-10-05,D1,14:30,Stuttgart,Heidenheim,H,D,2025/2026,6.0,0.33,11.0,5.11,5.0,7.5,5.0,0.78,5.11,0.0,1.0,5.0,1.48,1.93,1.33,1.44,33.33,66.67,0.0,9.68,44.44,1.67,4.89,2.7,18.0,5.33,10.33,1.93,1.0,2.0,4.79,1.0,0.0,0,0
2025-10-25,D1,14:30,Hoffenheim,Heidenheim,H,H,2025/2026,7.0,0.5,14.0,5.11,12.0,5.33,6.75,0.78,5.67,75.0,2.0,5.25,1.53,1.9,1.25,1.53,50.0,66.67,3.0,10.26,77.78,2.0,4.86,2.53,14.0,5.25,12.0,1.95,1.0,3.25,5.4,3.0,2.25,1,1
2025-11-08,D1,14:30,Leverkusen,Heidenheim,H,H,2025/2026,10.0,0.4,5.0,5.11,1.0,8.1,4.8,0.78,5.8,40.0,3.0,4.0,1.53,2.0,2.8,1.53,60.0,66.67,2.0,9.97,50.0,2.8,4.54,2.5,25.0,4.4,9.2,1.85,1.0,4.8,5.43,0.0,0.4,1,1
2025-11-29,D1,14:30,Union Berlin,Heidenheim,A,H,2025/2026,2.0,0.8,13.0,5.11,10.0,6.6,5.4,0.78,5.4,60.0,4.0,4.8,2.1,2.03,1.2,2.1,80.0,66.67,3.0,10.15,80.0,2.6,4.86,1.73,9.0,4.8,10.2,1.83,2.0,5.0,5.29,2.0,1.0,1,0
2025-12-13,D1,14:30,St Pauli,Heidenheim,H,H,2025/2026,5.0,0.8,6.0,5.11,20.0,4.6,8.4,0.78,6.88,80.0,4.0,4.4,2.2,1.88,0.6,2.2,80.0,66.67,4.0,11.02,75.0,2.6,4.56,1.66,8.0,4.6,13.0,1.98,3.0,5.6,6.46,7.0,2.2,1,1
2026-01-13,D1,19:30,Mainz,Heidenheim,H,H,2025/2026,6.0,1.0,11.0,5.11,15.0,4.6,6.0,0.78,6.5,20.0,5.0,3.2,1.83,1.85,0.8,1.8,100.0,66.67,1.0,10.43,30.0,2.8,4.36,2.02,13.0,4.6,10.6,2.0,2.0,6.2,6.07,4.0,0.8,1,0
2026-01-17,D1,14:30,Wolfsburg,Heidenheim,D,A,2025/2026,4.0,1.0,10.0,5.11,13.0,5.0,5.4,0.78,4.8,80.0,4.0,5.6,1.63,2.08,2.0,1.62,80.0,66.67,4.0,10.48,70.0,2.4,5.36,2.29,13.0,4.8,10.2,1.83,3.0,6.6,5.12,3.0,2.0,0,1
2023-08-26,D1,14:30,Heidenheim,Hoffenheim,A,H,2023/2024,9.0,3.0,13.0,7.47,16.0,2.3,10.0,2.06,6.24,100.0,1.0,6.0,1.63,2.02,2.0,1.57,100.0,88.24,1.0,11.37,58.82,2.0,4.07,2.42,19.0,6.0,16.0,1.92,5.0,10.0,7.3,6.0,3.0,1,1
2023-09-16,D1,14:30,FC Koln,Hoffenheim,A,A,2023/2024,7.0,3.0,15.0,7.47,17.0,3.2,9.5,2.06,6.65,100.0,2.0,2.5,1.63,1.93,1.0,1.57,100.0,88.24,2.0,11.3,41.18,1.5,3.67,2.42,17.0,5.0,14.5,1.98,4.0,11.5,7.63,5.0,2.5,1,1
2023-09-23,D1,14:30,Union Berlin,Hoffenheim,A,A,2023/2024,6.0,2.67,11.0,7.47,11.0,3.64,5.67,2.06,5.29,66.67,2.0,4.67,1.88,2.04,1.33,1.73,66.67,88.24,2.0,10.37,58.82,1.0,3.89,2.1,22.0,5.33,11.0,1.88,3.0,11.33,6.48,4.0,2.0,0,1
2023-10-07,D1,17:30,Werder Bremen,Hoffenheim,A,A,2023/2024,3.0,2.75,15.0,7.47,11.0,2.65,3.5,2.06,4.12,100.0,3.0,6.25,1.56,2.08,2.0,1.53,75.0,88.24,4.0,9.64,70.59,1.25,4.21,2.56,13.0,5.0,8.5,1.83,4.0,9.5,5.43,4.0,2.0,1,0
2023-10-28,D1,14:30,Stuttgart,Hoffenheim,A,A,2023/2024,10.0,2.8,13.0,7.47,7.0,5.17,5.0,2.06,5.65,100.0,4.0,2.8,1.6,2.05,3.6,1.5,80.0,88.24,5.0,9.69,76.47,1.4,3.33,2.52,23.0,4.0,9.0,1.88,1.0,8.8,6.36,5.0,1.0,1,0
2023-11-11,D1,14:30,Augsburg,Hoffenheim,D,A,2023/2024,6.0,2.4,9.0,7.47,12.0,2.86,3.6,2.06,4.71,80.0,3.0,4.6,1.51,1.92,1.8,1.44,60.0,88.24,4.0,9.32,58.82,1.2,3.76,2.7,11.0,3.8,7.4,2.0,2.0,7.4,5.56,6.0,1.6,0,0
2023-12-02,D1,14:30,M'gladbach,Hoffenheim,H,D,2023/2024,3.0,2.0,12.0,7.47,17.0,3.17,8.2,2.06,5.71,80.0,3.0,4.2,1.41,1.92,2.0,1.36,60.0,88.24,4.0,10.14,76.47,1.4,3.71,3.08,9.0,3.6,11.8,2.01,2.0,6.0,6.43,5.0,1.0,1,0
2023-12-16,D1,17:30,RB Leipzig,Hoffenheim,H,D,2023/2024,11.0,1.8,11.0,7.47,10.0,9.2,8.2,2.06,6.76,80.0,4.0,2.0,1.38,1.99,2.8,1.33,80.0,88.24,4.0,10.06,58.82,2.0,3.09,3.29,23.0,2.8,11.0,1.97,2.0,5.6,6.97,4.0,0.6,1,1
2024-01-12,D1,19:30,Bayern Munich,Hoffenheim,H,H,2023/2024,12.0,1.2,8.0,7.47,12.0,23.0,7.6,2.06,7.24,100.0,4.0,1.6,1.22,1.86,4.2,1.2,80.0,88.24,5.0,10.08,70.59,2.2,2.77,4.71,27.0,2.4,10.0,2.07,3.0,7.0,7.31,4.0,0.4,1,1
2024-01-20,D1,14:30,Freiburg,Hoffenheim,H,H,2023/2024,8.0,1.0,18.0,7.47,16.0,3.79,6.0,2.06,4.41,40.0,4.0,2.2,1.69,1.84,1.8,1.57,80.0,88.24,2.0,8.69,58.82,2.4,3.18,2.35,16.0,2.8,8.8,2.08,3.0,6.2,5.51,4.0,1.2,1,0
2024-02-04,D1,14:30,Wolfsburg,Hoffenheim,D,A,2023/2024,8.0,1.2,12.0,7.47,17.0,3.39,3.8,2.06,4.47,60.0,5.0,5.2,1.61,2.04,1.2,1.57,100.0,88.24,3.0,9.0,64.71,2.6,3.59,2.41,14.0,2.2,6.0,1.9,3.0,7.0,5.41,7.0,1.4,1,0
2024-02-25,D1,16:30,Dortmund,Hoffenheim,A,H,2023/2024,7.0,1.6,7.0,7.47,7.0,6.5,7.0,2.06,6.0,80.0,5.0,3.4,1.28,1.87,2.2,1.22,100.0,88.24,4.0,9.91,64.71,2.6,3.26,4.07,19.0,2.2,9.2,2.07,3.0,7.8,6.65,5.0,1.6,1,1
2024-03-10,D1,16:30,Ein Frankfurt,Hoffenheim,H,D,2023/2024,7.0,1.6,11.0,7.47,6.0,3.61,5.6,2.06,5.71,60.0,5.0,2.0,1.82,1.85,1.8,1.73,100.0,88.24,3.0,9.13,52.94,2.6,2.86,2.18,17.0,2.0,7.6,2.08,3.0,7.0,6.27,2.0,1.0,1,0
2024-03-30,D1,14:30,Leverkusen,Hoffenheim,H,A,2023/2024,12.0,1.8,9.0,7.47,6.0,14.0,8.2,2.06,7.65,60.0,5.0,2.8,1.3,1.92,1.8,1.25,100.0,88.24,3.0,10.41,82.35,2.4,2.85,3.77,36.0,2.0,10.2,2.0,1.0,6.6,7.56,2.0,0.4,1,1
2024-04-13,D1,14:30,Mainz,Hoffenheim,H,A,2023/2024,8.0,1.6,12.0,7.47,5.0,4.4,8.0,2.06,6.82,40.0,5.0,4.6,1.58,1.89,2.4,1.53,100.0,88.24,2.0,10.54,35.29,2.6,3.32,2.49,23.0,2.2,10.2,2.03,2.0,8.0,7.22,1.0,0.4,1,1
2024-04-26,D1,19:30,Bochum,Hoffenheim,H,H,2023/2024,13.0,1.6,13.0,7.47,12.0,3.24,7.2,2.06,5.12,80.0,5.0,4.2,1.51,1.98,1.6,1.44,100.0,88.24,4.0,9.87,58.82,2.8,3.61,2.82,35.0,2.6,9.8,1.99,1.0,8.6,6.26,4.0,2.2,1,1
2024-05-12,D1,14:30,Darmstadt,Hoffenheim,A,A,2023/2024,1.0,2.2,9.0,7.47,12.0,1.63,2.4,2.06,3.76,60.0,5.0,5.6,1.34,2.01,0.4,1.29,100.0,88.24,3.0,8.47,64.71,2.4,3.59,3.51,9.0,2.6,5.0,1.89,0.0,7.0,4.88,7.0,3.8,1,0
2024-08-31,D1,14:30,Ein Frankfurt,Hoffenheim,H,H,2024/2025,7.0,1.0,10.0,6.35,10.0,5.02,1.0,1.24,5.35,100.0,1.0,4.0,1.46,1.87,3.0,1.4,100.0,58.82,1.0,9.01,70.59,3.0,4.28,2.89,17.0,4.0,5.0,2.07,3.0,1.0,4.73,3.0,1.0,1,0
2024-09-21,D1,14:30,Union Berlin,Hoffenheim,H,H,2024/2025,2.0,1.0,17.0,6.35,6.0,4.43,5.0,1.24,4.19,50.0,2.0,4.5,1.64,1.87,1.5,1.57,100.0,58.82,1.0,9.08,47.06,2.5,4.39,2.4,12.0,4.5,9.5,2.12,3.0,3.0,4.69,3.0,0.5,1,0
2024-10-06,D1,18:30,Stuttgart,Hoffenheim,D,A,2024/2025,7.0,1.0,10.0,6.35,7.0,8.55,9.0,1.24,6.12,66.67,2.0,3.67,1.3,1.9,3.0,1.29,66.67,58.82,2.0,10.54,76.47,2.0,4.15,3.83,18.0,4.67,13.67,2.02,4.0,5.33,6.39,5.0,1.67,0,1
2024-10-27,D1,18:30,Heidenheim,Hoffenheim,D,D,2024/2025,3.0,0.75,12.0,6.35,12.0,2.82,4.5,1.24,5.18,50.0,2.0,5.0,1.8,1.88,1.0,1.73,50.0,58.82,2.0,9.84,58.82,1.5,4.38,2.26,17.0,4.25,8.75,2.04,2.0,5.75,5.46,4.0,1.0,0,0
2024-11-10,D1,14:30,Augsburg,Hoffenheim,D,D,2024/2025,4.0,0.6,16.0,6.35,11.0,3.74,8.0,1.24,5.76,80.0,2.0,4.8,1.97,2.05,1.8,1.92,40.0,58.82,4.0,10.68,52.94,1.2,4.46,2.01,16.0,4.6,12.6,1.87,3.0,6.6,6.22,2.0,1.2,0,1
2024-12-01,D1,14:30,Mainz,Hoffenheim,H,H,2024/2025,8.0,0.4,13.0,6.35,10.0,3.93,6.0,1.24,5.82,20.0,1.0,3.2,1.83,2.07,1.2,1.8,20.0,58.82,1.0,10.28,35.29,1.0,4.09,2.13,18.0,4.4,10.4,1.85,3.0,8.0,6.19,2.0,1.2,0,1
2024-12-15,D1,16:30,Dortmund,Hoffenheim,D,D,2024/2025,2.0,0.4,9.0,6.35,12.0,9.0,4.6,1.24,6.41,60.0,0.0,2.6,1.49,1.97,2.0,1.44,0.0,58.82,3.0,10.19,76.47,0.8,3.86,2.78,6.0,5.2,9.8,1.95,2.0,7.6,6.33,1.0,0.8,0,1
2025-01-15,D1,19:30,Bayern Munich,Hoffenheim,H,H,2024/2025,10.0,0.2,8.0,6.35,5.0,25.84,8.8,1.24,6.71,100.0,1.0,1.2,1.29,1.95,4.0,1.25,20.0,58.82,5.0,10.6,82.35,1.6,3.62,3.92,25.0,4.4,13.2,1.95,1.0,8.2,6.98,2.0,0.6,1,1
2025-01-18,D1,14:30,Holstein Kiel,Hoffenheim,A,A,2024/2025,3.0,0.8,13.0,6.35,11.0,2.5,3.2,1.24,3.59,80.0,2.0,5.4,1.67,2.06,2.0,1.67,40.0,58.82,4.0,9.47,70.59,1.8,4.83,2.27,12.0,4.4,7.6,1.85,1.0,7.6,4.64,6.0,2.2,1,0
2025-02-02,D1,16:30,Leverkusen,Hoffenheim,H,H,2024/2025,5.0,1.0,14.0,6.35,16.0,19.21,5.8,1.24,7.65,80.0,3.0,3.8,1.39,2.07,2.8,1.25,60.0,58.82,4.0,10.83,64.71,2.4,3.83,3.83,9.0,3.8,9.6,1.85,3.0,6.2,7.0,7.0,0.8,1,0
2025-02-16,D1,14:30,Werder Bremen,Hoffenheim,A,A,2024/2025,1.0,1.6,14.0,6.35,16.0,4.2,4.6,1.24,5.12,60.0,4.0,5.0,1.62,2.0,1.8,1.57,80.0,58.82,3.0,9.8,52.94,2.2,4.36,2.43,14.0,4.0,8.6,1.92,3.0,5.8,5.44,7.0,1.8,1,0
2025-03-01,D1,14:30,Bochum,Hoffenheim,A,D,2024/2025,3.0,1.6,16.0,6.35,10.0,3.01,6.2,1.24,5.76,20.0,4.0,6.0,1.75,1.83,1.2,1.73,80.0,58.82,1.0,10.61,47.06,2.0,4.55,2.18,12.0,3.2,9.4,2.14,1.0,6.8,6.06,2.0,1.0,0,1
2025-03-14,D1,19:30,St Pauli,Hoffenheim,H,D,2024/2025,5.0,1.6,6.0,6.35,4.0,3.45,5.6,1.24,5.06,20.0,3.0,3.4,2.21,1.94,1.0,2.1,60.0,58.82,1.0,9.58,17.65,1.2,4.01,1.75,10.0,3.4,9.0,1.99,1.0,6.4,5.57,0.0,0.8,0,1
2025-04-05,D1,14:30,RB Leipzig,Hoffenheim,H,H,2024/2025,5.0,1.2,10.0,6.35,9.0,5.1,6.0,1.24,6.12,60.0,3.0,4.6,1.5,1.97,2.0,1.5,60.0,58.82,3.0,10.61,64.71,1.6,4.34,2.65,16.0,3.2,9.2,1.96,3.0,7.2,6.27,5.0,1.0,1,0
2025-04-19,D1,14:30,Freiburg,Hoffenheim,H,D,2024/2025,6.0,1.4,14.0,6.35,19.0,4.04,2.6,1.24,4.29,80.0,3.0,5.2,1.75,1.93,2.0,1.73,60.0,58.82,4.0,9.27,82.35,1.6,4.36,2.16,12.0,3.8,6.4,1.98,2.0,7.0,4.91,6.0,1.6,1,0
2025-05-03,D1,14:30,M'gladbach,Hoffenheim,D,H,2024/2025,7.0,1.6,6.0,6.35,26.0,2.94,3.8,1.24,4.94,80.0,3.0,5.6,1.41,2.02,1.4,1.36,60.0,58.82,4.0,10.0,58.82,2.2,4.66,3.11,12.0,4.4,8.2,1.88,0.0,6.6,5.34,8.0,2.4,1,1
2025-05-09,D1,19:30,Wolfsburg,Hoffenheim,D,D,2024/2025,5.0,1.8,11.0,6.35,17.0,2.54,5.2,1.24,5.06,40.0,4.0,4.8,1.53,1.87,1.0,1.5,80.0,58.82,2.0,10.01,58.82,2.6,4.52,2.61,14.0,4.6,9.8,2.06,2.0,6.0,5.49,7.0,1.6,1,1
2025-08-23,D1,14:30,Leverkusen,Hoffenheim,A,D,2025/2026,2.0,2.0,9.0,6.22,10.0,4.4,6.0,1.89,5.8,100.0,1.0,4.0,1.57,1.73,1.0,1.57,100.0,55.56,1.0,10.13,50.0,1.0,4.19,2.43,7.0,4.0,10.0,2.08,4.0,6.0,5.94,5.0,2.0,1,0
2025-09-13,D1,14:30,Union Berlin,Hoffenheim,A,A,2025/2026,7.0,3.0,13.0,6.22,9.0,2.55,7.0,1.89,5.4,100.0,2.0,6.5,1.84,1.93,2.0,1.83,100.0,55.56,2.0,10.52,80.0,1.5,4.54,1.98,20.0,3.0,10.0,1.93,1.0,7.5,5.98,8.0,2.5,1,1
2025-09-28,D1,14:30,Freiburg,Hoffenheim,D,D,2025/2026,1.0,2.33,9.0,6.22,15.0,3.2,6.0,1.89,5.22,66.67,2.0,4.67,1.85,1.88,1.67,1.85,66.67,55.56,2.0,9.88,77.78,1.33,4.15,2.01,6.0,4.67,10.67,1.98,1.0,7.0,5.73,4.0,1.67,0,1
2025-10-19,D1,16:30,St Pauli,Hoffenheim,A,D,2025/2026,2.0,2.5,10.0,6.22,14.0,2.65,7.5,1.89,6.88,100.0,3.0,2.75,1.8,2.03,1.5,1.73,75.0,55.56,4.0,10.99,75.0,1.0,4.15,2.02,10.0,5.25,12.75,1.83,3.0,7.5,6.84,5.0,2.25,1,1
2025-11-02,D1,16:30,Wolfsburg,Hoffenheim,A,D,2025/2026,6.0,2.6,10.0,6.22,10.0,2.45,4.2,1.89,4.8,60.0,4.0,7.0,1.5,2.05,1.2,1.5,80.0,55.56,3.0,10.44,70.0,1.2,5.18,2.58,12.0,4.6,8.8,1.8,2.0,6.4,5.26,4.0,2.2,1,0
2025-11-21,D1,19:30,Mainz,Hoffenheim,D,A,2025/2026,3.0,2.4,13.0,6.22,19.0,2.8,4.2,1.89,6.5,20.0,3.0,3.4,1.68,1.98,1.0,1.67,60.0,55.56,1.0,10.28,30.0,1.2,4.07,2.19,17.0,4.6,8.8,1.88,2.0,6.6,6.21,5.0,1.8,0,1
2025-12-07,D1,16:30,Dortmund,Hoffenheim,H,H,2025/2026,4.0,1.6,7.0,6.22,11.0,5.1,8.4,1.89,6.67,20.0,2.0,4.2,1.41,1.85,1.6,1.4,40.0,55.56,1.0,11.14,44.44,1.2,4.46,2.92,8.0,5.2,13.6,2.0,2.0,6.2,6.68,3.0,0.8,0,1
2025-12-20,D1,14:30,Stuttgart,Hoffenheim,D,D,2025/2026,3.0,1.4,10.0,6.22,4.0,3.7,3.8,1.89,5.11,60.0,2.0,3.2,1.57,1.83,1.2,1.57,40.0,55.56,3.0,9.6,44.44,1.0,4.27,2.55,10.0,4.0,7.8,2.03,2.0,5.8,5.33,1.0,1.6,0,0
2026-01-24,D1,14:30,Ein Frankfurt,Hoffenheim,A,H,2025/2026,3.0,1.4,8.0,6.22,10.0,2.28,5.6,1.89,5.0,40.0,2.0,4.2,1.67,2.05,1.4,1.67,40.0,55.56,2.0,9.43,55.56,1.2,4.05,2.26,9.0,3.8,9.4,1.83,4.0,5.2,5.38,5.0,1.4,1,1
2024-08-24,D1,14:30,Hoffenheim,Holstein Kiel,H,H,2024/2025,8.0,2.0,8.0,7.35,15.0,5.1,8.0,1.47,4.88,100.0,1.0,6.0,1.56,1.82,3.0,1.4,100.0,82.35,1.0,10.42,58.82,3.0,4.3,2.77,20.0,6.0,14.0,2.09,3.0,8.0,6.12,6.0,2.0,1,1
2024-09-21,D1,14:30,Bochum,Holstein Kiel,D,H,2024/2025,3.0,2.0,20.0,7.35,13.0,4.48,2.5,1.47,5.76,50.0,2.0,4.5,1.51,1.91,1.0,1.5,100.0,82.35,1.0,9.9,47.06,2.5,4.14,2.68,14.0,5.5,8.0,2.02,1.0,5.0,5.76,4.0,2.0,1,0
2024-10-05,D1,14:30,Leverkusen,Holstein Kiel,D,H,2024/2025,7.0,2.0,5.0,7.35,8.0,34.0,12.0,1.47,7.65,100.0,3.0,2.33,1.22,1.98,2.67,1.2,100.0,82.35,3.0,11.27,64.71,2.33,3.29,4.65,24.0,4.67,16.67,1.95,2.0,7.33,7.98,4.0,2.67,1,1
2024-10-26,D1,14:30,Stuttgart,Holstein Kiel,H,H,2024/2025,6.0,1.75,6.0,7.35,9.0,13.72,9.0,1.47,6.12,75.0,4.0,4.0,1.32,1.88,2.75,1.29,100.0,82.35,3.0,10.59,76.47,2.25,3.71,3.7,16.0,4.75,13.75,2.05,6.0,7.75,6.88,3.0,1.5,1,1
2024-11-09,D1,14:30,Werder Bremen,Holstein Kiel,H,H,2024/2025,5.0,1.6,10.0,7.35,12.0,5.53,4.4,1.47,5.12,60.0,5.0,4.6,1.61,1.84,0.8,1.57,100.0,82.35,3.0,9.71,52.94,2.2,3.88,2.48,16.0,4.4,8.8,2.11,2.0,7.4,5.83,5.0,1.8,1,0
2024-11-29,D1,19:30,St Pauli,Holstein Kiel,H,H,2024/2025,4.0,1.4,10.0,7.35,10.0,5.61,4.2,1.47,5.06,40.0,5.0,4.6,2.04,2.0,0.6,2.01,100.0,82.35,2.0,9.41,17.65,2.2,3.71,1.86,11.0,4.0,8.2,2.02,5.0,6.6,5.7,3.0,1.0,1,0
2024-12-14,D1,14:30,M'gladbach,Holstein Kiel,H,H,2024/2025,6.0,1.2,10.0,7.35,11.0,7.5,6.0,1.47,4.94,60.0,5.0,4.0,1.47,1.95,2.8,1.4,100.0,82.35,3.0,9.78,58.82,2.6,3.91,2.89,15.0,3.4,9.4,1.98,1.0,7.2,5.87,3.0,1.0,1,0
2025-01-11,D1,14:30,Freiburg,Holstein Kiel,H,H,2024/2025,5.0,1.2,9.0,7.35,14.0,7.59,5.8,1.47,4.29,80.0,5.0,4.2,1.59,2.02,2.4,1.5,100.0,82.35,4.0,9.1,82.35,2.8,3.7,2.57,14.0,3.0,8.8,1.88,3.0,6.2,5.4,7.0,1.2,1,0
2025-01-24,D1,19:30,Wolfsburg,Holstein Kiel,D,A,2024/2025,5.0,1.4,9.0,7.35,5.0,6.75,7.0,1.47,5.06,80.0,5.0,4.8,1.49,1.98,2.6,1.44,100.0,82.35,4.0,9.8,58.82,2.8,3.84,2.76,22.0,2.6,9.6,1.96,4.0,6.4,5.96,2.0,1.8,1,1
2025-02-01,D1,14:30,Bayern Munich,Holstein Kiel,H,H,2024/2025,12.0,1.8,7.0,7.35,10.0,65.0,9.4,1.47,6.71,100.0,5.0,1.0,1.15,2.02,4.2,1.13,100.0,82.35,5.0,10.12,82.35,3.2,2.89,5.77,29.0,2.2,11.6,1.91,1.0,7.6,7.23,6.0,1.6,1,1
2025-02-16,D1,16:30,Ein Frankfurt,Holstein Kiel,H,H,2024/2025,9.0,1.8,16.0,7.35,10.0,9.5,8.6,1.47,5.35,60.0,5.0,3.4,1.48,2.0,2.2,1.44,100.0,82.35,3.0,10.0,70.59,3.2,3.6,2.82,20.0,2.6,11.2,1.93,0.0,7.6,6.4,4.0,1.2,1,0
2025-03-02,D1,14:30,Union Berlin,Holstein Kiel,A,A,2024/2025,3.0,1.8,16.0,7.35,10.0,6.2,5.6,1.47,4.19,40.0,4.0,3.8,1.9,1.87,0.6,1.73,80.0,82.35,2.0,9.24,47.06,2.4,3.66,2.07,14.0,2.8,8.4,2.06,0.0,8.8,5.58,3.0,1.2,0,1
2025-03-16,D1,16:30,Heidenheim,Holstein Kiel,H,H,2024/2025,5.0,1.6,15.0,7.35,16.0,3.95,5.0,1.47,5.18,60.0,4.0,4.0,1.82,1.85,0.8,1.73,80.0,82.35,3.0,9.72,58.82,2.4,3.73,2.09,14.0,3.6,8.6,2.06,3.0,8.0,5.99,4.0,2.0,1,0
2025-04-05,D1,14:30,Mainz,Holstein Kiel,D,A,2024/2025,3.0,1.4,12.0,7.35,10.0,8.03,4.2,1.47,5.82,20.0,3.0,3.6,1.56,1.9,1.4,1.53,60.0,82.35,1.0,9.73,35.29,2.2,3.59,2.52,13.0,3.8,8.0,2.0,4.0,6.8,6.14,5.0,0.6,0,0
2025-04-19,D1,14:30,RB Leipzig,Holstein Kiel,D,A,2024/2025,4.0,1.0,5.0,7.35,13.0,6.92,6.8,1.47,6.12,60.0,2.0,5.2,1.48,2.02,1.8,1.44,40.0,82.35,3.0,10.59,64.71,1.6,4.09,2.84,10.0,5.0,11.8,1.92,2.0,6.2,6.5,3.0,1.2,0,1
2025-05-04,D1,14:30,Augsburg,Holstein Kiel,A,A,2024/2025,10.0,1.4,4.0,7.35,7.0,4.4,4.6,1.47,5.76,40.0,2.0,3.8,1.7,2.04,0.6,1.62,40.0,82.35,2.0,10.05,52.94,1.2,3.8,2.26,27.0,3.8,8.4,1.87,2.0,7.8,6.25,5.0,1.2,1,1
2025-05-17,D1,14:30,Dortmund,Holstein Kiel,H,H,2024/2025,6.0,1.2,12.0,7.35,4.0,21.0,7.0,1.47,6.41,80.0,3.0,2.6,1.2,1.87,2.6,1.2,60.0,82.35,4.0,9.96,76.47,1.8,3.2,4.91,19.0,3.4,10.4,2.08,1.0,7.0,6.76,2.0,0.8,1,0
2023-08-26,D1,17:30,M'gladbach,Leverkusen,A,A,2023/2024,2.0,3.0,7.0,3.82,24.0,1.86,5.0,2.47,5.71,100.0,1.0,8.0,1.63,1.91,0.0,1.62,100.0,64.71,1.0,11.38,76.47,0.0,6.28,2.4,13.0,8.0,13.0,2.0,3.0,5.0,5.1,10.0,3.0,1,1
2023-09-15,D1,19:30,Bayern Munich,Leverkusen,D,D,2023/2024,9.0,2.5,6.0,3.82,12.0,5.45,8.5,2.47,7.24,100.0,2.0,4.0,1.41,1.87,2.5,1.4,100.0,64.71,2.0,11.51,70.59,1.0,5.12,3.09,15.0,6.0,14.5,2.07,3.0,6.0,6.39,5.0,1.5,1,1
2023-09-30,D1,14:30,Mainz,Leverkusen,A,A,2023/2024,3.0,2.67,13.0,3.82,6.0,1.63,4.67,2.47,6.82,66.67,3.0,3.0,1.6,1.86,0.67,1.57,100.0,64.71,2.0,10.79,35.29,0.67,5.12,2.48,10.0,4.33,9.0,2.07,1.0,5.0,5.67,3.0,2.33,1,0
2023-10-21,D1,14:30,Wolfsburg,Leverkusen,A,D,2023/2024,7.0,2.5,15.0,3.82,13.0,1.83,3.75,2.47,4.47,50.0,4.0,5.25,1.65,1.95,1.75,1.62,100.0,64.71,2.0,9.78,64.71,0.75,5.52,2.35,18.0,4.0,7.75,1.96,5.0,4.75,4.26,6.0,0.75,1,0
2023-11-04,D1,14:30,Hoffenheim,Leverkusen,A,A,2023/2024,7.0,2.6,6.0,3.82,10.0,1.6,4.2,2.47,5.71,100.0,5.0,2.8,1.38,1.96,1.6,1.36,100.0,64.71,5.0,10.04,70.59,1.0,5.06,3.25,12.0,3.8,8.0,1.98,2.0,4.6,4.98,4.0,2.4,1,0
2023-11-25,D1,14:30,Werder Bremen,Leverkusen,A,A,2023/2024,1.0,2.6,15.0,3.82,13.0,1.5,4.0,2.47,4.12,80.0,5.0,5.6,1.46,1.95,1.6,1.4,100.0,64.71,4.0,9.73,70.59,1.0,5.73,2.92,2.0,3.4,7.4,2.0,1.0,3.8,4.0,4.0,1.8,1,0
2023-12-10,D1,14:30,Stuttgart,Leverkusen,D,H,2023/2024,12.0,2.4,8.0,3.82,20.0,2.47,6.2,2.47,5.65,60.0,4.0,4.4,1.68,2.05,2.0,1.62,80.0,64.71,3.0,10.34,76.47,0.8,5.26,2.3,22.0,4.2,10.4,1.9,1.0,4.0,5.08,6.0,1.2,0,1
2024-01-13,D1,14:30,Augsburg,Leverkusen,A,D,2023/2024,0.0,2.0,11.0,3.82,25.0,1.53,2.8,2.47,4.71,40.0,3.0,6.6,1.57,1.88,1.4,1.53,60.0,64.71,2.0,10.14,58.82,0.8,5.97,2.55,2.0,6.4,9.2,2.04,1.0,3.4,4.17,6.0,1.2,0,1
2024-01-20,D1,17:30,RB Leipzig,Leverkusen,A,H,2023/2024,6.0,2.2,11.0,3.82,18.0,2.79,7.4,2.47,6.76,80.0,3.0,4.2,1.59,2.08,2.0,1.53,60.0,64.71,4.0,11.23,58.82,1.0,5.54,2.51,11.0,7.6,15.0,1.87,3.0,2.8,5.69,5.0,1.4,1,0
2024-02-03,D1,14:30,Darmstadt,Leverkusen,A,A,2023/2024,6.0,2.0,14.0,3.82,18.0,1.34,3.8,2.47,3.76,40.0,2.0,4.2,1.64,2.05,0.4,1.57,40.0,64.71,2.0,9.38,64.71,0.6,5.7,2.38,8.0,7.6,11.4,1.89,2.0,2.8,3.68,7.0,1.8,0,0
2024-02-17,D1,14:30,Heidenheim,Leverkusen,A,A,2023/2024,3.0,1.8,15.0,3.82,17.0,1.41,5.4,2.47,6.24,60.0,2.0,4.0,1.6,1.95,1.6,1.57,40.0,64.71,3.0,11.03,58.82,0.8,5.76,2.48,6.0,7.4,12.8,1.98,1.0,3.4,5.27,4.0,1.4,1,0
2024-03-03,D1,14:30,FC Koln,Leverkusen,A,A,2023/2024,0.0,2.0,10.0,3.82,17.0,1.38,7.0,2.47,6.65,20.0,2.0,5.8,1.67,1.86,0.6,1.62,40.0,64.71,1.0,11.52,41.18,0.6,6.01,2.34,6.0,7.6,14.6,2.09,2.0,2.0,5.51,6.0,1.6,0,0
2024-03-17,D1,14:30,Freiburg,Leverkusen,A,A,2023/2024,3.0,2.4,13.0,3.82,18.0,1.54,2.8,2.47,4.41,100.0,3.0,4.6,1.7,1.99,2.2,1.62,60.0,64.71,5.0,9.47,58.82,1.0,5.57,2.28,9.0,6.8,9.6,1.96,0.0,2.4,3.9,7.0,2.6,1,0
2024-04-06,D1,14:30,Union Berlin,Leverkusen,A,A,2023/2024,1.0,2.0,10.0,3.82,19.0,1.7,5.8,2.47,5.29,40.0,2.0,6.4,2.13,1.98,1.0,2.0,40.0,64.71,2.0,10.78,58.82,0.6,5.98,1.84,8.0,7.0,12.8,1.96,2.0,3.6,4.8,8.0,1.2,0,1
2024-04-21,D1,16:30,Dortmund,Leverkusen,D,D,2023/2024,2.0,1.8,14.0,3.82,13.0,2.67,6.6,2.47,6.0,60.0,2.0,3.6,1.78,1.95,1.8,1.73,40.0,64.71,3.0,10.81,64.71,0.8,5.57,2.2,9.0,7.6,14.2,2.0,3.0,3.2,5.24,5.0,1.2,0,0
2024-05-05,D1,16:30,Ein Frankfurt,Leverkusen,A,A,2023/2024,5.0,2.4,10.0,3.82,10.0,2.45,7.2,2.47,5.71,60.0,2.0,2.6,1.8,1.95,1.6,1.73,40.0,64.71,3.0,10.49,52.94,0.8,5.23,2.12,16.0,7.6,14.8,1.99,0.0,4.4,5.26,6.0,1.6,1,1
2024-05-12,D1,18:30,Bochum,Leverkusen,A,A,2023/2024,0.0,3.0,5.0,3.82,28.0,1.8,7.2,2.47,5.12,80.0,3.0,4.4,1.62,1.91,1.4,1.57,60.0,64.71,4.0,10.77,58.82,0.8,5.82,2.44,2.0,7.0,14.2,2.01,1.0,4.6,4.95,10.0,2.4,1,0
2024-08-23,D1,19:30,M'gladbach,Leverkusen,A,A,2024/2025,7.0,3.0,11.0,4.06,25.0,1.67,2.0,2.12,4.94,100.0,1.0,4.0,1.48,1.92,2.0,1.44,100.0,58.82,1.0,8.98,58.82,2.0,4.85,2.8,14.0,4.0,6.0,2.01,0.0,2.0,4.13,9.0,3.0,1,0
2024-09-14,D1,14:30,Hoffenheim,Leverkusen,A,A,2024/2025,5.0,3.5,9.0,4.06,20.0,1.46,6.0,2.12,4.88,100.0,2.0,9.0,1.35,2.01,2.0,1.33,100.0,58.82,2.0,10.27,58.82,1.5,5.67,3.4,14.0,8.0,14.0,1.9,2.0,3.0,4.6,8.0,3.0,1,1
2024-09-28,D1,17:30,Bayern Munich,Leverkusen,D,D,2024/2025,3.0,2.67,11.0,4.06,3.0,5.5,4.0,2.12,6.71,0.0,2.0,2.5,1.36,1.19,1.5,1.33,66.67,58.82,0.0,9.77,82.35,1.33,4.26,3.3,18.0,5.67,9.67,5.2,3.0,4.0,5.51,3.0,0.5,0,0
2024-10-26,D1,17:30,Werder Bremen,Leverkusen,D,A,2024/2025,8.0,2.5,9.0,4.06,15.0,1.49,4.0,2.12,5.12,50.0,3.0,5.0,1.46,2.06,0.5,1.4,75.0,58.82,2.0,9.52,52.94,1.5,4.91,2.97,13.0,5.5,9.5,1.85,1.0,3.75,4.61,6.0,2.0,1,0
2024-11-09,D1,14:30,Bochum,Leverkusen,D,A,2024/2025,3.0,2.2,10.0,4.06,11.0,1.29,4.0,2.12,5.76,60.0,3.0,4.8,1.37,1.86,0.8,1.36,60.0,58.82,3.0,10.02,47.06,1.4,5.02,3.24,15.0,5.2,9.2,2.09,1.0,4.2,5.0,3.0,2.6,0,0
2024-11-30,D1,14:30,Union Berlin,Leverkusen,A,D,2024/2025,2.0,2.0,18.0,4.06,8.0,1.95,3.4,2.12,4.19,60.0,3.0,3.4,2.2,2.0,1.2,2.1,60.0,58.82,3.0,8.78,47.06,1.2,4.72,1.73,8.0,5.0,8.4,1.91,2.0,4.0,4.06,3.0,1.0,1,0
2024-12-14,D1,14:30,Augsburg,Leverkusen,A,A,2024/2025,4.0,1.6,12.0,4.06,14.0,1.62,5.8,2.12,5.76,40.0,2.0,5.2,2.0,2.03,1.0,1.98,40.0,58.82,2.0,10.04,52.94,1.0,4.88,1.97,8.0,4.4,10.2,1.9,0.0,4.0,5.16,3.0,0.8,0,1
2025-01-10,D1,19:30,Dortmund,Leverkusen,A,A,2024/2025,5.0,2.0,8.0,4.06,7.0,2.12,4.4,2.12,6.41,60.0,3.0,2.6,1.56,2.08,2.0,1.53,60.0,58.82,3.0,9.55,76.47,1.2,4.17,2.56,12.0,4.4,8.8,1.81,2.0,4.0,5.38,5.0,1.2,1,0
2025-01-25,D1,14:30,RB Leipzig,Leverkusen,D,A,2024/2025,4.0,2.0,12.0,4.06,13.0,2.16,6.4,2.12,6.12,80.0,3.0,3.6,1.87,1.94,1.8,1.85,60.0,58.82,4.0,10.21,64.71,1.2,4.71,2.05,8.0,4.0,10.4,1.99,0.0,4.8,5.5,7.0,2.0,1,0
2025-02-08,D1,14:30,Wolfsburg,Leverkusen,D,D,2024/2025,8.0,1.8,7.0,4.06,15.0,2.23,6.0,2.12,5.06,80.0,3.0,5.6,1.88,1.84,2.4,1.8,60.0,58.82,4.0,9.85,58.82,1.0,5.03,2.03,13.0,5.0,11.0,2.08,3.0,4.2,4.82,1.0,1.8,0,1
2025-02-22,D1,14:30,Holstein Kiel,Leverkusen,A,A,2024/2025,3.0,1.8,11.0,4.06,18.0,1.23,3.2,2.12,3.59,80.0,2.0,7.2,1.53,1.9,2.4,1.5,40.0,58.82,4.0,9.43,70.59,0.8,5.62,2.67,4.0,6.6,9.8,2.05,1.0,5.0,3.81,8.0,2.0,0,1
2025-03-01,D1,17:30,Ein Frankfurt,Leverkusen,A,A,2024/2025,3.0,2.2,9.0,4.06,20.0,1.89,5.6,2.12,5.35,60.0,3.0,4.2,1.64,2.0,2.2,1.53,60.0,58.82,3.0,9.87,70.59,1.0,4.89,2.45,7.0,6.0,11.6,1.93,1.0,4.6,4.98,9.0,1.4,1,0
2025-03-16,D1,18:30,Stuttgart,Leverkusen,A,H,2024/2025,6.0,2.4,13.0,4.06,16.0,2.35,3.6,2.12,6.12,100.0,3.0,4.4,1.88,2.01,2.0,1.86,60.0,58.82,5.0,10.03,76.47,1.2,4.93,2.0,11.0,7.8,11.4,1.9,2.0,3.6,5.1,4.0,2.2,1,1
2025-04-05,D1,14:30,Heidenheim,Leverkusen,A,D,2024/2025,2.0,2.2,14.0,4.06,6.0,1.53,5.0,2.12,5.18,60.0,2.0,3.2,1.82,2.0,0.8,1.73,40.0,58.82,3.0,9.54,58.82,0.8,4.88,2.16,10.0,7.2,12.2,1.91,0.0,3.0,4.66,2.0,1.8,0,0
2025-04-20,D1,18:30,St Pauli,Leverkusen,D,A,2024/2025,5.0,2.4,12.0,4.06,6.0,1.73,7.0,2.12,5.06,0.0,2.0,3.0,1.91,1.89,0.6,1.88,40.0,58.82,0.0,9.46,17.65,1.0,4.64,1.96,10.0,6.2,13.2,2.03,4.0,3.2,4.82,4.0,1.0,0,0
2025-05-04,D1,16:30,Freiburg,Leverkusen,D,H,2024/2025,4.0,2.4,10.0,4.06,5.0,2.31,2.8,2.12,4.29,80.0,3.0,4.0,1.7,1.99,1.4,1.62,60.0,58.82,4.0,8.63,82.35,1.4,4.68,2.3,8.0,4.2,7.0,1.91,2.0,3.0,3.95,2.0,2.0,1,0
2025-05-17,D1,14:30,Mainz,Leverkusen,D,H,2024/2025,6.0,2.0,14.0,4.06,7.0,2.97,5.4,2.12,5.82,60.0,3.0,3.4,1.5,1.95,1.6,1.44,60.0,58.82,3.0,9.58,35.29,1.6,4.42,2.71,20.0,3.6,9.0,1.95,6.0,4.0,5.16,4.0,1.6,1,0
2025-08-30,D1,14:30,Werder Bremen,Leverkusen,D,A,2025/2026,5.0,3.0,11.0,5.88,10.0,1.95,3.0,1.88,4.38,100.0,1.0,7.0,1.48,1.93,3.0,1.44,100.0,75.0,1.0,9.2,62.5,3.0,4.72,2.68,12.0,7.0,10.0,1.93,3.0,3.0,4.48,4.0,3.0,1,0
2025-09-27,D1,14:30,St Pauli,Leverkusen,A,D,2025/2026,6.0,2.5,13.0,5.88,5.0,2.38,7.0,1.88,6.88,100.0,2.0,1.33,1.85,1.93,2.0,1.85,100.0,75.0,3.0,10.66,75.0,2.0,3.91,1.95,13.0,4.0,11.0,1.93,5.0,8.0,6.75,4.0,2.0,1,1
2025-10-18,D1,14:30,Mainz,Leverkusen,A,A,2025/2026,4.0,3.0,20.0,5.88,20.0,2.8,5.0,1.88,6.5,25.0,3.0,4.0,1.66,1.8,0.75,1.62,100.0,75.0,1.0,10.21,30.0,2.33,4.07,2.2,12.0,3.67,8.67,2.05,4.0,6.0,6.14,8.0,2.0,1,0
2025-11-01,D1,17:30,Bayern Munich,Leverkusen,H,H,2025/2026,4.0,2.25,11.0,5.88,7.0,10.0,6.2,1.88,6.6,100.0,4.0,4.2,1.4,1.9,4.0,1.36,100.0,75.0,5.0,10.52,100.0,2.5,4.1,3.07,18.0,3.75,9.95,1.95,1.0,7.0,6.42,1.0,0.2,1,1
2025-11-22,D1,14:30,Wolfsburg,Leverkusen,A,A,2025/2026,10.0,2.4,12.0,5.88,7.0,2.05,5.4,1.88,4.8,80.0,5.0,5.2,1.53,2.0,1.2,1.5,100.0,75.0,4.0,10.28,70.0,2.2,4.89,2.51,21.0,3.2,8.6,1.85,1.0,7.4,5.39,3.0,2.6,1,0
2025-12-06,D1,14:30,Augsburg,Leverkusen,H,H,2025/2026,6.0,1.8,12.0,5.88,20.0,2.15,5.0,1.88,5.6,40.0,4.0,4.2,1.68,1.9,1.2,1.67,80.0,75.0,2.0,10.35,50.0,2.0,4.52,2.18,13.0,3.2,8.2,1.98,3.0,7.8,5.83,2.0,1.6,0,1
2025-12-20,D1,17:30,RB Leipzig,Leverkusen,A,A,2025/2026,7.0,2.0,10.0,5.88,15.0,3.33,5.4,1.88,5.78,80.0,4.0,5.0,1.5,2.0,2.8,1.5,80.0,75.0,4.0,10.41,66.67,2.0,4.66,2.65,19.0,4.6,10.0,1.85,2.0,5.6,5.75,8.0,1.0,1,0
2026-01-17,D1,14:30,Hoffenheim,Leverkusen,H,H,2025/2026,8.0,1.2,17.0,5.88,8.0,2.88,4.8,1.88,5.67,80.0,3.0,3.4,1.52,2.05,3.2,1.5,60.0,75.0,4.0,10.02,77.78,1.6,4.37,2.59,19.0,5.0,9.8,1.83,1.0,5.8,5.65,2.0,0.6,0,0
2023-08-19,D1,14:30,Augsburg,M'gladbach,D,D,2023/2024,8.0,4.0,9.0,7.24,9.0,2.51,8.0,1.71,4.71,100.0,1.0,7.0,1.67,1.87,4.0,1.62,100.0,76.47,1.0,11.13,58.82,4.0,5.13,2.31,20.0,7.0,15.0,2.07,2.0,8.0,6.0,6.0,4.0,1,1
2023-09-17,D1,16:30,Darmstadt,M'gladbach,D,H,2023/2024,8.0,3.5,12.0,7.24,21.0,3.0,4.5,1.71,3.76,100.0,2.0,5.5,1.72,2.03,2.0,1.62,100.0,76.47,2.0,9.81,64.71,3.5,4.78,2.24,15.0,6.5,11.0,1.89,1.0,7.0,5.03,10.0,3.5,1,1
2023-09-30,D1,14:30,Bochum,M'gladbach,A,A,2023/2024,5.0,3.33,12.0,7.24,25.0,3.19,6.0,1.71,5.12,33.33,3.0,5.33,1.66,1.84,1.0,1.62,100.0,76.47,1.0,10.9,58.82,2.67,5.04,2.33,23.0,7.67,13.67,2.12,3.0,6.33,5.86,9.0,1.67,1,1
2023-10-22,D1,14:30,FC Koln,M'gladbach,H,H,2023/2024,8.0,2.75,13.0,7.24,5.0,3.07,8.75,1.71,6.65,75.0,4.0,3.0,1.7,1.83,1.25,1.62,100.0,76.47,3.0,11.7,41.18,2.75,4.68,2.27,21.0,6.5,15.25,2.07,2.0,6.75,7.02,2.0,2.0,1,1
2023-11-04,D1,14:30,Freiburg,M'gladbach,D,A,2023/2024,8.0,2.8,7.0,7.24,10.0,3.76,5.2,1.71,4.41,60.0,5.0,4.0,1.68,2.08,2.0,1.67,100.0,76.47,3.0,9.91,58.82,2.8,4.45,2.31,15.0,5.6,10.8,1.85,2.0,7.0,5.46,5.0,1.6,1,0
2023-11-25,D1,14:30,Dortmund,M'gladbach,H,H,2023/2024,13.0,2.4,11.0,7.24,10.0,6.25,5.4,1.71,6.0,60.0,5.0,3.8,1.36,1.95,2.0,1.33,100.0,76.47,3.0,10.68,64.71,2.8,4.39,3.35,20.0,5.0,10.4,1.98,2.0,6.4,6.29,3.0,1.6,1,0
2023-12-09,D1,14:30,Union Berlin,M'gladbach,H,H,2023/2024,6.0,2.0,9.0,7.24,13.0,3.77,6.6,1.71,5.29,60.0,5.0,4.0,1.93,2.04,0.8,1.93,100.0,76.47,3.0,10.64,58.82,2.8,4.62,1.97,16.0,5.2,11.8,1.91,3.0,6.4,6.02,4.0,2.0,1,1
2023-12-20,D1,19:30,Ein Frankfurt,M'gladbach,H,A,2023/2024,7.0,1.6,11.0,7.24,7.0,4.81,3.2,1.71,5.71,80.0,5.0,4.6,1.67,2.03,2.6,1.62,100.0,76.47,4.0,10.06,52.94,3.0,4.09,2.34,15.0,3.6,6.8,1.88,6.0,7.0,5.97,2.0,1.4,1,0
2024-01-27,D1,17:30,Leverkusen,M'gladbach,D,D,2023/2024,8.0,1.4,15.0,7.24,4.0,13.31,8.6,1.71,7.65,60.0,4.0,2.4,1.33,1.91,2.4,1.29,80.0,76.47,3.0,11.34,82.35,2.4,3.76,3.66,28.0,3.4,12.0,2.03,1.0,7.0,7.58,3.0,0.2,0,0
2024-02-03,D1,14:30,Bayern Munich,M'gladbach,H,D,2023/2024,6.0,1.0,11.0,7.24,11.0,21.0,9.0,1.71,7.24,60.0,4.0,2.4,1.22,1.86,2.0,1.17,80.0,76.47,3.0,11.17,70.59,2.4,3.82,4.79,21.0,4.0,13.0,2.11,1.0,6.6,7.35,4.0,0.4,1,1
2024-02-17,D1,17:30,RB Leipzig,M'gladbach,H,H,2023/2024,9.0,0.6,12.0,7.24,13.0,9.5,7.6,1.71,6.76,40.0,3.0,4.6,1.45,1.89,1.8,1.4,60.0,76.47,2.0,11.29,58.82,2.0,4.28,2.97,16.0,4.0,11.6,2.03,5.0,7.2,7.01,0.0,1.0,0,1
2024-03-02,D1,14:30,Mainz,M'gladbach,D,H,2023/2024,5.0,0.6,12.0,7.24,14.0,4.3,9.0,1.71,6.82,0.0,2.0,4.0,1.97,1.91,0.8,1.95,40.0,76.47,0.0,11.53,35.29,1.6,4.23,1.96,21.0,3.8,12.8,2.0,1.0,8.4,7.3,5.0,0.8,0,1
2024-03-16,D1,14:30,Heidenheim,M'gladbach,D,A,2023/2024,5.0,0.6,16.0,7.24,6.0,2.72,5.8,1.71,6.24,40.0,1.0,4.0,1.72,2.11,0.8,1.67,20.0,76.47,2.0,11.2,58.82,1.4,4.5,2.23,16.0,4.2,10.0,1.88,3.0,8.8,6.7,2.0,1.2,0,1
2024-04-07,D1,16:30,Wolfsburg,M'gladbach,A,H,2023/2024,4.0,1.2,9.0,7.24,10.0,3.85,5.8,1.71,4.47,80.0,2.0,3.8,1.71,2.01,1.4,1.67,40.0,76.47,4.0,10.14,64.71,1.6,4.49,2.27,13.0,4.6,10.4,1.94,2.0,8.0,5.65,6.0,2.4,1,0
2024-04-20,D1,14:30,Hoffenheim,M'gladbach,H,D,2023/2024,9.0,1.6,6.0,7.24,13.0,3.05,6.2,1.71,5.71,80.0,2.0,4.4,1.53,2.0,1.8,1.5,40.0,76.47,4.0,10.73,70.59,1.8,4.36,2.69,27.0,4.6,10.8,1.92,3.0,8.0,6.37,7.0,1.8,1,1
2024-05-04,D1,14:30,Werder Bremen,M'gladbach,D,D,2023/2024,6.0,2.0,6.0,7.24,17.0,3.4,5.0,1.71,4.12,60.0,3.0,5.0,1.6,1.88,1.2,1.57,60.0,76.47,3.0,10.17,70.59,1.8,4.81,2.41,17.0,4.2,9.2,2.05,0.0,7.8,5.36,7.0,1.6,1,0
2024-05-18,D1,14:30,Stuttgart,M'gladbach,H,H,2023/2024,11.0,1.8,4.0,7.24,13.0,13.0,5.0,1.71,5.65,80.0,4.0,4.0,1.25,2.01,3.0,1.25,80.0,76.47,4.0,10.36,76.47,2.4,4.24,4.32,21.0,3.8,8.8,1.91,2.0,7.0,6.12,5.0,0.8,1,1
2024-08-31,D1,14:30,Bochum,M'gladbach,A,D,2024/2025,4.0,2.0,9.0,5.53,15.0,2.38,3.0,1.53,5.76,0.0,0.0,4.0,1.53,1.92,0.0,1.5,0.0,64.71,0.0,9.58,47.06,0.0,4.43,2.62,16.0,4.0,7.0,2.01,0.0,3.0,5.15,6.0,2.0,0,0
2024-09-21,D1,17:30,Ein Frankfurt,M'gladbach,H,H,2024/2025,4.0,1.0,10.0,5.53,22.0,4.43,4.5,1.53,5.35,50.0,0.0,4.5,1.46,1.91,2.5,1.44,0.0,64.71,1.0,9.7,70.59,1.0,4.38,2.84,14.0,4.5,9.0,2.02,1.0,5.5,5.32,7.0,0.5,0,1
2024-10-04,D1,19:30,Augsburg,M'gladbach,H,H,2024/2025,5.0,1.0,13.0,5.53,11.0,2.93,7.75,1.53,5.76,100.0,1.0,3.75,1.6,2.08,2.25,1.57,33.33,64.71,4.0,10.26,52.94,1.33,4.37,2.47,13.0,4.67,12.42,1.9,4.0,5.67,5.89,5.0,1.75,1,1
2024-10-25,D1,19:30,Mainz,M'gladbach,D,D,2024/2025,6.0,1.0,16.0,5.53,9.0,3.23,6.4,1.53,5.82,20.0,1.0,5.2,1.63,1.84,0.6,1.57,25.0,64.71,1.0,10.0,35.29,1.25,4.3,2.43,23.0,4.5,10.9,2.11,2.0,4.75,5.7,5.0,1.6,0,0
2024-11-09,D1,17:30,RB Leipzig,M'gladbach,D,D,2024/2025,4.0,0.8,14.0,5.53,14.0,5.3,6.8,1.53,6.12,40.0,1.0,4.0,1.5,1.95,1.6,1.44,20.0,64.71,2.0,10.37,64.71,1.0,4.4,2.83,11.0,4.4,11.2,1.96,2.0,5.4,5.97,4.0,0.2,0,1
2024-11-30,D1,14:30,Freiburg,M'gladbach,H,H,2024/2025,7.0,0.6,5.0,5.53,15.0,3.93,5.2,1.53,4.29,80.0,2.0,4.4,1.72,1.88,1.6,1.67,40.0,64.71,4.0,9.2,82.35,1.6,4.38,2.25,17.0,4.8,10.0,2.02,1.0,5.6,4.82,4.0,1.2,1,0
2024-12-21,D1,14:30,Hoffenheim,M'gladbach,A,A,2024/2025,8.0,1.0,14.0,5.53,5.0,3.14,5.8,1.53,4.88,60.0,3.0,2.4,1.62,1.82,1.8,1.57,60.0,64.71,3.0,9.49,58.82,1.4,4.28,2.38,18.0,4.6,10.4,2.1,0.0,5.6,5.21,3.0,1.8,1,1
2025-01-14,D1,19:30,Wolfsburg,M'gladbach,H,H,2024/2025,5.0,1.0,10.0,5.53,9.0,4.2,6.6,1.53,5.06,60.0,3.0,4.4,1.69,1.95,2.4,1.67,60.0,64.71,3.0,9.87,58.82,2.0,4.52,2.27,16.0,5.0,11.6,1.98,0.0,5.2,5.35,5.0,1.6,1,1
2025-01-18,D1,17:30,Leverkusen,M'gladbach,H,H,2024/2025,5.0,1.0,12.0,5.53,7.0,11.6,6.4,1.53,7.65,80.0,4.0,3.2,1.47,1.95,3.2,1.44,80.0,64.71,4.0,10.78,64.71,2.4,3.93,2.82,10.0,5.4,11.8,1.96,2.0,6.2,6.85,4.0,1.0,1,1
2025-02-01,D1,14:30,Stuttgart,M'gladbach,A,A,2024/2025,3.0,1.4,11.0,5.53,12.0,5.06,4.2,1.53,6.12,80.0,5.0,1.6,1.51,1.95,2.0,1.5,100.0,64.71,4.0,9.61,76.47,2.6,3.94,2.64,10.0,4.6,8.8,1.95,2.0,5.0,5.67,6.0,1.2,1,0
2025-02-15,D1,14:30,Union Berlin,M'gladbach,A,A,2024/2025,3.0,1.6,9.0,5.53,9.0,3.48,4.25,1.53,4.19,40.0,5.0,4.0,1.82,1.92,0.6,1.68,100.0,64.71,2.0,8.94,47.06,2.2,4.33,2.11,18.0,4.4,8.65,1.99,1.0,5.0,4.61,5.0,1.4,1,0
2025-03-01,D1,14:30,Heidenheim,M'gladbach,A,A,2024/2025,5.0,1.8,9.0,5.53,13.0,2.7,5.4,1.53,5.18,40.0,5.0,3.8,1.78,2.03,0.6,1.73,100.0,64.71,2.0,9.46,58.82,2.0,4.23,2.17,20.0,4.0,9.4,1.91,3.0,4.6,5.23,5.0,1.8,1,0
2025-03-15,D1,14:30,Werder Bremen,M'gladbach,A,D,2024/2025,2.0,2.4,10.0,5.53,13.0,3.3,5.4,1.53,5.12,60.0,5.0,3.4,1.62,1.81,1.0,1.57,100.0,64.71,3.0,9.28,52.94,1.4,4.08,2.43,23.0,2.8,8.2,2.12,2.0,4.6,5.2,7.0,2.2,1,0
2025-04-06,D1,14:30,St Pauli,M'gladbach,D,A,2024/2025,9.0,2.4,6.0,5.53,5.0,3.24,6.8,1.53,5.06,0.0,4.0,2.4,1.89,2.08,0.6,1.8,80.0,64.71,0.0,9.16,17.65,1.0,3.77,2.01,26.0,2.0,8.8,1.86,2.0,5.4,5.39,3.0,1.0,0,1
2025-04-20,D1,16:30,Dortmund,M'gladbach,H,H,2024/2025,6.0,2.4,13.0,5.53,6.0,7.62,7.6,1.53,6.41,80.0,4.0,3.2,1.33,2.03,2.6,1.29,80.0,64.71,4.0,9.93,76.47,1.4,3.64,3.62,14.0,2.4,10.0,1.88,2.0,6.2,6.29,3.0,1.2,1,0
2025-04-26,D1,14:30,Holstein Kiel,M'gladbach,H,H,2024/2025,11.0,2.6,13.0,5.53,16.0,2.72,4.2,1.53,3.59,80.0,4.0,5.4,1.53,1.91,1.4,1.44,80.0,64.71,4.0,9.15,70.59,2.0,4.69,2.66,22.0,3.0,7.2,2.0,1.0,6.8,4.46,7.0,2.4,1,1
2025-05-10,D1,17:30,Bayern Munich,M'gladbach,H,H,2024/2025,9.0,2.0,3.0,5.53,16.0,19.0,5.6,1.53,6.71,80.0,3.0,5.0,1.16,2.03,2.4,1.14,60.0,64.71,4.0,10.27,82.35,2.4,4.0,5.51,24.0,4.4,10.0,1.87,1.0,6.4,6.27,6.0,1.4,0,1
2025-08-30,D1,14:30,Stuttgart,M'gladbach,H,D,2025/2026,5.0,0.0,5.0,5.44,15.0,5.0,6.0,1.22,5.11,0.0,0.0,10.0,1.35,1.88,1.0,1.33,0.0,44.44,0.0,11.11,44.44,1.0,5.74,3.16,13.0,10.0,16.0,1.98,1.0,6.0,5.37,6.0,0.0,0,1
2025-09-21,D1,16:30,Leverkusen,M'gladbach,D,D,2025/2026,9.0,0.5,12.0,5.44,13.0,6.25,4.33,1.22,5.8,66.67,0.0,5.33,1.62,1.93,1.67,1.57,0.0,44.44,2.0,10.24,50.0,1.0,4.81,2.36,13.0,7.0,11.33,1.93,5.0,4.5,5.43,7.0,1.33,0,0
2025-10-17,D1,19:30,Union Berlin,M'gladbach,H,H,2025/2026,5.0,0.67,21.0,5.44,8.0,3.4,6.25,1.22,5.4,75.0,1.0,5.5,2.05,1.93,1.75,2.05,33.33,44.44,3.0,10.46,80.0,1.67,5.0,1.86,16.0,6.67,12.92,1.93,3.0,5.0,5.46,2.0,1.5,1,1
2025-11-01,D1,14:30,St Pauli,M'gladbach,A,A,2025/2026,4.0,1.5,11.0,5.44,15.0,3.2,7.6,1.22,6.88,100.0,2.0,2.4,1.85,1.98,1.2,1.83,50.0,44.44,5.0,10.78,75.0,1.25,4.3,1.96,16.0,5.25,12.85,1.88,0.0,5.75,6.48,11.0,2.6,1,0
2025-11-22,D1,14:30,Heidenheim,M'gladbach,A,A,2025/2026,2.0,1.8,13.0,5.44,16.0,2.15,5.2,1.22,4.5,60.0,3.0,4.2,1.68,1.9,1.0,1.67,60.0,44.44,3.0,9.52,80.0,1.0,4.62,2.18,7.0,5.2,10.4,2.0,0.0,5.4,4.9,4.0,1.8,1,0
2025-12-05,D1,19:30,Mainz,M'gladbach,A,D,2025/2026,2.0,2.0,12.0,5.44,14.0,2.6,5.2,1.22,6.5,20.0,3.0,3.6,1.75,1.93,1.0,1.73,60.0,44.44,1.0,10.29,30.0,0.8,4.25,2.09,8.0,4.4,9.6,1.93,1.0,5.8,6.04,5.0,1.8,0,1
2025-12-19,D1,19:30,Dortmund,M'gladbach,H,H,2025/2026,4.0,1.8,15.0,5.44,6.0,6.33,7.8,1.22,6.67,20.0,3.0,4.4,1.5,1.98,1.8,1.5,60.0,44.44,1.0,11.04,44.44,1.0,4.59,2.59,10.0,4.4,12.2,1.9,1.0,6.4,6.45,1.0,0.8,0,0
2026-01-14,D1,19:30,Hoffenheim,M'gladbach,H,H,2025/2026,10.0,1.8,16.0,5.44,7.0,3.8,5.6,1.22,5.67,100.0,3.0,3.4,1.62,2.0,3.6,1.62,60.0,44.44,5.0,10.06,77.78,1.4,4.38,2.36,18.0,3.6,9.2,1.85,1.0,6.4,5.68,5.0,0.8,1,0
2026-01-17,D1,14:30,Hamburg,M'gladbach,D,D,2025/2026,12.0,1.0,16.0,5.44,6.0,2.9,3.6,1.22,3.67,40.0,2.0,5.0,1.77,2.05,1.4,1.73,40.0,44.44,2.0,9.13,44.44,1.4,4.87,2.08,25.0,4.4,8.0,1.83,2.0,5.2,4.26,0.0,1.0,0,0
2023-08-20,D1,14:30,Union Berlin,Mainz,H,H,2023/2024,7.0,1.0,15.0,4.53,9.0,3.93,3.0,0.94,5.29,100.0,1.0,1.0,2.31,1.88,4.0,2.2,100.0,52.94,1.0,8.11,58.82,4.0,3.47,1.7,12.0,1.0,4.0,2.05,5.0,3.0,4.64,3.0,1.0,1,0
2023-09-02,D1,14:30,Werder Bremen,Mainz,H,H,2023/2024,6.0,0.5,18.0,4.53,12.0,2.7,0.5,0.94,4.12,100.0,2.0,6.5,1.92,1.91,2.0,1.8,100.0,52.94,2.0,8.17,70.59,4.0,4.52,2.02,12.0,4.0,4.5,2.02,2.0,2.0,3.65,3.0,2.0,1,0
2023-09-23,D1,14:30,Augsburg,Mainz,H,H,2023/2024,3.0,0.67,16.0,4.53,13.0,2.88,4.67,0.94,4.71,100.0,3.0,5.33,1.96,1.99,2.67,1.89,100.0,52.94,3.0,8.66,58.82,3.33,4.24,2.01,6.0,4.0,8.67,1.94,3.0,2.33,4.42,3.0,2.33,1,0
2023-10-06,D1,19:30,M'gladbach,Mainz,D,D,2023/2024,9.0,1.0,9.0,4.53,13.0,3.69,6.75,0.94,5.71,75.0,4.0,8.0,1.65,1.84,0.75,1.62,100.0,52.94,3.0,9.86,76.47,3.0,4.49,2.35,20.0,3.75,10.5,2.1,1.0,4.25,5.37,7.0,2.0,1,1
2023-10-27,D1,19:30,Bochum,Mainz,D,H,2023/2024,4.0,1.2,14.0,4.53,10.0,2.65,5.75,0.94,5.12,50.0,5.0,5.0,1.8,1.89,1.25,1.8,100.0,52.94,2.0,9.16,58.82,2.8,4.2,2.13,10.0,3.8,9.55,2.05,3.0,4.4,4.96,4.0,1.75,1,0
2023-11-11,D1,14:30,Darmstadt,Mainz,D,D,2023/2024,3.0,1.0,20.0,4.53,9.0,2.38,5.0,0.94,3.76,80.0,4.0,3.4,1.93,2.0,1.8,1.9,80.0,52.94,4.0,8.04,64.71,2.0,3.96,1.99,9.0,4.6,9.6,1.9,3.0,3.8,4.08,0.0,2.0,0,0
2023-11-26,D1,16:30,Hoffenheim,Mainz,D,A,2023/2024,6.0,1.2,9.0,4.53,15.0,4.2,4.2,0.94,5.71,80.0,3.0,3.4,1.63,2.07,1.6,1.53,60.0,52.94,4.0,8.93,70.59,1.4,3.8,2.43,15.0,4.2,8.4,1.87,4.0,4.4,5.13,6.0,2.2,0,0
2023-12-10,D1,16:30,FC Koln,Mainz,D,D,2023/2024,3.0,1.0,10.0,4.53,13.0,3.1,6.0,0.94,6.65,20.0,2.0,5.6,1.9,1.8,0.8,1.89,40.0,52.94,1.0,10.13,41.18,1.0,4.34,1.98,7.0,4.8,10.8,2.14,4.0,4.0,5.79,5.0,1.0,0,0
2023-12-19,D1,19:30,Dortmund,Mainz,D,D,2023/2024,8.0,0.8,11.0,4.53,11.0,6.3,6.0,0.94,6.0,60.0,1.0,3.4,1.5,2.03,1.6,1.44,20.0,52.94,3.0,9.21,64.71,0.8,3.86,2.77,21.0,4.4,10.4,1.92,4.0,3.2,5.35,6.0,2.0,0,0
2024-01-26,D1,19:30,Ein Frankfurt,Mainz,H,D,2023/2024,4.0,0.4,10.0,4.53,7.0,4.0,3.0,0.94,5.71,80.0,0.0,3.6,2.28,2.03,2.4,2.15,0.0,52.94,4.0,8.42,52.94,0.6,3.59,1.75,13.0,3.8,6.8,1.89,1.0,2.6,4.83,0.0,1.4,0,0
2024-02-11,D1,14:30,Stuttgart,Mainz,H,H,2023/2024,7.0,0.6,7.0,4.53,16.0,7.26,6.2,0.94,5.65,60.0,1.0,5.4,1.78,1.93,2.8,1.73,20.0,52.94,3.0,9.16,76.47,1.2,3.96,2.15,10.0,3.8,10.0,2.02,1.0,3.4,5.2,6.0,0.8,1,0
2024-02-23,D1,19:30,Leverkusen,Mainz,H,D,2023/2024,7.0,0.6,14.0,4.53,13.0,13.0,6.4,0.94,7.65,80.0,2.0,3.6,1.61,1.87,2.4,1.57,40.0,52.94,4.0,9.9,82.35,1.4,3.44,2.43,18.0,3.2,9.6,2.06,5.0,4.8,6.46,4.0,0.2,1,1
2024-03-09,D1,14:30,Bayern Munich,Mainz,H,H,2023/2024,12.0,0.8,8.0,4.53,13.0,13.9,8.0,0.94,7.24,60.0,3.0,3.8,1.42,1.75,2.8,1.36,60.0,52.94,3.0,9.95,70.59,3.0,3.46,3.11,25.0,3.2,11.2,2.13,1.0,5.8,6.49,3.0,0.8,1,1
2024-03-30,D1,14:30,RB Leipzig,Mainz,D,D,2023/2024,10.0,0.6,10.0,4.53,8.0,9.0,6.8,0.94,6.76,20.0,3.0,4.6,1.45,2.06,1.6,1.4,60.0,52.94,1.0,10.03,58.82,2.8,3.8,2.96,23.0,3.4,10.2,1.87,5.0,7.0,6.23,2.0,0.6,0,1
2024-04-21,D1,18:30,Freiburg,Mainz,D,D,2023/2024,3.0,0.8,17.0,4.53,17.0,2.44,4.2,0.94,4.41,80.0,3.0,4.6,1.88,1.98,1.8,1.87,60.0,52.94,4.0,8.61,58.82,2.8,3.93,2.01,7.0,4.0,8.2,1.95,4.0,7.0,4.68,4.0,2.6,0,0
2024-05-05,D1,18:30,Heidenheim,Mainz,D,A,2023/2024,6.0,0.8,8.0,4.53,10.0,2.5,5.6,0.94,6.24,60.0,2.0,3.8,1.85,2.06,1.4,1.84,40.0,52.94,3.0,9.86,58.82,2.4,4.0,2.07,16.0,3.6,9.2,1.87,3.0,7.4,5.86,4.0,1.6,0,0
2024-05-18,D1,14:30,Wolfsburg,Mainz,A,D,2023/2024,4.0,1.2,13.0,4.53,12.0,2.35,5.4,0.94,4.47,80.0,2.0,4.6,1.79,1.92,1.4,1.73,40.0,52.94,4.0,8.74,64.71,2.2,4.07,2.15,12.0,3.8,9.2,1.99,3.0,5.4,4.67,6.0,1.8,1,0
2024-08-31,D1,14:30,Stuttgart,Mainz,D,H,2024/2025,13.0,3.0,6.0,6.41,9.0,5.21,11.0,1.82,6.12,100.0,1.0,2.0,1.66,2.05,3.0,1.57,100.0,70.59,1.0,10.6,76.47,3.0,3.43,2.42,28.0,2.0,13.0,1.85,2.0,11.0,7.17,7.0,3.0,1,1
2024-09-20,D1,19:30,Augsburg,Mainz,A,A,2024/2025,9.0,3.0,7.0,6.41,5.0,3.18,8.33,1.82,5.76,100.0,2.0,3.33,1.84,1.83,2.33,1.73,100.0,70.59,3.0,10.57,52.94,2.5,3.72,2.13,30.0,1.5,9.83,2.14,5.0,12.5,6.85,3.0,2.0,1,1
2024-10-05,D1,17:30,St Pauli,Mainz,A,A,2024/2025,4.0,3.0,12.0,6.41,8.0,3.68,3.0,1.82,5.06,33.33,3.0,1.67,2.04,1.81,0.0,2.0,100.0,70.59,1.0,8.96,17.65,1.67,3.37,1.94,17.0,1.67,4.67,2.13,3.0,9.0,5.59,4.0,1.67,1,0
2024-11-03,D1,14:30,Freiburg,Mainz,D,D,2024/2025,2.0,2.25,9.0,6.41,9.0,5.03,5.6,1.82,4.29,80.0,3.0,3.8,1.85,2.0,1.6,1.8,75.0,70.59,4.0,9.18,82.35,1.25,3.78,2.04,10.0,2.25,7.85,1.92,2.0,8.75,5.4,2.0,1.2,0,1
2024-11-24,D1,14:30,Holstein Kiel,Mainz,A,A,2024/2025,2.0,2.4,11.0,6.41,18.0,2.37,4.0,1.82,3.59,60.0,4.0,6.8,1.89,2.02,0.8,1.86,80.0,70.59,3.0,9.26,70.59,1.0,4.54,2.02,7.0,3.0,7.0,1.9,0.0,7.4,4.72,7.0,3.0,1,0
2024-12-08,D1,14:30,Wolfsburg,Mainz,H,A,2024/2025,5.0,2.4,10.0,6.41,12.0,3.9,4.8,1.82,5.06,60.0,4.0,3.6,1.94,2.02,2.0,1.92,80.0,70.59,3.0,9.46,58.82,1.2,4.01,1.95,10.0,3.6,8.4,1.89,4.0,5.8,5.45,5.0,2.0,1,0
2024-12-21,D1,14:30,Ein Frankfurt,Mainz,A,A,2024/2025,9.0,2.4,10.0,6.41,9.0,3.84,6.2,1.82,5.35,80.0,4.0,4.2,1.79,2.04,2.8,1.73,80.0,70.59,4.0,9.79,70.59,1.0,3.99,2.15,34.0,3.8,10.0,1.86,1.0,6.4,5.8,3.0,2.0,1,1
2025-01-14,D1,19:30,Leverkusen,Mainz,H,D,2024/2025,9.0,1.8,4.0,6.41,7.0,9.5,7.0,1.82,7.65,60.0,3.0,2.4,1.69,1.84,2.6,1.67,60.0,70.59,3.0,10.71,64.71,1.2,3.44,2.26,20.0,4.2,11.2,2.12,3.0,7.6,7.27,4.0,0.8,0,1
2025-01-19,D1,14:30,Union Berlin,Mainz,H,H,2024/2025,4.0,2.0,12.0,6.41,9.0,2.98,3.5,1.82,4.19,40.0,4.0,2.5,2.09,2.06,0.6,2.07,80.0,70.59,2.0,8.73,47.06,1.6,3.83,1.8,12.0,3.8,7.3,1.89,2.0,6.4,4.9,1.0,1.4,1,0
2025-01-31,D1,19:30,Werder Bremen,Mainz,H,H,2024/2025,5.0,1.4,14.0,6.41,13.0,3.14,5.6,1.82,5.12,60.0,3.0,4.6,1.86,1.9,2.0,1.8,60.0,70.59,3.0,9.69,52.94,1.8,4.05,2.05,12.0,4.2,9.8,2.05,4.0,6.6,5.64,2.0,1.6,0,1
2025-02-16,D1,18:30,Heidenheim,Mainz,A,A,2024/2025,3.0,1.2,9.0,6.41,6.0,2.15,6.0,1.82,5.18,40.0,2.0,4.6,2.0,2.06,0.8,1.98,40.0,70.59,2.0,9.83,58.82,1.0,4.02,1.9,12.0,4.0,10.0,1.84,3.0,7.6,5.81,5.0,1.8,0,1
2025-03-01,D1,14:30,RB Leipzig,Mainz,A,H,2024/2025,4.0,1.0,8.0,6.41,15.0,4.07,6.0,1.82,6.12,80.0,2.0,2.6,1.82,1.9,2.2,1.73,40.0,70.59,4.0,10.03,64.71,1.0,3.9,2.13,13.0,3.8,9.8,2.03,1.0,5.6,6.13,3.0,1.6,1,0
2025-03-07,D1,19:30,M'gladbach,Mainz,A,A,2024/2025,4.0,1.6,6.0,6.41,16.0,2.71,4.8,1.82,4.94,60.0,3.0,5.0,1.78,1.98,1.0,1.73,60.0,70.59,3.0,9.51,58.82,1.0,4.23,2.13,12.0,3.6,8.4,1.94,1.0,4.8,5.28,8.0,1.6,1,0
2025-03-30,D1,16:30,Dortmund,Mainz,H,H,2024/2025,7.0,1.6,10.0,6.41,12.0,5.2,7.4,1.82,6.41,80.0,3.0,3.8,1.75,2.04,2.4,1.73,60.0,70.59,4.0,10.0,76.47,1.2,3.57,2.2,18.0,4.0,11.4,1.86,0.0,5.6,6.43,3.0,1.2,1,0
2025-04-12,D1,14:30,Hoffenheim,Mainz,H,H,2024/2025,5.0,1.6,18.0,6.41,14.0,3.0,4.8,1.82,4.88,20.0,3.0,5.0,1.82,1.91,1.0,1.8,60.0,70.59,1.0,9.52,58.82,1.4,4.17,2.07,8.0,3.8,8.6,2.0,2.0,5.8,5.35,1.0,1.4,0,1
2025-04-26,D1,14:30,Bayern Munich,Mainz,H,H,2024/2025,6.0,1.2,13.0,6.41,8.0,12.0,5.6,1.82,6.71,100.0,4.0,3.4,1.33,1.88,2.8,1.25,80.0,70.59,5.0,9.83,82.35,2.0,3.48,3.84,14.0,3.8,9.4,2.03,2.0,5.0,6.35,3.0,1.4,1,0
2025-05-10,D1,14:30,Bochum,Mainz,A,A,2024/2025,6.0,1.6,9.0,6.41,22.0,2.25,6.6,1.82,5.76,80.0,4.0,4.6,1.61,2.02,0.8,1.57,80.0,70.59,4.0,10.19,47.06,2.0,4.28,2.44,11.0,4.8,11.4,1.88,0.0,4.8,5.91,8.0,2.8,1,1
2025-08-31,D1,14:30,Wolfsburg,Mainz,D,H,2025/2026,3.0,1.0,15.0,5.0,17.0,3.3,3.0,1.22,4.8,0.0,0.0,10.0,1.77,1.83,1.0,1.73,0.0,77.78,0.0,10.27,70.0,1.0,5.78,2.06,11.0,10.0,13.0,2.05,5.0,3.0,4.49,3.0,1.0,0,1
2025-09-20,D1,14:30,Augsburg,Mainz,A,A,2025/2026,5.0,2.5,13.0,5.0,12.0,2.66,6.5,1.22,5.6,100.0,1.0,5.5,1.79,1.88,1.5,1.67,50.0,77.78,2.0,10.28,50.0,1.0,4.85,2.08,18.0,8.0,14.5,2.02,2.0,4.5,5.43,4.0,3.5,1,1
2025-10-05,D1,16:30,Hamburg,Mainz,H,H,2025/2026,9.0,1.67,14.0,5.0,11.0,2.2,1.33,1.22,3.67,66.67,2.0,7.0,1.58,2.08,2.0,1.53,66.67,77.78,2.0,8.6,44.44,2.0,4.87,2.42,15.0,6.67,8.0,1.8,3.0,3.33,3.73,4.0,1.0,1,0
2025-10-26,D1,16:30,Stuttgart,Mainz,H,D,2025/2026,8.0,1.5,11.0,5.0,13.0,3.5,5.5,1.22,5.11,25.0,3.0,5.0,1.73,1.88,1.5,1.73,75.0,77.78,1.0,9.48,44.44,2.0,4.44,2.22,19.0,6.25,11.75,1.98,3.0,4.25,5.04,2.0,0.25,1,1
2025-11-09,D1,18:30,Ein Frankfurt,Mainz,H,D,2025/2026,4.0,1.2,8.0,5.0,3.0,4.0,4.2,1.22,5.0,60.0,3.0,2.2,1.57,2.0,2.0,1.57,60.0,77.78,3.0,8.63,55.56,1.8,3.79,2.41,14.0,5.6,9.8,1.85,5.0,4.2,4.84,0.0,1.6,0,0
2025-11-30,D1,18:30,Freiburg,Mainz,H,H,2025/2026,10.0,1.0,9.0,5.0,1.0,5.0,6.2,1.22,5.22,80.0,4.0,3.0,1.77,1.93,2.4,1.73,80.0,77.78,4.0,8.9,77.78,2.4,3.68,2.08,23.0,4.0,10.2,1.93,2.0,4.8,5.22,1.0,1.0,1,0
2025-12-14,D1,16:30,Bayern Munich,Mainz,D,D,2025/2026,11.0,0.6,7.0,5.0,5.0,26.0,6.8,1.22,6.6,100.0,4.0,2.8,1.22,1.85,3.2,1.17,80.0,77.78,5.0,9.64,100.0,2.6,3.58,4.65,24.0,2.8,9.6,2.0,2.0,5.0,6.06,2.0,1.2,1,0
2026-01-10,D1,14:30,Union Berlin,Mainz,D,A,2025/2026,5.0,1.0,9.0,5.0,9.0,4.0,4.4,1.22,5.4,80.0,4.0,4.4,2.3,2.03,1.6,2.3,80.0,77.78,4.0,9.19,80.0,2.2,4.01,1.64,17.0,2.2,6.6,1.83,0.0,5.2,5.18,6.0,1.4,1,0
2026-01-17,D1,14:30,FC Koln,Mainz,H,A,2025/2026,6.0,1.0,6.0,5.0,11.0,3.5,4.8,1.22,4.67,60.0,4.0,4.8,1.85,1.98,1.4,1.85,80.0,77.78,3.0,8.93,66.67,2.2,4.07,1.97,20.0,2.2,7.0,1.9,4.0,5.6,4.86,7.0,2.0,1,1
2023-08-19,D1,14:30,Leverkusen,RB Leipzig,H,H,2023/2024,7.0,2.0,13.0,4.53,13.0,2.99,4.0,2.18,7.65,100.0,1.0,5.0,1.75,2.07,3.0,1.67,100.0,76.47,1.0,10.58,82.35,3.0,4.44,2.19,11.0,5.0,9.0,1.89,2.0,4.0,6.14,6.0,2.0,1,0
2023-09-03,D1,16:30,Union Berlin,RB Leipzig,A,D,2023/2024,1.0,2.5,16.0,4.53,15.0,2.18,3.0,2.18,5.29,100.0,2.0,4.0,1.92,1.97,2.0,1.73,100.0,76.47,2.0,9.65,58.82,1.5,4.96,2.04,4.0,6.0,9.0,1.96,1.0,3.5,4.69,8.0,2.0,1,0
2023-09-23,D1,14:30,M'gladbach,RB Leipzig,A,D,2023/2024,1.0,2.0,14.0,4.53,8.0,1.76,5.67,2.18,5.71,66.67,2.0,9.67,1.57,1.95,0.33,1.5,66.67,76.47,2.0,11.01,76.47,1.0,5.57,2.68,13.0,6.0,11.67,1.96,1.0,6.0,5.44,4.0,2.0,0,1
2023-10-21,D1,14:30,Darmstadt,RB Leipzig,A,A,2023/2024,3.0,2.25,16.0,4.53,10.0,1.53,4.25,2.18,3.76,100.0,3.0,3.75,1.6,1.98,2.25,1.5,75.0,76.47,4.0,8.89,64.71,1.0,4.66,2.51,16.0,4.5,8.75,1.93,3.0,6.0,4.23,7.0,3.0,1,0
2023-11-04,D1,14:30,Mainz,RB Leipzig,H,D,2023/2024,3.0,1.8,13.0,4.53,10.0,1.78,3.6,2.18,6.82,60.0,3.0,4.6,1.7,2.02,1.0,1.67,60.0,76.47,3.0,10.42,35.29,1.2,4.66,2.28,10.0,5.0,8.6,1.94,1.0,5.2,5.76,2.0,2.0,0,0
2023-11-25,D1,14:30,Wolfsburg,RB Leipzig,H,H,2023/2024,4.0,1.6,18.0,4.53,26.0,1.97,4.0,2.18,4.47,80.0,3.0,5.6,1.64,1.95,1.8,1.57,60.0,76.47,4.0,9.56,64.71,1.0,5.11,2.36,10.0,6.4,10.4,1.99,2.0,4.6,4.45,10.0,1.2,1,1
2023-12-09,D1,17:30,Dortmund,RB Leipzig,A,D,2023/2024,6.0,1.6,6.0,4.53,24.0,2.8,5.6,2.18,6.0,80.0,3.0,4.4,1.48,1.95,2.2,1.44,60.0,76.47,4.0,10.33,64.71,1.4,4.82,2.79,18.0,6.2,11.8,2.0,3.0,5.2,5.51,8.0,2.2,1,1
2023-12-19,D1,17:30,Werder Bremen,RB Leipzig,D,D,2023/2024,3.0,1.6,15.0,4.53,18.0,1.65,2.6,2.18,4.12,40.0,3.0,4.4,1.47,1.98,1.4,1.44,60.0,76.47,2.0,9.15,70.59,1.6,5.17,2.85,11.0,5.8,8.4,1.96,2.0,3.2,3.98,9.0,1.2,0,0
2024-01-27,D1,14:30,Stuttgart,RB Leipzig,H,H,2023/2024,11.0,1.4,9.0,4.53,4.0,2.74,6.6,2.18,5.65,60.0,3.0,4.6,1.65,1.85,2.6,1.62,60.0,76.47,3.0,10.1,76.47,2.4,4.82,2.37,19.0,6.4,13.0,2.07,4.0,3.8,5.28,2.0,0.8,1,1
2024-02-10,D1,14:30,Augsburg,RB Leipzig,D,D,2023/2024,4.0,1.8,15.0,4.53,9.0,1.74,2.2,2.18,4.71,60.0,4.0,6.2,1.52,2.0,1.4,1.44,80.0,76.47,3.0,9.46,58.82,2.4,5.16,2.7,11.0,5.6,7.8,1.96,1.0,3.6,4.3,6.0,1.6,1,0
2024-02-24,D1,17:30,Bayern Munich,RB Leipzig,H,D,2023/2024,4.0,1.8,11.0,4.53,11.0,4.8,9.0,2.18,7.24,60.0,4.0,2.8,1.46,2.03,1.8,1.36,80.0,76.47,3.0,10.59,70.59,2.4,4.12,3.07,16.0,4.0,13.0,1.9,3.0,4.6,6.47,5.0,0.6,1,0
2024-03-02,D1,14:30,Bochum,RB Leipzig,A,D,2023/2024,4.0,2.0,13.0,4.53,10.0,1.71,2.6,2.18,5.12,40.0,4.0,6.0,1.54,1.83,1.4,1.5,80.0,76.47,2.0,9.57,58.82,2.2,4.98,2.66,15.0,3.8,6.4,2.09,2.0,3.8,4.59,4.0,1.6,1,0
2024-03-15,D1,19:30,FC Koln,RB Leipzig,A,D,2023/2024,2.0,2.8,11.0,4.53,23.0,1.51,5.8,2.18,6.65,40.0,5.0,5.8,1.64,2.05,0.6,1.57,100.0,76.47,2.0,10.78,41.18,2.2,4.99,2.41,9.0,4.2,10.0,1.9,2.0,4.2,5.79,7.0,2.4,1,0
2024-04-06,D1,14:30,Freiburg,RB Leipzig,A,A,2023/2024,4.0,3.2,7.0,4.53,15.0,1.61,4.0,2.18,4.41,100.0,5.0,5.0,1.5,1.9,1.8,1.44,100.0,76.47,5.0,9.05,58.82,1.4,4.69,2.78,15.0,4.4,8.4,2.05,4.0,4.0,4.36,6.0,3.0,1,1
2024-04-20,D1,14:30,Heidenheim,RB Leipzig,A,A,2023/2024,5.0,3.2,14.0,4.53,11.0,1.5,5.2,2.18,6.24,80.0,5.0,4.2,1.45,1.95,1.4,1.4,100.0,76.47,4.0,10.36,58.82,1.2,4.86,2.9,9.0,5.0,10.2,1.97,1.0,4.2,5.5,4.0,1.8,1,0
2024-05-03,D1,19:30,Hoffenheim,RB Leipzig,D,A,2023/2024,8.0,3.2,6.0,4.53,8.0,1.55,5.8,2.18,5.71,80.0,4.0,4.8,1.28,2.02,2.0,1.25,80.0,76.47,4.0,9.93,70.59,1.0,4.7,3.93,18.0,5.0,10.8,1.95,3.0,3.8,5.23,5.0,1.8,0,0
2024-05-18,D1,14:30,Ein Frankfurt,RB Leipzig,D,A,2023/2024,6.0,2.8,10.0,4.53,9.0,3.16,7.8,2.18,5.71,60.0,4.0,3.0,1.48,2.08,1.4,1.44,80.0,76.47,3.0,9.84,52.94,1.2,4.29,2.8,19.0,4.6,12.4,1.83,2.0,5.0,5.55,5.0,1.8,1,1
2024-08-31,D1,17:30,Leverkusen,RB Leipzig,A,H,2024/2025,10.0,3.0,7.0,6.35,10.0,5.15,18.0,1.18,7.65,100.0,1.0,2.0,1.5,1.89,2.0,1.44,100.0,47.06,1.0,12.32,64.71,2.0,2.92,2.78,27.0,2.0,20.0,2.05,1.0,18.0,9.4,4.0,3.0,1,1
2024-09-22,D1,18:30,St Pauli,RB Leipzig,D,D,2024/2025,4.0,1.5,6.0,6.35,10.0,1.7,3.5,1.18,5.06,0.0,1.0,1.5,1.76,2.1,0.0,1.67,50.0,47.06,0.0,8.85,17.65,1.0,3.08,2.26,15.0,1.5,5.0,1.83,1.0,10.5,5.77,5.0,1.0,0,0
2024-10-06,D1,14:30,Heidenheim,RB Leipzig,A,D,2024/2025,4.0,1.33,12.0,6.35,12.0,1.77,3.67,1.18,5.18,66.67,1.0,5.67,1.67,1.89,1.33,1.67,33.33,47.06,2.0,9.24,58.82,0.67,3.64,2.33,15.0,1.67,5.34,2.02,2.0,8.0,5.6,2.0,1.33,0,0
2024-10-19,D1,14:30,Mainz,RB Leipzig,A,A,2024/2025,2.0,1.5,12.0,6.35,11.0,1.92,7.5,1.18,5.82,25.0,1.0,5.5,1.67,1.82,0.5,1.53,25.0,47.06,1.0,9.79,35.29,0.5,3.53,2.45,16.0,2.0,9.5,2.02,3.0,7.25,6.26,5.0,1.75,0,0
2024-11-02,D1,17:30,Dortmund,RB Leipzig,H,D,2024/2025,7.0,1.4,11.0,6.35,7.0,3.27,7.4,1.18,6.41,80.0,2.0,1.8,1.48,1.91,2.8,1.44,40.0,47.06,4.0,9.38,76.47,0.8,2.87,2.77,19.0,1.6,9.0,2.0,4.0,6.6,6.51,3.0,1.2,1,0
2024-11-23,D1,14:30,Hoffenheim,RB Leipzig,H,A,2024/2025,7.0,1.4,14.0,6.35,14.0,2.23,4.2,1.18,4.88,80.0,2.0,5.0,1.61,1.83,2.2,1.53,40.0,47.06,4.0,8.78,58.82,1.2,3.71,2.46,20.0,1.8,6.0,2.09,1.0,3.8,5.07,6.0,2.8,1,0
2024-12-07,D1,14:30,Holstein Kiel,RB Leipzig,A,A,2024/2025,5.0,1.8,11.0,6.35,9.0,1.6,4.8,1.18,3.59,40.0,2.0,5.0,1.58,1.97,0.6,1.53,40.0,47.06,2.0,8.46,70.59,1.2,3.98,2.53,17.0,1.8,6.6,1.95,3.0,4.4,4.48,5.0,2.2,0,0
2024-12-20,D1,19:30,Bayern Munich,RB Leipzig,H,H,2024/2025,9.0,1.8,9.0,6.35,4.0,13.0,7.6,1.18,6.71,100.0,3.0,1.6,1.29,2.04,3.8,1.29,60.0,47.06,5.0,9.41,82.35,2.2,2.83,3.77,22.0,1.6,9.2,2.02,2.0,5.4,6.58,1.0,0.6,1,0
2025-01-15,D1,19:30,Stuttgart,RB Leipzig,H,A,2024/2025,6.0,1.6,10.0,6.35,6.0,3.76,6.0,1.18,6.12,60.0,4.0,2.8,1.5,1.9,1.8,1.44,80.0,47.06,3.0,9.24,76.47,2.6,3.15,2.7,14.0,1.0,7.0,2.05,7.0,5.4,6.09,3.0,1.4,1,0
2025-01-18,D1,14:30,Bochum,RB Leipzig,D,A,2024/2025,3.0,2.0,14.0,6.35,11.0,2.23,6.4,1.18,5.76,20.0,4.0,4.2,1.9,2.01,1.4,1.73,80.0,47.06,1.0,9.64,47.06,2.8,3.66,2.09,14.0,1.6,8.0,1.9,0.0,5.8,5.98,3.0,1.0,1,0
2025-02-01,D1,17:30,Union Berlin,RB Leipzig,D,D,2024/2025,6.0,1.4,5.0,6.35,6.0,2.48,3.5,1.18,4.19,40.0,3.0,3.5,1.85,1.98,0.6,1.8,60.0,47.06,2.0,8.31,47.06,2.0,3.49,2.08,21.0,2.0,5.5,1.95,2.0,5.8,4.82,2.0,1.4,0,0
2025-02-14,D1,19:30,Augsburg,RB Leipzig,D,D,2024/2025,2.0,1.0,12.0,6.35,14.0,2.45,5.4,1.18,5.76,20.0,3.0,6.4,1.99,2.11,0.6,1.92,60.0,47.06,1.0,9.9,52.94,2.0,3.98,1.95,11.0,3.6,9.0,1.83,1.0,6.2,5.92,4.0,0.8,0,1
2025-03-08,D1,17:30,Freiburg,RB Leipzig,D,D,2024/2025,2.0,0.8,6.0,6.35,18.0,2.94,4.0,1.18,4.29,60.0,2.0,4.2,1.92,2.01,2.0,1.8,40.0,47.06,3.0,8.65,82.35,1.0,3.8,1.99,10.0,4.6,8.6,1.93,3.0,5.0,4.85,3.0,0.8,0,0
2025-03-29,D1,14:30,M'gladbach,RB Leipzig,H,D,2024/2025,3.0,0.6,5.0,6.35,19.0,2.45,5.0,1.18,4.94,60.0,1.0,4.6,1.51,2.07,1.2,1.44,20.0,47.06,3.0,9.49,58.82,0.8,4.19,2.62,16.0,6.2,11.2,1.84,2.0,5.0,5.3,3.0,1.4,0,1
2025-04-11,D1,19:30,Wolfsburg,RB Leipzig,A,A,2024/2025,6.0,0.6,14.0,6.35,16.0,2.51,4.8,1.18,5.06,20.0,1.0,6.0,1.58,2.07,0.8,1.53,20.0,47.06,1.0,9.68,58.82,0.6,4.29,2.48,17.0,6.6,11.4,1.87,3.0,5.4,5.39,5.0,1.2,1,1
2025-04-26,D1,17:30,Ein Frankfurt,RB Leipzig,H,H,2024/2025,6.0,0.6,10.0,6.35,7.0,3.48,4.4,1.18,5.35,80.0,2.0,5.6,1.49,1.98,2.0,1.44,40.0,47.06,4.0,9.72,70.59,1.4,4.13,2.76,9.0,6.4,10.8,1.92,2.0,6.2,5.59,3.0,1.2,1,1
2025-05-10,D1,14:30,Werder Bremen,RB Leipzig,D,D,2024/2025,6.0,0.6,6.0,6.35,16.0,3.59,4.6,1.18,5.12,20.0,2.0,4.2,1.41,1.8,1.0,1.36,40.0,47.06,1.0,9.42,52.94,1.4,3.88,3.02,21.0,5.4,10.0,2.08,3.0,6.8,5.54,4.0,0.8,0,1
2025-08-22,D1,19:30,Bayern Munich,RB Leipzig,H,H,2025/2026,10.0,0.0,13.0,4.56,12.0,11.0,5.0,1.56,6.6,100.0,1.0,5.0,1.25,1.93,6.0,1.25,100.0,55.56,1.0,10.53,100.0,6.0,4.76,4.06,19.0,5.0,10.0,1.94,1.0,5.0,5.77,1.0,0.0,1,0
2025-09-13,D1,14:30,Mainz,RB Leipzig,A,A,2025/2026,2.0,0.5,12.0,4.56,19.0,2.88,5.5,1.56,6.5,0.0,1.0,4.0,1.55,1.95,0.0,1.53,50.0,55.56,0.0,10.32,30.0,3.0,4.66,2.47,13.0,5.0,10.5,1.95,0.0,4.0,5.66,3.0,1.0,0,0
2025-09-27,D1,14:30,Wolfsburg,RB Leipzig,A,A,2025/2026,4.0,0.67,7.0,4.56,20.0,2.54,5.33,1.56,4.8,33.33,1.0,8.33,1.52,1.93,1.33,1.44,33.33,55.56,1.0,10.82,70.0,2.0,6.04,2.58,22.0,7.0,12.33,1.93,2.0,4.67,4.78,6.0,1.67,0,1
2025-10-04,D1,14:30,Dortmund,RB Leipzig,D,D,2025/2026,3.0,0.75,13.0,4.56,13.0,4.33,6.67,1.56,6.67,33.33,1.0,5.33,1.33,2.0,1.67,1.3,25.0,55.56,1.0,11.25,44.44,1.75,5.25,3.4,15.0,7.0,13.67,1.85,3.0,5.25,6.0,3.0,0.33,0,1
2025-10-25,D1,14:30,Augsburg,RB Leipzig,A,A,2025/2026,2.0,1.8,9.0,4.56,15.0,2.1,6.25,1.56,5.6,100.0,2.0,4.75,1.53,2.05,1.5,1.53,40.0,55.56,4.0,10.63,50.0,1.4,5.33,2.59,15.0,6.2,12.45,1.87,1.0,4.6,5.3,8.0,3.5,1,0
2025-11-08,D1,14:30,Hoffenheim,RB Leipzig,H,H,2025/2026,4.0,2.0,13.0,4.56,17.0,2.4,6.4,1.56,5.67,80.0,2.0,5.2,1.45,1.85,1.6,1.44,40.0,55.56,4.0,10.49,77.78,0.8,5.13,2.84,12.0,6.2,12.6,2.05,2.0,4.6,5.36,5.0,2.0,1,0
2025-11-28,D1,19:30,M'gladbach,RB Leipzig,D,D,2025/2026,1.0,1.8,9.0,4.56,20.0,2.33,3.2,1.56,4.1,60.0,2.0,5.4,1.5,2.0,1.4,1.5,40.0,55.56,3.0,9.48,70.0,0.8,5.26,2.68,8.0,6.4,9.6,1.85,3.0,5.0,4.22,4.0,2.0,0,1
2025-12-12,D1,19:30,Union Berlin,RB Leipzig,H,D,2025/2026,6.0,1.8,7.0,4.56,9.0,2.37,5.2,1.56,5.4,80.0,3.0,5.4,2.03,1.95,1.8,2.03,60.0,55.56,4.0,10.25,80.0,1.4,5.16,1.81,12.0,5.4,10.6,1.9,2.0,4.6,5.09,3.0,1.2,1,0
2026-01-24,D1,14:30,Heidenheim,RB Leipzig,A,D,2025/2026,2.0,2.2,10.0,4.56,11.0,1.65,4.2,1.56,4.5,100.0,4.0,4.2,1.45,1.93,0.8,1.44,80.0,55.56,5.0,9.24,80.0,1.2,4.8,2.72,7.0,4.0,8.2,1.93,0.0,4.0,4.44,8.0,2.6,1,0
2024-08-30,D1,19:30,Union Berlin,St Pauli,H,H,2024/2025,5.0,0.0,10.0,5.29,8.0,4.43,5.0,1.06,4.19,0.0,0.0,4.0,2.21,1.98,1.0,2.1,0.0,41.18,0.0,8.53,47.06,1.0,3.9,1.79,10.0,4.0,9.0,1.97,1.0,5.0,4.63,2.0,0.0,0,0
2024-09-15,D1,14:30,Augsburg,St Pauli,H,D,2024/2025,10.0,0.5,12.0,5.29,12.0,4.1,5.5,1.06,5.76,100.0,1.0,4.5,2.2,2.08,2.5,2.1,50.0,41.18,2.0,9.78,52.94,2.0,4.14,1.81,18.0,5.5,11.0,1.83,3.0,6.0,5.64,3.0,1.5,1,1
2024-09-28,D1,14:30,Freiburg,St Pauli,A,A,2024/2025,2.0,1.33,7.0,5.29,10.0,6.25,5.0,1.06,4.29,100.0,2.0,3.67,1.82,2.05,1.67,1.67,66.67,41.18,3.0,8.6,82.35,1.33,3.88,2.17,6.0,4.33,9.33,1.82,3.0,5.33,4.72,4.0,1.67,1,0
2024-10-18,D1,19:30,Dortmund,St Pauli,H,H,2024/2025,7.0,1.25,8.0,5.29,10.0,11.7,8.25,1.06,6.41,75.0,3.0,2.25,1.57,2.03,3.0,1.53,75.0,41.18,3.0,9.52,76.47,1.5,3.27,2.56,20.0,3.5,11.75,1.93,1.0,5.75,6.25,3.0,1.25,1,0
2024-11-02,D1,14:30,Hoffenheim,St Pauli,A,A,2024/2025,6.0,1.4,10.0,5.29,7.0,4.13,5.0,1.06,4.88,80.0,3.0,5.6,1.72,2.0,2.0,1.67,60.0,41.18,4.0,9.19,58.82,1.2,4.08,2.25,12.0,3.2,8.2,1.91,2.0,6.0,5.11,3.0,2.6,0,0
2024-11-24,D1,16:30,M'gladbach,St Pauli,H,H,2024/2025,4.0,1.4,7.0,5.29,15.0,4.56,5.2,1.06,4.94,60.0,3.0,4.0,1.85,1.84,2.2,1.73,60.0,41.18,3.0,9.15,58.82,1.4,3.99,2.12,15.0,3.2,8.4,2.09,0.0,6.0,5.16,3.0,1.2,0,0
2024-12-07,D1,14:30,Leverkusen,St Pauli,H,H,2024/2025,2.0,1.4,8.0,5.29,12.0,11.8,8.6,1.06,7.65,80.0,3.0,2.4,1.66,1.98,2.2,1.62,60.0,41.18,4.0,10.18,64.71,1.2,3.19,2.38,6.0,2.6,11.2,1.93,3.0,6.0,6.99,4.0,1.2,1,1
2024-12-21,D1,14:30,Stuttgart,St Pauli,A,A,2024/2025,5.0,1.0,10.0,5.29,11.0,7.33,6.8,1.06,6.12,60.0,2.0,3.8,1.69,1.85,1.8,1.62,40.0,41.18,3.0,9.63,76.47,1.2,3.56,2.3,25.0,2.4,9.2,2.08,2.0,7.0,6.07,5.0,1.4,0,0
2025-01-15,D1,17:30,Bochum,St Pauli,H,D,2024/2025,5.0,0.8,7.0,5.29,12.0,3.03,5.6,1.06,5.76,20.0,1.0,4.6,2.06,2.02,0.8,2.04,20.0,41.18,1.0,9.79,47.06,1.0,4.06,1.83,13.0,3.6,9.2,1.92,3.0,6.8,5.73,1.0,1.4,0,1
2025-01-18,D1,14:30,Heidenheim,St Pauli,A,A,2024/2025,1.0,0.8,11.0,5.29,7.0,3.1,5.8,1.06,5.18,60.0,1.0,4.8,1.99,1.82,0.8,1.99,20.0,41.18,3.0,9.32,58.82,1.0,3.95,1.88,8.0,4.0,9.8,2.16,2.0,6.2,5.37,4.0,2.4,0,0
2025-02-09,D1,16:30,RB Leipzig,St Pauli,H,H,2024/2025,6.0,0.8,12.0,5.29,7.0,5.5,5.8,1.06,6.12,80.0,1.0,3.6,1.86,1.9,2.2,1.8,20.0,41.18,4.0,9.82,64.71,1.0,3.93,2.04,11.0,4.0,9.8,2.01,2.0,6.2,5.89,4.0,2.0,0,0
2025-02-22,D1,14:30,Mainz,St Pauli,H,D,2024/2025,5.0,0.6,9.0,5.29,12.0,5.55,4.8,1.06,5.82,20.0,0.0,3.6,2.25,1.83,1.6,2.1,0.0,41.18,1.0,9.33,35.29,1.0,3.73,1.73,10.0,4.2,9.0,2.08,3.0,6.0,5.6,0.0,0.2,0,1
2025-03-08,D1,14:30,Wolfsburg,St Pauli,D,A,2024/2025,4.0,0.6,11.0,5.29,14.0,4.81,5.2,1.06,5.06,40.0,0.0,6.0,2.03,1.89,1.8,2.01,0.0,41.18,2.0,9.49,58.82,1.2,4.32,1.87,16.0,5.2,10.4,2.01,0.0,5.4,5.17,4.0,1.0,0,1
2025-03-29,D1,14:30,Bayern Munich,St Pauli,H,D,2024/2025,9.0,1.0,13.0,5.29,10.0,29.0,7.0,1.06,6.71,100.0,1.0,2.2,1.4,1.86,3.2,1.33,20.0,41.18,5.0,9.58,82.35,1.6,3.35,3.21,19.0,4.6,11.6,2.05,0.0,5.2,6.23,4.0,1.6,1,0
2025-04-12,D1,14:30,Holstein Kiel,St Pauli,A,D,2024/2025,2.0,1.0,15.0,5.29,14.0,2.23,3.4,1.06,3.59,80.0,2.0,4.8,1.92,1.97,1.0,1.92,40.0,41.18,4.0,8.52,70.59,1.8,4.38,1.94,6.0,4.4,7.8,1.93,4.0,5.0,4.14,6.0,2.2,1,0
2025-04-27,D1,16:30,Werder Bremen,St Pauli,D,D,2024/2025,2.0,1.0,9.0,5.29,10.0,4.05,4.0,1.06,5.12,40.0,2.0,3.8,1.98,1.98,1.2,1.86,40.0,41.18,2.0,8.84,52.94,1.4,3.88,1.97,11.0,4.2,8.2,1.93,3.0,4.2,4.96,4.0,1.2,0,0
2025-05-11,D1,16:30,Ein Frankfurt,St Pauli,D,A,2024/2025,5.0,1.4,11.0,5.29,5.0,6.03,4.6,1.06,5.35,80.0,3.0,4.6,1.7,2.02,2.2,1.67,60.0,41.18,4.0,8.98,70.59,1.4,3.9,2.24,13.0,3.4,8.0,1.88,2.0,3.6,5.08,2.0,0.8,1,0
2025-08-29,D1,19:30,Hamburg,St Pauli,A,A,2025/2026,2.0,2.0,13.0,6.0,17.0,3.1,2.0,0.8,3.67,0.0,0.0,5.0,2.22,1.8,0.0,2.2,0.0,40.0,0.0,8.2,44.44,0.0,4.28,1.7,5.0,5.0,7.0,2.05,3.0,2.0,3.92,6.0,2.0,0,0
2025-09-19,D1,19:30,Stuttgart,St Pauli,H,H,2025/2026,8.0,1.0,13.0,6.0,9.0,4.0,7.0,0.8,5.11,0.0,0.0,7.0,1.62,1.85,1.5,1.62,0.0,40.0,0.0,9.75,44.44,1.0,4.24,2.28,17.0,4.5,11.5,2.0,2.0,5.0,5.51,2.0,0.0,0,1
2025-10-04,D1,14:30,Werder Bremen,St Pauli,H,H,2025/2026,5.0,0.67,8.0,6.0,13.0,3.0,3.0,0.8,4.38,66.67,0.0,2.67,1.73,1.83,1.33,1.73,0.0,40.0,2.0,8.1,62.5,1.0,3.42,2.17,15.0,3.33,6.33,2.06,1.0,4.67,4.68,3.0,2.0,0,0
2025-10-25,D1,14:30,Ein Frankfurt,St Pauli,H,H,2025/2026,6.0,0.5,11.0,6.0,9.0,4.75,4.25,0.8,5.0,75.0,0.0,2.0,1.5,1.95,2.25,1.44,0.0,40.0,3.0,8.36,55.56,1.25,3.31,2.58,10.0,3.25,7.5,1.9,1.0,3.75,5.05,1.0,2.0,0,0
2025-11-09,D1,14:30,Freiburg,St Pauli,H,H,2025/2026,4.0,0.6,8.0,6.0,7.0,4.75,6.0,0.8,5.22,80.0,1.0,3.6,2.05,2.03,1.8,2.0,20.0,40.0,4.0,8.89,77.78,1.4,3.44,1.79,8.0,3.2,9.2,1.83,2.0,4.8,5.45,2.0,1.6,1,1
2025-11-29,D1,14:30,Bayern Munich,St Pauli,H,D,2025/2026,4.0,0.4,5.0,6.0,10.0,26.0,6.8,0.8,6.6,100.0,2.0,4.0,1.29,2.03,3.6,1.29,40.0,40.0,5.0,9.92,100.0,2.0,3.47,3.56,19.0,2.6,9.4,1.9,1.0,6.4,6.45,1.0,0.8,1,1
2025-12-06,D1,14:30,FC Koln,St Pauli,D,D,2025/2026,8.0,0.6,6.0,6.0,5.0,3.8,4.6,0.8,4.67,60.0,2.0,4.0,1.98,1.88,2.0,1.98,40.0,40.0,3.0,8.92,66.67,1.8,3.81,1.87,11.0,2.6,7.2,1.98,1.0,5.8,5.11,1.0,1.8,0,0
2025-12-21,D1,14:30,Mainz,St Pauli,D,D,2025/2026,1.0,0.6,5.0,6.0,5.0,4.1,5.6,0.8,6.5,20.0,2.0,3.6,2.25,1.88,1.0,2.2,40.0,40.0,1.0,9.82,30.0,1.6,3.5,1.66,13.0,3.4,9.0,1.98,1.0,6.8,6.32,1.0,1.4,0,1
2026-01-14,D1,17:30,Wolfsburg,St Pauli,H,D,2025/2026,5.0,0.8,10.0,6.0,9.0,4.55,4.0,0.8,4.8,100.0,3.0,4.8,2.2,1.93,2.2,2.2,60.0,40.0,5.0,9.73,70.0,1.6,4.39,1.7,13.0,3.6,7.6,1.93,2.0,8.0,5.34,4.0,2.4,1,1
2026-01-17,D1,14:30,Dortmund,St Pauli,H,H,2025/2026,6.0,1.0,9.0,6.0,9.0,12.0,4.6,0.8,6.67,60.0,3.0,4.2,1.87,1.9,2.6,1.85,60.0,40.0,3.0,10.23,44.44,1.8,3.88,1.99,10.0,4.0,8.6,1.95,1.0,7.2,6.35,5.0,1.0,1,0
2023-08-25,D1,19:30,RB Leipzig,Stuttgart,H,A,2023/2024,11.0,1.0,12.0,4.53,8.0,6.0,4.0,1.65,6.76,100.0,1.0,4.0,1.67,2.1,5.0,1.62,100.0,70.59,1.0,9.64,58.82,5.0,3.99,2.4,20.0,4.0,8.0,1.86,1.0,4.0,5.65,3.0,1.0,1,0
2023-09-16,D1,14:30,Mainz,Stuttgart,A,D,2023/2024,3.0,2.0,12.0,4.53,16.0,2.79,5.5,1.65,6.82,50.0,2.0,4.0,1.9,1.99,1.0,1.8,100.0,70.59,1.0,9.95,35.29,3.0,4.02,2.06,15.0,4.0,9.5,1.94,2.0,5.0,5.93,6.0,2.0,1,0
2023-09-30,D1,14:30,FC Koln,Stuttgart,A,D,2023/2024,5.0,2.0,16.0,4.53,18.0,2.63,9.0,1.65,6.65,66.67,2.0,3.0,1.83,2.09,0.67,1.73,66.67,70.59,2.0,10.49,41.18,2.0,4.2,2.13,14.0,4.0,13.0,1.83,1.0,6.0,6.29,4.0,2.33,0,1
2023-10-21,D1,14:30,Union Berlin,Stuttgart,A,A,2023/2024,2.0,2.25,12.0,4.53,10.0,2.96,5.25,1.65,5.29,75.0,3.0,4.0,2.15,2.04,1.0,2.06,75.0,70.59,3.0,9.34,58.82,1.5,4.22,1.83,10.0,3.5,8.75,1.88,1.0,5.5,5.12,5.0,2.25,1,0
2023-11-05,D1,16:30,Heidenheim,Stuttgart,H,D,2023/2024,2.0,1.8,7.0,4.53,14.0,1.66,8.0,1.65,6.24,60.0,3.0,5.0,1.74,1.85,2.2,1.73,60.0,70.59,3.0,10.34,58.82,1.6,4.36,2.24,19.0,4.0,12.0,2.09,2.0,6.2,5.98,2.0,2.0,0,1
2023-11-25,D1,17:30,Ein Frankfurt,Stuttgart,A,A,2023/2024,1.0,2.0,14.0,4.53,11.0,2.6,4.4,1.65,5.71,40.0,3.0,3.2,1.95,1.93,1.4,1.93,60.0,70.59,2.0,9.06,52.94,0.8,3.73,2.0,14.0,3.6,8.0,2.0,1.0,6.2,5.33,5.0,1.2,1,0
2023-12-17,D1,18:30,Bayern Munich,Stuttgart,H,H,2023/2024,8.0,1.4,7.0,4.53,5.0,8.0,7.0,1.65,7.24,100.0,3.0,1.4,1.35,1.98,5.0,1.33,60.0,70.59,5.0,9.85,70.59,1.2,3.42,3.37,17.0,3.2,10.2,1.99,3.0,6.2,6.43,2.0,0.4,1,0
2024-01-14,D1,16:30,M'gladbach,Stuttgart,H,H,2023/2024,4.0,1.2,7.0,4.53,14.0,2.01,4.8,1.65,5.71,100.0,4.0,3.6,1.66,1.95,2.6,1.62,80.0,70.59,5.0,9.39,76.47,1.8,4.18,2.34,8.0,3.0,7.8,1.99,3.0,4.6,5.21,2.0,1.0,1,0
2024-01-20,D1,14:30,Bochum,Stuttgart,H,D,2023/2024,1.0,0.6,16.0,4.53,17.0,1.99,3.8,1.65,5.12,40.0,3.0,4.8,1.71,1.99,1.8,1.67,60.0,70.59,2.0,9.13,58.82,2.0,4.4,2.23,6.0,4.0,7.8,1.93,3.0,4.0,4.73,4.0,0.6,0,0
2024-02-03,D1,14:30,Freiburg,Stuttgart,A,A,2023/2024,4.0,1.2,10.0,4.53,17.0,2.33,4.6,1.65,4.41,40.0,4.0,3.0,2.01,1.93,1.4,1.99,80.0,70.59,2.0,8.23,58.82,1.8,3.97,1.94,7.0,4.0,8.6,2.0,2.0,2.4,4.26,9.0,1.2,1,0
2024-02-17,D1,14:30,Darmstadt,Stuttgart,A,A,2023/2024,9.0,1.2,15.0,4.53,13.0,1.52,4.6,1.65,3.76,60.0,4.0,3.6,1.69,2.0,0.6,1.67,80.0,70.59,3.0,8.05,64.71,1.8,4.13,2.31,21.0,4.2,8.8,1.93,5.0,2.6,3.92,4.0,2.0,1,0
2024-03-02,D1,17:30,Wolfsburg,Stuttgart,A,A,2023/2024,2.0,1.8,20.0,4.53,7.0,2.33,4.6,1.65,4.47,60.0,4.0,3.6,1.85,1.9,1.4,1.8,80.0,70.59,3.0,8.54,64.71,1.6,4.25,2.06,12.0,4.6,9.2,2.0,2.0,2.4,4.29,3.0,1.8,1,0
2024-03-16,D1,17:30,Hoffenheim,Stuttgart,A,A,2023/2024,1.0,2.2,8.0,4.53,25.0,1.77,6.6,1.65,5.71,40.0,4.0,3.8,1.43,1.88,0.8,1.36,80.0,70.59,2.0,9.41,70.59,1.0,4.14,3.04,8.0,5.2,11.8,2.05,0.0,3.4,5.27,12.0,1.4,1,1
2024-04-06,D1,17:30,Dortmund,Stuttgart,A,D,2023/2024,7.0,2.4,8.0,4.53,10.0,3.67,7.8,1.65,6.0,80.0,4.0,3.2,1.39,1.89,2.2,1.36,80.0,70.59,4.0,9.73,64.71,0.8,4.04,3.19,14.0,4.4,12.2,2.04,4.0,4.8,5.69,2.0,1.2,0,1
2024-04-21,D1,14:30,Werder Bremen,Stuttgart,H,H,2023/2024,2.0,2.0,11.0,4.53,14.0,1.77,4.6,1.65,4.12,60.0,4.0,6.6,1.59,1.99,1.0,1.53,80.0,70.59,3.0,9.12,70.59,1.0,4.78,2.5,9.0,4.6,9.2,1.93,3.0,4.8,4.34,5.0,1.6,1,0
2024-04-27,D1,17:30,Leverkusen,Stuttgart,D,D,2023/2024,6.0,2.0,10.0,4.53,11.0,4.75,8.2,1.65,7.65,80.0,4.0,1.6,1.62,1.93,2.6,1.57,80.0,70.59,4.0,10.2,82.35,1.2,3.56,2.42,14.0,4.4,12.6,2.02,3.0,4.8,6.64,4.0,0.8,1,0
2024-05-10,D1,19:30,Augsburg,Stuttgart,A,D,2023/2024,1.0,1.6,15.0,4.53,19.0,1.81,6.6,1.65,4.71,20.0,3.0,4.2,1.4,1.75,0.8,1.4,60.0,70.59,1.0,9.24,58.82,0.8,4.38,3.22,9.0,4.6,11.2,2.16,2.0,4.8,4.86,7.0,1.0,0,0
2024-08-24,D1,14:30,Freiburg,Stuttgart,H,D,2024/2025,4.0,1.0,7.0,5.76,9.0,2.11,6.0,1.71,4.29,100.0,1.0,3.0,1.61,2.07,3.0,1.53,100.0,64.71,1.0,9.13,82.35,3.0,4.13,2.43,15.0,3.0,9.0,1.85,1.0,6.0,5.0,2.0,1.0,1,0
2024-09-14,D1,14:30,M'gladbach,Stuttgart,A,D,2024/2025,7.0,2.0,14.0,5.76,12.0,2.53,4.0,1.71,4.94,100.0,2.0,3.0,1.5,2.07,1.5,1.5,100.0,64.71,2.0,9.43,58.82,2.0,4.27,2.76,15.0,2.5,6.5,1.85,2.0,6.0,5.16,7.0,3.0,1,0
2024-09-28,D1,14:30,Wolfsburg,Stuttgart,D,D,2024/2025,2.0,2.0,20.0,5.76,17.0,2.1,2.33,1.71,5.06,100.0,3.0,4.67,1.66,1.85,1.67,1.62,100.0,64.71,3.0,9.27,58.82,2.0,4.38,2.35,5.0,2.67,5.0,2.08,2.0,4.33,4.89,5.0,2.33,1,0
2024-10-19,D1,17:30,Bayern Munich,Stuttgart,H,D,2024/2025,10.0,1.5,6.0,5.76,4.0,10.48,5.0,1.71,6.71,33.33,4.0,2.67,1.29,1.99,2.33,1.29,100.0,64.71,1.0,9.79,82.35,2.5,3.66,3.86,22.0,2.75,7.75,1.93,2.0,5.0,6.13,1.0,0.33,1,0
2024-11-01,D1,19:30,Leverkusen,Stuttgart,D,D,2024/2025,5.0,1.2,13.0,5.76,4.0,5.5,10.8,1.71,7.65,80.0,4.0,2.4,1.41,2.02,2.0,1.4,80.0,64.71,4.0,10.97,64.71,2.0,3.64,3.06,19.0,2.6,13.4,1.9,4.0,6.0,7.33,1.0,1.8,0,1
2024-11-30,D1,14:30,Werder Bremen,Stuttgart,D,D,2024/2025,6.0,1.4,8.0,5.76,10.0,2.8,5.6,1.71,5.12,80.0,4.0,3.8,1.71,2.0,1.2,1.67,80.0,64.71,4.0,9.67,52.94,1.8,4.15,2.27,20.0,2.4,8.0,1.93,1.0,7.0,5.52,4.0,2.2,1,1
2024-12-15,D1,14:30,Heidenheim,Stuttgart,A,A,2024/2025,2.0,1.4,25.0,5.76,18.0,1.91,6.0,1.71,5.18,60.0,4.0,4.2,1.65,2.03,0.4,1.57,80.0,64.71,3.0,9.91,58.82,1.8,4.26,2.4,9.0,3.2,9.2,1.84,3.0,7.6,5.65,7.0,2.2,1,1
2025-01-12,D1,16:30,Augsburg,Stuttgart,A,D,2024/2025,2.0,1.2,11.0,5.76,13.0,2.06,5.2,1.71,5.76,20.0,3.0,6.0,1.83,2.02,0.6,1.73,60.0,64.71,1.0,10.56,52.94,1.4,4.63,2.05,8.0,4.4,9.6,1.9,1.0,8.0,5.93,5.0,0.8,0,1
2025-01-25,D1,14:30,Mainz,Stuttgart,H,H,2024/2025,4.0,1.2,12.0,5.76,10.0,2.47,6.6,1.71,5.82,40.0,2.0,2.6,1.83,1.77,2.2,1.73,40.0,64.71,2.0,10.22,35.29,1.0,4.08,2.06,11.0,4.2,10.8,2.14,3.0,8.4,6.14,5.0,0.4,0,1
2025-02-08,D1,14:30,Dortmund,Stuttgart,A,D,2024/2025,5.0,1.6,13.0,5.76,4.0,3.81,5.0,1.71,6.41,60.0,3.0,4.4,1.53,2.01,1.4,1.5,60.0,64.71,3.0,10.34,76.47,1.2,4.05,2.64,16.0,4.6,9.6,1.92,2.0,8.2,6.29,2.0,1.8,1,1
2025-02-23,D1,18:30,Hoffenheim,Stuttgart,D,A,2024/2025,2.0,1.4,8.0,5.76,14.0,2.1,6.6,1.71,4.88,60.0,2.0,5.4,1.54,1.99,0.8,1.53,40.0,64.71,3.0,10.23,58.82,1.0,4.77,2.56,9.0,5.8,12.4,1.93,0.0,6.8,5.46,7.0,2.0,0,1
2025-03-08,D1,14:30,Holstein Kiel,Stuttgart,D,D,2024/2025,5.0,1.2,8.0,5.76,5.0,1.53,3.2,1.71,3.59,80.0,2.0,5.8,1.5,1.87,1.8,1.44,40.0,64.71,4.0,9.26,70.59,1.2,4.97,2.74,17.0,4.8,8.0,2.06,2.0,5.6,4.29,2.0,2.2,1,0
2025-03-29,D1,17:30,Ein Frankfurt,Stuttgart,H,D,2024/2025,6.0,1.0,9.0,5.76,8.0,2.71,4.4,1.71,5.35,60.0,2.0,5.6,1.53,1.95,1.4,1.5,40.0,64.71,3.0,10.05,70.59,1.4,4.61,2.62,19.0,5.0,9.4,1.96,3.0,6.2,5.44,2.0,1.6,0,1
2025-04-05,D1,14:30,Bochum,Stuttgart,A,A,2024/2025,2.0,1.8,17.0,5.76,14.0,2.91,5.8,1.71,5.76,40.0,3.0,5.4,1.61,1.91,0.6,1.57,60.0,64.71,2.0,10.44,47.06,1.0,4.77,2.39,11.0,5.4,11.2,2.0,1.0,4.8,5.67,6.0,1.8,1,0
2025-04-19,D1,17:30,Union Berlin,Stuttgart,D,D,2024/2025,5.0,2.2,8.0,5.76,13.0,2.47,5.2,1.71,4.19,40.0,3.0,6.2,1.82,1.82,1.4,1.8,60.0,64.71,2.0,9.35,47.06,1.6,4.73,2.05,12.0,5.6,10.8,2.13,2.0,3.6,4.62,6.0,1.6,1,0
2025-05-03,D1,14:30,St Pauli,Stuttgart,A,D,2024/2025,1.0,2.2,17.0,5.76,21.0,2.61,7.4,1.71,5.06,0.0,3.0,2.6,1.83,1.9,0.6,1.8,60.0,64.71,0.0,9.46,17.65,1.4,4.14,2.05,6.0,4.8,12.2,2.03,3.0,3.6,5.32,8.0,1.0,0,0
2025-05-17,D1,14:30,RB Leipzig,Stuttgart,A,H,2024/2025,5.0,2.4,9.0,5.76,15.0,3.6,5.4,1.71,6.12,60.0,3.0,7.2,1.32,1.88,2.2,1.29,60.0,64.71,3.0,10.71,64.71,1.4,4.96,3.56,8.0,6.2,11.6,2.03,0.0,4.0,5.75,7.0,1.6,1,1
2025-08-23,D1,14:30,Union Berlin,Stuttgart,H,H,2025/2026,2.0,1.0,21.0,4.0,21.0,1.92,5.0,2.3,5.4,100.0,1.0,11.0,1.67,1.8,2.0,1.62,100.0,100.0,1.0,11.57,80.0,2.0,6.6,2.21,8.0,11.0,16.0,2.05,4.0,5.0,4.97,6.0,1.0,1,1
2025-09-13,D1,14:30,Freiburg,Stuttgart,H,A,2025/2026,6.0,1.0,8.0,4.0,7.0,2.65,6.0,2.3,5.22,100.0,2.0,3.0,1.75,2.05,2.0,1.67,100.0,100.0,2.0,9.99,77.78,2.5,4.92,2.19,14.0,6.0,12.0,1.89,1.0,6.0,5.07,2.0,2.0,1,0
2025-09-28,D1,16:30,FC Koln,Stuttgart,A,D,2025/2026,6.0,1.33,12.0,4.0,15.0,2.63,5.5,2.3,4.67,100.0,3.0,6.5,1.54,2.03,2.5,1.5,100.0,100.0,2.0,10.52,66.67,2.0,5.73,2.51,14.0,6.67,12.17,1.83,2.0,6.67,4.79,5.0,1.5,1,1
2025-10-18,D1,14:30,Wolfsburg,Stuttgart,A,A,2025/2026,3.0,1.75,12.0,4.0,15.0,2.42,4.75,2.3,4.8,50.0,4.0,8.25,1.7,1.88,1.0,1.67,100.0,100.0,2.0,11.04,70.0,1.5,6.35,2.17,11.0,7.0,11.75,1.98,1.0,5.75,4.69,7.0,2.0,1,1
2025-11-01,D1,14:30,RB Leipzig,Stuttgart,H,H,2025/2026,9.0,1.6,8.0,4.0,14.0,3.25,5.25,2.3,5.78,75.0,5.0,4.5,1.46,1.88,2.5,1.44,100.0,100.0,3.0,10.84,66.67,1.8,5.58,2.75,16.0,6.6,11.85,2.0,2.0,5.6,5.26,4.0,0.75,1,0
2025-11-22,D1,14:30,Dortmund,Stuttgart,D,H,2025/2026,6.0,2.0,12.0,4.0,16.0,4.35,7.8,2.3,6.67,40.0,5.0,4.4,1.6,1.85,1.8,1.57,100.0,100.0,2.0,11.24,44.44,2.0,5.29,2.39,14.0,5.2,13.0,2.0,1.0,5.0,5.95,6.0,0.8,1,0
2025-11-30,D1,14:30,Hamburg,Stuttgart,H,H,2025/2026,2.0,2.0,16.0,4.0,14.0,2.5,3.8,2.3,3.67,60.0,5.0,5.8,1.67,1.93,1.8,1.67,100.0,100.0,3.0,9.59,44.44,1.8,5.75,2.23,9.0,6.2,10.0,1.93,4.0,4.4,3.84,3.0,0.8,1,0
2025-12-14,D1,18:30,Werder Bremen,Stuttgart,A,A,2025/2026,3.0,2.4,11.0,4.0,24.0,2.38,5.2,2.3,4.38,40.0,5.0,3.8,1.6,2.0,1.0,1.57,100.0,100.0,2.0,9.32,62.5,1.6,5.11,2.37,9.0,6.4,11.6,1.86,0.0,2.8,4.21,12.0,1.2,1,0
2026-01-10,D1,17:30,Leverkusen,Stuttgart,A,A,2025/2026,4.0,2.6,13.0,4.0,10.0,3.2,7.2,2.3,5.8,60.0,5.0,2.6,1.63,1.9,2.4,1.62,100.0,100.0,3.0,10.23,50.0,1.8,5.0,2.35,16.0,5.4,12.6,1.95,2.0,3.2,5.23,7.0,1.2,1,0
2026-01-25,D1,14:30,M'gladbach,Stuttgart,A,A,2025/2026,3.0,3.0,11.0,4.0,17.0,2.33,3.2,2.3,4.1,80.0,5.0,4.2,1.62,2.0,1.6,1.57,100.0,100.0,4.0,9.16,70.0,1.2,5.34,2.35,12.0,5.2,8.4,1.87,1.0,2.4,3.82,8.0,1.4,1,0
2023-08-26,D1,14:30,Darmstadt,Union Berlin,A,A,2023/2024,6.0,4.0,15.0,5.47,12.0,2.07,3.0,0.65,3.76,100.0,1.0,5.0,2.28,2.05,1.0,2.2,100.0,35.29,1.0,8.29,64.71,1.0,4.25,1.7,18.0,5.0,8.0,1.93,2.0,3.0,4.04,6.0,4.0,1,0
2023-09-16,D1,14:30,Wolfsburg,Union Berlin,H,H,2023/2024,3.0,2.5,6.0,5.47,17.0,3.68,2.0,0.65,4.47,50.0,2.0,7.0,2.25,1.95,2.0,2.1,100.0,35.29,1.0,8.96,64.71,1.5,4.63,1.77,8.0,6.0,8.0,1.97,0.0,3.0,4.33,5.0,0.5,1,0
2023-09-30,D1,14:30,Heidenheim,Union Berlin,H,D,2023/2024,4.0,1.67,11.0,5.47,19.0,2.35,8.33,0.65,6.24,66.67,2.0,4.67,2.0,1.99,2.33,1.89,66.67,35.29,2.0,10.46,58.82,1.33,4.46,1.96,9.0,6.33,14.66,1.92,2.0,3.67,6.0,8.0,1.67,0,1
2023-10-07,D1,14:30,Dortmund,Union Berlin,H,A,2023/2024,7.0,1.75,7.0,5.47,12.0,5.05,4.5,0.65,6.0,50.0,3.0,4.5,1.76,1.92,2.0,1.67,75.0,35.29,2.0,9.75,64.71,2.0,4.26,2.23,12.0,6.25,10.75,2.09,1.0,3.75,5.49,6.0,1.0,1,0
2023-10-28,D1,14:30,Werder Bremen,Union Berlin,H,H,2023/2024,3.0,1.4,12.0,5.47,7.0,2.55,3.4,0.65,4.12,80.0,3.0,5.6,1.92,1.92,2.0,1.87,60.0,35.29,4.0,9.01,70.59,2.0,4.68,2.02,9.0,5.6,9.0,2.01,4.0,3.6,4.33,2.0,1.6,0,0
2023-11-12,D1,14:30,Leverkusen,Union Berlin,H,H,2023/2024,10.0,0.6,8.0,5.47,2.0,9.5,8.6,0.65,7.65,100.0,3.0,2.6,1.65,1.78,3.6,1.62,60.0,35.29,5.0,10.54,82.35,2.6,3.6,2.36,19.0,4.8,13.4,2.06,1.0,5.0,6.94,2.0,0.6,1,1
2023-12-16,D1,14:30,Bochum,Union Berlin,H,H,2023/2024,7.0,0.4,12.0,5.47,10.0,2.88,5.0,0.65,5.12,80.0,3.0,5.4,2.09,1.95,2.0,2.0,60.0,35.29,4.0,9.62,58.82,2.8,4.38,1.83,21.0,4.2,9.2,1.98,2.0,5.6,5.24,2.0,1.4,1,0
2024-01-13,D1,14:30,Freiburg,Union Berlin,D,D,2023/2024,4.0,0.4,7.0,5.47,8.0,4.05,6.6,0.65,4.41,40.0,3.0,2.2,2.23,2.08,1.6,2.2,60.0,35.29,2.0,8.72,58.82,2.6,3.73,1.74,14.0,3.4,10.0,1.84,2.0,5.4,4.99,4.0,1.0,0,0
2024-01-24,D1,19:30,Bayern Munich,Union Berlin,H,D,2023/2024,10.0,0.0,5.0,5.47,4.0,23.0,9.2,0.65,7.24,60.0,2.0,1.8,1.34,1.75,2.2,1.3,40.0,35.29,3.0,10.25,70.59,2.0,3.28,3.51,24.0,2.4,11.6,2.05,4.0,7.0,6.97,1.0,0.6,0,1
2024-02-04,D1,16:30,RB Leipzig,Union Berlin,H,H,2023/2024,6.0,0.0,13.0,5.47,10.0,9.4,7.0,0.65,6.76,60.0,2.0,4.4,1.61,2.05,1.8,1.57,40.0,35.29,3.0,10.32,58.82,2.0,3.79,2.46,16.0,2.6,9.6,1.92,2.0,7.4,6.53,2.0,1.2,0,0
2024-02-07,D1,17:30,Mainz,Union Berlin,D,D,2023/2024,7.0,0.2,14.0,5.47,15.0,4.26,9.6,0.65,6.82,0.0,1.0,2.2,2.48,2.04,0.4,2.2,20.0,35.29,0.0,10.42,35.29,1.4,3.64,1.66,16.0,3.0,12.6,1.91,4.0,7.0,6.78,4.0,1.0,0,1
2024-02-17,D1,14:30,Hoffenheim,Union Berlin,A,D,2023/2024,4.0,0.4,10.0,5.47,10.0,4.13,7.4,0.65,5.71,40.0,0.0,3.6,1.9,1.86,1.6,1.73,0.0,35.29,2.0,9.71,70.59,0.8,3.76,2.06,16.0,2.6,10.0,2.07,4.0,7.0,5.95,3.0,1.4,0,0
2024-03-08,D1,19:30,Stuttgart,Union Berlin,H,H,2023/2024,5.0,0.4,7.0,5.47,10.0,7.0,6.0,0.65,5.65,60.0,0.0,3.8,1.83,1.86,2.8,1.73,0.0,35.29,3.0,9.56,76.47,1.2,3.78,2.09,14.0,2.6,8.6,2.12,2.0,7.0,5.78,4.0,0.8,0,0
2024-03-30,D1,14:30,Ein Frankfurt,Union Berlin,D,D,2023/2024,4.0,0.4,8.0,5.47,10.0,4.39,5.2,0.65,5.71,40.0,0.0,2.0,2.24,1.84,1.4,2.0,0.0,35.29,2.0,9.04,52.94,1.0,3.43,1.75,18.0,2.8,8.0,2.1,1.0,5.8,5.61,2.0,0.8,0,0
2024-04-12,D1,19:30,Augsburg,Union Berlin,H,D,2023/2024,4.0,0.4,15.0,5.47,17.0,3.68,6.6,0.65,4.71,40.0,0.0,3.4,2.0,2.07,1.6,2.0,0.0,35.29,2.0,9.22,58.82,1.0,4.02,1.89,12.0,2.8,9.4,1.88,1.0,5.8,5.2,4.0,0.8,0,0
2024-04-28,D1,14:30,M'gladbach,Union Berlin,D,D,2023/2024,4.0,0.2,3.0,5.47,14.0,2.97,6.4,0.65,5.71,80.0,0.0,3.6,1.96,1.87,1.8,1.95,0.0,35.29,4.0,9.71,76.47,0.8,4.08,1.92,13.0,3.0,9.4,2.06,2.0,4.8,5.63,7.0,2.0,0,0
2024-05-11,D1,14:30,FC Koln,Union Berlin,H,A,2023/2024,5.0,0.4,15.0,5.47,14.0,2.85,5.8,0.65,6.65,60.0,1.0,4.4,2.02,1.87,1.2,1.95,20.0,35.29,3.0,10.35,41.18,1.4,4.26,1.9,18.0,4.2,10.0,2.08,2.0,4.8,6.09,6.0,2.0,1,1
2024-08-24,D1,14:30,Mainz,Union Berlin,D,D,2024/2025,3.0,1.0,9.0,5.35,15.0,3.99,8.0,1.0,5.82,0.0,0.0,9.0,2.27,1.85,1.0,2.07,0.0,52.94,0.0,11.4,35.29,1.0,5.26,1.79,15.0,9.0,17.0,2.09,3.0,8.0,6.14,4.0,1.0,0,1
2024-09-14,D1,14:30,RB Leipzig,Union Berlin,D,D,2024/2025,3.0,0.5,9.0,5.35,11.0,7.0,7.5,1.0,6.12,0.0,0.0,4.0,1.62,1.83,0.5,1.57,0.0,52.94,0.0,10.94,64.71,0.5,4.79,2.4,16.0,7.0,14.5,2.08,3.0,7.0,6.15,3.0,0.0,0,1
2024-09-28,D1,14:30,M'gladbach,Union Berlin,H,D,2024/2025,3.0,0.33,10.0,5.35,9.0,3.53,3.33,1.0,4.94,66.67,0.0,3.33,1.9,2.06,1.33,1.8,0.0,52.94,2.0,9.64,58.82,0.67,4.72,2.05,8.0,6.0,9.33,1.85,1.0,5.33,4.92,3.0,2.0,0,0
2024-10-20,D1,14:30,Holstein Kiel,Union Berlin,A,A,2024/2025,5.0,0.75,8.0,5.35,14.0,2.1,3.5,1.0,3.59,50.0,0.0,7.25,1.9,1.89,0.75,1.85,0.0,52.94,2.0,9.47,70.59,0.5,5.23,2.0,12.0,5.25,8.75,2.02,1.0,5.75,4.24,4.0,3.5,0,0
2024-11-02,D1,14:30,Bayern Munich,Union Berlin,H,H,2024/2025,7.0,0.6,2.0,5.35,8.0,21.59,5.5,1.0,6.71,50.0,1.0,3.0,1.43,2.03,2.5,1.36,20.0,52.94,2.0,10.17,82.35,1.0,3.99,3.13,16.0,5.0,10.5,1.9,2.0,6.0,6.18,1.0,0.25,1,1
2024-11-23,D1,14:30,Wolfsburg,Union Berlin,H,D,2024/2025,5.0,0.4,7.0,5.35,11.0,3.85,5.2,1.0,5.06,60.0,1.0,3.4,2.24,1.88,1.4,2.1,20.0,52.94,3.0,9.71,58.82,1.0,4.47,1.73,10.0,4.2,9.4,2.04,2.0,6.0,5.24,4.0,1.8,0,1
2024-12-06,D1,19:30,Stuttgart,Union Berlin,H,A,2024/2025,5.0,0.8,14.0,5.35,14.0,4.6,7.0,1.0,6.12,60.0,2.0,4.6,2.17,2.06,2.0,2.1,40.0,52.94,3.0,10.25,76.47,1.6,4.35,1.76,7.0,4.4,11.4,1.87,6.0,5.0,5.9,3.0,1.4,1,0
2024-12-21,D1,14:30,Werder Bremen,Union Berlin,H,H,2024/2025,6.0,1.0,9.0,5.35,16.0,3.56,6.2,1.0,5.12,80.0,3.0,4.8,2.24,2.05,2.0,2.1,60.0,52.94,4.0,9.93,52.94,2.2,4.62,1.76,11.0,5.4,11.6,1.83,2.0,5.4,5.31,4.0,1.4,1,1
2025-01-11,D1,14:30,Heidenheim,Union Berlin,H,H,2024/2025,9.0,0.6,8.0,5.35,10.0,2.62,6.4,1.0,5.18,60.0,3.0,4.6,1.98,2.03,0.8,1.88,60.0,52.94,3.0,9.93,58.82,2.6,4.6,1.96,16.0,5.6,12.0,1.88,1.0,5.0,5.33,6.0,2.0,0,0
2025-01-26,D1,16:30,St Pauli,Union Berlin,H,H,2024/2025,5.0,0.6,6.0,5.35,14.0,3.4,4.2,1.0,5.06,40.0,3.0,5.8,2.25,2.11,1.2,2.1,60.0,52.94,2.0,9.66,17.65,2.6,4.66,1.72,16.0,6.2,10.4,1.8,3.0,4.6,5.0,2.0,1.0,1,1
2025-02-08,D1,14:30,Hoffenheim,Union Berlin,A,A,2024/2025,4.0,1.4,9.0,5.35,22.0,3.15,7.0,1.0,4.88,60.0,4.0,4.0,1.78,1.93,0.8,1.73,80.0,52.94,3.0,9.89,58.82,2.4,4.71,2.14,16.0,6.0,13.0,1.99,1.0,4.6,5.18,7.0,2.0,1,1
2025-02-22,D1,17:30,Dortmund,Union Berlin,H,H,2024/2025,8.0,1.0,10.0,5.35,6.0,7.1,5.6,1.0,6.41,80.0,4.0,4.4,1.68,1.98,2.4,1.62,80.0,52.94,4.0,10.15,76.47,3.0,4.19,2.35,24.0,5.4,11.0,1.94,2.0,5.4,5.96,1.0,1.6,1,0
2025-03-09,D1,14:30,Ein Frankfurt,Union Berlin,A,H,2024/2025,3.0,1.2,10.0,5.35,11.0,4.05,4.2,1.0,5.35,60.0,4.0,5.0,1.88,1.95,1.6,1.84,80.0,52.94,3.0,9.75,70.59,2.4,4.57,2.02,14.0,4.6,8.8,1.97,0.0,4.8,5.18,3.0,1.6,1,0
2025-03-30,D1,14:30,Freiburg,Union Berlin,A,D,2024/2025,3.0,1.6,8.0,5.35,10.0,4.3,3.2,1.0,4.29,60.0,5.0,4.6,2.07,1.89,1.6,2.05,100.0,52.94,3.0,8.96,82.35,2.2,4.5,1.8,9.0,4.4,7.6,2.03,4.0,4.4,4.46,6.0,0.8,1,0
2025-04-12,D1,14:30,Leverkusen,Union Berlin,D,D,2024/2025,3.0,1.6,10.0,5.35,7.0,9.0,5.8,1.0,7.65,40.0,4.0,2.2,1.76,1.89,1.2,1.73,80.0,52.94,2.0,10.38,64.71,1.6,3.78,2.15,16.0,3.6,9.4,2.03,1.0,4.8,6.6,3.0,0.8,0,0
2025-04-27,D1,14:30,Bochum,Union Berlin,D,A,2024/2025,4.0,1.0,11.0,5.35,5.0,3.15,7.0,1.0,5.76,60.0,3.0,4.4,1.99,1.89,0.6,1.86,60.0,52.94,3.0,10.29,47.06,1.8,4.56,1.94,10.0,3.6,10.6,2.04,2.0,5.2,5.73,1.0,2.2,0,1
2025-05-17,D1,14:30,Augsburg,Union Berlin,A,H,2024/2025,4.0,1.4,6.0,5.35,6.0,4.45,4.4,1.0,5.76,60.0,3.0,3.4,1.82,2.06,0.8,1.73,60.0,52.94,3.0,9.75,52.94,0.8,4.3,2.12,19.0,3.0,7.4,1.84,0.0,5.0,5.45,4.0,1.6,1,0
2025-08-31,D1,16:30,Dortmund,Union Berlin,H,H,2025/2026,6.0,0.0,14.0,3.89,12.0,8.0,4.0,1.0,6.67,100.0,1.0,6.0,1.6,2.0,3.0,1.57,100.0,33.33,1.0,10.59,44.44,3.0,5.15,2.36,11.0,6.0,10.0,1.85,0.0,4.0,5.44,3.0,0.0,1,0
2025-09-21,D1,14:30,Ein Frankfurt,Union Berlin,A,A,2025/2026,10.0,2.0,10.0,3.89,11.0,5.1,6.0,1.0,5.0,100.0,2.0,1.0,1.63,1.93,3.5,1.62,100.0,33.33,2.0,8.9,55.56,3.0,4.13,2.3,19.0,3.5,9.5,1.95,2.0,4.5,4.77,5.0,2.5,1,0
2025-10-04,D1,14:30,Leverkusen,Union Berlin,H,H,2025/2026,3.0,1.33,11.0,3.89,10.0,5.0,4.25,1.0,5.8,50.0,2.0,5.0,1.83,1.98,1.75,1.83,66.67,33.33,2.0,9.71,50.0,2.67,4.69,1.98,20.0,3.67,7.92,1.92,3.0,4.33,5.02,3.0,1.0,0,0
2025-10-24,D1,19:30,Werder Bremen,Union Berlin,H,D,2025/2026,3.0,1.0,6.0,3.89,12.0,3.1,3.5,1.0,4.38,50.0,2.0,3.5,1.73,1.83,1.25,1.73,50.0,33.33,2.0,8.67,62.5,2.25,4.49,2.12,16.0,4.25,7.75,2.03,0.0,4.5,4.18,2.0,1.5,0,1
2025-11-23,D1,16:30,St Pauli,Union Berlin,A,A,2025/2026,3.0,1.0,10.0,3.89,8.0,3.0,8.2,1.0,6.88,80.0,2.0,2.4,2.63,2.1,0.6,2.63,40.0,33.33,4.0,10.5,75.0,1.8,4.4,1.52,12.0,3.8,12.0,1.78,1.0,5.2,6.1,3.0,2.2,0,0
2025-12-06,D1,14:30,Wolfsburg,Union Berlin,H,H,2025/2026,3.0,1.2,13.0,3.89,21.0,3.9,4.0,1.0,4.8,80.0,2.0,6.6,1.95,2.0,1.2,1.95,40.0,33.33,4.0,10.04,70.0,1.8,5.59,1.88,4.0,4.8,8.8,1.85,1.0,4.4,4.45,6.0,2.2,1,1
2025-12-20,D1,14:30,FC Koln,Union Berlin,A,D,2025/2026,2.0,0.6,9.0,3.89,11.0,2.9,3.6,1.0,4.67,40.0,1.0,3.6,2.1,1.83,1.8,2.1,20.0,33.33,2.0,9.28,66.67,1.2,4.98,1.73,13.0,5.8,9.4,2.03,5.0,4.0,4.3,3.0,1.6,0,0
2026-01-15,D1,19:30,Augsburg,Union Berlin,D,H,2025/2026,5.0,0.8,9.0,3.89,16.0,2.88,4.4,1.0,5.6,0.0,1.0,5.4,2.2,2.0,0.8,2.2,20.0,33.33,0.0,10.14,50.0,1.0,5.27,1.65,9.0,5.6,10.0,1.85,0.0,3.8,4.87,3.0,0.4,0,0
2026-01-18,D1,14:30,Stuttgart,Union Berlin,D,D,2025/2026,4.0,1.0,6.0,3.89,20.0,5.75,4.8,1.0,5.11,60.0,1.0,4.0,1.77,2.03,1.4,1.73,20.0,33.33,3.0,9.58,44.44,1.0,4.98,2.1,13.0,6.0,10.8,1.83,1.0,3.4,4.6,3.0,2.0,0,1
2023-08-26,D1,14:30,Freiburg,Werder Bremen,H,D,2023/2024,6.0,0.0,9.0,6.12,16.0,4.99,5.0,1.12,4.41,0.0,0.0,5.0,1.66,1.98,1.0,1.62,0.0,47.06,0.0,8.54,58.82,1.0,3.58,2.33,23.0,5.0,10.0,1.94,2.0,5.0,4.96,2.0,0.0,0,0
2023-09-17,D1,14:30,Heidenheim,Werder Bremen,H,H,2023/2024,4.0,1.0,21.0,6.12,11.0,3.0,10.0,1.12,6.24,100.0,1.0,3.5,1.68,1.83,3.0,1.62,50.0,47.06,2.0,10.13,58.82,2.5,3.42,2.31,19.0,3.0,13.0,2.09,1.0,7.5,6.71,4.0,2.5,1,1
2023-10-01,D1,14:30,Darmstadt,Werder Bremen,H,H,2023/2024,5.0,1.33,19.0,6.12,10.0,2.48,3.67,1.12,3.76,100.0,2.0,5.0,1.63,2.03,2.67,1.57,66.67,47.06,3.0,8.03,64.71,3.0,3.5,2.38,14.0,3.33,7.0,1.83,2.0,5.67,4.53,7.0,3.0,1,0
2023-10-20,D1,19:30,Dortmund,Werder Bremen,H,D,2023/2024,5.0,1.0,5.0,6.12,6.0,10.0,5.6,1.12,6.0,40.0,2.0,4.4,1.3,1.95,1.8,1.29,50.0,47.06,2.0,9.45,64.71,2.5,3.39,3.71,22.0,3.5,9.1,2.0,5.0,6.75,6.06,1.0,0.8,0,1
2023-11-05,D1,14:30,Wolfsburg,Werder Bremen,D,D,2023/2024,5.0,1.2,14.0,6.12,13.0,4.65,4.0,1.12,4.47,60.0,3.0,4.6,1.5,1.99,1.8,1.44,60.0,47.06,3.0,8.56,64.71,2.4,3.53,2.72,15.0,3.2,7.2,1.95,1.0,6.4,5.03,4.0,1.0,1,0
2023-12-02,D1,17:30,Stuttgart,Werder Bremen,H,H,2023/2024,6.0,1.2,7.0,6.12,11.0,9.4,5.6,1.12,5.65,80.0,3.0,3.6,1.5,2.06,2.4,1.36,60.0,47.06,4.0,9.13,76.47,2.6,3.27,2.97,17.0,3.6,9.2,1.9,0.0,6.6,5.86,3.0,1.2,0,1
2023-12-15,D1,19:30,M'gladbach,Werder Bremen,D,D,2023/2024,4.0,1.2,10.0,6.12,10.0,3.5,6.8,1.12,5.71,100.0,3.0,3.6,1.6,1.89,2.4,1.57,60.0,47.06,5.0,9.48,76.47,2.2,3.59,2.47,15.0,4.0,10.8,2.07,2.0,5.4,5.89,5.0,1.2,1,0
2024-01-14,D1,14:30,Bochum,Werder Bremen,D,D,2023/2024,4.0,1.0,14.0,6.12,15.0,3.46,4.6,1.12,5.12,60.0,2.0,4.2,1.74,1.95,2.0,1.73,40.0,47.06,3.0,9.02,58.82,1.6,3.65,2.2,13.0,4.0,8.6,1.96,5.0,5.6,5.37,4.0,1.0,0,0
2024-01-21,D1,14:30,Bayern Munich,Werder Bremen,A,D,2023/2024,6.0,1.2,12.0,6.12,8.0,29.0,8.2,1.12,7.24,80.0,2.0,1.8,1.23,1.97,3.6,1.2,40.0,47.06,4.0,9.7,70.59,1.4,2.81,4.51,21.0,3.6,11.8,1.94,1.0,5.6,6.89,3.0,0.6,0,1
2024-02-03,D1,14:30,Mainz,Werder Bremen,A,A,2023/2024,5.0,1.0,22.0,6.12,6.0,4.1,8.4,1.12,6.82,0.0,1.0,3.0,2.13,2.09,0.6,2.05,20.0,47.06,0.0,9.98,35.29,1.0,3.18,1.83,20.0,3.4,11.8,1.85,3.0,6.8,6.8,1.0,0.8,0,1
2024-02-16,D1,19:30,FC Koln,Werder Bremen,A,D,2023/2024,2.0,1.2,16.0,6.12,13.0,3.1,7.0,1.12,6.65,20.0,1.0,5.4,2.11,2.1,0.6,2.08,20.0,47.06,1.0,10.17,41.18,0.6,3.62,1.81,10.0,2.6,9.6,1.85,4.0,6.6,6.55,4.0,1.2,0,0
2024-03-03,D1,16:30,Hoffenheim,Werder Bremen,H,H,2023/2024,7.0,1.0,11.0,6.12,18.0,3.67,7.2,1.12,5.71,40.0,1.0,3.2,1.53,1.93,1.4,1.44,20.0,47.06,2.0,9.16,70.59,0.6,3.13,2.72,14.0,2.6,9.8,1.99,1.0,6.4,6.03,8.0,1.4,1,0
2024-03-16,D1,14:30,Union Berlin,Werder Bremen,H,D,2023/2024,5.0,1.0,16.0,6.12,10.0,3.86,5.2,1.12,5.29,40.0,2.0,5.0,2.13,1.87,1.2,2.04,40.0,47.06,2.0,9.15,58.82,0.8,3.53,1.85,11.0,2.4,7.6,2.07,5.0,6.6,5.62,2.0,1.0,1,0
2024-04-05,D1,19:30,Ein Frankfurt,Werder Bremen,D,D,2023/2024,5.0,1.0,10.0,6.12,10.0,4.66,6.6,1.12,5.71,40.0,2.0,1.8,1.78,1.94,1.4,1.67,40.0,47.06,2.0,8.71,52.94,1.0,2.74,2.19,19.0,2.0,8.6,2.02,2.0,6.4,5.97,7.0,1.0,0,0
2024-04-14,D1,16:30,Leverkusen,Werder Bremen,H,H,2023/2024,10.0,0.8,10.0,6.12,7.0,15.0,8.0,1.12,7.65,80.0,3.0,2.4,1.43,1.88,2.8,1.4,60.0,47.06,4.0,9.79,82.35,2.0,2.69,3.07,19.0,1.8,9.8,2.02,1.0,5.6,7.1,3.0,0.4,1,0
2024-04-27,D1,14:30,Augsburg,Werder Bremen,A,D,2023/2024,1.0,1.2,18.0,6.12,16.0,4.78,7.6,1.12,4.71,40.0,4.0,3.6,1.55,1.86,1.2,1.44,80.0,47.06,2.0,8.84,58.82,2.0,3.38,2.76,14.0,2.0,9.6,2.11,2.0,5.8,5.46,8.0,1.0,1,0
2024-05-11,D1,14:30,RB Leipzig,Werder Bremen,D,A,2023/2024,5.0,1.2,12.0,6.12,10.0,8.05,7.0,1.12,6.76,40.0,3.0,4.2,1.36,1.95,2.0,1.36,60.0,47.06,2.0,9.68,58.82,1.8,3.13,3.3,13.0,2.0,9.0,2.02,0.0,6.0,6.55,1.0,0.4,0,0
2024-08-24,D1,14:30,Augsburg,Werder Bremen,D,H,2024/2025,3.0,2.0,11.0,5.24,12.0,3.16,4.0,1.94,5.76,100.0,1.0,2.0,1.75,1.91,2.0,1.67,100.0,76.47,1.0,9.21,52.94,2.0,3.93,2.21,10.0,2.0,6.0,2.02,1.0,4.0,5.28,6.0,2.0,1,0
2024-09-15,D1,16:30,Mainz,Werder Bremen,A,D,2024/2025,5.0,2.0,12.0,5.24,11.0,3.5,9.0,1.94,5.82,50.0,2.0,6.5,1.78,1.85,1.0,1.73,100.0,76.47,1.0,10.39,35.29,1.5,4.28,2.12,11.0,3.0,12.0,2.08,1.0,7.0,6.11,5.0,1.5,1,1
2024-09-29,D1,16:30,Hoffenheim,Werder Bremen,A,D,2024/2025,5.0,2.67,12.0,5.24,18.0,3.1,4.67,1.94,4.88,100.0,3.0,8.0,1.54,1.75,2.33,1.5,100.0,76.47,3.0,9.77,58.82,2.0,4.78,2.6,10.0,4.0,8.67,2.11,3.0,5.33,4.99,10.0,3.33,1,0
2024-10-20,D1,16:30,Wolfsburg,Werder Bremen,A,D,2024/2025,6.0,3.0,15.0,5.24,15.0,3.75,2.75,1.94,5.06,100.0,4.0,4.5,1.65,1.75,1.75,1.57,100.0,76.47,4.0,9.3,58.82,2.0,4.43,2.39,14.0,4.0,6.75,2.11,1.0,5.0,4.87,7.0,2.75,1,0
2024-11-03,D1,16:30,M'gladbach,Werder Bremen,H,H,2024/2025,8.0,2.6,12.0,5.24,15.0,3.15,4.6,1.94,4.94,80.0,5.0,4.0,1.54,2.03,2.2,1.5,100.0,76.47,4.0,9.55,58.82,2.4,4.52,2.6,16.0,4.6,9.2,1.88,4.0,5.4,5.03,5.0,1.8,1,1
2024-11-23,D1,17:30,Ein Frankfurt,Werder Bremen,H,H,2024/2025,5.0,2.2,15.0,5.24,8.0,4.58,3.8,1.94,5.35,60.0,4.0,5.6,1.53,2.0,3.2,1.5,80.0,76.47,3.0,9.77,70.59,2.2,4.58,2.62,15.0,5.4,9.2,1.91,2.0,5.6,5.19,1.0,1.2,0,1
2024-12-07,D1,14:30,Bochum,Werder Bremen,A,D,2024/2025,2.0,2.0,12.0,5.24,9.0,2.2,5.2,1.94,5.76,60.0,3.0,5.0,1.67,1.95,0.8,1.57,60.0,76.47,3.0,10.23,47.06,2.0,4.69,2.38,12.0,5.6,10.8,2.0,1.0,5.4,5.54,1.0,2.4,0,1
2024-12-14,D1,17:30,St Pauli,Werder Bremen,A,A,2024/2025,4.0,1.6,10.0,5.24,8.0,2.68,4.4,1.94,5.06,40.0,2.0,5.4,2.13,1.95,0.6,2.0,40.0,76.47,2.0,9.52,17.65,1.4,4.41,1.83,15.0,5.4,9.8,1.97,3.0,5.8,5.11,4.0,1.4,0,0
2025-01-12,D1,14:30,RB Leipzig,Werder Bremen,H,H,2024/2025,7.0,1.2,7.0,5.24,7.0,4.15,5.6,1.94,6.12,80.0,2.0,3.6,1.63,1.91,2.0,1.57,40.0,76.47,4.0,10.22,64.71,1.8,4.4,2.42,18.0,4.8,10.4,2.0,1.0,5.8,5.82,2.0,1.8,1,0
2025-01-25,D1,14:30,Dortmund,Werder Bremen,D,H,2024/2025,4.0,1.4,11.0,5.24,13.0,6.34,4.6,1.94,6.41,60.0,2.0,3.6,1.49,1.8,2.0,1.44,40.0,76.47,3.0,9.72,76.47,1.4,3.88,2.77,8.0,4.4,9.0,2.08,4.0,5.4,5.84,4.0,1.4,1,0
2025-02-07,D1,19:30,Bayern Munich,Werder Bremen,H,D,2024/2025,12.0,1.4,9.0,5.24,2.0,23.0,8.8,1.94,6.71,100.0,3.0,1.4,1.24,1.95,4.0,1.2,60.0,76.47,5.0,9.98,82.35,1.8,3.56,4.37,21.0,3.6,12.4,2.0,3.0,5.4,6.42,0.0,1.2,1,0
2025-02-21,D1,19:30,Freiburg,Werder Bremen,H,H,2024/2025,8.0,1.2,14.0,5.24,9.0,4.2,4.6,1.94,4.29,80.0,4.0,4.2,1.94,1.85,2.6,1.91,80.0,76.47,4.0,8.83,82.35,2.8,4.28,1.95,13.0,4.0,8.6,2.1,0.0,4.2,4.55,3.0,1.2,1,0
2025-03-08,D1,14:30,Leverkusen,Werder Bremen,A,A,2024/2025,4.0,1.2,12.0,5.24,11.0,10.0,6.8,1.94,7.65,40.0,4.0,3.2,1.58,1.88,1.4,1.53,80.0,76.47,2.0,10.49,64.71,2.8,3.75,2.5,18.0,3.6,10.4,2.04,4.0,5.4,6.74,7.0,0.8,0,1
2025-03-29,D1,14:30,Holstein Kiel,Werder Bremen,A,A,2024/2025,0.0,1.4,13.0,5.24,14.0,2.26,3.6,1.94,3.59,80.0,4.0,4.8,1.68,1.84,1.0,1.62,80.0,76.47,4.0,8.91,70.59,2.0,4.75,2.29,11.0,4.2,7.8,2.09,1.0,5.2,4.16,7.0,2.4,1,0
2025-04-13,D1,14:30,Stuttgart,Werder Bremen,A,D,2024/2025,4.0,1.4,12.0,5.24,14.0,4.6,3.4,1.94,6.12,100.0,4.0,5.0,1.51,2.07,1.4,1.5,80.0,76.47,5.0,9.72,76.47,1.8,4.22,2.65,12.0,4.0,7.4,1.84,2.0,4.8,5.5,5.0,2.6,1,0
2025-05-03,D1,14:30,Union Berlin,Werder Bremen,D,A,2024/2025,7.0,1.8,9.0,5.24,13.0,2.44,5.4,1.94,4.19,40.0,4.0,6.2,1.99,1.85,1.6,1.88,80.0,76.47,2.0,9.2,47.06,1.6,4.57,1.96,17.0,4.6,10.0,2.05,3.0,4.8,4.63,6.0,1.6,1,0
2025-05-17,D1,14:30,Heidenheim,Werder Bremen,A,A,2024/2025,8.0,2.6,11.0,5.24,13.0,2.58,4.6,1.94,5.18,60.0,4.0,3.4,1.5,1.8,0.8,1.44,80.0,76.47,3.0,9.35,58.82,0.8,4.19,2.71,21.0,4.0,8.6,2.07,2.0,5.4,5.16,7.0,2.0,1,0
2025-08-23,D1,14:30,Ein Frankfurt,Werder Bremen,H,H,2025/2026,5.0,1.0,9.0,6.9,10.0,5.5,7.0,1.0,5.0,100.0,1.0,1.0,1.5,1.98,4.0,1.4,100.0,60.0,1.0,9.2,55.56,4.0,3.32,2.77,18.0,1.0,8.0,1.9,3.0,7.0,5.88,5.0,1.0,1,0
2025-09-14,D1,16:30,M'gladbach,Werder Bremen,A,A,2025/2026,3.0,2.5,12.0,6.9,12.0,3.2,8.0,1.0,4.1,50.0,2.0,5.0,1.44,1.88,0.0,1.44,100.0,60.0,1.0,9.79,70.0,2.0,4.21,2.79,19.0,2.5,10.5,1.98,0.0,8.0,5.58,7.0,2.0,1,1
2025-09-26,D1,19:30,Bayern Munich,Werder Bremen,H,H,2025/2026,13.0,1.67,9.0,6.9,9.0,21.0,5.67,1.0,6.6,100.0,3.0,4.67,1.2,1.98,5.0,1.2,100.0,60.0,3.0,10.66,100.0,2.67,3.97,4.49,26.0,3.67,9.34,1.88,0.0,7.67,6.69,3.0,0.0,1,1
2025-10-18,D1,14:30,Heidenheim,Werder Bremen,D,D,2025/2026,11.0,1.75,9.0,6.9,11.0,2.6,5.5,1.0,4.5,75.0,4.0,3.25,1.71,2.05,1.25,1.67,100.0,60.0,3.0,9.63,80.0,2.5,4.01,2.17,31.0,3.25,8.75,1.8,3.0,8.75,5.62,4.0,2.0,1,1
2025-11-01,D1,14:30,Mainz,Werder Bremen,D,H,2025/2026,5.0,1.6,19.0,6.9,5.0,4.0,4.4,1.0,6.5,20.0,4.0,3.2,1.55,1.85,0.8,1.53,80.0,60.0,1.0,10.2,30.0,2.2,3.72,2.46,10.0,2.6,7.0,2.0,3.0,7.4,6.48,3.0,1.8,0,0
2025-11-23,D1,14:30,RB Leipzig,Werder Bremen,H,D,2025/2026,13.0,1.4,5.0,6.9,15.0,5.75,6.8,1.0,5.78,60.0,3.0,5.0,1.33,1.98,2.4,1.33,60.0,60.0,3.0,10.85,66.67,1.8,4.41,3.22,22.0,3.8,10.6,1.88,2.0,8.6,6.44,6.0,0.6,0,1
2025-12-07,D1,14:30,Hamburg,Werder Bremen,H,A,2025/2026,6.0,1.0,8.0,6.9,10.0,2.9,4.6,1.0,3.67,60.0,3.0,4.0,1.77,1.85,2.0,1.73,60.0,60.0,3.0,9.36,44.44,2.4,4.38,2.07,12.0,3.6,8.2,2.0,6.0,7.8,4.98,3.0,1.0,1,0
2025-12-20,D1,14:30,Augsburg,Werder Bremen,D,D,2025/2026,6.0,1.0,10.0,6.9,9.0,3.33,4.2,1.0,5.6,20.0,2.0,5.4,1.81,1.88,0.6,1.8,40.0,60.0,1.0,10.59,50.0,1.6,4.61,2.01,14.0,4.6,8.8,1.98,4.0,7.6,5.98,0.0,1.4,0,1
2026-01-13,D1,19:30,Dortmund,Werder Bremen,H,H,2025/2026,8.0,0.6,14.0,6.9,6.0,7.5,7.0,1.0,6.67,40.0,2.0,3.6,1.55,1.78,2.2,1.53,40.0,60.0,2.0,10.9,44.44,1.8,4.23,2.5,18.0,4.8,11.8,2.03,0.0,5.8,6.67,3.0,0.6,1,0
2026-01-24,D1,14:30,Leverkusen,Werder Bremen,H,H,2025/2026,4.0,0.4,6.0,6.9,17.0,5.75,7.8,1.0,5.8,60.0,2.0,3.0,1.5,1.85,2.2,1.5,40.0,60.0,3.0,10.48,50.0,1.8,4.14,2.62,13.0,5.8,13.6,2.0,3.0,6.4,6.34,3.0,1.2,0,0
2023-08-26,D1,14:30,FC Koln,Wolfsburg,A,D,2023/2024,2.0,2.0,6.0,5.41,9.0,3.47,6.0,0.94,6.65,100.0,1.0,1.0,1.81,1.85,1.0,1.73,100.0,52.94,1.0,9.98,41.18,1.0,3.77,2.18,14.0,1.0,7.0,2.08,5.0,6.0,6.21,6.0,2.0,1,0
2023-09-02,D1,14:30,Hoffenheim,Wolfsburg,H,D,2023/2024,5.0,1.5,12.0,5.41,14.0,2.65,3.5,0.94,5.71,100.0,2.0,2.5,1.55,2.04,2.0,1.44,100.0,52.94,2.0,9.04,70.59,2.0,3.75,2.69,11.0,2.0,5.5,1.89,2.0,4.5,5.29,7.0,1.5,1,0
2023-09-23,D1,14:30,Dortmund,Wolfsburg,H,D,2023/2024,4.0,1.0,9.0,5.41,8.0,4.7,4.67,0.94,6.0,33.33,2.0,4.0,1.53,2.02,1.33,1.44,66.67,52.94,1.0,9.57,64.71,1.67,3.98,2.76,18.0,2.33,7.0,1.9,1.0,4.67,5.59,2.0,0.67,0,0
2023-10-07,D1,14:30,Stuttgart,Wolfsburg,H,A,2023/2024,7.0,1.0,13.0,5.41,12.0,4.4,4.75,0.94,5.65,100.0,3.0,3.5,1.83,1.9,4.0,1.67,75.0,52.94,4.0,9.39,76.47,2.0,3.98,2.16,13.0,3.25,8.0,2.01,3.0,4.75,5.41,5.0,0.5,1,1
2023-10-28,D1,14:30,Augsburg,Wolfsburg,H,A,2023/2024,5.0,1.2,19.0,5.41,13.0,2.85,4.6,0.94,4.71,100.0,4.0,5.0,1.83,2.11,2.4,1.73,80.0,52.94,5.0,9.31,58.82,2.2,4.43,2.18,9.0,3.6,8.2,1.84,4.0,4.8,4.88,6.0,2.2,1,0
2023-11-10,D1,19:30,M'gladbach,Wolfsburg,H,H,2023/2024,8.0,0.8,7.0,5.41,12.0,2.92,7.2,0.94,5.71,80.0,4.0,6.6,1.53,1.82,1.8,1.5,80.0,52.94,4.0,10.41,76.47,2.8,4.68,2.62,16.0,4.4,11.6,2.14,3.0,5.2,5.73,4.0,1.2,1,1
2023-12-02,D1,14:30,Bochum,Wolfsburg,H,H,2023/2024,9.0,0.8,14.0,5.41,15.0,2.8,5.4,0.94,5.12,60.0,4.0,5.0,1.8,1.97,1.6,1.73,80.0,52.94,3.0,9.87,58.82,2.8,4.58,2.12,19.0,5.0,10.4,2.0,2.0,5.8,5.29,6.0,1.6,1,1
2023-12-16,D1,14:30,Darmstadt,Wolfsburg,A,D,2023/2024,4.0,1.0,16.0,5.41,11.0,2.15,5.0,0.94,3.76,40.0,4.0,4.0,1.9,1.93,0.4,1.8,80.0,52.94,2.0,8.94,64.71,2.6,4.4,2.06,14.0,5.8,10.8,2.0,0.0,6.2,4.54,3.0,1.4,0,1
2024-01-13,D1,14:30,Mainz,Wolfsburg,D,A,2023/2024,4.0,1.0,21.0,5.41,9.0,4.0,6.6,0.94,6.82,20.0,3.0,4.2,2.08,1.98,0.8,2.06,60.0,52.94,1.0,10.65,35.29,2.2,4.23,1.85,12.0,5.2,11.8,1.95,4.0,6.6,6.42,4.0,1.2,0,0
2024-01-20,D1,14:30,Heidenheim,Wolfsburg,D,D,2023/2024,3.0,0.8,11.0,5.41,12.0,2.64,6.8,0.94,6.24,40.0,2.0,4.0,2.02,1.89,1.8,2.02,40.0,52.94,2.0,10.48,58.82,1.8,4.38,1.9,12.0,4.6,11.4,2.05,1.0,6.4,6.1,3.0,1.0,0,0
2024-02-10,D1,14:30,Union Berlin,Wolfsburg,H,H,2023/2024,2.0,0.8,12.0,5.41,15.0,3.36,4.6,0.94,5.29,20.0,1.0,5.8,2.2,1.92,1.6,2.1,20.0,52.94,1.0,10.0,58.82,1.2,4.68,1.73,7.0,5.6,10.2,2.02,2.0,6.0,5.32,5.0,0.4,0,1
2024-02-25,D1,14:30,Ein Frankfurt,Wolfsburg,D,A,2023/2024,5.0,1.0,9.0,5.41,14.0,3.13,4.8,0.94,5.71,60.0,1.0,3.6,2.0,1.93,2.2,1.99,20.0,52.94,3.0,9.52,52.94,1.0,3.97,1.89,12.0,5.0,9.8,1.98,1.0,5.8,5.55,8.0,1.0,1,0
2024-03-10,D1,18:30,Leverkusen,Wolfsburg,H,H,2023/2024,7.0,0.8,6.0,5.41,2.0,11.02,7.2,0.94,7.65,60.0,1.0,3.0,1.7,1.94,2.2,1.67,20.0,52.94,3.0,10.62,82.35,1.4,3.72,2.26,19.0,4.0,11.2,1.99,3.0,6.2,6.9,1.0,0.2,0,1
2024-03-30,D1,14:30,Werder Bremen,Wolfsburg,A,A,2023/2024,1.0,1.0,13.0,5.41,15.0,2.71,5.4,0.94,4.12,60.0,1.0,6.2,1.9,1.73,1.2,1.87,20.0,52.94,3.0,9.51,70.59,1.2,4.81,2.01,6.0,4.6,10.0,2.13,4.0,5.4,4.7,5.0,1.6,0,0
2024-04-13,D1,14:30,RB Leipzig,Wolfsburg,H,H,2023/2024,6.0,0.8,12.0,5.41,10.0,11.58,7.8,0.94,6.76,20.0,2.0,3.6,1.42,1.9,1.8,1.4,40.0,52.94,1.0,10.55,58.82,1.6,4.12,3.05,15.0,5.0,12.8,2.02,4.0,5.8,6.43,3.0,0.0,1,0
2024-04-27,D1,14:30,Freiburg,Wolfsburg,A,H,2023/2024,3.0,1.2,12.0,5.41,13.0,3.27,3.6,0.94,4.41,80.0,3.0,5.6,2.09,1.86,1.4,2.06,60.0,52.94,4.0,8.97,58.82,1.6,4.31,1.86,16.0,4.2,7.8,2.07,2.0,5.2,4.66,5.0,2.4,1,0
2024-05-12,D1,16:30,Bayern Munich,Wolfsburg,H,H,2023/2024,3.0,0.8,7.0,5.41,5.0,6.5,5.2,0.94,7.24,40.0,2.0,3.6,1.51,1.99,2.8,1.44,40.0,52.94,2.0,10.09,70.59,1.6,3.74,2.68,5.0,3.6,8.8,1.95,2.0,5.0,6.35,2.0,0.8,0,0
2024-08-31,D1,14:30,Holstein Kiel,Wolfsburg,A,A,2024/2025,5.0,2.0,17.0,5.71,12.0,2.38,1.0,1.71,3.59,0.0,0.0,7.0,1.68,1.91,0.0,1.62,0.0,58.82,0.0,9.01,70.59,0.0,5.41,2.28,12.0,7.0,8.0,2.0,7.0,1.0,3.6,4.0,2.0,0,0
2024-09-22,D1,14:30,Leverkusen,Wolfsburg,H,A,2024/2025,7.0,2.5,6.0,5.71,8.0,12.0,12.0,1.71,7.65,100.0,1.0,2.0,1.44,2.05,3.0,1.36,50.0,58.82,2.0,11.07,64.71,2.0,3.89,3.02,20.0,4.5,16.5,1.9,5.0,3.5,7.18,4.0,3.0,1,0
2024-10-05,D1,14:30,Bochum,Wolfsburg,A,A,2024/2025,5.0,2.67,11.0,5.71,15.0,2.3,4.0,1.71,5.76,66.67,2.0,5.0,1.65,1.98,1.0,1.62,66.67,58.82,2.0,10.25,47.06,1.67,4.79,2.33,17.0,5.0,9.0,1.93,2.0,4.67,5.46,5.0,2.33,1,1
2024-10-26,D1,14:30,St Pauli,Wolfsburg,D,D,2024/2025,5.0,2.0,9.0,5.71,10.0,2.91,4.0,1.71,5.06,25.0,2.0,2.75,1.96,1.98,0.0,1.93,50.0,58.82,1.0,9.44,17.65,1.25,4.3,1.96,14.0,5.25,9.25,1.97,3.0,5.25,5.14,4.0,1.25,0,1
2024-11-10,D1,18:30,Heidenheim,Wolfsburg,A,A,2024/2025,4.0,2.2,9.0,5.71,13.0,2.65,4.6,1.71,5.18,60.0,3.0,5.0,2.08,1.85,1.0,2.02,60.0,58.82,3.0,9.9,58.82,1.2,4.64,1.86,19.0,5.2,9.8,2.09,6.0,5.2,5.26,6.0,1.4,1,0
2024-11-30,D1,14:30,RB Leipzig,Wolfsburg,A,A,2024/2025,4.0,2.8,11.0,5.71,13.0,5.0,6.4,1.71,6.12,60.0,4.0,4.0,1.68,2.0,1.6,1.62,80.0,58.82,3.0,10.63,64.71,1.4,4.56,2.3,9.0,4.4,10.8,1.92,1.0,6.4,6.07,8.0,1.2,1,0
2024-12-13,D1,19:30,Freiburg,Wolfsburg,H,H,2024/2025,9.0,2.6,11.0,5.71,20.0,3.3,5.2,1.71,4.29,80.0,4.0,4.4,1.94,1.98,1.8,1.87,80.0,58.82,4.0,9.52,82.35,1.2,4.59,1.97,18.0,5.2,10.4,1.96,1.0,6.2,4.93,5.0,1.4,1,1
2025-01-11,D1,14:30,Hoffenheim,Wolfsburg,A,A,2024/2025,2.0,2.2,15.0,5.71,12.0,3.15,5.8,1.71,4.88,40.0,3.0,3.6,1.76,1.82,1.2,1.73,60.0,58.82,2.0,9.92,58.82,1.0,4.67,2.17,15.0,5.6,11.4,2.11,2.0,5.6,5.25,3.0,1.8,0,1
2025-01-18,D1,14:30,Bayern Munich,Wolfsburg,H,H,2024/2025,10.0,2.6,10.0,5.71,7.0,21.0,8.6,1.71,6.71,100.0,4.0,0.8,1.33,1.92,4.0,1.33,80.0,58.82,5.0,10.3,82.35,1.6,3.78,3.49,25.0,4.8,13.4,2.0,3.0,5.4,6.52,3.0,1.0,1,0
2025-02-02,D1,14:30,Ein Frankfurt,Wolfsburg,D,D,2024/2025,4.0,2.2,8.0,5.71,11.0,3.87,8.6,1.71,5.35,60.0,3.0,2.2,1.69,1.91,2.0,1.67,60.0,58.82,3.0,10.12,70.59,1.6,4.27,2.29,16.0,4.0,12.6,2.0,3.0,6.2,5.85,2.0,1.4,0,0
2025-02-15,D1,14:30,Stuttgart,Wolfsburg,A,D,2024/2025,4.0,1.6,10.0,5.71,7.0,5.8,5.4,1.71,6.12,80.0,3.0,1.4,1.53,1.92,1.6,1.41,60.0,58.82,4.0,10.02,76.47,1.6,4.07,2.67,10.0,4.4,9.8,2.0,4.0,6.2,5.95,3.0,1.2,1,1
2025-03-01,D1,14:30,Werder Bremen,Wolfsburg,A,A,2024/2025,7.0,1.6,13.0,5.71,9.0,2.43,5.4,1.71,5.12,60.0,3.0,3.6,1.78,1.94,1.2,1.73,60.0,58.82,3.0,9.81,52.94,1.2,4.35,2.14,15.0,3.6,9.0,2.01,0.0,6.8,5.46,3.0,2.0,1,0
2025-03-15,D1,14:30,Augsburg,Wolfsburg,H,D,2024/2025,2.0,1.4,7.0,5.71,13.0,3.14,4.6,1.71,5.76,20.0,3.0,5.6,2.14,2.02,0.6,2.1,60.0,58.82,1.0,10.21,52.94,1.4,4.53,1.76,9.0,2.8,7.4,1.92,2.0,6.2,5.68,2.0,0.4,0,0
2025-04-06,D1,16:30,Union Berlin,Wolfsburg,H,D,2024/2025,3.0,1.0,13.0,5.71,12.0,3.41,5.4,1.71,4.19,20.0,2.0,6.2,2.05,1.73,0.6,1.99,40.0,58.82,1.0,9.48,47.06,1.0,4.59,1.85,13.0,3.2,8.6,2.14,1.0,6.2,4.89,3.0,0.8,0,0
2025-04-19,D1,14:30,Mainz,Wolfsburg,D,H,2024/2025,7.0,1.2,15.0,5.71,16.0,3.73,3.8,1.71,5.82,40.0,3.0,4.2,1.77,1.84,1.4,1.73,60.0,58.82,2.0,9.91,35.29,1.2,4.32,2.14,18.0,4.0,7.8,2.06,3.0,5.8,5.59,4.0,1.0,1,1
2025-05-03,D1,17:30,Dortmund,Wolfsburg,H,H,2024/2025,5.0,0.8,13.0,5.71,11.0,11.0,6.6,1.71,6.41,80.0,3.0,3.0,1.34,2.04,3.2,1.3,60.0,58.82,4.0,10.04,76.47,1.8,3.91,3.4,11.0,3.6,10.2,1.88,1.0,5.2,6.13,2.0,0.8,1,0
2025-05-17,D1,14:30,M'gladbach,Wolfsburg,A,D,2024/2025,3.0,0.6,6.0,5.71,17.0,2.84,4.8,1.71,4.94,60.0,2.0,6.8,1.36,1.86,1.4,1.33,40.0,58.82,3.0,10.14,58.82,1.6,5.02,3.29,16.0,5.2,10.0,2.01,0.0,5.0,5.12,6.0,2.0,0,1
2025-08-23,D1,14:30,Heidenheim,Wolfsburg,A,D,2025/2026,2.0,3.0,12.0,9.56,15.0,2.56,2.0,1.33,4.5,100.0,1.0,5.0,1.9,1.93,1.0,1.9,100.0,66.67,1.0,8.78,80.0,1.0,3.52,1.98,7.0,5.0,7.0,1.93,3.0,2.0,5.26,5.0,3.0,1,0
2025-09-21,D1,18:30,Dortmund,Wolfsburg,H,H,2025/2026,4.0,1.5,10.0,9.56,10.0,5.5,6.5,1.33,6.67,50.0,1.0,4.5,1.45,1.8,2.0,1.44,50.0,66.67,1.0,10.66,44.44,1.0,3.4,2.72,12.0,4.0,10.5,2.05,0.0,5.5,7.26,1.0,0.0,0,1
2025-10-04,D1,14:30,Augsburg,Wolfsburg,H,H,2025/2026,5.0,1.33,9.0,9.56,14.0,2.8,7.67,1.33,5.6,100.0,2.0,5.33,1.73,1.83,2.0,1.67,66.67,66.67,3.0,10.67,50.0,1.67,3.73,2.15,10.0,4.33,12.0,2.03,1.0,7.0,6.94,4.0,2.67,1,1
2025-10-25,D1,14:30,Hamburg,Wolfsburg,A,A,2025/2026,6.0,1.25,8.0,9.56,6.0,3.15,3.75,1.33,3.67,50.0,2.0,5.5,1.62,1.8,1.5,1.53,50.0,66.67,2.0,9.25,44.44,1.25,3.67,2.41,27.0,3.5,7.25,2.06,5.0,8.0,5.58,2.0,1.0,0,1
2025-11-07,D1,19:30,Werder Bremen,Wolfsburg,H,A,2025/2026,7.0,1.2,13.0,9.56,7.0,3.2,5.4,1.33,4.38,60.0,3.0,3.4,1.57,1.93,1.4,1.57,60.0,66.67,3.0,9.23,62.5,1.4,2.99,2.38,20.0,3.4,8.8,1.93,0.0,9.0,6.24,4.0,1.4,1,1
2025-11-30,D1,16:30,Ein Frankfurt,Wolfsburg,D,D,2025/2026,3.0,0.8,7.0,9.56,10.0,3.75,5.6,1.33,5.0,40.0,2.0,2.2,1.5,1.93,1.4,1.5,40.0,66.67,2.0,9.59,55.56,1.4,2.75,2.57,15.0,2.6,8.2,1.93,4.0,11.4,6.84,3.0,1.6,0,1
2025-12-13,D1,14:30,M'gladbach,Wolfsburg,A,A,2025/2026,4.0,1.4,6.0,9.56,11.0,3.6,3.6,1.33,4.1,60.0,3.0,4.8,1.66,1.88,0.8,1.62,60.0,66.67,3.0,9.44,70.0,1.4,3.36,2.26,14.0,2.6,6.2,1.98,1.0,10.8,6.08,6.0,1.4,1,0
2026-01-11,D1,16:30,Bayern Munich,Wolfsburg,H,H,2025/2026,10.0,1.4,7.0,9.56,8.0,20.0,7.2,1.33,6.6,100.0,3.0,2.6,1.23,1.88,4.4,1.22,60.0,66.67,5.0,10.49,100.0,2.4,2.75,4.31,16.0,2.0,9.2,1.98,1.0,10.0,7.74,3.0,1.2,1,0
2026-01-24,D1,14:30,Mainz,Wolfsburg,H,A,2025/2026,9.0,1.4,8.0,9.56,7.0,3.2,8.6,1.33,6.5,40.0,4.0,3.4,1.93,1.83,1.2,1.93,80.0,66.67,2.0,10.73,30.0,3.0,2.83,1.88,20.0,2.0,10.6,2.03,2.0,10.8,7.9,2.0,0.8,1,1
