Date,Div,Time,HomeTeam,AwayTeam,FTR,HTR,Referee,Season,B365AHA,Last5AwayOver2.5Perc,AvgAwayGoalsScored,AS,AST,AvgLast5AwayGoalsConceded,AvgLast5AwayCorners,AvgAwayGoalsConceded,HF,AF,PredictedHomeCorners,AvgHomeCorners,AwayOver2.5Perc,PredictedTotalCorners,AvgLast5HomeCornersConceded,B365C_lt_2.5,PredictedAwayCorners,MaxAHA,AvgAwayCornersConceded,AvgLast5HomeGoalsConceded,AvgLast5HomeCorners,AvgLast5AwayGoalsScored,Last5HomeOver2.5Perc,HST,AvgLast5HomeGoalsScored,HS,PredictedTotalCorners_Last5,HomeOver2.5Perc,AvgLast5AwayCornersConceded,MaxC_gt_2.5,PCAHA,MaxC_lt_2.5,Over2.5,OverUnder10.5Corners
2023-08-21,E0,20:00,Crystal Palace,Arsenal,A,D,D Coote,2023/2024,2.06,0.0,2.26,14,3,0.0,8.0,0.68,14,10,4.0,5.42,52.63,10.29,8.0,1.8,6.29,2.16,3.26,1.0,1.0,1.0,0.0,2,0.0,14,9.0,63.16,1.0,2.14,1.93,1.93,0,0
2023-09-17,E0,16:30,Everton,Arsenal,A,D,S Hooper,2023/2024,1.85,0.0,2.26,13,4,0.0,9.5,0.68,12,10,4.33,5.11,52.63,10.84,5.0,2.1,6.51,1.89,3.26,1.0,6.0,1.0,0.0,1,0.0,8,15.5,36.84,1.0,1.92,1.98,2.35,0,1
2023-09-30,E0,15:00,Bournemouth,Arsenal,A,A,M Salisbury,2023/2024,1.93,33.33,2.26,15,8,0.0,8.33,0.68,11,10,5.53,7.05,52.63,11.83,4.75,2.3,6.3,1.93,3.26,1.75,5.75,2.0,25.0,1,0.25,8,14.08,63.16,2.67,1.7,1.89,2.42,1,1
2023-10-21,E0,17:30,Chelsea,Arsenal,D,H,C Kavanagh,2023/2024,1.97,50.0,2.26,13,3,0.5,8.0,0.68,7,14,4.93,6.11,52.63,11.12,5.2,1.85,6.19,2.01,3.26,1.0,5.0,2.0,40.0,5,1.2,11,13.0,63.16,2.5,2.19,1.98,1.88,1,0
2023-11-04,E0,17:30,Newcastle,Arsenal,H,D,S Attwell,2023/2024,1.87,40.0,2.26,14,1,0.6,8.6,0.68,14,9,4.73,5.89,52.63,11.1,6.8,1.7,6.37,1.88,3.26,0.4,4.8,1.6,40.0,2,1.8,9,13.4,68.42,2.0,2.24,1.93,1.81,0,1
2023-11-25,E0,17:30,Brentford,Arsenal,A,D,T Robinson,2023/2024,2.02,40.0,2.26,15,4,0.6,8.6,0.68,9,7,4.0,4.84,52.63,10.33,4.4,1.94,6.33,2.04,3.26,1.6,3.2,1.6,80.0,3,1.8,9,11.8,68.42,2.0,1.99,1.83,2.0,0,0
2023-12-05,E0,20:15,Luton,Arsenal,A,A,S Barrott,2023/2024,1.92,60.0,2.26,23,9,1.2,8.0,0.68,14,7,5.16,6.63,52.63,11.55,6.4,2.25,6.39,1.92,3.26,1.8,4.6,2.2,60.0,4,1.4,6,12.6,68.42,2.4,1.68,1.82,2.48,1,1
2023-12-09,E0,17:30,Aston Villa,Arsenal,H,H,J Gillett,2023/2024,1.85,40.0,2.26,12,5,1.4,7.4,0.68,16,11,4.8,6.0,52.63,10.45,3.2,2.08,5.65,1.87,3.26,0.6,5.0,1.4,60.0,3,2.4,10,12.4,78.95,1.8,1.86,2.03,2.21,0,0
2023-12-23,E0,17:30,Liverpool,Arsenal,D,D,C Kavanagh,2023/2024,1.8,20.0,2.26,13,2,1.2,7.0,0.68,13,14,6.41,8.58,52.63,11.96,4.0,2.3,5.55,1.83,3.26,0.8,6.6,1.2,60.0,3,2.2,13,13.6,68.42,2.2,1.71,2.07,2.5,0,0
2023-12-31,E0,14:00,Fulham,Arsenal,H,D,J Smith,2023/2024,1.99,40.0,2.26,13,3,1.4,5.6,0.68,11,10,4.93,5.89,52.63,10.77,3.8,2.05,5.84,2.02,3.26,1.0,5.6,1.4,80.0,4,3.0,15,11.2,63.16,3.2,1.88,2.06,2.13,1,0
2024-01-30,E0,19:30,Nott'm Forest,Arsenal,A,D,S Hooper,2023/2024,1.88,60.0,2.26,19,3,1.6,6.2,0.68,6,7,3.97,4.32,52.63,10.32,5.8,2.05,6.35,1.9,3.26,1.8,4.4,1.6,60.0,3,1.0,9,10.6,52.63,3.4,1.83,2.12,2.3,1,1
2024-02-11,E0,14:00,West Ham,Arsenal,A,A,C Pawson,2023/2024,1.95,60.0,2.26,25,12,1.0,5.8,0.68,17,11,4.01,4.68,52.63,10.01,4.2,2.02,6.0,1.95,3.26,1.4,3.0,2.0,40.0,1,1.2,5,8.8,52.63,3.2,1.92,1.94,2.09,1,0
2024-02-17,E0,15:00,Burnley,Arsenal,A,A,J Gillett,2023/2024,1.91,80.0,2.26,16,7,0.8,6.4,0.68,11,8,4.62,5.58,52.63,10.94,7.4,2.4,6.32,1.93,3.26,2.4,4.0,3.0,40.0,0,0.6,8,10.4,57.89,3.4,1.62,1.83,2.56,1,0
2024-03-04,E0,20:00,Sheffield United,Arsenal,A,A,S Barrott,2023/2024,1.85,100.0,2.26,22,10,0.6,6.8,0.68,11,4,3.76,4.11,52.63,10.19,5.2,2.4,6.43,1.85,3.26,4.2,4.2,4.0,100.0,0,0.8,4,11.0,84.21,2.6,1.56,1.99,2.75,1,0
2024-03-31,E0,16:30,Man City,Arsenal,D,D,A Taylor,2023/2024,1.98,80.0,2.26,6,2,0.2,6.8,0.68,9,20,6.66,8.16,52.63,11.81,1.6,2.0,5.15,2.0,3.26,0.4,10.6,3.8,20.0,1,1.4,12,17.4,57.89,3.0,1.94,1.85,2.16,0,1
2024-04-06,E0,17:30,Brighton,Arsenal,A,A,J Brooks,2023/2024,2.06,80.0,2.26,20,7,0.0,6.0,0.68,14,13,5.83,7.05,52.63,11.36,3.4,2.3,5.53,2.1,3.26,1.0,7.2,4.0,40.0,2,1.2,10,13.2,57.89,4.2,1.73,1.87,2.38,1,1
2024-04-20,E0,19:30,Wolves,Arsenal,A,A,P Tierney,2023/2024,1.87,60.0,2.26,24,9,0.0,5.2,0.68,14,9,4.48,5.21,52.63,10.34,4.0,2.38,5.86,1.91,3.26,1.4,4.0,3.2,40.0,3,0.8,5,9.2,63.16,4.0,1.62,1.96,2.52,0,0
2024-04-28,E0,14:00,Tottenham,Arsenal,A,A,M Oliver,2023/2024,2.01,60.0,2.26,9,3,0.4,5.2,0.68,12,16,6.14,7.21,52.63,11.94,3.8,2.5,5.8,2.05,3.26,1.6,8.8,2.8,100.0,2,2.2,14,14.0,84.21,4.8,1.55,1.99,2.69,1,1
2024-05-12,E0,16:30,Man United,Arsenal,A,A,P Tierney,2023/2024,1.99,40.0,2.26,11,5,0.4,5.2,0.68,5,6,6.29,7.84,52.63,12.8,7.0,3.0,6.51,2.03,3.26,1.2,6.0,1.8,40.0,2,1.8,14,11.2,68.42,5.6,1.4,1.93,3.4,0,1
2024-08-24,E0,17:30,Aston Villa,Arsenal,A,D,M Oliver,2024/2025,2.0,0.0,1.79,9,4,0.0,1.0,0.89,8,15,5.76,7.47,36.84,9.99,1.0,2.1,4.23,2.02,3.42,2.0,4.0,2.0,0.0,3,0.0,11,5.0,57.89,4.0,1.76,1.94,2.27,0,0
2024-09-15,E0,14:00,Tottenham,Arsenal,A,D,J Gillett,2024/2025,2.02,0.0,1.79,7,4,0.0,3.5,0.89,13,10,6.29,7.16,36.84,11.77,5.5,2.3,5.48,2.05,3.42,0.5,9.5,1.5,50.0,5,2.0,15,13.0,73.68,5.5,1.68,1.89,2.45,0,1
2024-09-22,E0,16:30,Man City,Arsenal,D,A,M Oliver,2024/2025,1.83,33.33,1.79,5,3,0.67,3.0,0.89,7,10,6.34,7.0,36.84,10.72,2.0,1.85,4.38,1.83,3.42,1.33,10.0,1.67,100.0,11,2.67,33,13.0,73.68,6.33,2.07,1.87,1.9,1,0
2024-10-19,E0,17:30,Bournemouth,Arsenal,H,D,R Jones,2024/2025,1.86,25.0,1.79,6,1,1.0,3.25,0.89,12,11,5.68,6.32,36.84,10.94,5.0,1.91,5.26,1.88,3.42,0.75,7.0,1.25,25.0,4,1.5,13,10.25,31.58,6.5,1.99,2.0,2.08,0,1
2024-11-02,E0,12:30,Newcastle,Arsenal,H,H,J Brooks,2024/2025,1.98,20.0,1.79,10,1,1.0,3.8,0.89,16,18,5.43,6.21,36.84,11.14,8.0,1.95,5.71,2.0,3.42,0.6,5.6,1.0,20.0,4,1.0,9,9.4,63.16,6.0,1.96,1.97,2.05,0,0
2024-11-10,E0,16:30,Chelsea,Arsenal,D,D,M Oliver,2024/2025,1.88,20.0,1.79,13,3,1.2,4.2,0.89,12,12,5.69,6.47,36.84,10.5,3.4,2.0,4.81,1.9,3.42,1.2,6.8,0.8,40.0,3,1.8,17,11.0,57.89,6.0,1.84,2.15,2.12,0,0
2024-11-30,E0,17:30,West Ham,Arsenal,A,A,A Taylor,2024/2025,2.03,40.0,1.79,16,7,1.6,5.0,0.89,10,13,4.42,4.63,36.84,9.95,6.2,2.2,5.53,2.06,3.42,2.0,5.2,1.6,80.0,5,1.6,12,10.2,57.89,5.0,1.73,1.98,2.38,1,1
2024-12-08,E0,14:00,Fulham,Arsenal,D,H,C Kavanagh,2024/2025,2.05,20.0,1.79,12,4,1.4,5.8,0.89,10,9,4.7,5.32,36.84,10.13,5.6,2.1,5.43,2.1,3.42,2.0,5.8,1.4,80.0,2,1.6,2,11.6,63.16,3.4,1.79,2.12,2.23,0,0
2024-12-21,E0,17:30,Crystal Palace,Arsenal,A,A,S Hooper,2024/2025,1.95,40.0,1.79,14,6,1.2,5.6,0.89,9,8,4.15,4.58,36.84,10.14,7.2,2.05,5.99,2.0,3.42,2.0,5.2,2.4,40.0,6,1.0,15,10.8,47.37,2.6,1.9,1.78,2.1,1,0
2025-01-01,E0,17:30,Brentford,Arsenal,A,D,P Bankes,2024/2025,2.01,60.0,1.79,14,5,1.2,5.0,0.89,6,8,4.49,5.16,36.84,9.94,4.0,2.2,5.45,2.01,3.42,2.0,5.4,3.0,80.0,2,2.4,5,10.4,63.16,2.6,1.68,2.26,2.47,1,0
2025-01-04,E0,17:30,Brighton,Arsenal,D,A,A Taylor,2024/2025,2.06,60.0,1.79,9,3,1.2,5.4,0.89,17,14,4.15,4.79,36.84,9.43,4.6,1.88,5.28,2.08,3.42,1.2,4.4,3.0,40.0,4,1.0,11,9.8,68.42,2.2,2.05,2.05,2.13,0,0
2025-01-25,E0,15:00,Wolves,Arsenal,A,D,M Oliver,2024/2025,2.05,40.0,1.79,9,3,0.8,4.4,0.89,20,10,3.59,3.89,36.84,9.0,3.8,1.93,5.41,2.06,3.42,2.0,4.0,2.2,60.0,4,1.0,9,8.4,57.89,2.0,1.98,2.07,2.09,0,0
2025-02-15,E0,12:30,Leicester,Arsenal,A,D,S Barrott,2024/2025,2.03,40.0,1.79,11,5,0.6,4.6,0.89,9,10,3.87,4.21,36.84,9.27,3.4,2.1,5.4,2.06,3.42,2.2,4.4,2.4,20.0,2,0.0,6,9.0,47.37,2.6,1.76,2.02,2.25,0,0
2025-02-26,E0,19:30,Nott'm Forest,Arsenal,D,D,A Madley,2024/2025,2.0,20.0,1.79,13,1,0.4,6.2,0.89,10,17,3.68,4.26,36.84,9.8,8.2,1.67,6.12,2.01,3.42,0.6,2.2,1.4,40.0,2,2.4,6,8.4,31.58,2.6,2.32,1.97,1.78,0,1
2025-03-09,E0,16:30,Man United,Arsenal,D,H,A Taylor,2024/2025,1.95,0.0,1.79,17,6,0.4,7.4,0.89,8,11,4.68,5.58,36.84,9.96,4.2,1.8,5.28,1.95,3.42,1.8,5.4,1.0,60.0,6,1.6,10,12.8,52.63,2.2,2.19,2.02,1.9,0,1
2025-04-05,E0,12:30,Everton,Arsenal,D,A,D England,2024/2025,2.07,0.0,1.79,14,5,0.4,8.0,0.89,17,13,3.9,4.26,36.84,9.86,6.2,1.57,5.96,2.09,3.42,1.2,4.6,1.0,60.0,2,2.0,5,12.6,47.37,2.4,2.6,2.11,1.63,0,1
2025-04-20,E0,14:00,Ipswich,Arsenal,A,A,C Kavanagh,2024/2025,1.92,20.0,1.79,24,7,0.4,9.4,0.89,10,7,3.64,4.11,36.84,9.82,5.8,2.2,6.18,1.93,3.42,3.2,3.0,1.6,100.0,0,1.0,4,12.4,52.63,2.2,1.68,2.07,2.35,1,1
2025-05-11,E0,16:30,Liverpool,Arsenal,D,H,A Taylor,2024/2025,1.83,40.0,1.79,15,7,0.8,8.2,0.89,13,10,5.43,6.53,36.84,10.77,3.0,2.3,5.34,1.83,3.42,1.0,7.6,1.6,80.0,5,2.6,14,15.8,63.16,2.2,1.7,1.96,2.32,1,0
2025-05-25,E0,16:00,Southampton,Arsenal,A,A,D Bond,2024/2025,1.83,60.0,1.79,23,8,1.0,7.6,0.89,7,8,3.05,3.16,36.84,9.85,10.4,3.0,6.8,1.86,3.42,1.6,2.0,2.0,60.0,2,0.6,7,9.6,68.42,2.6,1.41,1.87,3.05,1,1
2025-08-17,E0,16:30,Man United,Arsenal,A,A,S Hooper,2025/2026,2.0,0.0,1.27,9,3,0.0,4.0,0.82,10,19,3.98,4.45,36.36,9.19,4.0,2.1,5.21,2.0,3.73,1.0,3.0,1.0,0.0,7,0.0,22,7.0,36.36,3.0,1.73,2.01,2.2,0,0
2025-08-31,E0,16:30,Liverpool,Arsenal,H,D,C Kavanagh,2025/2026,1.95,0.0,1.27,11,1,0.5,6.0,0.82,7,10,4.88,5.82,36.36,10.53,7.5,2.1,5.65,1.95,3.73,1.0,4.5,0.5,50.0,3,2.5,9,10.5,45.45,3.0,1.81,1.85,2.1,0,1
2025-09-28,E0,16:30,Newcastle,Arsenal,A,H,J Gillett,2025/2026,1.83,33.33,1.27,20,7,0.67,8.0,0.82,8,9,6.32,7.55,36.36,12.32,5.67,1.73,6.0,1.83,3.73,1.67,8.0,1.0,66.67,3,1.33,8,16.0,72.73,4.33,2.18,1.84,1.75,1,1
2025-10-18,E0,17:30,Fulham,Arsenal,A,D,A Taylor,2025/2026,1.98,25.0,1.27,16,5,0.5,8.5,0.82,11,4,4.71,5.09,36.36,10.99,7.25,1.9,6.28,1.98,3.73,0.75,5.0,1.0,25.0,0,1.25,9,13.5,54.55,4.75,2.0,1.93,1.91,0,1
2025-11-01,E0,15:00,Burnley,Arsenal,A,A,C Kavanagh,2025/2026,1.85,20.0,1.27,12,8,0.4,8.0,0.82,10,13,3.35,3.27,36.36,9.5,6.4,1.95,6.15,1.85,3.73,0.8,2.2,1.2,0.0,0,1.0,3,10.2,27.27,4.0,1.91,2.09,2.02,0,0
2025-11-08,E0,17:30,Sunderland,Arsenal,D,H,C Pawson,2025/2026,1.93,40.0,1.27,17,7,0.8,7.6,0.82,13,13,3.72,3.73,36.36,9.1,2.8,1.67,5.38,1.95,3.73,1.0,3.6,1.4,40.0,2,1.6,6,11.2,45.45,3.8,2.2,1.86,1.73,1,0
2025-11-30,E0,16:30,Chelsea,Arsenal,D,D,A Taylor,2025/2026,1.9,40.0,1.27,8,4,0.8,6.6,0.82,12,13,5.79,6.91,36.36,11.03,2.8,1.8,5.24,22.0,3.73,1.4,6.8,1.6,80.0,4,1.6,11,13.4,54.55,3.8,2.14,2.14,1.8,0,0
2025-12-06,E0,12:30,Aston Villa,Arsenal,H,H,P Bankes,2025/2026,1.9,40.0,1.27,15,9,1.0,4.8,0.82,10,8,4.62,5.18,36.36,10.06,5.0,1.73,5.44,1.9,3.73,0.4,5.4,1.4,60.0,6,2.0,15,10.2,63.64,3.0,2.1,1.93,1.8,1,0
2025-12-20,E0,20:00,Everton,Arsenal,A,A,S Barrott,2025/2026,2.03,40.0,1.27,13,2,1.0,3.4,0.82,4,5,4.54,5.0,36.36,9.83,5.2,1.9,5.29,2.03,3.73,1.6,6.4,1.4,60.0,1,1.2,5,9.8,45.45,2.2,2.06,1.97,1.9,0,0
2026-01-03,E0,17:30,Bournemouth,Arsenal,A,D,C Kavanagh,2025/2026,2.05,60.0,1.27,12,5,1.4,3.2,0.82,13,8,4.66,5.18,36.36,9.44,3.2,2.3,4.78,2.07,3.73,1.4,5.4,1.6,40.0,3,1.0,15,8.6,45.45,3.4,1.66,1.92,2.4,1,1
2023-08-12,E0,17:30,Newcastle,Aston Villa,H,H,A Madley,2023/2024,1.89,100.0,1.47,16,6,5.0,5.0,1.74,12,17,5.64,5.89,63.16,11.24,5.0,2.2,5.6,1.94,4.79,1.0,6.0,1.0,100.0,13,5.0,17,11.0,68.42,6.0,1.73,2.09,2.34,1,1
2023-08-27,E0,14:00,Burnley,Aston Villa,A,A,M Salisbury,2023/2024,1.88,100.0,1.47,16,6,3.0,5.5,1.74,12,11,5.27,5.58,63.16,11.08,5.5,2.0,5.81,1.91,4.79,3.0,5.0,2.0,100.0,2,0.5,9,10.5,57.89,5.0,1.84,1.98,2.13,1,0
2023-09-03,E0,14:00,Liverpool,Aston Villa,H,H,S Hooper,2023/2024,1.75,100.0,1.47,9,3,3.0,4.67,1.74,12,7,7.33,8.58,63.16,12.27,2.5,3.0,4.94,1.86,4.79,0.5,8.5,1.33,100.0,4,3.0,17,13.17,68.42,5.67,1.43,1.88,3.12,1,0
2023-09-24,E0,14:00,Chelsea,Aston Villa,A,D,J Gillett,2023/2024,1.99,75.0,1.47,15,7,2.25,6.25,1.74,9,11,5.68,6.11,63.16,11.42,4.75,2.1,5.74,2.02,4.79,0.75,5.75,1.25,25.0,4,1.0,10,12.0,63.16,5.5,1.76,2.02,2.25,0,1
2023-10-08,E0,14:00,Wolves,Aston Villa,D,D,R Jones,2023/2024,1.86,60.0,1.47,18,4,2.0,7.0,1.74,19,9,4.82,5.21,63.16,10.8,5.75,2.06,5.98,1.9,4.79,2.25,2.75,1.2,75.0,3,1.25,8,9.75,63.16,4.8,1.88,2.08,2.1,0,1
2023-11-05,E0,14:00,Nott'm Forest,Aston Villa,H,H,J Gillett,2023/2024,1.89,40.0,1.47,13,3,1.4,8.0,1.74,6,9,4.25,4.32,63.16,10.65,6.8,2.1,6.4,1.91,4.79,1.0,3.2,1.0,40.0,3,1.6,5,11.2,52.63,3.6,1.85,1.96,2.25,0,0
2023-11-26,E0,14:00,Tottenham,Aston Villa,A,D,R Jones,2023/2024,1.84,40.0,1.47,15,5,1.4,7.4,1.74,11,13,6.42,7.21,63.16,12.25,4.2,2.4,5.83,1.86,4.79,1.6,8.0,0.8,80.0,8,1.6,18,15.4,84.21,4.6,1.61,1.92,2.69,1,1
2023-12-03,E0,14:00,Bournemouth,Aston Villa,D,D,T Bramall,2023/2024,1.98,40.0,1.47,11,3,1.2,8.2,1.74,16,12,6.18,7.05,63.16,12.46,7.0,2.6,6.28,2.03,4.79,1.8,6.4,1.2,80.0,7,1.4,15,14.6,63.16,4.6,1.58,1.93,2.68,1,1
2023-12-17,E0,14:00,Brentford,Aston Villa,A,H,D Coote,2023/2024,1.93,60.0,1.47,15,5,1.4,8.4,1.74,19,6,4.84,4.84,63.16,11.14,6.6,1.92,6.3,1.94,4.79,1.2,4.8,1.4,80.0,3,2.0,4,13.2,68.42,5.0,1.99,2.04,2.06,1,1
2023-12-26,E0,20:00,Man United,Aston Villa,H,A,C Pawson,2023/2024,1.95,80.0,1.47,10,4,1.8,7.6,1.74,10,10,6.89,7.84,63.16,13.29,5.8,2.35,6.4,2.0,4.79,1.8,8.6,1.6,80.0,7,1.2,13,16.2,68.42,5.2,1.62,1.88,2.66,1,0
2024-01-14,E0,14:00,Everton,Aston Villa,D,D,D Coote,2023/2024,2.08,80.0,1.47,16,5,1.4,6.6,1.74,13,14,5.15,5.11,63.16,11.12,4.8,2.1,5.97,2.16,4.79,1.2,5.4,1.6,60.0,2,1.2,10,12.0,36.84,6.0,1.77,2.06,2.28,0,0
2024-02-03,E0,17:30,Sheffield United,Aston Villa,A,A,P Tierney,2023/2024,2.1,80.0,1.47,14,10,1.2,6.8,1.74,10,7,4.36,4.11,63.16,10.54,5.0,2.2,6.18,2.1,4.79,2.4,4.2,2.2,60.0,5,1.0,10,11.0,84.21,4.8,1.7,2.11,2.35,1,0
2024-02-17,E0,15:00,Fulham,Aston Villa,A,A,L Smith,2023/2024,2.02,80.0,1.47,12,3,1.0,6.2,1.74,11,6,5.52,5.89,63.16,11.49,6.8,2.3,5.97,2.05,4.79,1.2,6.6,2.2,60.0,4,1.2,15,12.8,63.16,4.2,1.73,2.0,2.4,1,0
2024-03-02,E0,17:30,Luton,Aston Villa,A,A,M Oliver,2023/2024,1.92,80.0,1.47,12,8,1.2,5.0,1.74,8,19,6.14,6.63,63.16,11.74,3.8,2.7,5.6,1.94,4.79,2.2,8.6,2.4,100.0,5,2.0,13,13.6,68.42,4.4,1.47,1.89,2.85,1,1
2024-03-17,E0,14:00,West Ham,Aston Villa,D,H,J Gillett,2023/2024,1.89,60.0,1.47,13,5,0.8,6.0,1.74,13,12,4.59,4.68,63.16,10.62,6.6,2.35,6.03,1.91,4.79,2.4,3.0,2.2,60.0,5,1.6,13,9.0,52.63,5.2,1.63,2.1,2.5,0,1
2024-04-03,E0,20:15,Man City,Aston Villa,H,H,D England,2023/2024,2.04,80.0,1.47,8,3,1.6,5.6,1.74,6,13,7.09,8.16,63.16,11.95,2.2,2.75,4.86,2.11,4.79,0.6,9.2,2.4,40.0,11,1.8,25,14.8,57.89,4.8,1.48,2.1,3.05,1,0
2024-04-14,E0,16:30,Arsenal,Aston Villa,A,D,D Coote,2023/2024,1.86,60.0,1.47,11,2,1.6,6.0,1.74,12,7,5.99,6.79,63.16,11.0,3.0,3.0,5.01,1.91,4.79,1.0,5.6,1.8,60.0,4,2.2,18,11.6,73.68,5.0,1.49,1.96,3.1,0,0
2024-05-05,E0,14:00,Brighton,Aston Villa,H,D,R Jones,2023/2024,1.85,40.0,1.47,2,1,1.6,5.8,1.74,13,10,6.36,7.05,63.16,11.7,4.0,2.75,5.34,1.87,4.79,1.6,7.2,1.4,40.0,8,0.6,15,13.0,57.89,5.6,1.47,2.13,2.95,0,0
2024-05-19,E0,16:00,Crystal Palace,Aston Villa,H,H,D Bond,2023/2024,2.03,40.0,1.47,8,2,2.2,5.4,1.74,10,8,5.04,5.42,63.16,10.4,3.6,2.75,5.36,2.06,4.79,1.2,4.2,0.8,80.0,9,3.6,15,9.6,63.16,4.4,1.5,2.16,2.9,1,0
2024-08-17,E0,17:30,West Ham,Aston Villa,A,D,T Harrington,2024/2025,1.73,100.0,1.26,15,3,1.0,3.0,1.63,18,11,4.97,4.63,68.42,9.4,3.0,2.1,4.43,1.82,5.68,2.0,5.0,2.0,100.0,3,1.0,14,8.0,57.89,5.0,1.73,2.09,2.32,1,0
2024-08-31,E0,15:00,Leicester,Aston Villa,A,A,D Coote,2024/2025,1.95,100.0,1.26,10,5,1.0,3.5,1.63,13,21,4.19,4.21,68.42,9.42,8.5,2.1,5.23,1.99,5.68,1.5,1.5,2.0,50.0,3,1.0,9,5.0,47.37,3.0,1.82,1.93,2.14,1,0
2024-09-29,E0,14:00,Ipswich,Aston Villa,D,A,S Attwell,2024/2025,1.89,100.0,1.26,7,3,1.33,2.33,1.63,10,14,4.88,4.11,68.42,9.73,5.33,2.0,4.85,1.91,5.68,1.67,6.67,2.0,33.33,5,1.0,15,9.0,52.63,5.33,1.85,2.11,2.11,1,0
2024-10-19,E0,15:00,Fulham,Aston Villa,A,D,D England,2024/2025,1.7,100.0,1.26,14,5,1.25,4.5,1.63,8,11,5.45,5.32,68.42,10.06,4.5,2.0,4.61,1.8,5.68,1.5,5.5,2.25,75.0,4,1.75,10,10.0,63.16,5.5,1.9,1.81,2.13,1,1
2024-11-03,E0,14:00,Tottenham,Aston Villa,H,A,C Pawson,2024/2025,1.95,100.0,1.26,12,1,1.8,4.4,1.63,14,14,6.86,7.16,68.42,11.78,4.8,2.75,4.92,1.98,5.68,0.8,9.4,2.0,80.0,6,3.0,16,13.8,73.68,5.6,1.48,1.93,2.9,1,0
2024-11-09,E0,20:00,Liverpool,Aston Villa,H,H,D Coote,2024/2025,2.03,80.0,1.26,12,2,2.0,5.6,1.63,11,15,5.97,6.53,68.42,10.84,6.6,2.38,4.87,2.06,5.68,0.6,4.6,1.6,60.0,5,1.8,14,10.2,63.16,5.0,1.61,1.88,2.5,0,1
2024-12-01,E0,13:30,Chelsea,Aston Villa,H,H,S Attwell,2024/2025,2.01,80.0,1.26,10,4,2.4,5.6,1.63,21,6,6.18,6.47,68.42,10.53,3.2,2.38,4.35,2.02,5.68,1.0,6.6,1.2,60.0,8,2.2,17,12.2,57.89,5.4,1.58,1.96,2.6,1,0
2024-12-14,E0,17:30,Nott'm Forest,Aston Villa,H,D,S Barrott,2024/2025,1.99,80.0,1.26,8,2,2.4,6.2,1.63,12,6,4.84,4.26,68.42,10.11,5.4,1.8,5.27,2.0,5.68,0.8,6.6,1.0,60.0,6,1.6,17,12.8,31.58,4.2,2.15,1.99,1.85,1,0
2024-12-26,E0,15:00,Newcastle,Aston Villa,H,H,A Taylor,2024/2025,1.95,80.0,1.26,4,1,2.8,5.2,1.63,15,10,5.94,6.21,68.42,10.87,4.6,2.3,4.93,1.96,5.68,1.0,6.2,0.4,60.0,8,2.2,22,11.4,63.16,4.8,1.72,1.97,2.48,1,1
2025-01-15,E0,19:30,Everton,Aston Villa,A,D,S Barrott,2024/2025,2.03,60.0,1.26,11,3,2.0,5.4,1.63,17,10,4.84,4.26,68.42,9.78,4.4,1.62,4.94,2.05,5.68,0.6,5.6,0.4,20.0,3,0.8,10,11.0,47.37,5.2,2.35,1.99,1.69,0,1
2025-01-18,E0,17:30,Arsenal,Aston Villa,D,H,C Kavanagh,2024/2025,2.03,80.0,1.26,8,4,2.0,3.8,1.63,10,18,7.1,7.42,68.42,10.94,1.6,2.1,3.84,2.03,5.68,0.6,9.2,0.8,40.0,6,1.4,18,13.0,52.63,6.8,2.03,1.94,2.2,1,1
2025-02-01,E0,17:30,Wolves,Aston Villa,H,H,A Madley,2024/2025,1.86,60.0,1.26,10,3,1.8,4.6,1.63,20,13,4.72,3.89,68.42,9.65,4.6,2.02,4.93,1.88,5.68,1.2,4.4,0.8,40.0,5,1.0,8,9.0,57.89,7.2,1.9,1.97,2.11,0,1
2025-02-25,E0,19:30,Crystal Palace,Aston Villa,H,H,S Barrott,2024/2025,2.09,60.0,1.26,6,2,2.2,5.6,1.63,19,10,5.18,4.58,68.42,10.47,6.0,2.1,5.29,2.09,5.68,1.4,5.4,0.8,80.0,6,1.8,19,11.0,47.37,7.0,1.84,1.95,2.21,1,1
2025-03-08,E0,17:30,Brentford,Aston Villa,A,D,J Gillett,2024/2025,1.91,40.0,1.26,12,4,1.6,5.4,1.63,10,5,5.38,5.16,68.42,10.55,6.6,2.75,5.17,1.93,5.68,1.6,4.8,1.0,20.0,3,0.6,13,10.2,63.16,6.4,1.52,1.79,2.92,0,1
2025-04-02,E0,19:45,Brighton,Aston Villa,A,D,S Attwell,2024/2025,2.05,60.0,1.26,8,5,1.6,4.4,1.63,16,11,4.99,4.79,68.42,9.65,5.2,2.02,4.66,2.07,5.68,1.2,3.8,1.4,80.0,4,1.4,11,8.2,68.42,5.6,1.89,1.86,2.1,1,0
2025-04-12,E0,15:00,Southampton,Aston Villa,A,D,T Bramall,2024/2025,1.93,60.0,1.26,25,10,1.2,7.0,1.63,11,4,3.92,3.16,68.42,9.62,5.8,2.38,5.7,1.93,5.68,2.6,3.6,1.6,80.0,2,0.6,7,10.6,68.42,4.0,1.67,1.84,2.5,1,1
2025-04-22,E0,20:00,Man City,Aston Villa,H,D,C Pawson,2024/2025,2.05,80.0,1.26,7,3,1.2,5.8,1.63,9,10,6.31,7.0,68.42,10.51,3.2,2.3,4.2,2.05,5.68,1.4,5.4,1.8,60.0,6,2.2,14,11.2,73.68,5.0,1.64,2.02,2.5,1,1
2025-05-10,E0,17:30,Bournemouth,Aston Villa,A,A,S Attwell,2024/2025,2.07,60.0,1.26,6,3,0.4,4.2,1.63,19,12,6.2,6.32,68.42,10.98,5.0,2.2,4.78,2.09,5.68,1.2,6.6,1.8,40.0,4,0.8,10,10.8,31.58,6.4,1.72,2.0,2.35,0,0
2025-05-25,E0,16:00,Man United,Aston Villa,H,D,T Bramall,2024/2025,1.9,60.0,1.26,6,1,0.8,3.8,1.63,10,10,5.65,5.58,68.42,10.01,4.4,2.38,4.36,1.96,5.68,0.8,5.6,1.6,0.0,10,0.6,25,9.4,52.63,6.0,1.61,1.86,2.6,0,0
2025-08-23,E0,15:00,Brentford,Aston Villa,H,H,T Harrington,2025/2026,1.95,0.0,1.36,17,2,1.0,9.0,1.45,11,9,3.64,3.82,54.55,9.37,9.0,1.98,5.73,1.95,4.55,0.0,2.0,0.0,0.0,2,1.0,9,11.0,63.64,2.0,1.91,1.98,1.98,0,1
2025-09-13,E0,15:00,Everton,Aston Villa,D,D,S Hooper,2025/2026,1.78,0.0,1.36,7,1,0.5,6.0,1.45,17,15,5.09,5.0,54.55,9.82,2.5,1.67,4.73,1.78,4.55,0.0,6.0,0.0,0.0,2,1.0,20,12.0,45.45,6.0,2.2,2.02,1.76,0,1
2025-09-21,E0,14:00,Sunderland,Aston Villa,D,D,S Barrott,2025/2026,1.83,0.0,1.36,12,2,0.67,5.67,1.45,14,8,4.26,3.73,54.55,9.15,5.33,1.8,4.89,1.83,4.55,0.67,4.67,0.33,66.67,4,2.0,14,10.34,45.45,6.0,2.1,2.22,1.8,0,1
2025-10-19,E0,14:00,Tottenham,Aston Villa,A,D,S Hooper,2025/2026,1.83,25.0,1.36,8,2,0.75,5.75,1.45,11,7,5.49,5.82,54.55,10.83,7.0,1.98,5.34,1.83,4.55,1.0,5.5,0.75,50.0,3,1.25,9,11.25,54.55,6.0,1.89,1.93,2.0,1,1
2025-11-01,E0,20:00,Liverpool,Aston Villa,H,H,S Attwell,2025/2026,1.75,20.0,1.36,10,3,1.0,5.4,1.45,13,11,5.32,5.82,54.55,10.15,5.4,2.5,4.83,1.83,4.55,1.0,4.8,0.6,60.0,4,2.0,16,10.2,45.45,5.0,1.55,1.8,2.6,0,0
2025-11-23,E0,14:00,Leeds,Aston Villa,A,H,R Jones,2025/2026,2.1,40.0,1.36,14,3,1.0,4.2,1.45,18,16,5.1,5.45,54.55,9.4,3.4,1.73,4.3,2.1,4.55,1.4,4.4,1.0,80.0,5,1.2,14,8.6,63.64,5.2,2.12,1.98,1.78,1,0
2025-12-03,E0,19:30,Brighton,Aston Villa,A,D,A Madley,2025/2026,2.0,60.0,1.36,14,10,1.6,4.8,1.45,10,9,5.13,5.55,54.55,10.2,6.2,2.03,5.07,2.0,4.55,1.6,5.2,1.8,100.0,7,2.4,16,10.0,54.55,4.2,1.86,1.93,2.03,1,1
2025-12-14,E0,14:00,West Ham,Aston Villa,A,H,A Taylor,2025/2026,2.03,80.0,1.36,7,4,1.8,4.4,1.45,18,13,5.43,5.91,54.55,10.55,5.0,2.0,5.12,2.03,4.55,2.0,6.4,2.2,60.0,3,1.6,10,10.8,72.73,4.0,1.83,1.93,2.17,1,0
2025-12-27,E0,17:30,Chelsea,Aston Villa,A,H,S Attwell,2025/2026,2.0,80.0,1.36,11,8,1.8,4.6,1.45,16,8,5.98,6.91,54.55,10.57,3.8,2.2,4.59,2.0,4.55,1.0,6.4,2.2,60.0,3,1.6,14,11.0,54.55,4.0,1.71,1.9,2.25,1,1
2025-12-30,E0,20:15,Arsenal,Aston Villa,H,D,D England,2025/2026,1.93,100.0,1.36,11,3,2.2,4.4,1.45,18,9,5.2,5.64,54.55,9.26,2.8,2.2,4.06,1.93,4.55,0.8,5.2,2.4,80.0,7,2.8,22,9.6,54.55,4.4,1.71,2.09,2.25,1,0
2026-01-07,E0,19:30,Crystal Palace,Aston Villa,D,D,A Madley,2025/2026,2.0,80.0,1.36,15,3,2.0,4.8,1.45,8,3,4.04,3.82,54.55,8.59,3.2,2.0,4.55,2.0,4.55,1.4,3.6,2.0,40.0,5,0.4,11,8.4,36.36,4.4,1.91,2.11,2.0,0,0
2023-08-19,E0,15:00,Liverpool,Bournemouth,H,H,T Bramall,2023/2024,1.86,100.0,1.42,13,5,3.0,2.0,2.05,11,13,8.22,8.58,78.95,12.35,2.0,4.0,4.13,1.89,6.0,1.0,10.0,1.0,100.0,10,3.0,26,12.0,68.42,10.0,1.32,2.08,4.0,1,1
2023-09-02,E0,15:00,Brentford,Bournemouth,D,D,R Madley,2023/2024,1.98,100.0,1.42,12,5,2.5,2.0,2.05,6,13,5.44,4.84,78.95,10.42,4.67,2.0,4.98,2.01,6.0,1.67,5.33,1.5,66.67,7,1.67,21,7.33,68.42,7.5,1.85,1.96,2.13,1,0
2023-09-24,E0,14:00,Brighton,Bournemouth,H,D,J Brooks,2023/2024,1.89,100.0,1.42,12,4,2.67,2.67,2.05,12,17,6.81,7.05,78.95,11.4,4.5,2.75,4.59,1.93,6.0,1.5,8.0,1.33,100.0,4,2.75,13,10.67,57.89,6.33,1.48,1.85,3.0,1,0
2023-10-07,E0,15:00,Everton,Bournemouth,H,H,D Coote,2023/2024,1.92,100.0,1.42,11,4,2.75,3.75,2.05,14,15,5.57,5.11,78.95,10.84,5.6,2.04,5.27,1.95,6.0,1.0,5.8,1.0,40.0,8,0.8,25,9.55,36.84,6.75,1.9,2.0,2.1,1,1
2023-11-04,E0,15:00,Man City,Bournemouth,H,H,C Pawson,2023/2024,2.04,100.0,1.42,5,1,3.4,3.2,2.05,8,9,7.31,8.16,78.95,11.5,2.8,3.5,4.19,2.06,6.0,0.6,5.4,1.0,60.0,8,3.2,21,8.6,57.89,7.8,1.35,2.05,3.75,1,1
2023-11-25,E0,15:00,Sheffield United,Bournemouth,A,A,A Madley,2023/2024,1.94,100.0,1.42,23,11,3.0,4.2,2.05,6,8,4.8,4.11,78.95,10.27,5.4,1.96,5.47,1.94,6.0,3.2,3.8,1.4,100.0,2,1.2,10,8.0,84.21,6.6,2.01,1.87,1.98,1,1
2023-12-06,E0,19:30,Crystal Palace,Bournemouth,A,A,C Pawson,2023/2024,1.92,80.0,1.42,11,4,2.6,5.6,2.05,10,17,5.68,5.42,78.95,10.65,4.4,1.83,4.97,1.97,6.0,1.4,5.8,1.4,40.0,3,0.6,16,11.4,63.16,6.2,2.09,1.89,1.9,0,1
2023-12-09,E0,15:00,Man United,Bournemouth,A,A,P Bankes,2023/2024,1.99,80.0,1.42,10,4,2.0,5.6,2.05,7,10,7.49,7.84,78.95,13.18,5.6,2.6,5.69,2.06,6.0,1.6,9.4,1.8,80.0,3,1.0,20,15.0,68.42,7.4,1.5,1.81,2.85,1,1
2023-12-23,E0,15:00,Nott'm Forest,Bournemouth,A,D,R Jones,2023/2024,1.88,80.0,1.42,18,7,1.8,5.4,2.05,10,10,5.02,4.32,78.95,10.53,5.4,1.95,5.51,1.91,6.0,1.8,4.4,2.4,40.0,5,1.2,11,9.8,52.63,7.0,2.03,1.82,2.03,1,1
2023-12-31,E0,14:00,Tottenham,Bournemouth,H,H,S Hooper,2023/2024,1.9,80.0,1.42,24,4,1.2,7.8,2.05,9,18,6.55,7.21,78.95,12.19,6.8,3.5,5.64,1.95,6.0,1.4,5.4,2.4,100.0,6,2.2,12,13.2,84.21,5.4,1.36,1.93,3.66,1,1
2024-02-01,E0,19:30,West Ham,Bournemouth,D,A,T Robinson,2023/2024,1.73,60.0,1.42,9,4,1.2,7.4,2.05,13,11,4.85,4.68,78.95,10.23,3.6,2.05,5.38,1.83,6.0,0.4,3.0,2.0,20.0,3,1.4,9,10.4,52.63,4.8,1.81,1.78,2.28,0,0
2024-02-10,E0,15:00,Fulham,Bournemouth,H,H,D England,2023/2024,1.81,80.0,1.42,25,4,1.8,8.4,2.05,11,11,5.82,5.89,78.95,11.56,7.2,2.05,5.74,1.84,6.0,0.8,6.4,1.8,60.0,6,2.0,7,14.8,63.16,4.4,1.9,2.01,2.19,1,1
2024-02-17,E0,15:00,Newcastle,Bournemouth,D,D,M Salisbury,2023/2024,2.05,80.0,1.42,12,7,2.2,8.0,2.05,9,22,5.66,5.89,78.95,10.97,4.0,2.4,5.31,2.05,6.0,2.4,6.0,1.6,100.0,5,2.4,17,14.0,68.42,3.2,1.61,1.92,2.69,1,0
2024-03-03,E0,13:00,Burnley,Bournemouth,A,A,D Coote,2023/2024,1.97,60.0,1.42,10,3,1.8,7.2,2.05,8,13,5.29,5.58,78.95,10.89,6.6,2.15,5.6,2.01,6.0,2.4,3.8,1.4,40.0,6,0.6,20,11.0,57.89,3.4,1.71,2.0,2.29,0,0
2024-04-06,E0,15:00,Luton,Bournemouth,H,D,A Madley,2023/2024,1.91,60.0,1.42,8,1,1.6,5.0,2.05,7,14,6.39,6.63,78.95,11.56,4.4,2.5,5.17,1.95,6.0,2.0,8.4,1.4,80.0,9,1.4,19,13.4,68.42,4.0,1.59,1.93,2.63,1,0
2024-04-21,E0,15:00,Aston Villa,Bournemouth,H,D,T Robinson,2023/2024,2.03,80.0,1.42,14,6,2.0,4.8,2.05,8,14,6.08,6.0,78.95,10.77,3.4,2.63,4.69,2.06,6.0,2.0,7.4,1.4,80.0,4,2.4,14,12.2,78.95,5.4,1.51,1.83,2.88,1,1
2024-04-24,E0,19:45,Wolves,Bournemouth,A,A,S Attwell,2023/2024,1.9,60.0,1.42,21,6,1.4,4.4,2.05,10,17,5.47,5.21,78.95,10.69,5.6,2.2,5.22,1.92,6.0,1.2,4.2,1.4,40.0,4,0.8,15,8.6,63.16,6.8,1.71,2.17,2.35,0,1
2024-05-04,E0,12:30,Arsenal,Bournemouth,H,H,D Coote,2023/2024,1.98,60.0,1.42,7,2,1.6,4.2,2.05,16,12,6.49,6.79,78.95,10.81,2.8,3.4,4.32,1.98,6.0,0.6,5.4,1.0,60.0,9,2.4,25,9.6,73.68,7.2,1.35,2.08,3.5,1,0
2024-05-19,E0,16:00,Chelsea,Bournemouth,H,H,A Taylor,2023/2024,1.99,80.0,1.42,22,5,2.0,4.8,2.05,5,9,6.24,6.11,78.95,11.49,6.2,3.5,5.25,2.02,6.0,0.8,6.8,0.8,80.0,6,3.8,16,11.6,63.16,7.0,1.33,1.91,3.92,1,1
2024-08-17,E0,15:00,Nott'm Forest,Bournemouth,D,H,M Oliver,2024/2025,2.11,0.0,1.84,13,4,1.0,6.0,1.58,17,8,3.91,4.26,78.95,9.77,6.0,2.01,5.86,2.14,4.68,1.0,2.0,1.0,0.0,8,1.0,14,8.0,31.58,2.0,1.93,1.98,2.04,0,0
2024-08-31,E0,15:00,Everton,Bournemouth,A,D,S Attwell,2024/2025,1.89,50.0,1.84,17,7,1.5,5.0,1.58,6,1,4.46,4.26,78.95,9.92,4.5,2.03,5.46,1.9,4.68,3.0,4.5,2.0,100.0,8,1.0,18,9.5,47.37,5.0,1.9,2.06,2.06,1,1
2024-09-21,E0,15:00,Liverpool,Bournemouth,H,H,T Harrington,2024/2025,1.9,66.67,1.84,19,6,2.0,6.33,1.58,10,12,5.83,6.53,78.95,11.16,5.0,3.5,5.33,1.93,4.68,0.33,6.33,1.33,33.33,13,1.67,19,12.66,63.16,4.33,1.35,2.04,3.7,1,1
2024-10-05,E0,15:00,Leicester,Bournemouth,H,H,D Bond,2024/2025,1.91,50.0,1.84,17,2,1.75,7.0,1.58,12,14,4.04,4.21,78.95,9.99,6.75,2.3,5.95,1.93,4.68,1.0,2.25,1.0,25.0,2,1.0,6,9.25,47.37,3.25,1.67,2.03,2.42,0,0
2024-10-26,E0,15:00,Aston Villa,Bournemouth,D,D,A Madley,2024/2025,2.04,40.0,1.84,11,3,1.6,7.0,1.58,12,14,6.34,7.47,78.95,11.4,3.6,2.3,5.06,2.07,4.68,1.2,6.2,1.0,40.0,8,1.4,18,13.2,57.89,4.4,1.68,1.9,2.49,0,1
2024-11-09,E0,15:00,Brentford,Bournemouth,H,D,D Bond,2024/2025,2.01,60.0,1.84,15,3,2.0,6.6,1.58,8,16,5.13,5.16,78.95,10.85,5.4,2.2,5.72,2.06,4.68,2.0,6.0,1.2,80.0,6,3.2,12,12.6,63.16,5.2,1.75,2.0,2.45,1,0
2024-11-30,E0,15:00,Wolves,Bournemouth,A,A,P Bankes,2024/2025,1.81,60.0,1.84,12,8,2.0,6.6,1.58,13,11,3.93,3.89,78.95,10.09,9.4,2.1,6.16,1.87,4.68,2.0,2.0,1.4,80.0,3,1.6,10,8.6,57.89,4.2,1.82,1.93,2.23,1,0
2024-12-08,E0,14:00,Ipswich,Bournemouth,A,H,M Salisbury,2024/2025,2.03,60.0,1.84,22,6,1.6,7.4,1.58,9,13,4.37,4.11,78.95,10.48,7.4,2.2,6.11,2.05,4.68,1.4,4.6,1.8,20.0,5,0.6,18,12.0,52.63,4.8,1.7,1.96,2.35,1,1
2024-12-22,E0,14:00,Man United,Bournemouth,A,A,C Pawson,2024/2025,2.05,80.0,1.84,10,5,1.4,5.8,1.58,11,11,5.48,5.58,78.95,10.53,3.8,2.1,5.05,2.05,4.68,1.4,5.0,2.4,80.0,7,2.0,23,10.8,52.63,7.4,1.75,2.07,2.3,1,1
2024-12-29,E0,15:00,Fulham,Bournemouth,D,H,R Jones,2024/2025,1.85,100.0,1.84,16,9,1.6,5.8,1.58,7,16,5.06,5.32,78.95,10.42,5.2,2.0,5.36,1.85,4.68,1.6,3.8,2.6,60.0,6,1.4,11,9.6,63.16,5.8,1.87,1.95,2.16,1,0
2025-01-14,E0,19:30,Chelsea,Bournemouth,D,H,R Jones,2024/2025,1.88,100.0,1.84,7,3,1.4,5.6,1.58,15,16,5.91,6.47,78.95,10.81,3.2,3.0,4.9,1.9,4.68,1.2,5.4,2.6,80.0,10,1.8,26,11.0,57.89,6.4,1.44,2.07,3.14,1,1
2025-01-18,E0,12:30,Newcastle,Bournemouth,A,A,S Attwell,2024/2025,2.03,100.0,1.84,19,10,1.2,6.0,1.58,7,18,5.91,6.21,78.95,11.45,4.4,2.5,5.54,2.09,4.68,1.4,6.0,2.6,100.0,5,2.8,13,12.0,63.16,7.2,1.54,1.86,2.77,1,1
2025-02-15,E0,15:00,Southampton,Bournemouth,A,A,J Gillett,2024/2025,1.84,100.0,1.84,14,7,1.2,4.6,1.58,13,15,3.85,3.16,78.95,9.74,4.6,2.63,5.89,1.88,4.68,3.4,2.6,2.8,80.0,4,0.4,11,7.2,68.42,6.8,1.53,2.07,2.9,1,0
2025-02-25,E0,19:30,Brighton,Bournemouth,H,H,M Oliver,2024/2025,2.03,100.0,1.84,19,5,1.6,6.2,1.58,12,14,4.62,4.79,78.95,10.03,5.4,2.38,5.41,2.13,4.68,0.6,3.8,2.4,40.0,4,1.2,11,10.0,68.42,4.4,1.61,1.91,2.51,1,0
2025-03-09,E0,14:00,Tottenham,Bournemouth,D,A,J Brooks,2024/2025,1.82,100.0,1.84,17,8,1.6,6.0,1.58,15,16,6.31,7.16,78.95,12.02,5.6,2.63,5.71,1.84,4.68,1.4,7.2,2.4,60.0,4,1.0,12,13.2,73.68,4.8,1.51,2.11,2.88,1,0
2025-04-05,E0,15:00,West Ham,Bournemouth,D,A,T Robinson,2024/2025,2.05,100.0,1.84,11,4,1.6,6.8,1.58,13,13,4.52,4.63,78.95,9.98,4.0,2.05,5.46,2.07,4.68,1.2,4.2,2.4,20.0,3,0.8,9,11.0,57.89,3.8,1.87,2.08,2.1,1,1
2025-04-19,E0,15:00,Crystal Palace,Bournemouth,D,D,S Barrott,2024/2025,2.02,80.0,1.84,15,4,1.4,6.4,1.58,13,10,4.45,4.58,78.95,10.21,4.4,2.1,5.76,2.02,4.68,0.8,4.2,1.6,60.0,0,1.6,5,10.6,47.37,3.4,1.8,2.04,2.21,0,0
2025-05-03,E0,17:30,Arsenal,Bournemouth,A,H,J Gillett,2024/2025,2.08,80.0,1.84,9,2,1.4,5.8,1.58,7,16,6.11,7.42,78.95,10.98,4.4,2.2,4.87,2.11,4.68,1.2,5.6,1.4,60.0,4,1.4,13,11.4,52.63,3.0,1.71,2.05,2.29,1,0
2025-05-20,E0,20:00,Man City,Bournemouth,H,H,T Bramall,2024/2025,1.99,80.0,1.84,8,2,1.6,4.2,1.58,7,13,5.82,7.0,78.95,10.33,2.4,2.63,4.51,2.0,4.68,0.8,4.6,1.4,60.0,5,2.6,12,8.8,73.68,3.4,1.51,1.96,2.8,1,0
2025-08-15,E0,20:00,Liverpool,Bournemouth,H,H,A Taylor,2025/2026,2.03,100.0,1.73,10,3,4.0,7.0,2.73,7,10,6.01,5.82,81.82,11.85,7.0,3.2,5.84,2.06,6.45,2.0,6.0,2.0,100.0,10,4.0,19,13.0,45.45,6.0,1.4,1.85,3.2,1,1
2025-08-30,E0,15:00,Tottenham,Bournemouth,A,A,S Hooper,2025/2026,1.9,50.0,1.73,20,6,2.0,7.5,2.73,17,13,5.41,5.82,81.82,11.57,6.5,2.2,6.16,1.9,6.45,0.5,3.0,1.5,50.0,1,1.5,5,10.5,54.55,3.0,1.67,1.94,2.35,0,0
2025-09-27,E0,15:00,Leeds,Bournemouth,D,D,M Oliver,2025/2026,2.05,66.67,1.73,12,5,2.0,6.33,2.73,12,13,5.68,5.45,81.82,10.92,3.67,1.8,5.24,2.05,6.45,0.67,6.33,1.67,33.33,8,1.0,19,12.66,63.64,4.33,2.05,2.16,1.84,1,1
2025-10-18,E0,15:00,Crystal Palace,Bournemouth,D,A,J Gillett,2025/2026,1.9,75.0,1.73,8,5,2.25,6.0,2.73,8,16,4.54,3.82,81.82,10.01,4.25,2.0,5.47,1.95,6.45,1.25,3.5,2.0,50.0,7,1.5,20,9.5,36.36,4.75,1.84,1.99,2.08,1,1
2025-11-02,E0,16:30,Man City,Bournemouth,H,H,A Taylor,2025/2026,1.75,80.0,1.73,8,5,2.4,5.6,2.73,8,11,7.04,7.36,81.82,12.03,3.0,2.63,4.99,1.83,6.45,0.8,8.0,1.8,60.0,8,2.6,15,13.6,63.64,5.8,1.5,2.01,2.75,1,1
2025-11-09,E0,14:00,Aston Villa,Bournemouth,H,H,J Brooks,2025/2026,1.95,80.0,1.73,13,4,2.4,6.0,2.73,8,20,5.62,5.18,81.82,11.38,5.6,1.98,5.76,1.95,6.45,1.0,5.8,1.4,80.0,8,2.0,16,11.8,63.64,5.8,1.91,1.88,2.06,1,1
2025-11-29,E0,15:00,Sunderland,Bournemouth,H,A,T Robinson,2025/2026,2.0,100.0,1.73,18,6,3.0,5.0,2.73,14,13,4.78,3.73,81.82,10.03,2.6,1.85,5.25,22.0,6.45,1.2,4.2,1.6,40.0,6,1.8,12,9.2,45.45,7.0,2.0,2.0,1.87,1,0
2025-12-15,E0,20:00,Man United,Bournemouth,D,H,S Hooper,2025/2026,2.03,100.0,1.73,14,9,3.4,5.0,2.73,15,12,5.18,4.45,81.82,10.64,4.0,2.75,5.46,2.03,6.45,1.6,4.6,2.0,40.0,9,2.2,25,9.6,36.36,6.6,1.5,1.88,2.8,1,0
2025-12-27,E0,15:00,Brentford,Bournemouth,H,H,P Bankes,2025/2026,1.88,100.0,1.73,20,10,3.6,7.0,2.73,9,8,4.65,3.82,81.82,10.58,6.0,1.93,5.93,1.88,6.45,1.2,3.6,1.6,80.0,7,2.8,15,10.6,63.64,5.8,1.93,1.91,2.12,1,1
2025-12-30,E0,19:30,Chelsea,Bournemouth,D,D,S Barrott,2025/2026,2.03,100.0,1.73,17,6,3.4,6.8,2.73,5,12,6.73,6.91,81.82,12.27,4.2,3.0,5.54,2.05,6.45,1.0,7.0,1.8,60.0,3,1.8,17,13.8,54.55,6.2,1.5,1.94,3.0,1,1
2023-08-19,E0,15:00,Fulham,Brentford,A,A,D Bond,2023/2024,1.92,100.0,1.42,17,8,0.0,5.0,1.63,13,12,5.77,5.89,63.16,10.68,5.0,1.73,4.91,1.95,6.11,3.0,5.0,3.0,100.0,2,0.0,10,10.0,63.16,5.0,2.21,1.92,1.81,1,0
2023-09-16,E0,17:30,Newcastle,Brentford,H,D,C Pawson,2023/2024,2.01,50.0,1.42,11,2,0.5,4.0,1.63,8,12,6.05,5.89,63.16,10.86,5.67,2.1,4.81,2.05,6.11,1.0,6.33,1.5,66.67,2,2.33,9,10.33,68.42,6.5,1.84,1.81,2.26,0,1
2023-10-01,E0,14:00,Nott'm Forest,Brentford,D,D,P Tierney,2023/2024,1.89,33.33,1.42,18,5,0.67,6.33,1.63,6,10,4.77,4.32,63.16,10.3,7.33,1.73,5.53,1.91,6.11,1.0,4.0,1.33,33.33,1,1.33,6,10.33,52.63,4.67,2.46,2.1,1.79,0,1
2023-10-07,E0,15:00,Man United,Brentford,H,A,A Madley,2023/2024,2.02,50.0,1.42,11,3,1.0,6.0,1.63,10,17,7.24,7.84,63.16,12.55,4.0,2.25,5.31,2.06,6.11,1.4,8.8,1.25,60.0,8,1.4,21,14.8,68.42,5.25,1.75,1.87,2.36,1,1
2023-10-28,E0,12:30,Chelsea,Brentford,A,D,S Hooper,2023/2024,2.07,40.0,1.42,7,5,0.8,5.0,1.63,12,7,6.13,6.11,63.16,10.98,4.6,2.05,4.85,2.11,6.11,1.2,6.2,1.4,40.0,2,1.0,17,11.2,63.16,6.2,1.87,2.09,2.1,0,1
2023-11-12,E0,14:00,Liverpool,Brentford,H,H,P Tierney,2023/2024,2.01,40.0,1.42,16,3,1.4,5.6,1.63,16,12,7.69,8.58,63.16,12.16,4.4,2.7,4.47,2.04,6.11,0.2,8.0,0.8,80.0,10,2.8,17,13.6,68.42,6.4,1.48,1.85,3.0,1,1
2023-12-06,E0,19:30,Brighton,Brentford,H,D,P Bankes,2023/2024,1.97,60.0,1.42,8,2,1.6,5.6,1.63,10,8,6.66,7.05,63.16,11.11,2.8,2.25,4.45,2.0,6.11,1.2,6.4,1.0,60.0,7,1.8,18,12.0,57.89,6.2,1.68,1.94,2.41,1,0
2023-12-09,E0,15:00,Sheffield United,Brentford,H,H,S Attwell,2023/2024,2.07,60.0,1.42,10,4,1.6,4.2,1.63,14,13,4.81,4.11,63.16,10.09,6.2,1.95,5.28,2.12,6.11,1.6,3.6,0.8,60.0,4,1.0,9,7.8,84.21,6.6,2.12,2.02,2.04,0,0
2023-12-30,E0,15:00,Crystal Palace,Brentford,H,H,R Jones,2023/2024,2.0,60.0,1.42,9,4,1.8,4.0,1.63,14,10,5.73,5.42,63.16,10.25,4.2,1.6,4.52,2.03,6.11,1.8,5.6,0.8,60.0,6,1.4,13,9.6,63.16,6.6,2.4,2.1,1.75,1,1
2024-01-31,E0,19:30,Tottenham,Brentford,H,A,D Coote,2023/2024,2.05,80.0,1.42,9,5,2.4,4.4,1.63,13,15,6.51,7.21,63.16,11.54,6.8,2.7,5.03,2.08,6.11,1.4,4.6,0.8,100.0,5,2.6,19,9.0,84.21,5.6,1.49,1.92,2.93,1,0
2024-02-10,E0,15:00,Wolves,Brentford,A,A,S Hooper,2023/2024,2.07,60.0,1.42,9,6,1.8,3.6,1.63,11,9,5.57,5.21,63.16,10.28,4.0,2.06,4.71,2.12,6.11,1.6,6.0,1.2,60.0,5,1.8,17,9.6,63.16,5.8,1.85,1.95,2.14,0,1
2024-02-20,E0,19:30,Man City,Brentford,H,D,D England,2023/2024,2.03,40.0,1.42,6,2,1.6,3.2,1.63,12,6,7.66,8.16,63.16,11.44,1.4,3.1,3.78,2.14,6.11,0.4,10.0,1.0,20.0,11,1.8,25,13.2,57.89,6.4,1.4,2.02,3.3,0,1
2024-02-26,E0,20:00,West Ham,Brentford,H,H,S Hooper,2023/2024,2.02,60.0,1.42,14,8,2.2,3.8,1.63,5,9,4.9,4.68,63.16,9.74,4.4,2.05,4.84,2.04,6.11,1.8,2.0,1.4,40.0,6,1.4,17,5.8,52.63,6.0,1.85,1.9,2.14,1,0
2024-03-09,E0,17:30,Arsenal,Brentford,H,D,R Jones,2023/2024,2.04,60.0,1.42,9,4,2.0,3.8,1.63,9,10,6.66,6.79,63.16,10.76,3.6,2.88,4.1,2.08,6.11,1.0,7.4,1.4,80.0,6,2.8,17,11.2,73.68,6.6,1.48,1.81,3.05,1,1
2024-03-16,E0,15:00,Burnley,Brentford,H,H,D Bond,2023/2024,1.91,60.0,1.42,9,5,1.8,4.0,1.63,14,17,5.66,5.58,63.16,10.67,6.6,2.1,5.01,1.94,6.11,2.2,4.0,1.2,60.0,6,1.0,17,8.0,57.89,6.6,1.78,1.98,2.21,1,0
2024-04-06,E0,15:00,Aston Villa,Brentford,D,H,M Salisbury,2023/2024,2.0,80.0,1.42,8,3,2.4,3.8,1.63,15,11,6.35,6.0,63.16,10.76,4.2,2.38,4.41,2.05,6.11,2.2,7.8,1.4,80.0,3,2.0,11,11.6,78.95,7.4,1.63,2.1,2.47,1,1
2024-04-20,E0,15:00,Luton,Brentford,A,A,J Gillett,2023/2024,1.9,100.0,1.42,21,9,2.4,5.4,1.63,13,9,6.45,6.63,63.16,11.56,6.0,2.1,5.11,1.93,6.11,2.4,6.6,2.4,80.0,3,1.4,6,12.0,68.42,6.2,1.78,2.14,2.31,1,1
2024-04-27,E0,17:30,Everton,Brentford,H,D,D England,2023/2024,1.85,80.0,1.42,10,4,1.8,5.2,1.63,10,12,5.52,5.11,63.16,10.77,6.6,2.01,5.25,1.9,6.11,0.6,4.6,2.0,20.0,1,1.4,18,9.8,36.84,7.2,1.95,1.78,2.02,0,1
2024-05-11,E0,15:00,Bournemouth,Brentford,A,D,M Donohue,2023/2024,1.92,80.0,1.42,11,5,1.6,6.0,1.63,16,12,6.7,7.05,63.16,11.74,4.4,2.63,5.04,1.94,6.11,1.0,7.2,2.2,80.0,4,1.8,13,13.2,63.16,5.8,1.5,2.03,3.02,1,1
2024-08-25,E0,16:30,Liverpool,Brentford,H,H,S Attwell,2024/2025,2.01,0.0,1.37,8,2,2.0,4.0,1.16,10,7,7.25,6.53,57.89,11.32,4.0,3.5,4.07,2.05,7.42,0.0,9.0,0.0,0.0,8,2.0,19,13.0,63.16,9.0,1.34,1.85,3.55,0,1
2024-09-14,E0,15:00,Man City,Brentford,H,H,D Bond,2024/2025,1.98,50.0,1.37,8,5,2.0,3.5,1.16,9,3,7.86,7.0,57.89,11.34,2.0,2.75,3.48,2.11,7.42,1.0,11.0,0.5,100.0,7,3.0,18,14.5,73.68,10.5,1.45,1.81,3.14,1,1
2024-09-21,E0,15:00,Tottenham,Brentford,H,H,J Brooks,2024/2025,2.01,66.67,1.37,6,6,2.33,3.67,1.16,11,9,7.73,7.16,57.89,12.22,5.0,3.2,4.49,2.05,7.42,0.67,9.33,0.67,66.67,10,2.33,23,13.0,73.68,10.0,1.45,1.91,3.2,1,1
2024-10-19,E0,15:00,Man United,Brentford,H,A,S Barrott,2024/2025,1.95,75.0,1.37,8,2,2.25,3.25,1.16,14,5,6.55,5.58,57.89,10.41,3.75,2.63,3.86,2.04,7.42,1.75,6.5,0.75,75.0,11,0.75,23,9.75,52.63,9.75,1.57,2.1,2.75,1,1
2024-11-04,E0,20:00,Fulham,Brentford,H,A,S Attwell,2024/2025,1.86,80.0,1.37,5,2,2.2,3.2,1.16,3,10,6.44,5.32,57.89,10.51,4.2,2.2,4.07,1.87,7.42,1.4,6.6,0.8,80.0,12,1.8,26,9.8,63.16,10.0,1.76,1.92,2.29,1,1
2024-11-23,E0,15:00,Everton,Brentford,D,D,C Kavanagh,2024/2025,1.73,80.0,1.37,9,2,1.8,3.2,1.16,8,10,5.76,4.26,57.89,10.22,5.6,2.02,4.46,1.82,7.42,1.0,5.4,0.8,40.0,5,1.0,27,8.6,47.37,10.2,1.91,1.88,2.04,0,1
2024-12-04,E0,20:15,Aston Villa,Brentford,H,H,L Smith,2024/2025,1.87,80.0,1.37,9,1,2.0,3.6,1.16,11,15,7.76,7.47,57.89,11.61,4.2,2.5,3.85,1.89,7.42,1.0,8.2,0.8,60.0,10,1.8,20,11.8,57.89,9.8,1.6,2.08,2.56,1,1
2024-12-15,E0,19:00,Chelsea,Brentford,H,H,P Bankes,2024/2025,2.03,80.0,1.37,9,4,1.8,3.8,1.16,11,7,7.03,6.47,57.89,10.89,3.8,3.4,3.86,2.04,7.42,0.8,6.6,0.8,60.0,8,1.8,26,10.4,57.89,9.6,1.4,2.04,3.56,1,1
2024-12-27,E0,19:30,Brighton,Brentford,D,D,A Madley,2024/2025,1.86,60.0,1.37,8,3,1.4,4.0,1.16,6,12,5.95,4.79,57.89,10.15,4.8,2.75,4.2,1.88,7.42,1.4,5.8,0.6,60.0,7,1.2,24,9.8,68.42,8.8,1.51,1.89,2.94,0,0
2025-01-04,E0,15:00,Southampton,Brentford,A,A,S Attwell,2024/2025,2.08,60.0,1.37,20,11,1.0,3.8,1.16,10,4,4.57,3.16,57.89,9.51,5.2,2.1,4.94,2.2,7.42,3.8,2.8,1.4,80.0,1,0.6,8,6.6,68.42,7.0,1.75,1.88,2.35,1,0
2025-01-26,E0,14:00,Crystal Palace,Brentford,A,D,T Harrington,2024/2025,1.83,80.0,1.37,13,6,1.2,4.4,1.16,8,11,5.49,4.58,57.89,10.31,6.2,2.38,4.82,1.85,7.42,2.2,5.4,1.8,80.0,5,1.4,16,9.8,47.37,5.8,1.68,1.94,2.51,1,1
2025-02-15,E0,15:00,West Ham,Brentford,A,A,D England,2024/2025,2.08,60.0,1.37,14,5,0.6,3.8,1.16,10,13,5.4,4.63,57.89,9.61,3.8,2.38,4.21,2.14,7.42,2.2,4.4,1.8,40.0,3,0.8,13,8.2,57.89,5.6,1.6,1.84,2.51,0,1
2025-02-21,E0,20:00,Leicester,Brentford,A,A,T Harrington,2024/2025,1.98,60.0,1.37,14,6,0.2,4.0,1.16,10,10,5.09,4.21,57.89,9.58,4.4,2.38,4.49,2.01,7.42,2.4,4.2,2.4,20.0,3,0.0,8,8.2,47.37,5.0,1.63,2.0,2.51,1,1
2025-03-15,E0,17:30,Bournemouth,Brentford,A,D,C Pawson,2024/2025,1.95,80.0,1.37,10,4,0.4,4.0,1.16,13,7,6.31,6.32,57.89,10.69,5.0,2.63,4.38,1.96,7.42,1.0,5.0,2.8,40.0,5,1.4,17,9.0,31.58,4.8,1.52,1.96,2.88,1,0
2025-04-02,E0,19:45,Newcastle,Brentford,H,H,P Bankes,2024/2025,1.98,80.0,1.37,12,3,0.8,4.6,1.16,12,12,6.31,6.21,57.89,10.86,5.2,2.5,4.55,2.0,7.42,2.0,5.2,2.0,100.0,4,2.2,21,9.8,63.16,5.2,1.6,2.03,2.66,1,0
2025-04-12,E0,17:30,Arsenal,Brentford,D,D,S Hooper,2024/2025,1.83,60.0,1.37,3,2,0.8,4.2,1.16,7,9,7.24,7.42,57.89,10.88,3.0,2.1,3.64,1.83,7.42,0.8,6.0,1.8,40.0,3,1.8,14,10.2,52.63,7.0,1.76,2.16,2.3,0,1
2025-05-01,E0,19:30,Nott'm Forest,Brentford,A,A,D England,2024/2025,2.0,60.0,1.37,11,3,0.8,4.8,1.16,10,12,5.08,4.26,57.89,9.99,7.0,2.1,4.91,2.01,7.42,0.6,2.8,2.0,0.0,5,0.4,14,7.6,31.58,6.0,1.82,1.95,2.24,0,0
2025-05-10,E0,15:00,Ipswich,Brentford,A,A,S Barrott,2024/2025,2.03,40.0,1.37,15,5,0.8,4.8,1.16,6,12,5.1,4.11,57.89,9.94,6.6,2.75,4.84,2.08,7.42,3.0,3.8,1.4,80.0,4,0.8,11,8.6,52.63,6.0,1.48,2.1,2.89,0,1
2025-05-25,E0,16:00,Wolves,Brentford,D,A,C Pawson,2024/2025,1.83,20.0,1.37,13,7,0.8,4.8,1.16,7,9,5.09,3.89,57.89,9.51,3.0,2.63,4.42,1.85,7.42,1.0,4.2,1.2,40.0,6,1.8,18,9.0,57.89,6.8,1.52,2.03,2.63,0,1
2025-08-17,E0,14:00,Nott'm Forest,Brentford,H,H,P Bankes,2025/2026,1.98,100.0,1.09,10,3,3.0,5.0,1.82,7,15,5.64,6.36,45.45,11.23,5.0,1.88,5.59,1.98,4.55,1.0,5.0,1.0,100.0,5,3.0,11,10.0,63.64,5.0,2.08,1.76,1.88,1,0
2025-08-30,E0,15:00,Sunderland,Brentford,H,D,A Taylor,2025/2026,1.73,100.0,1.09,7,4,2.5,4.5,1.82,11,12,3.99,3.73,45.45,9.58,5.5,1.73,5.59,1.93,4.55,0.5,4.0,1.0,100.0,3,2.5,12,8.5,45.45,4.0,2.17,2.15,1.78,1,0
2025-09-20,E0,20:00,Fulham,Brentford,H,H,M Oliver,2025/2026,1.83,100.0,1.09,8,3,2.67,6.33,1.82,11,13,4.74,5.09,45.45,10.96,6.33,1.73,6.22,1.83,4.55,0.67,4.67,1.0,33.33,3,1.67,14,11.0,54.55,3.33,2.1,2.06,1.86,1,1
2025-10-20,E0,20:00,West Ham,Brentford,A,A,A Madley,2025/2026,2.05,75.0,1.09,22,7,2.0,7.25,1.82,10,10,5.36,5.91,45.45,11.96,9.0,1.93,6.6,2.17,4.55,3.0,5.75,1.25,75.0,1,0.5,7,13.0,72.73,4.0,1.93,2.06,1.93,0,1
2025-11-01,E0,15:00,Crystal Palace,Brentford,H,H,P Bankes,2025/2026,1.93,60.0,1.09,6,2,2.0,6.8,1.82,7,11,4.08,3.82,45.45,9.74,4.4,1.98,5.66,1.93,4.55,1.0,4.0,1.0,40.0,2,1.6,9,10.8,36.36,4.4,1.9,1.85,2.06,0,1
2025-11-22,E0,15:00,Brighton,Brentford,H,A,C Kavanagh,2025/2026,1.93,60.0,1.09,10,4,1.8,6.6,1.82,10,9,5.15,5.55,45.45,11.12,5.4,2.1,5.97,1.93,4.55,1.0,4.8,1.0,100.0,5,2.2,14,11.4,54.55,4.8,1.75,2.06,2.15,1,1
2025-12-03,E0,19:30,Arsenal,Brentford,H,H,T Harrington,2025/2026,1.73,40.0,1.09,6,1,1.8,7.4,1.82,7,9,5.36,5.64,45.45,10.58,3.4,1.93,5.22,2.02,4.55,0.4,6.2,0.8,20.0,7,2.0,15,13.6,54.55,5.0,1.93,1.83,2.02,0,1
2025-12-06,E0,15:00,Tottenham,Brentford,H,H,R Jones,2025/2026,1.85,20.0,1.09,4,1,1.6,6.6,1.82,8,9,5.58,5.82,45.45,11.54,4.4,1.91,5.96,1.85,4.55,1.4,6.4,0.6,60.0,7,1.2,15,13.0,54.55,6.0,1.94,2.15,1.92,0,1
2025-12-20,E0,15:00,Wolves,Brentford,A,D,M Donohue,2025/2026,2.05,20.0,1.09,7,6,1.6,5.4,1.82,12,15,3.69,3.18,45.45,9.65,5.8,1.85,5.96,2.05,4.55,2.4,2.6,0.6,40.0,2,0.6,9,8.0,54.55,5.4,2.0,1.91,1.86,0,0
2026-01-04,E0,15:00,Everton,Brentford,A,A,A Taylor,2025/2026,1.83,40.0,1.09,11,7,1.6,5.4,1.82,9,8,4.93,5.0,45.45,10.61,4.6,1.67,5.68,1.83,4.55,1.8,5.4,1.4,60.0,6,1.6,14,10.8,45.45,5.0,2.2,1.79,1.73,1,0
2023-08-19,E0,15:00,Wolves,Brighton,A,A,A Madley,2023/2024,1.87,100.0,1.32,16,8,1.0,3.0,1.84,14,11,5.14,5.21,63.16,9.09,3.0,2.5,3.95,1.91,5.11,4.0,5.0,4.0,100.0,5,1.0,16,8.0,63.16,5.0,1.61,2.06,2.6,1,0
2023-09-16,E0,15:00,Man United,Brighton,A,A,J Gillett,2023/2024,1.93,100.0,1.32,10,8,1.0,2.0,1.84,8,9,7.14,7.84,63.16,11.41,3.67,2.75,4.27,1.97,5.11,1.67,9.0,3.5,66.67,4,1.67,14,11.0,68.42,6.5,1.49,1.86,3.12,1,0
2023-09-30,E0,12:30,Aston Villa,Brighton,H,H,A Madley,2023/2024,1.96,100.0,1.32,11,3,2.67,2.33,1.84,19,21,5.44,6.0,63.16,9.04,3.67,2.63,3.6,1.99,5.11,0.67,4.0,2.67,100.0,9,4.33,19,6.33,78.95,4.67,1.52,2.09,2.85,1,0
2023-10-21,E0,15:00,Man City,Brighton,H,H,R Jones,2023/2024,2.06,100.0,1.32,5,3,2.5,2.25,1.84,9,11,6.54,8.16,63.16,9.81,3.25,3.4,3.27,2.08,5.11,0.5,3.75,2.25,50.0,6,2.5,10,6.0,57.89,4.0,1.43,1.9,3.4,1,0
2023-11-04,E0,15:00,Everton,Brighton,D,H,T Robinson,2023/2024,1.97,80.0,1.32,7,2,2.2,2.4,1.84,15,5,4.91,5.11,63.16,9.16,5.4,2.1,4.25,1.97,5.11,1.0,4.4,2.0,40.0,4,1.0,10,6.8,36.84,3.8,1.78,2.19,2.36,0,0
2023-11-25,E0,15:00,Nott'm Forest,Brighton,A,A,A Taylor,2023/2024,1.93,80.0,1.32,11,5,2.4,2.6,1.84,12,7,4.37,4.32,63.16,8.81,6.2,1.98,4.44,1.95,5.11,1.4,3.2,1.8,40.0,5,1.6,18,5.8,52.63,4.0,2.02,1.8,2.0,1,0
2023-12-03,E0,14:00,Chelsea,Brighton,H,H,C Pawson,2023/2024,1.95,80.0,1.32,18,9,2.8,4.0,1.84,16,12,5.48,6.11,63.16,9.76,6.0,2.2,4.28,1.97,5.11,2.2,5.0,1.6,60.0,5,1.8,8,9.0,63.16,3.4,1.7,1.92,2.44,1,1
2023-12-17,E0,14:00,Arsenal,Brighton,H,D,T Robinson,2023/2024,1.85,60.0,1.32,6,1,2.0,3.6,1.84,11,9,6.09,6.79,63.16,9.38,1.8,2.35,3.29,1.89,5.11,0.4,5.6,1.4,60.0,9,2.6,26,9.2,73.68,5.2,1.71,1.88,2.45,0,1
2023-12-21,E0,20:00,Crystal Palace,Brighton,D,H,J Brooks,2023/2024,1.92,40.0,1.32,18,6,1.8,3.4,1.84,12,11,5.44,5.42,63.16,9.26,3.8,1.7,3.82,1.94,5.11,2.0,6.4,1.4,60.0,3,1.0,11,9.8,63.16,5.4,2.17,2.04,1.95,0,0
2024-01-02,E0,19:30,West Ham,Brighton,D,D,S Barrott,2023/2024,2.05,40.0,1.32,22,8,1.6,2.8,1.84,4,6,4.83,4.68,63.16,8.86,3.4,2.1,4.03,2.08,5.11,0.6,4.6,1.2,40.0,2,1.8,6,7.4,52.63,5.2,1.74,1.98,2.38,0,0
2024-01-30,E0,19:45,Luton,Brighton,H,H,R Jones,2023/2024,2.02,40.0,1.32,9,2,2.0,2.8,1.84,13,14,6.04,6.63,63.16,10.16,4.8,2.15,4.12,2.03,5.11,1.8,5.8,0.6,80.0,8,2.2,18,8.6,68.42,5.4,1.71,2.08,2.36,1,1
2024-02-10,E0,15:00,Tottenham,Brighton,H,A,S Barrott,2023/2024,1.87,40.0,1.32,6,3,1.8,2.4,1.84,14,13,6.34,7.21,63.16,10.61,7.2,3.4,4.27,1.92,5.11,1.2,4.8,0.4,100.0,6,2.8,16,7.2,84.21,6.2,1.36,2.03,3.5,1,1
2024-02-18,E0,14:00,Sheffield United,Brighton,A,A,S Attwell,2023/2024,2.08,60.0,1.32,24,10,1.4,4.2,1.84,3,5,4.54,4.11,63.16,9.06,4.6,2.35,4.52,2.11,5.11,3.0,4.8,1.4,80.0,1,1.0,6,9.0,84.21,5.2,1.62,1.87,2.58,1,1
2024-03-02,E0,15:00,Fulham,Brighton,H,H,S Hooper,2023/2024,1.99,80.0,1.32,15,5,1.8,5.2,1.84,16,10,5.56,5.89,63.16,10.07,6.8,2.01,4.51,2.0,5.11,0.8,5.4,1.2,80.0,5,1.8,12,10.6,63.16,5.0,1.91,2.04,2.15,1,0
2024-03-31,E0,14:00,Liverpool,Brighton,H,D,D Coote,2023/2024,1.91,100.0,1.32,9,3,2.2,6.0,1.84,20,6,7.52,8.58,63.16,11.3,3.2,3.5,3.78,1.94,5.11,1.0,9.0,1.4,80.0,8,2.8,30,15.0,68.42,6.2,1.33,1.93,3.8,1,1
2024-04-03,E0,19:30,Brentford,Brighton,D,D,A Madley,2023/2024,2.05,80.0,1.32,24,6,1.4,6.2,1.84,9,12,4.92,4.84,63.16,9.66,6.8,2.38,4.74,2.14,5.11,2.0,4.8,1.4,60.0,2,1.0,5,11.0,68.42,5.0,1.61,2.03,2.63,0,0
2024-04-13,E0,15:00,Burnley,Brighton,D,D,S Hooper,2023/2024,2.04,60.0,1.32,20,8,1.2,6.0,1.84,18,8,5.29,5.58,63.16,9.66,4.2,2.5,4.37,2.08,5.11,2.0,5.4,1.4,40.0,3,0.8,11,11.4,57.89,4.0,1.61,1.89,2.54,0,0
2024-04-28,E0,14:00,Bournemouth,Brighton,H,H,P Tierney,2023/2024,1.91,60.0,1.32,13,1,1.8,4.4,1.84,14,10,6.5,7.05,63.16,10.68,3.4,3.0,4.18,1.96,5.11,1.2,8.8,0.4,80.0,6,2.4,15,13.2,63.16,4.6,1.42,1.95,3.12,1,0
2024-05-11,E0,15:00,Newcastle,Brighton,D,D,D England,2023/2024,1.98,40.0,1.32,15,4,1.4,4.0,1.84,9,16,5.86,5.89,63.16,9.88,3.8,3.2,4.02,2.01,5.11,1.2,7.6,0.6,60.0,7,3.0,18,11.6,68.42,5.8,1.41,1.96,3.3,0,1
2024-08-17,E0,15:00,Everton,Brighton,A,A,S Hooper,2024/2025,1.97,100.0,1.89,10,5,0.0,5.0,1.74,8,8,3.87,4.26,73.68,9.06,5.0,1.97,5.19,1.97,5.32,3.0,1.0,3.0,100.0,1,0.0,9,6.0,47.37,1.0,1.95,2.07,2.0,1,0
2024-08-31,E0,12:30,Arsenal,Brighton,D,H,C Kavanagh,2024/2025,1.89,50.0,1.89,22,4,0.5,6.0,1.74,12,7,6.16,7.42,73.68,10.75,4.5,2.5,4.59,1.92,5.32,0.5,5.5,2.0,0.0,7,1.5,11,11.5,52.63,2.0,1.58,1.85,2.63,0,0
2024-09-28,E0,15:00,Chelsea,Brighton,H,H,P Bankes,2024/2025,1.95,66.67,1.89,15,5,1.67,4.67,1.74,11,8,5.82,6.47,73.68,10.33,3.33,2.75,4.51,2.01,5.32,1.67,5.33,2.0,33.33,7,1.67,15,10.0,57.89,4.0,1.53,1.89,2.88,1,0
2024-10-19,E0,15:00,Newcastle,Brighton,A,A,P Bankes,2024/2025,1.89,50.0,1.89,10,5,1.25,4.5,1.74,11,9,5.87,6.21,73.68,11.35,8.5,2.5,5.48,1.92,5.32,0.75,6.0,1.75,25.0,6,1.0,21,10.5,63.16,5.25,1.55,1.96,2.66,0,1
2024-11-02,E0,15:00,Liverpool,Brighton,H,A,T Harrington,2024/2025,1.86,60.0,1.89,13,5,1.4,5.0,1.74,10,18,6.14,6.53,73.68,11.08,5.6,3.0,4.94,1.88,5.32,0.6,6.0,1.6,60.0,8,1.8,16,11.0,63.16,6.2,1.43,1.93,3.39,1,1
2024-11-23,E0,15:00,Bournemouth,Brighton,A,A,S Attwell,2024/2025,1.73,60.0,1.89,6,4,1.6,4.0,1.74,13,10,6.15,6.32,73.68,11.06,4.2,2.38,4.91,1.83,5.32,1.0,6.0,1.4,60.0,5,1.6,19,10.0,31.58,7.4,1.61,2.12,2.52,1,0
2024-12-05,E0,19:30,Fulham,Brighton,H,H,P Bankes,2024/2025,1.84,80.0,1.89,13,3,2.0,3.8,1.74,7,8,5.74,5.32,73.68,10.5,4.4,2.2,4.76,1.87,5.32,2.0,7.0,1.4,100.0,2,2.0,6,10.8,63.16,7.8,1.72,1.98,2.33,1,1
2024-12-08,E0,14:00,Leicester,Brighton,D,A,S Attwell,2024/2025,1.95,80.0,1.89,16,7,1.6,4.4,1.74,9,10,4.69,4.21,73.68,10.17,7.8,2.5,5.48,1.98,5.32,1.6,3.2,1.4,80.0,3,1.6,10,7.6,47.37,7.2,1.61,1.85,2.63,1,0
2024-12-21,E0,15:00,West Ham,Brighton,D,D,R Jones,2024/2025,2.07,80.0,1.89,12,6,1.8,4.4,1.74,14,20,5.26,4.63,73.68,10.26,5.0,2.63,5.0,2.11,5.32,1.6,6.8,1.4,60.0,4,1.4,11,11.2,57.89,7.0,1.52,1.84,2.77,0,1
2024-12-30,E0,19:45,Aston Villa,Brighton,D,D,C Pawson,2024/2025,1.95,80.0,1.89,13,4,1.8,3.6,1.74,9,14,7.2,7.47,73.68,11.52,2.8,2.3,4.32,1.97,5.32,1.2,10.2,1.6,80.0,4,2.0,20,13.8,57.89,7.4,1.7,2.06,2.41,1,1
2025-01-16,E0,19:30,Ipswich,Brighton,A,D,T Harrington,2024/2025,1.95,60.0,1.89,11,5,1.6,5.4,1.74,13,14,4.55,4.11,73.68,10.14,7.4,2.0,5.59,1.97,5.32,1.8,3.4,1.6,40.0,3,0.6,5,8.8,52.63,6.2,1.85,1.98,2.14,0,0
2025-01-19,E0,14:00,Man United,Brighton,A,D,P Bankes,2024/2025,2.05,60.0,1.89,6,3,1.2,4.6,1.74,13,12,5.58,5.58,73.68,10.07,2.6,2.0,4.49,2.07,5.32,2.4,5.8,2.0,80.0,1,1.2,10,10.4,52.63,6.0,1.84,1.91,2.13,1,0
2025-02-01,E0,12:30,Nott'm Forest,Brighton,H,H,S Hooper,2024/2025,1.8,60.0,1.89,10,5,2.2,4.8,1.74,8,13,4.49,4.26,73.68,9.97,6.6,2.06,5.48,1.81,5.32,0.8,2.4,1.6,60.0,9,2.8,14,7.2,31.58,5.8,1.97,1.98,2.09,1,0
2025-02-22,E0,15:00,Southampton,Brighton,A,A,D Bond,2024/2025,1.93,80.0,1.89,18,12,2.0,5.2,1.74,11,12,3.91,3.16,73.68,9.56,4.8,2.5,5.65,1.98,5.32,3.2,3.2,2.2,80.0,1,0.4,6,8.4,68.42,5.2,1.56,1.92,2.69,1,1
2025-03-15,E0,15:00,Man City,Brighton,D,H,S Hooper,2024/2025,2.06,80.0,1.89,15,3,2.0,5.6,1.74,10,10,6.08,7.0,73.68,10.56,3.8,2.63,4.48,2.09,5.32,1.2,5.4,2.2,80.0,3,2.6,11,11.0,73.68,3.6,1.53,1.87,2.78,1,0
2025-04-05,E0,15:00,Crystal Palace,Brighton,H,D,A Taylor,2024/2025,1.81,100.0,1.89,11,5,2.4,4.6,1.74,12,13,4.63,4.58,73.68,9.96,5.0,2.0,5.33,1.81,5.32,1.2,4.0,2.0,80.0,3,1.8,8,8.6,47.37,3.8,1.92,2.08,2.04,1,0
2025-04-19,E0,15:00,Brentford,Brighton,H,D,T Robinson,2024/2025,2.05,100.0,1.89,12,3,3.0,5.8,1.74,7,11,5.05,5.16,73.68,10.38,5.4,2.38,5.33,2.05,5.32,1.2,5.0,1.8,20.0,8,1.0,16,10.8,63.16,3.8,1.63,1.93,2.47,1,1
2025-05-10,E0,15:00,Wolves,Brighton,A,A,M Oliver,2024/2025,1.88,80.0,1.89,7,2,1.6,5.4,1.74,8,12,4.27,3.89,73.68,9.4,3.4,1.9,5.13,1.9,5.32,1.0,3.6,2.2,40.0,3,1.8,10,9.0,57.89,4.4,2.05,2.11,1.98,0,1
2025-05-25,E0,16:00,Tottenham,Brighton,A,H,R Jones,2024/2025,1.85,80.0,1.89,23,8,1.8,6.4,1.74,13,8,6.05,7.16,73.68,11.46,5.4,2.63,5.41,1.92,5.32,2.2,4.0,2.2,80.0,2,1.4,4,10.4,73.68,3.8,1.51,1.93,2.8,1,1
2025-08-24,E0,14:00,Everton,Brighton,H,H,S Attwell,2025/2026,2.0,0.0,1.18,13,4,2.0,2.0,1.55,7,15,4.22,5.0,45.45,8.2,2.0,1.93,3.98,2.0,4.27,0.0,2.0,0.0,0.0,3,2.0,11,4.0,45.45,2.0,1.94,1.73,1.93,0,0
2025-09-13,E0,15:00,Bournemouth,Brighton,H,H,P Bankes,2025/2026,1.8,50.0,1.18,6,2,2.0,3.0,1.55,16,10,4.82,5.18,45.45,8.76,3.5,2.3,3.94,1.8,4.27,0.5,6.0,0.5,50.0,5,1.5,13,9.0,45.45,3.0,1.66,2.14,2.3,1,0
2025-09-27,E0,15:00,Chelsea,Brighton,A,H,S Hooper,2025/2026,1.98,66.67,1.18,12,3,1.67,4.33,1.55,9,16,5.97,6.91,45.45,10.28,4.33,2.2,4.31,1.98,4.27,1.0,7.33,1.33,33.33,3,1.0,13,11.66,54.55,3.67,1.72,2.01,2.35,1,1
2025-10-05,E0,14:00,Wolves,Brighton,D,H,J Gillett,2025/2026,2.0,50.0,1.18,17,6,1.5,5.25,1.55,13,9,3.44,3.18,45.45,8.1,4.0,2.1,4.66,2.0,4.27,2.75,3.0,1.25,75.0,3,1.0,6,8.25,54.55,3.25,1.84,1.76,2.1,0,0
2025-10-25,E0,17:30,Man United,Brighton,H,H,A Taylor,2025/2026,1.88,60.0,1.18,17,5,2.0,5.4,1.55,4,13,4.16,4.45,45.45,8.64,3.8,2.63,4.48,1.88,4.27,1.2,3.6,1.4,60.0,9,2.2,13,9.0,36.36,2.8,1.53,1.88,2.75,1,0
2025-11-09,E0,14:00,Crystal Palace,Brighton,D,D,T Robinson,2025/2026,1.88,60.0,1.18,7,3,1.6,6.6,1.55,10,12,3.95,3.82,45.45,8.59,5.4,2.0,4.64,1.88,4.27,0.8,4.6,1.4,40.0,2,1.4,10,11.2,36.36,3.2,1.85,1.84,2.05,0,1
2025-11-30,E0,14:05,Nott'm Forest,Brighton,A,A,M Oliver,2025/2026,1.88,40.0,1.18,17,6,1.2,6.2,1.55,11,10,5.69,6.36,45.45,10.14,3.4,1.91,4.45,22.0,4.27,1.8,7.0,1.6,60.0,3,1.0,19,13.2,63.64,4.2,1.94,1.83,1.98,0,1
2025-12-13,E0,15:00,Liverpool,Brighton,H,H,C Pawson,2025/2026,2.03,20.0,1.18,14,1,1.4,5.2,1.55,8,15,5.17,5.82,45.45,9.51,3.8,2.3,4.34,2.03,4.27,1.2,5.4,1.0,40.0,4,1.2,18,10.6,45.45,3.6,1.66,1.89,2.45,0,0
2025-12-27,E0,15:00,Arsenal,Brighton,H,H,J Brooks,2025/2026,1.95,40.0,1.18,8,3,1.6,4.0,1.55,7,13,5.17,5.64,45.45,8.89,2.8,2.5,3.72,1.95,4.27,0.6,5.4,1.0,60.0,6,2.2,24,9.4,54.55,4.6,1.55,1.97,2.6,1,0
2025-12-30,E0,19:30,West Ham,Brighton,D,H,M Salisbury,2025/2026,2.05,40.0,1.18,16,6,1.2,3.8,1.55,11,18,5.44,5.91,45.45,10.06,3.6,2.1,4.62,2.05,4.27,2.0,5.8,1.0,60.0,4,1.4,10,9.6,72.73,5.4,1.75,1.85,2.3,1,0
2026-01-07,E0,19:30,Man City,Brighton,D,H,T Bramall,2025/2026,2.03,40.0,1.18,6,3,1.4,2.6,1.55,6,16,6.38,7.36,45.45,9.97,2.0,2.75,3.59,2.1,4.27,0.8,6.8,1.2,60.0,6,2.2,22,9.4,63.64,5.8,1.45,2.06,2.95,0,0
2023-09-18,E0,19:45,Nott'm Forest,Burnley,D,A,R Jones,2023/2024,2.0,0.0,1.16,10,3,1.0,4.0,1.84,16,10,5.23,4.32,63.16,9.83,5.5,1.84,4.6,2.02,7.21,1.0,5.5,1.0,50.0,4,1.5,14,9.5,52.63,5.0,2.1,2.09,1.93,0,0
2023-09-30,E0,15:00,Newcastle,Burnley,H,H,T Bramall,2023/2024,1.97,0.0,1.16,8,2,1.5,3.5,1.84,7,15,6.14,5.89,63.16,10.32,5.0,2.2,4.18,1.99,7.21,0.75,6.0,0.5,50.0,8,2.25,20,9.5,68.42,5.0,1.78,2.09,2.42,0,0
2023-10-03,E0,19:30,Luton,Burnley,A,A,P Bankes,2023/2024,1.85,33.33,1.16,14,4,1.33,4.33,1.84,14,6,6.88,6.63,63.16,11.2,4.33,1.65,4.32,1.88,7.21,1.67,8.67,1.0,66.67,3,1.0,18,13.0,68.42,5.67,2.35,1.88,1.74,1,1
2023-10-21,E0,15:00,Brentford,Burnley,H,H,J Smith,2023/2024,2.07,50.0,1.16,6,1,1.75,4.5,1.84,14,12,5.45,4.84,63.16,9.89,4.6,1.98,4.44,2.08,7.21,1.6,4.4,0.75,80.0,10,1.8,23,8.9,68.42,5.5,2.0,1.96,2.0,1,0
2023-10-28,E0,15:00,Bournemouth,Burnley,H,D,S Barrott,2023/2024,2.06,60.0,1.16,6,3,1.8,4.6,1.84,9,12,6.84,7.05,63.16,11.43,6.4,2.03,4.59,2.09,7.21,1.8,5.2,0.8,60.0,6,0.6,13,9.8,63.16,6.4,1.9,2.08,2.09,1,1
2023-11-11,E0,15:00,Arsenal,Burnley,H,H,M Oliver,2023/2024,1.91,80.0,1.16,8,5,2.2,4.4,1.84,8,9,6.88,6.79,63.16,10.46,3.0,2.25,3.58,1.96,7.21,0.8,7.4,0.8,80.0,6,2.8,16,11.8,73.68,6.0,1.75,1.85,2.74,1,0
2023-12-05,E0,19:30,Wolves,Burnley,H,H,J Gillett,2023/2024,2.0,80.0,1.16,12,3,2.0,5.4,1.84,11,15,5.83,5.21,63.16,10.49,6.8,1.92,4.66,2.04,7.21,1.0,5.4,0.8,60.0,4,1.6,7,10.8,63.16,6.2,2.03,1.96,2.03,0,1
2023-12-09,E0,15:00,Brighton,Burnley,D,A,S Hooper,2023/2024,2.05,60.0,1.16,6,3,2.0,4.4,1.84,5,8,7.08,7.05,63.16,10.83,2.2,2.15,3.75,2.16,7.21,1.2,7.4,0.6,40.0,11,1.4,29,11.8,57.89,6.6,1.75,2.01,2.34,0,0
2023-12-23,E0,15:00,Fulham,Burnley,A,D,R Welch,2023/2024,2.0,40.0,1.16,7,2,1.4,4.6,1.84,5,17,6.4,5.89,63.16,10.64,3.8,1.93,4.24,2.03,7.21,1.0,6.4,1.0,60.0,5,2.6,19,11.0,63.16,7.2,2.03,2.0,2.03,0,1
2023-12-30,E0,15:00,Aston Villa,Burnley,H,H,S Attwell,2023/2024,1.84,40.0,1.16,9,5,1.6,4.0,1.84,9,14,6.26,6.0,63.16,9.91,1.6,2.5,3.65,1.9,7.21,0.8,5.2,1.2,40.0,7,1.8,19,9.2,78.95,6.4,1.55,2.08,2.68,1,0
2024-01-31,E0,19:30,Man City,Burnley,H,H,S Barrott,2023/2024,2.01,40.0,1.16,8,3,1.6,4.0,1.84,3,13,7.89,8.16,63.16,11.49,4.0,3.4,3.6,2.04,7.21,1.4,8.8,1.2,60.0,4,2.2,14,12.8,57.89,7.2,1.35,1.87,3.66,1,0
2024-02-10,E0,15:00,Liverpool,Burnley,H,D,T Robinson,2023/2024,1.9,60.0,1.16,9,4,2.0,3.0,1.84,11,13,8.1,8.58,63.16,11.59,2.4,3.5,3.49,1.95,7.21,1.0,8.0,1.4,60.0,10,2.4,25,11.0,68.42,7.8,1.35,1.93,3.7,1,1
2024-02-24,E0,15:00,Crystal Palace,Burnley,H,D,L Smith,2023/2024,1.88,80.0,1.16,2,0,2.4,3.4,1.84,8,13,6.3,5.42,63.16,10.15,3.2,1.7,3.85,1.91,7.21,1.4,6.8,1.2,80.0,6,2.2,15,10.2,63.16,8.4,2.27,1.93,1.77,1,1
2024-03-10,E0,14:00,West Ham,Burnley,D,A,D England,2023/2024,2.04,100.0,1.16,11,4,2.8,3.0,1.84,11,18,5.34,4.68,63.16,9.58,4.4,2.05,4.24,2.06,7.21,2.2,2.0,1.2,60.0,4,1.4,22,5.0,52.63,7.6,1.9,2.08,2.16,1,0
2024-03-30,E0,15:00,Chelsea,Burnley,D,H,D England,2023/2024,1.78,100.0,1.16,18,7,2.6,3.4,1.84,12,7,6.68,6.11,63.16,10.71,3.2,3.1,4.03,1.86,7.21,1.8,6.4,1.2,80.0,13,2.0,33,9.8,63.16,8.8,1.44,1.95,3.25,1,1
2024-04-06,E0,15:00,Everton,Burnley,H,H,M Oliver,2023/2024,2.06,80.0,1.16,6,1,2.2,3.8,1.84,11,13,5.87,5.11,63.16,10.33,5.2,2.0,4.46,2.11,7.21,1.2,4.6,1.0,40.0,3,1.0,12,8.4,36.84,8.0,1.85,1.93,2.1,0,0
2024-04-20,E0,15:00,Sheffield United,Burnley,A,A,A Madley,2023/2024,1.85,80.0,1.16,16,9,1.8,3.6,1.84,10,9,5.4,4.11,63.16,10.29,8.0,2.1,4.89,1.87,7.21,4.0,5.0,1.6,100.0,11,1.2,18,8.6,84.21,8.4,1.81,1.98,2.23,1,1
2024-04-27,E0,15:00,Man United,Burnley,D,D,J Brooks,2023/2024,1.83,60.0,1.16,16,7,1.4,4.0,1.84,7,11,7.55,7.84,63.16,12.48,7.4,3.75,4.93,1.88,7.21,1.4,7.2,1.8,60.0,10,2.0,27,11.2,68.42,7.2,1.41,1.89,3.82,0,1
2024-05-11,E0,15:00,Tottenham,Burnley,H,D,J Gillett,2023/2024,2.02,60.0,1.16,7,3,1.4,3.8,1.84,10,14,7.45,7.21,63.16,11.59,3.6,4.33,4.14,2.07,7.21,1.4,8.6,1.6,100.0,9,2.4,21,12.4,84.21,8.2,1.25,2.11,4.5,1,1
2025-08-16,E0,15:00,Tottenham,Burnley,H,H,M Oliver,2025/2026,1.98,100.0,1.18,14,4,3.0,5.0,2.45,14,8,6.06,5.82,72.73,10.52,5.0,1.93,4.46,1.98,6.64,0.0,6.0,0.0,100.0,6,3.0,16,11.0,54.55,6.0,1.93,1.93,1.93,1,1
2025-08-30,E0,15:00,Man United,Burnley,H,H,S Barrott,2025/2026,1.83,100.0,1.18,6,3,3.0,3.0,2.45,9,9,5.26,4.45,72.73,9.07,2.5,2.38,3.81,1.83,6.64,1.5,5.0,1.0,50.0,6,1.5,26,8.0,36.36,6.5,1.6,2.03,2.48,1,0
2025-09-27,E0,15:00,Man City,Burnley,H,D,R Jones,2025/2026,2.03,100.0,1.18,9,2,3.67,2.67,2.45,5,7,7.11,7.36,72.73,10.47,2.67,2.63,3.36,2.03,6.64,1.0,6.33,1.0,66.67,8,2.67,21,9.0,63.64,7.67,1.5,1.88,2.9,1,1
2025-10-05,E0,14:00,Aston Villa,Burnley,H,H,A Kitchen,2025/2026,1.8,100.0,1.18,5,2,3.25,3.0,2.45,9,15,5.76,5.18,72.73,9.84,4.75,1.93,4.08,1.82,6.64,1.25,5.25,1.0,75.0,7,1.25,15,8.25,63.64,7.25,1.93,1.78,2.0,1,0
2025-10-26,E0,14:00,Wolves,Burnley,A,D,T Harrington,2025/2026,1.9,100.0,1.18,11,7,3.0,3.0,2.45,12,7,4.43,3.18,72.73,8.55,3.8,1.67,4.12,1.9,6.64,2.8,3.4,1.4,80.0,7,1.2,15,6.4,54.55,6.8,2.3,1.98,1.68,1,0
2025-11-08,E0,15:00,West Ham,Burnley,H,D,M Salisbury,2025/2026,1.93,100.0,1.18,16,7,3.0,2.8,2.45,15,13,6.21,5.91,72.73,10.89,8.2,1.88,4.68,1.93,6.64,2.0,6.0,1.8,80.0,6,1.4,15,8.8,72.73,7.0,2.0,2.03,1.88,1,1
2025-11-29,E0,15:00,Brentford,Burnley,H,D,S Barrott,2025/2026,1.83,100.0,1.18,6,2,3.0,3.8,2.45,7,7,4.88,3.82,72.73,8.91,3.2,2.0,4.03,22.0,6.64,1.2,4.6,1.6,80.0,4,2.4,14,8.4,63.64,6.6,1.83,2.11,2.08,1,1
2025-12-06,E0,15:00,Newcastle,Burnley,H,H,S Attwell,2025/2026,1.83,100.0,1.18,9,3,2.4,5.2,2.45,9,11,7.19,7.55,72.73,11.8,6.0,2.38,4.61,1.83,6.64,1.0,7.4,1.6,80.0,7,2.0,17,12.6,72.73,6.4,1.62,1.98,2.45,1,1
2025-12-20,E0,15:00,Bournemouth,Burnley,D,D,C Kavanagh,2025/2026,1.8,80.0,1.18,4,1,2.2,5.0,2.45,11,11,5.65,5.18,72.73,9.44,3.0,2.3,3.79,1.81,6.64,0.8,5.2,1.6,20.0,1,1.0,16,10.2,45.45,6.2,1.62,1.86,2.43,0,0
2026-01-03,E0,15:00,Brighton,Burnley,H,H,T Robinson,2025/2026,2.05,60.0,1.18,5,3,2.2,5.2,2.45,7,17,5.89,5.55,72.73,10.26,4.8,2.1,4.37,2.05,6.64,1.2,5.8,1.0,40.0,4,1.6,15,11.0,54.55,6.0,1.73,1.85,2.28,0,0
2023-08-20,E0,16:30,West Ham,Chelsea,H,D,J Brooks,2023/2024,2.08,100.0,1.74,17,4,3.0,9.0,1.95,12,9,4.49,4.68,78.95,10.14,9.0,2.1,5.65,2.11,5.26,1.0,3.0,1.0,100.0,6,3.0,12,12.0,52.63,3.0,1.93,1.97,2.26,1,1
2023-09-17,E0,14:00,Bournemouth,Chelsea,D,D,D Coote,2023/2024,2.01,50.0,1.74,14,6,1.5,8.0,1.95,15,20,5.96,7.05,78.95,11.03,4.33,2.1,5.07,2.06,5.26,1.0,5.67,0.5,0.0,4,0.33,13,13.67,63.16,2.0,1.77,1.83,2.31,0,0
2023-10-02,E0,20:00,Fulham,Chelsea,A,A,T Robinson,2023/2024,2.05,33.33,1.74,11,4,1.0,5.67,1.95,15,12,5.59,5.89,78.95,10.17,2.67,1.89,4.58,2.11,5.26,1.67,6.33,1.0,33.33,3,0.33,10,12.0,63.16,4.0,2.08,1.91,1.92,0,0
2023-10-07,E0,15:00,Burnley,Chelsea,A,D,S Attwell,2023/2024,1.99,50.0,1.74,9,5,1.0,5.0,1.95,11,8,5.52,5.58,78.95,10.26,4.6,2.05,4.74,2.04,5.26,3.2,6.6,1.75,80.0,3,0.8,10,11.6,57.89,4.75,1.96,1.89,2.1,1,0
2023-11-06,E0,20:00,Tottenham,Chelsea,A,D,M Oliver,2023/2024,2.05,60.0,1.74,17,8,1.0,5.2,1.95,12,21,6.4,7.21,78.95,11.14,4.8,2.15,4.74,2.07,5.26,1.2,7.2,2.2,60.0,5,1.8,8,12.4,84.21,4.0,1.77,1.86,2.29,1,0
2023-11-25,E0,15:00,Newcastle,Chelsea,H,D,S Hooper,2023/2024,2.0,60.0,1.74,7,4,1.2,3.8,1.95,13,19,5.43,5.89,78.95,10.03,5.4,2.1,4.6,2.03,5.26,0.2,4.6,2.2,40.0,5,2.4,14,8.4,68.42,4.2,1.83,2.02,2.21,1,0
2023-12-06,E0,20:15,Man United,Chelsea,H,D,C Kavanagh,2023/2024,2.11,80.0,1.74,13,3,1.6,3.2,1.95,12,12,7.21,7.84,78.95,12.23,5.6,2.25,5.02,2.15,5.26,1.2,9.4,2.4,60.0,9,1.0,28,12.6,68.42,6.4,1.68,1.83,2.53,1,1
2023-12-10,E0,14:00,Everton,Chelsea,H,D,M Oliver,2023/2024,2.03,80.0,1.74,16,4,2.0,4.6,1.95,12,12,5.21,5.11,78.95,10.07,5.0,1.99,4.86,2.08,5.26,0.8,5.2,2.0,60.0,5,1.8,9,9.8,36.84,5.6,1.99,2.09,2.04,0,1
2023-12-24,E0,13:00,Wolves,Chelsea,H,D,D Coote,2023/2024,1.99,80.0,1.74,16,5,2.2,5.2,1.95,11,9,5.58,5.21,78.95,10.42,5.4,2.05,4.84,2.02,5.26,1.0,7.8,1.4,60.0,6,1.6,14,13.0,63.16,6.2,1.84,1.92,2.2,1,1
2023-12-30,E0,12:30,Luton,Chelsea,A,A,P Tierney,2023/2024,1.87,80.0,1.74,12,8,2.4,4.4,1.95,14,21,6.22,6.63,78.95,10.96,5.0,2.35,4.74,1.9,5.26,2.0,5.2,1.2,80.0,6,1.8,15,9.6,68.42,7.4,1.64,1.96,2.53,1,0
2024-01-31,E0,20:15,Liverpool,Chelsea,H,H,P Tierney,2023/2024,1.95,80.0,1.74,4,3,2.4,4.2,1.95,15,16,7.53,8.58,78.95,11.51,2.6,2.6,3.98,1.97,5.26,1.4,6.8,1.2,60.0,13,2.6,28,11.0,68.42,8.2,1.57,1.84,2.75,1,0
2024-02-12,E0,20:00,Crystal Palace,Chelsea,A,H,M Oliver,2023/2024,1.86,80.0,1.74,14,5,2.2,4.8,1.95,14,7,5.46,5.42,78.95,9.83,3.6,2.04,4.37,1.87,5.26,1.8,5.6,1.6,80.0,4,1.8,13,10.4,63.16,6.0,1.9,1.93,2.11,1,0
2024-02-17,E0,17:30,Man City,Chelsea,D,A,A Madley,2023/2024,1.92,80.0,1.74,9,6,2.0,3.4,1.95,7,12,7.48,8.16,78.95,11.11,1.4,3.4,3.63,1.95,5.26,0.8,9.2,1.8,40.0,5,2.0,31,12.6,57.89,7.6,1.39,2.06,3.48,0,1
2024-03-02,E0,15:00,Brentford,Chelsea,D,A,J Gillett,2023/2024,1.92,80.0,1.74,17,6,2.0,3.4,1.95,10,9,5.0,4.84,78.95,9.83,6.2,2.25,4.83,1.95,5.26,3.0,4.6,2.0,100.0,5,1.6,14,8.0,68.42,5.6,1.67,1.92,2.4,1,0
2024-04-07,E0,17:30,Sheffield United,Chelsea,D,D,R Jones,2023/2024,1.84,80.0,1.74,6,3,2.0,4.2,1.95,12,10,4.48,4.11,78.95,9.81,8.4,3.0,5.33,1.9,5.26,4.2,3.4,1.8,100.0,6,1.0,11,7.6,84.21,5.6,1.43,1.96,3.12,1,1
2024-04-23,E0,20:00,Arsenal,Chelsea,H,H,S Hooper,2023/2024,1.95,80.0,1.74,7,1,2.2,4.4,1.95,12,11,6.13,6.79,78.95,10.02,2.6,2.38,3.89,1.98,5.26,0.8,6.0,1.6,60.0,10,2.6,27,10.4,73.68,4.8,1.6,2.03,2.55,1,0
2024-04-27,E0,20:00,Aston Villa,Chelsea,D,H,C Pawson,2023/2024,2.0,80.0,1.74,21,5,2.4,3.8,1.95,13,14,5.76,6.0,78.95,9.96,3.8,2.75,4.2,2.03,5.26,2.0,6.4,1.4,80.0,4,2.0,9,10.2,78.95,5.0,1.47,1.88,3.12,1,0
2024-05-11,E0,17:30,Nott'm Forest,Chelsea,A,D,T Harrington,2023/2024,2.03,100.0,1.74,12,5,2.6,4.8,1.95,14,8,4.57,4.32,78.95,9.56,5.2,2.3,4.99,2.08,5.26,1.8,5.2,1.8,60.0,4,1.6,20,10.0,52.63,3.6,1.65,1.9,2.54,1,1
2024-05-15,E0,19:45,Brighton,Chelsea,A,A,M Salisbury,2023/2024,2.01,100.0,1.74,13,6,2.4,4.8,1.95,13,14,6.21,7.05,78.95,10.59,4.6,3.2,4.38,2.05,5.26,1.8,5.8,1.8,60.0,2,0.6,12,10.6,57.89,4.4,1.38,2.09,3.39,1,0
2024-08-25,E0,14:00,Wolves,Chelsea,A,D,D England,2024/2025,2.01,100.0,1.53,14,8,2.0,5.0,1.32,13,13,4.13,3.89,52.63,9.81,5.0,2.38,5.68,2.02,3.95,6.0,5.0,6.0,100.0,4,2.0,12,10.0,57.89,5.0,1.69,1.93,2.47,1,0
2024-09-14,E0,20:00,Bournemouth,Chelsea,A,D,A Taylor,2024/2025,2.05,50.0,1.53,10,3,1.0,4.0,1.32,16,9,5.71,6.32,52.63,11.23,6.0,2.63,5.52,2.08,3.95,1.0,7.0,3.5,0.0,7,0.5,19,11.0,31.58,5.5,1.52,1.95,2.98,0,0
2024-09-21,E0,12:30,West Ham,Chelsea,A,A,S Barrott,2024/2025,2.0,66.67,1.53,12,5,0.67,4.33,1.32,17,9,4.57,4.63,52.63,10.13,6.33,2.63,5.56,2.02,3.95,2.67,4.67,3.33,100.0,7,0.67,15,9.0,57.89,5.67,1.56,2.02,2.66,1,1
2024-10-20,E0,16:30,Liverpool,Chelsea,H,H,J Brooks,2024/2025,1.87,75.0,1.53,12,2,1.0,4.75,1.32,12,13,5.53,6.53,52.63,10.84,5.25,3.0,5.31,1.91,3.95,0.5,5.0,2.75,50.0,5,1.75,9,9.75,63.16,4.5,1.42,2.01,3.3,1,0
2024-11-03,E0,16:30,Man United,Chelsea,D,D,R Jones,2024/2025,1.95,60.0,1.53,12,3,1.0,5.4,1.32,19,14,5.1,5.58,52.63,10.31,4.6,2.63,5.21,1.97,3.95,1.6,6.0,2.4,60.0,4,0.8,11,11.4,52.63,4.4,1.51,1.92,2.8,0,1
2024-11-23,E0,12:30,Leicester,Chelsea,A,A,A Madley,2024/2025,1.95,60.0,1.53,16,7,0.8,6.2,1.32,15,12,3.98,4.21,52.63,9.89,6.0,2.38,5.91,2.0,3.95,1.6,3.0,1.6,60.0,1,1.0,4,9.2,47.37,3.8,1.61,1.98,2.6,1,1
2024-12-04,E0,19:30,Southampton,Chelsea,A,A,T Harrington,2024/2025,1.92,80.0,1.53,26,13,1.0,7.0,1.32,7,14,3.55,3.16,52.63,10.12,7.8,3.2,6.57,1.95,3.95,2.4,4.6,2.4,60.0,4,1.4,6,11.6,68.42,3.6,1.41,1.87,3.35,1,1
2024-12-08,E0,16:30,Tottenham,Chelsea,A,H,A Taylor,2024/2025,2.04,80.0,1.53,17,8,1.6,8.0,1.32,17,11,6.13,7.16,52.63,12.24,6.4,3.4,6.11,2.12,3.95,1.8,8.6,2.6,80.0,5,2.6,13,16.6,73.68,3.4,1.37,2.0,3.45,1,1
2024-12-22,E0,14:00,Everton,Chelsea,D,D,C Kavanagh,2024/2025,1.78,60.0,1.53,12,5,1.2,7.8,1.32,20,12,4.07,4.26,52.63,9.98,5.0,2.3,5.91,1.82,3.95,0.2,3.8,2.4,20.0,4,1.0,5,11.6,47.37,3.6,1.65,1.89,2.42,0,0
2024-12-30,E0,19:45,Ipswich,Chelsea,H,H,J Brooks,2024/2025,1.88,60.0,1.53,20,5,1.4,7.6,1.32,9,5,4.01,4.11,52.63,10.13,6.2,2.75,6.12,1.91,3.95,1.6,4.0,2.2,40.0,6,0.8,9,11.6,52.63,3.6,1.52,2.09,2.78,0,1
2025-01-04,E0,15:00,Crystal Palace,Chelsea,D,A,T Robinson,2024/2025,1.95,40.0,1.53,15,1,1.4,7.0,1.32,9,12,4.57,4.58,52.63,10.73,6.6,2.63,6.16,1.96,3.95,2.0,6.2,2.0,60.0,6,1.4,13,13.2,47.37,4.4,1.58,2.01,2.75,0,1
2025-01-25,E0,17:30,Man City,Chelsea,H,D,J Brooks,2024/2025,1.84,40.0,1.53,10,4,1.8,6.4,1.32,6,8,5.88,7.0,52.63,10.77,2.8,2.75,4.89,1.87,3.95,1.0,6.6,1.2,80.0,6,2.4,15,13.0,73.68,3.8,1.46,1.84,3.15,1,0
2025-02-14,E0,20:00,Brighton,Chelsea,H,H,K Kavanagh,2024/2025,2.08,40.0,1.53,8,0,1.8,6.2,1.32,12,15,4.46,4.79,52.63,9.9,4.6,2.38,5.44,2.16,3.95,1.0,5.2,0.4,40.0,5,1.0,13,11.4,68.42,3.2,1.64,2.07,2.55,1,1
2025-02-22,E0,17:30,Aston Villa,Chelsea,H,A,M Oliver,2024/2025,1.92,60.0,1.53,15,7,2.2,5.8,1.32,15,16,6.12,7.47,52.63,11.16,3.4,2.3,5.04,1.95,3.95,1.2,7.0,0.6,60.0,6,1.6,12,12.8,57.89,3.2,1.65,1.95,2.44,1,0
2025-03-16,E0,13:30,Arsenal,Chelsea,H,H,C Kavanagh,2024/2025,1.84,60.0,1.53,8,2,2.0,5.2,1.32,10,13,6.05,7.42,52.63,10.76,2.2,1.8,4.71,1.85,3.95,1.0,6.4,0.6,60.0,4,2.0,12,11.6,52.63,3.4,2.13,1.96,1.9,0,0
2025-04-06,E0,14:00,Brentford,Chelsea,D,D,M Oliver,2024/2025,1.9,60.0,1.53,21,5,1.8,5.2,1.32,12,12,4.57,5.16,52.63,10.41,6.8,2.3,5.84,1.9,3.95,1.2,4.6,0.4,0.0,2,0.2,9,9.8,63.16,2.8,1.7,2.11,2.54,0,0
2025-04-20,E0,14:00,Fulham,Chelsea,A,H,A Taylor,2024/2025,2.09,60.0,1.53,13,8,1.4,5.2,1.32,13,9,4.89,5.32,52.63,10.27,4.8,2.1,5.38,2.12,3.95,1.4,6.2,0.6,60.0,1,1.6,6,11.4,63.16,3.6,1.82,2.01,2.18,1,0
2025-05-11,E0,12:00,Newcastle,Chelsea,H,H,J Brooks,2024/2025,2.01,40.0,1.53,10,3,1.2,5.0,1.32,9,13,5.34,6.21,52.63,10.88,4.2,2.5,5.54,2.02,3.95,0.4,5.8,0.6,80.0,6,3.2,15,10.8,63.16,3.6,1.61,1.93,2.51,0,0
2025-05-25,E0,16:00,Nott'm Forest,Chelsea,A,D,A Taylor,2024/2025,1.93,20.0,1.53,6,2,0.8,5.2,1.32,10,11,4.17,4.26,52.63,10.06,6.0,2.2,5.89,1.94,3.95,1.2,3.8,0.6,20.0,2,0.6,10,9.0,31.58,4.6,1.71,2.08,2.28,0,1
2025-08-22,E0,20:00,West Ham,Chelsea,A,A,M Oliver,2025/2026,1.93,100.0,1.73,12,7,1.0,5.0,1.18,7,10,5.88,5.91,63.64,10.91,5.0,2.0,5.03,1.94,4.91,5.0,7.0,5.0,100.0,4,1.0,12,12.0,72.73,7.0,1.8,1.87,2.17,1,1
2025-09-13,E0,20:00,Brentford,Chelsea,D,H,S Attwell,2025/2026,1.95,100.0,1.73,16,6,1.5,5.5,1.18,13,9,4.28,3.82,63.64,9.36,7.5,2.03,5.08,1.95,4.91,1.0,3.5,3.5,50.0,4,1.5,7,9.0,63.64,6.0,1.83,1.88,2.05,1,1
2025-09-20,E0,17:30,Man United,Chelsea,H,H,P Bankes,2025/2026,1.85,100.0,1.73,5,1,1.67,5.33,1.18,13,14,4.74,4.45,63.64,9.32,3.33,2.38,4.58,1.85,4.91,1.33,5.0,2.67,66.67,4,1.67,11,10.33,36.36,5.67,1.6,1.92,2.45,1,0
2025-10-18,E0,12:30,Nott'm Forest,Chelsea,A,D,C Kavanagh,2025/2026,1.95,100.0,1.73,17,6,1.25,4.5,1.18,13,16,5.93,6.36,63.64,10.47,4.5,1.98,4.54,1.95,4.91,2.0,6.5,2.75,75.0,2,0.75,12,11.0,63.64,5.5,1.88,2.0,2.1,1,0
2025-11-01,E0,17:30,Tottenham,Chelsea,A,A,J Gillett,2025/2026,1.85,80.0,1.73,15,9,1.0,4.6,1.18,14,12,5.55,5.82,63.64,10.58,6.6,2.1,5.03,1.86,4.91,1.0,5.6,2.4,40.0,1,1.0,3,10.2,54.55,5.6,1.81,2.21,2.15,0,1
2025-11-22,E0,12:30,Burnley,Chelsea,A,A,P Bankes,2025/2026,1.8,60.0,1.73,15,5,0.8,5.4,1.18,13,8,3.63,3.27,63.64,8.94,7.6,2.2,5.31,1.8,4.91,1.2,1.6,1.8,0.0,2,0.6,8,7.0,27.27,4.4,1.72,2.06,2.2,0,0
2025-12-03,E0,20:15,Leeds,Chelsea,H,H,D England,2025/2026,2.03,60.0,1.73,14,2,1.0,4.6,1.18,10,13,5.07,5.45,63.64,9.2,2.8,1.8,4.13,2.03,4.91,1.6,4.2,1.6,100.0,5,1.8,17,8.8,63.64,4.2,2.0,2.0,1.92,1,0
2025-12-06,E0,15:00,Bournemouth,Chelsea,D,D,M Oliver,2025/2026,1.9,40.0,1.73,11,4,0.6,3.6,1.18,15,13,5.0,5.18,63.64,9.1,3.0,2.38,4.1,1.9,4.91,0.8,5.0,1.4,40.0,5,1.4,13,8.6,45.45,4.2,1.66,1.86,2.45,0,0
2025-12-20,E0,12:30,Newcastle,Chelsea,D,H,A Madley,2025/2026,1.83,40.0,1.73,13,4,1.0,4.0,1.18,13,14,6.52,7.55,63.64,11.52,6.6,2.2,5.0,1.83,4.91,1.4,7.0,1.2,100.0,5,2.0,11,11.0,72.73,4.4,1.67,1.84,2.38,1,0
2026-01-04,E0,17:30,Man City,Chelsea,D,H,M Oliver,2025/2026,2.03,40.0,1.73,8,3,1.2,3.4,1.18,12,14,6.46,7.36,63.64,10.38,3.0,3.2,3.92,2.07,4.91,0.6,7.0,1.2,80.0,3,2.6,14,10.4,63.64,4.8,1.4,1.91,3.2,0,0
2026-01-07,E0,19:30,Fulham,Chelsea,H,D,P Bankes,2025/2026,2.05,60.0,1.73,14,6,1.6,3.8,1.18,11,6,4.91,5.09,63.64,9.9,6.0,1.93,4.99,2.05,4.91,2.0,3.8,1.0,80.0,5,2.0,16,7.6,54.55,5.0,1.93,2.1,2.07,1,1
2023-08-12,E0,15:00,Sheffield United,Crystal Palace,A,D,J Brooks,2023/2024,2.06,0.0,1.05,24,8,0.0,5.0,1.68,18,11,4.85,4.11,47.37,9.58,5.0,1.53,4.73,2.11,6.37,1.0,5.0,1.0,0.0,1,0.0,8,10.0,84.21,5.0,2.65,1.84,1.57,0,0
2023-08-26,E0,15:00,Brentford,Crystal Palace,D,H,P Bankes,2023/2024,2.03,0.0,1.05,15,5,0.5,5.5,1.68,9,15,5.45,4.84,47.37,10.13,6.0,1.67,4.68,2.09,6.37,1.5,5.5,1.0,50.0,1,1.5,12,11.0,68.42,6.5,2.34,2.09,1.74,0,1
2023-09-16,E0,15:00,Aston Villa,Crystal Palace,H,D,D England,2023/2024,1.99,33.33,1.05,6,3,1.33,4.33,1.68,13,9,6.01,6.0,47.37,9.94,4.0,1.97,3.93,2.03,6.37,0.5,5.5,1.0,100.0,5,3.5,16,9.83,78.95,5.67,1.95,1.94,2.04,1,0
2023-09-30,E0,15:00,Man United,Crystal Palace,A,A,C Kavanagh,2023/2024,1.93,25.0,1.05,8,2,1.0,4.25,1.68,10,8,7.5,7.84,47.37,12.09,3.75,2.08,4.59,1.95,6.37,1.5,9.25,1.0,50.0,4,1.25,19,13.5,68.42,6.75,1.91,1.94,2.13,0,1
2023-10-21,E0,15:00,Newcastle,Crystal Palace,H,H,T Robinson,2023/2024,1.87,40.0,1.05,17,3,1.6,5.0,1.68,7,12,6.09,5.89,47.37,10.48,5.6,1.89,4.39,1.88,6.37,0.6,6.0,0.8,60.0,7,2.6,10,11.0,68.42,6.6,2.05,1.82,2.03,1,1
2023-11-04,E0,15:00,Burnley,Crystal Palace,A,A,P Bankes,2023/2024,1.88,40.0,1.05,4,3,1.6,4.2,1.68,9,12,6.24,5.58,47.37,10.48,3.8,1.57,4.24,1.89,6.37,3.0,7.8,1.0,60.0,5,0.8,17,12.0,57.89,8.0,2.51,1.97,1.64,0,1
2023-11-25,E0,15:00,Luton,Crystal Palace,H,D,J Gillett,2023/2024,1.83,60.0,1.05,16,8,1.8,4.0,1.68,15,12,6.56,6.63,47.37,10.91,5.0,1.62,4.35,1.85,6.37,1.2,6.0,1.0,40.0,3,1.0,8,10.0,68.42,7.2,2.38,2.04,1.74,1,0
2023-12-03,E0,14:00,West Ham,Crystal Palace,D,H,M Oliver,2023/2024,1.89,40.0,1.05,9,2,1.4,4.2,1.68,17,7,5.37,4.68,47.37,9.61,3.2,1.73,4.24,1.9,6.37,1.2,5.2,1.0,40.0,3,1.6,9,9.4,52.63,6.8,2.2,1.97,1.83,0,0
2023-12-16,E0,15:00,Man City,Crystal Palace,D,H,P Tierney,2023/2024,2.02,60.0,1.05,5,2,1.8,3.6,1.68,12,9,7.46,8.16,47.37,10.98,3.6,2.08,3.52,2.03,6.37,1.6,7.8,1.2,80.0,9,2.8,19,11.4,57.89,6.0,1.82,1.85,2.36,1,0
2023-12-27,E0,19:30,Chelsea,Crystal Palace,H,D,M Salisbury,2023/2024,2.04,60.0,1.05,13,5,1.4,2.6,1.68,13,16,6.09,6.11,47.37,10.14,4.2,1.91,4.05,2.04,6.37,1.8,5.8,1.4,60.0,4,2.2,9,8.4,63.16,5.6,2.0,1.86,2.03,1,0
2024-01-20,E0,12:30,Arsenal,Crystal Palace,H,H,P Tierney,2023/2024,1.99,80.0,1.05,12,5,2.4,3.8,1.68,8,12,6.43,6.79,47.37,9.93,2.8,2.1,3.5,2.02,6.37,0.8,6.6,1.0,60.0,6,2.4,21,10.4,73.68,4.4,1.78,2.08,2.29,1,1
2024-02-03,E0,15:00,Brighton,Crystal Palace,H,H,S Hooper,2023/2024,1.99,80.0,1.05,7,5,2.8,3.2,1.68,8,14,6.57,7.05,47.37,10.26,2.8,1.84,3.69,2.01,6.37,1.0,6.8,1.0,60.0,6,2.2,13,10.0,57.89,4.2,2.1,1.97,1.9,1,0
2024-02-19,E0,20:00,Everton,Crystal Palace,D,D,P Tierney,2023/2024,1.98,80.0,1.05,10,4,2.8,3.8,1.68,8,12,5.4,5.11,47.37,9.9,5.6,1.6,4.5,1.98,6.37,1.2,5.6,1.0,40.0,4,1.2,19,9.4,36.84,4.4,2.43,1.81,1.67,0,0
2024-03-02,E0,15:00,Tottenham,Crystal Palace,H,D,J Brooks,2023/2024,1.75,80.0,1.05,4,1,3.0,3.8,1.68,7,16,6.88,7.21,47.37,11.2,5.4,2.6,4.32,1.88,6.37,1.4,7.8,0.8,100.0,6,2.4,14,11.6,84.21,5.4,1.56,2.04,2.74,1,1
2024-03-30,E0,15:00,Nott'm Forest,Crystal Palace,D,A,C Kavanagh,2023/2024,1.95,60.0,1.05,10,3,2.8,4.4,1.68,14,12,4.87,4.32,47.37,9.68,7.2,1.82,4.81,1.97,6.37,1.4,3.6,0.8,40.0,5,1.2,12,8.0,52.63,5.4,2.13,1.98,1.85,0,0
2024-04-02,E0,19:45,Bournemouth,Crystal Palace,H,D,G Scott,2023/2024,1.92,40.0,1.05,3,2,2.0,3.4,1.68,13,14,6.91,7.05,47.37,11.22,4.8,2.1,4.31,1.93,6.37,1.4,8.4,0.8,60.0,6,1.8,11,11.8,63.16,6.0,1.82,2.03,2.17,0,1
2024-04-14,E0,14:00,Liverpool,Crystal Palace,A,A,C Kavanagh,2023/2024,1.91,20.0,1.05,8,5,1.2,3.2,1.68,10,10,8.11,8.58,47.37,11.66,2.8,3.5,3.55,1.93,6.37,1.0,10.4,0.8,60.0,6,2.0,21,13.6,68.42,7.6,1.33,2.06,3.75,0,1
2024-04-27,E0,15:00,Fulham,Crystal Palace,D,D,S Attwell,2023/2024,2.07,20.0,1.05,14,4,1.2,3.8,1.68,11,15,6.15,5.89,47.37,10.47,5.4,1.92,4.32,2.14,6.37,1.0,5.2,0.8,60.0,2,1.6,9,9.0,63.16,8.0,2.0,2.11,2.14,0,1
2024-05-11,E0,15:00,Wolves,Crystal Palace,A,A,T Bramall,2023/2024,1.73,20.0,1.05,13,3,0.8,4.2,1.68,13,12,5.7,5.21,47.37,10.06,5.0,2.0,4.36,1.85,6.37,1.8,5.0,1.2,60.0,7,0.8,13,9.2,63.16,7.4,1.88,1.93,2.09,1,1
2024-08-18,E0,14:00,Brentford,Crystal Palace,H,H,S Barrott,2024/2025,1.82,100.0,1.42,14,6,2.0,7.0,1.32,6,15,4.94,5.16,42.11,10.17,7.0,1.83,5.23,1.82,5.21,1.0,4.0,1.0,100.0,5,2.0,9,11.0,63.16,4.0,2.09,1.88,1.91,1,1
2024-09-01,E0,13:30,Chelsea,Crystal Palace,D,H,J Gillett,2024/2025,1.86,50.0,1.42,9,3,1.5,6.0,1.32,9,13,5.66,6.47,42.11,9.99,4.0,2.5,4.33,1.92,5.21,1.5,4.0,1.0,0.0,7,0.5,13,10.0,57.89,4.0,1.57,2.08,2.62,0,0
2024-09-28,E0,15:00,Everton,Crystal Palace,H,A,A Madley,2024/2025,1.92,66.67,1.42,17,5,1.67,6.67,1.32,13,11,4.55,4.26,42.11,9.6,5.67,1.99,5.05,1.94,5.21,2.33,4.67,1.0,100.0,2,1.33,8,11.34,47.37,4.33,1.93,1.93,2.0,1,1
2024-10-21,E0,20:00,Nott'm Forest,Crystal Palace,H,D,T Robinson,2024/2025,1.84,50.0,1.42,20,7,1.5,6.5,1.32,9,12,4.65,4.26,42.11,9.76,5.0,1.62,5.11,1.85,5.21,0.75,5.25,0.75,0.0,6,0.75,20,11.75,31.58,4.75,2.38,1.88,1.68,0,1
2024-11-02,E0,17:30,Wolves,Crystal Palace,D,D,A Taylor,2024/2025,2.08,60.0,1.42,19,7,1.6,6.4,1.32,7,9,4.18,3.89,42.11,9.61,9.2,1.91,5.43,2.12,5.21,2.8,3.0,1.0,100.0,6,1.4,11,9.4,57.89,4.4,2.0,1.83,2.0,1,0
2024-11-23,E0,15:00,Aston Villa,Crystal Palace,D,A,T Robinson,2024/2025,1.83,60.0,1.42,13,6,1.6,5.2,1.32,10,11,6.71,7.47,42.11,10.89,3.6,2.02,4.18,1.85,5.21,1.2,7.4,1.2,60.0,5,1.8,17,12.6,57.89,5.6,1.9,1.93,2.1,1,1
2024-12-03,E0,19:30,Ipswich,Crystal Palace,A,D,C Pawson,2024/2025,2.05,60.0,1.42,13,3,1.4,5.6,1.32,14,13,4.66,4.11,42.11,9.63,4.8,1.86,4.97,2.08,5.21,1.4,5.4,1.2,20.0,2,0.8,9,11.0,52.63,5.6,2.05,1.98,1.91,0,1
2024-12-15,E0,14:00,Brighton,Crystal Palace,A,A,M Oliver,2024/2025,2.0,60.0,1.42,13,5,1.2,5.0,1.32,11,15,5.12,4.79,42.11,9.73,5.6,2.1,4.61,2.02,5.21,1.8,5.6,1.6,80.0,5,1.8,17,10.6,68.42,6.2,1.83,2.0,2.2,1,1
2024-12-26,E0,15:00,Bournemouth,Crystal Palace,D,D,T Bramall,2024/2025,1.97,60.0,1.42,10,4,1.0,4.2,1.32,13,12,6.02,6.32,42.11,10.69,5.4,2.2,4.67,1.98,5.21,0.8,6.4,1.6,40.0,4,1.0,18,10.6,31.58,6.0,1.72,2.08,2.3,0,0
2025-01-15,E0,19:30,Leicester,Crystal Palace,A,D,A Madley,2024/2025,1.93,40.0,1.42,9,4,0.6,3.6,1.32,7,6,4.68,4.21,42.11,9.36,4.4,2.0,4.68,1.94,5.21,2.0,4.4,1.6,60.0,4,1.0,21,8.0,47.37,6.2,1.91,1.98,2.1,0,0
2025-01-18,E0,15:00,West Ham,Crystal Palace,A,D,T Bramall,2024/2025,1.98,20.0,1.42,12,7,0.2,4.2,1.32,13,10,4.79,4.63,42.11,9.23,3.4,1.84,4.44,1.99,5.21,2.2,4.8,1.6,60.0,0,1.2,7,9.0,57.89,4.6,2.11,1.89,1.95,0,0
2025-02-02,E0,14:00,Man United,Crystal Palace,A,D,J Brooks,2024/2025,1.88,20.0,1.42,11,3,0.2,2.8,1.32,12,13,5.67,5.58,42.11,9.54,2.0,1.95,3.87,1.92,5.21,2.2,7.0,1.8,60.0,2,0.8,17,9.8,52.63,6.0,1.97,1.9,2.01,0,1
2025-02-22,E0,15:00,Fulham,Crystal Palace,A,A,R Jones,2024/2025,1.84,0.0,1.42,10,5,0.0,3.2,1.32,10,7,5.37,5.32,42.11,9.65,4.0,1.92,4.28,1.87,5.21,1.6,5.6,1.6,60.0,0,1.2,10,8.8,63.16,5.8,2.0,2.12,1.96,0,1
2025-04-02,E0,19:45,Southampton,Crystal Palace,D,H,A Madley,2024/2025,2.06,0.0,1.42,9,3,0.2,3.2,1.32,14,9,3.94,3.16,42.11,8.99,4.6,2.0,5.05,2.12,5.21,2.6,3.8,1.8,80.0,2,0.8,8,7.0,68.42,5.2,1.87,2.08,2.14,0,0
2025-04-12,E0,12:30,Man City,Crystal Palace,H,D,J Gillett,2024/2025,2.09,20.0,1.42,8,3,1.2,3.4,1.32,10,16,6.09,7.0,42.11,9.95,3.6,2.3,3.86,2.1,5.21,1.2,4.8,1.8,60.0,9,2.6,21,8.2,73.68,4.6,1.67,1.83,2.4,1,0
2025-04-16,E0,19:30,Newcastle,Crystal Palace,H,H,D England,2024/2025,1.98,40.0,1.42,11,4,2.2,3.4,1.32,9,15,5.78,6.21,42.11,10.4,4.8,2.2,4.62,2.01,5.21,1.4,5.4,1.4,100.0,7,3.2,14,8.8,63.16,5.2,1.71,2.04,2.32,1,0
2025-04-23,E0,20:00,Arsenal,Crystal Palace,D,H,M Salisbury,2024/2025,1.95,60.0,1.42,15,4,2.6,4.6,1.32,4,6,6.3,7.42,42.11,10.3,3.8,2.1,4.0,1.95,5.21,1.0,5.6,1.4,40.0,6,1.2,12,10.2,52.63,3.6,1.77,2.0,2.23,1,0
2025-05-11,E0,14:15,Tottenham,Crystal Palace,A,A,C Kavanagh,2024/2025,1.89,60.0,1.42,23,10,2.6,4.8,1.32,12,10,6.06,7.16,42.11,10.77,3.8,2.2,4.71,1.9,5.21,1.6,5.2,1.4,60.0,1,1.2,8,10.0,73.68,3.0,1.7,1.97,2.33,0,1
2025-05-25,E0,16:00,Liverpool,Crystal Palace,D,A,D England,2024/2025,1.85,60.0,1.42,8,5,2.6,4.4,1.32,7,10,6.23,6.53,42.11,10.39,2.2,3.5,4.16,1.87,5.21,1.0,8.6,1.4,60.0,3,2.2,14,13.0,63.16,4.8,1.33,1.97,3.9,0,1
2025-08-17,E0,14:00,Chelsea,Crystal Palace,D,D,D England,2025/2026,2.05,0.0,1.18,12,4,0.0,2.0,1.18,10,12,7.48,6.91,54.55,11.17,2.0,2.1,3.69,2.05,5.91,0.0,11.0,0.0,0.0,3,0.0,19,13.0,54.55,11.0,1.75,2.21,2.23,0,1
2025-08-31,E0,19:00,Aston Villa,Crystal Palace,A,A,S Attwell,2025/2026,1.98,50.0,1.18,6,4,0.0,1.5,1.18,7,14,6.03,5.18,54.55,9.98,3.5,2.0,3.95,1.98,5.91,1.5,6.5,1.5,50.0,4,0.0,13,8.0,63.64,10.5,1.91,2.21,2.05,1,1
2025-09-20,E0,15:00,West Ham,Crystal Palace,A,A,T Harrington,2025/2026,2.05,66.67,1.18,18,3,0.33,3.67,1.18,15,5,6.26,5.91,54.55,11.22,8.67,2.0,4.96,2.05,5.91,3.33,5.67,1.67,100.0,3,0.67,8,9.34,72.73,9.67,2.0,2.02,2.05,1,1
2025-10-05,E0,14:00,Everton,Crystal Palace,H,A,M Salisbury,2025/2026,2.1,75.0,1.18,15,8,0.75,3.75,1.18,13,16,5.43,5.0,54.55,9.59,3.5,1.62,4.16,2.1,5.91,0.5,4.25,1.5,25.0,7,1.25,14,8.0,45.45,7.75,2.32,2.11,1.67,1,0
2025-10-26,E0,14:00,Arsenal,Crystal Palace,H,H,T Bramall,2025/2026,1.9,60.0,1.18,7,1,0.8,3.6,1.18,6,11,5.94,5.64,54.55,9.47,2.8,2.2,3.53,1.94,5.91,0.2,6.6,1.2,40.0,3,2.4,10,10.2,54.55,7.0,1.71,2.01,2.28,0,0
2025-11-22,E0,15:00,Wolves,Crystal Palace,A,D,A Taylor,2025/2026,1.98,60.0,1.18,10,4,0.8,4.0,1.18,13,9,4.01,3.18,54.55,8.34,3.4,1.95,4.33,1.98,5.91,2.4,2.8,1.6,60.0,1,1.2,8,6.8,54.55,5.0,2.02,2.09,1.95,0,0
2025-12-03,E0,19:30,Burnley,Crystal Palace,A,A,T Kirk,2025/2026,2.03,40.0,1.18,3,3,0.8,4.6,1.18,9,8,3.84,3.27,54.55,8.58,5.8,1.67,4.74,2.03,5.91,1.2,2.0,1.2,0.0,4,0.6,11,6.6,27.27,3.6,2.2,2.01,1.75,0,0
2025-12-07,E0,16:30,Fulham,Crystal Palace,A,D,S Barrott,2025/2026,2.03,40.0,1.18,11,5,0.8,3.8,1.18,5,8,5.32,5.09,54.55,9.82,4.2,1.91,4.5,2.03,5.91,1.6,7.2,1.2,60.0,4,1.8,12,11.0,54.55,3.2,2.0,2.13,1.91,1,0
2025-12-20,E0,20:00,Leeds,Crystal Palace,H,H,T Bramall,2025/2026,1.98,40.0,1.18,9,3,1.2,4.0,1.18,5,10,5.42,5.45,54.55,9.27,3.6,1.57,3.85,1.98,5.91,1.6,4.8,1.2,100.0,8,2.6,20,8.8,63.64,4.6,2.5,1.89,1.6,1,1
2026-01-04,E0,15:00,Newcastle,Crystal Palace,H,D,J Brooks,2025/2026,1.98,40.0,1.18,11,1,1.4,4.6,1.18,5,12,6.95,7.55,54.55,11.77,7.2,2.1,4.82,2.0,5.91,1.2,7.8,1.2,80.0,7,2.0,12,12.4,72.73,5.4,1.75,2.03,2.2,0,1
2023-08-20,E0,14:00,Aston Villa,Everton,H,H,A Taylor,2023/2024,1.99,100.0,0.95,9,2,4.0,6.0,1.74,8,12,6.45,6.0,47.37,11.12,6.0,2.1,4.67,2.01,7.0,0.0,7.0,0.0,100.0,7,4.0,13,13.0,78.95,7.0,1.82,1.83,2.23,1,1
2023-09-02,E0,12:30,Sheffield United,Everton,D,H,A Madley,2023/2024,1.81,100.0,0.95,16,6,3.0,6.0,1.74,11,13,4.89,4.11,47.37,10.36,7.67,1.86,5.47,1.81,7.0,1.67,3.33,1.0,66.67,8,1.0,13,9.33,84.21,5.5,2.13,2.05,1.9,1,0
2023-09-23,E0,17:30,Brentford,Everton,A,D,M Oliver,2023/2024,1.84,100.0,0.95,18,6,2.33,5.33,1.74,9,12,5.24,4.84,47.37,10.12,4.5,1.73,4.88,1.9,7.0,2.0,4.25,1.67,75.0,2,1.5,12,9.58,68.42,4.0,2.2,1.97,1.99,1,0
2023-10-21,E0,12:30,Liverpool,Everton,H,D,C Pawson,2023/2024,1.93,75.0,0.95,6,1,2.25,5.0,1.74,9,9,7.97,8.58,47.37,12.12,3.25,2.88,4.15,1.96,7.0,0.5,9.0,1.25,75.0,6,2.75,26,14.0,68.42,6.0,1.47,1.83,3.1,0,1
2023-10-29,E0,13:00,West Ham,Everton,A,D,S Attwell,2023/2024,2.03,60.0,0.95,10,4,1.8,4.6,1.74,7,11,5.32,4.68,47.37,10.24,5.8,2.08,4.92,2.06,7.0,1.4,4.4,1.2,60.0,2,1.6,12,9.0,52.63,5.6,1.78,1.85,2.23,0,0
2023-11-11,E0,15:00,Crystal Palace,Everton,A,D,S Barrott,2023/2024,1.8,60.0,0.95,8,4,1.4,3.8,1.74,9,18,5.93,5.42,47.37,10.17,3.0,1.53,4.24,1.84,7.0,1.4,6.0,1.8,60.0,4,1.2,13,9.8,63.16,6.0,2.51,2.1,1.65,1,1
2023-12-02,E0,17:30,Nott'm Forest,Everton,A,D,P Tierney,2023/2024,1.88,40.0,0.95,12,3,1.0,3.2,1.74,15,14,5.03,4.32,47.37,9.97,6.0,1.62,4.94,1.89,7.0,1.4,3.0,1.6,40.0,2,1.4,13,6.2,52.63,6.0,2.4,1.92,1.71,0,0
2023-12-16,E0,17:30,Burnley,Everton,A,A,A Taylor,2023/2024,1.86,20.0,0.95,9,6,0.8,3.6,1.74,9,8,6.3,5.58,47.37,10.79,3.2,1.91,4.49,1.87,7.0,2.0,7.4,1.4,60.0,2,1.4,14,11.0,57.89,7.4,2.06,1.96,2.03,0,1
2023-12-23,E0,15:00,Tottenham,Everton,H,H,S Attwell,2023/2024,1.89,40.0,0.95,18,8,0.8,4.4,1.74,6,18,6.76,7.21,47.37,11.51,5.4,2.4,4.75,1.91,7.0,2.0,4.8,1.6,100.0,6,1.8,13,9.2,84.21,5.6,1.59,2.03,2.66,1,1
2023-12-30,E0,15:00,Wolves,Everton,H,H,T Bramall,2023/2024,1.99,60.0,0.95,10,0,1.4,4.2,1.74,9,14,5.92,5.21,47.37,10.59,4.4,1.7,4.67,2.03,7.0,0.6,7.2,1.4,60.0,6,1.8,12,11.4,63.16,5.8,2.2,1.85,1.89,1,0
2024-01-30,E0,19:45,Fulham,Everton,D,D,T Bramall,2023/2024,1.83,40.0,0.95,21,4,1.0,5.0,1.74,6,13,6.43,5.89,47.37,11.16,4.6,1.67,4.73,1.86,7.0,0.6,7.4,0.8,60.0,6,2.4,25,12.4,63.16,7.0,2.28,2.01,1.83,0,1
2024-02-10,E0,12:30,Man City,Everton,H,D,J Brooks,2023/2024,1.83,40.0,0.95,5,1,1.4,4.4,1.74,6,11,7.92,8.16,47.37,11.82,2.8,2.6,3.9,1.95,7.0,1.2,8.8,0.6,60.0,3,2.4,19,13.2,57.89,8.0,1.55,1.9,2.89,0,0
2024-02-24,E0,15:00,Brighton,Everton,D,D,T Harrington,2023/2024,2.06,40.0,0.95,6,3,1.6,3.8,1.74,9,14,7.25,7.05,47.37,11.38,2.8,2.3,4.13,2.09,7.0,1.0,7.6,0.4,40.0,7,2.0,23,11.4,57.89,8.6,1.69,2.05,2.44,0,1
2024-03-09,E0,12:30,Man United,Everton,H,H,S Hooper,2023/2024,2.06,20.0,0.95,23,6,1.6,3.8,1.74,13,11,7.58,7.84,47.37,13.0,8.8,2.08,5.42,2.08,7.0,1.2,6.2,0.2,80.0,8,2.2,15,10.0,68.42,9.0,1.78,1.96,2.21,0,1
2024-03-30,E0,15:00,Bournemouth,Everton,H,D,S Barrott,2023/2024,1.98,20.0,0.95,7,3,1.4,5.0,1.74,14,11,7.49,7.05,47.37,12.41,5.6,2.25,4.92,2.02,7.0,1.6,8.8,0.4,60.0,4,1.8,11,13.8,63.16,9.8,1.73,2.0,2.36,1,1
2024-04-02,E0,19:30,Newcastle,Everton,D,H,T Harrington,2023/2024,1.9,20.0,0.95,10,3,1.6,4.4,1.74,9,14,6.31,5.89,47.37,10.77,3.2,2.2,4.46,1.91,7.0,2.0,5.0,0.6,80.0,6,2.8,18,9.4,68.42,8.2,1.74,1.9,2.28,0,0
2024-04-15,E0,20:00,Chelsea,Everton,H,H,P Tierney,2023/2024,1.98,40.0,0.95,10,2,2.4,6.0,1.74,5,21,6.59,6.11,47.37,11.33,4.0,2.3,4.74,2.02,7.0,2.2,7.6,0.6,100.0,10,3.4,14,13.6,63.16,7.2,1.67,2.08,2.41,1,1
2024-05-03,E0,20:00,Luton,Everton,D,D,T Robinson,2023/2024,1.94,40.0,0.95,10,3,2.4,6.8,1.74,14,12,6.72,6.63,47.37,11.84,6.2,2.1,5.12,1.96,7.0,2.2,6.6,0.6,60.0,5,1.4,18,13.4,68.42,6.6,1.76,1.87,2.31,0,1
2024-05-19,E0,16:00,Arsenal,Everton,H,D,M Oliver,2023/2024,2.07,60.0,0.95,5,2,2.4,5.4,1.74,8,11,6.7,6.79,47.37,10.68,2.2,3.2,3.98,2.09,7.0,0.6,5.0,0.8,60.0,5,2.4,26,10.4,73.68,7.2,1.41,1.89,3.2,1,0
2024-08-24,E0,15:00,Tottenham,Everton,H,H,A Taylor,2024/2025,1.95,100.0,0.84,10,1,4.0,5.0,1.11,11,15,8.01,7.16,26.32,12.58,5.0,3.0,4.57,1.98,6.68,0.0,12.0,0.0,100.0,7,4.0,13,17.0,73.68,12.0,1.5,1.92,3.12,1,1
2024-09-14,E0,17:30,Aston Villa,Everton,H,A,C Pawson,2024/2025,2.05,100.0,0.84,6,2,3.5,3.5,1.11,10,12,7.18,7.47,26.32,10.7,1.5,2.0,3.52,2.1,6.68,2.0,5.0,1.0,50.0,8,1.5,17,8.5,57.89,9.0,1.84,2.06,2.21,1,0
2024-09-21,E0,15:00,Leicester,Everton,D,A,D England,2024/2025,2.09,66.67,0.84,16,5,2.67,2.67,1.11,11,12,5.09,4.21,26.32,9.55,6.0,2.1,4.46,2.11,6.68,1.33,3.0,1.0,33.33,2,1.0,12,5.67,47.37,8.0,1.86,2.11,2.2,0,0
2024-10-19,E0,15:00,Ipswich,Everton,A,A,M Oliver,2024/2025,1.82,50.0,0.84,11,8,2.0,4.0,1.11,12,10,5.28,4.11,26.32,9.93,6.0,2.02,4.65,1.84,6.68,1.75,6.25,1.25,25.0,2,0.75,13,10.25,52.63,7.25,1.92,1.83,2.1,0,1
2024-11-02,E0,15:00,Southampton,Everton,H,D,A Madley,2024/2025,1.95,40.0,0.84,16,5,1.8,4.4,1.11,14,18,4.43,3.16,26.32,9.64,7.8,1.91,5.21,1.97,6.68,1.6,3.8,1.0,40.0,2,0.8,9,8.2,68.42,6.4,2.0,1.99,2.11,0,0
2024-11-09,E0,15:00,West Ham,Everton,D,D,S Attwell,2024/2025,2.02,20.0,0.84,18,4,1.0,4.6,1.11,10,9,5.3,4.63,26.32,9.8,6.4,1.95,4.5,2.05,6.68,1.6,5.4,1.0,80.0,6,1.4,11,10.0,57.89,5.4,2.0,2.05,2.0,0,1
2024-12-01,E0,13:30,Man United,Everton,H,H,J Brooks,2024/2025,1.97,20.0,0.84,8,2,1.2,4.6,1.11,12,12,5.62,5.58,26.32,9.59,4.0,2.0,3.97,1.99,6.68,1.0,4.2,0.6,80.0,5,2.0,11,8.8,52.63,4.6,1.85,1.86,2.13,1,0
2024-12-14,E0,15:00,Arsenal,Everton,D,D,C Pawson,2024/2025,1.95,20.0,0.84,2,0,1.0,4.8,1.11,6,9,7.11,7.42,26.32,10.6,1.4,2.3,3.49,1.98,6.68,0.6,8.6,0.4,60.0,5,2.0,13,13.4,52.63,5.0,1.69,1.87,2.42,0,0
2024-12-26,E0,12:30,Man City,Everton,D,D,S Hooper,2024/2025,1.92,20.0,0.84,8,3,1.2,4.2,1.11,5,10,6.98,7.0,26.32,10.53,2.6,2.63,3.55,1.93,6.68,1.4,9.0,0.2,60.0,5,1.2,24,13.2,73.68,5.6,1.58,1.91,2.63,0,1
2025-01-04,E0,15:00,Bournemouth,Everton,H,D,J Brooks,2024/2025,1.91,20.0,0.84,9,0,1.2,3.6,1.11,15,14,6.59,6.32,26.32,10.77,4.0,2.07,4.18,1.93,6.68,0.6,7.6,0.2,20.0,8,0.8,19,11.2,31.58,6.8,1.9,2.02,2.09,0,1
2025-01-25,E0,15:00,Brighton,Everton,A,A,T Robinson,2024/2025,2.02,20.0,0.84,3,1,1.2,2.6,1.11,8,11,5.64,4.79,26.32,9.56,4.0,1.85,3.92,2.04,6.68,1.2,6.2,0.4,20.0,1,0.6,16,8.8,68.42,7.2,2.08,1.95,1.95,0,0
2025-02-15,E0,17:30,Crystal Palace,Everton,A,A,A Taylor,2024/2025,2.08,20.0,0.84,11,6,0.6,2.6,1.11,9,12,5.53,4.58,26.32,9.99,5.0,1.5,4.46,2.12,6.68,2.2,5.4,0.8,80.0,6,1.2,17,8.0,47.37,8.0,2.63,1.92,1.63,1,0
2025-02-26,E0,19:30,Brentford,Everton,D,H,S Hooper,2024/2025,1.86,20.0,0.84,14,4,0.8,3.2,1.11,3,6,5.63,5.16,26.32,10.11,6.2,2.0,4.48,1.87,6.68,2.0,4.4,1.0,40.0,3,0.8,12,7.6,63.16,6.8,1.86,1.89,2.12,0,0
2025-03-08,E0,20:00,Wolves,Everton,D,D,S Attwell,2024/2025,2.04,20.0,0.84,12,4,0.8,3.2,1.11,11,16,4.89,3.89,26.32,9.31,5.2,1.53,4.42,2.06,6.68,1.4,4.6,1.0,40.0,3,0.8,11,7.8,57.89,6.2,2.63,1.96,1.59,0,0
2025-04-02,E0,20:00,Liverpool,Everton,H,D,S Barrott,2024/2025,2.07,20.0,0.84,5,0,0.8,3.6,1.11,7,11,6.48,6.53,26.32,10.41,3.6,2.04,3.93,2.08,6.68,0.6,5.6,1.0,60.0,3,2.4,17,9.2,63.16,6.6,1.86,2.07,2.1,0,1
2025-04-12,E0,15:00,Nott'm Forest,Everton,A,D,C Pawson,2024/2025,2.09,20.0,0.84,13,5,0.8,4.8,1.11,9,13,4.79,4.26,26.32,9.66,7.2,1.67,4.87,2.09,6.68,0.2,2.8,1.0,20.0,5,1.8,10,7.6,31.58,5.0,2.35,1.93,1.74,0,0
2025-04-26,E0,12:30,Chelsea,Everton,H,H,C Kavanagh,2024/2025,1.89,0.0,0.84,6,3,0.8,4.8,1.11,11,11,6.71,6.47,26.32,10.55,3.2,2.3,3.84,1.9,6.68,0.4,9.0,0.6,40.0,7,1.8,10,13.8,57.89,5.8,1.67,1.93,2.4,0,1
2025-05-10,E0,15:00,Fulham,Everton,A,D,M Salisbury,2024/2025,2.01,20.0,0.84,11,7,0.8,4.8,1.11,15,9,5.8,5.32,26.32,10.06,5.0,1.9,4.26,2.01,6.68,1.8,5.6,1.0,60.0,6,1.4,18,10.4,63.16,6.4,2.1,1.92,1.91,1,0
2025-05-25,E0,16:00,Newcastle,Everton,A,D,T Harrington,2024/2025,1.93,20.0,0.84,14,6,0.6,4.4,1.11,12,9,6.61,6.21,26.32,10.95,3.8,2.75,4.34,1.96,6.68,0.4,7.4,1.0,60.0,6,2.8,17,11.8,63.16,7.8,1.5,1.9,2.81,0,1
2025-08-18,E0,20:00,Leeds,Everton,H,D,C Kavanagh,2025/2026,1.8,0.0,0.91,7,1,1.0,2.0,0.91,6,8,5.85,5.45,18.18,8.94,2.0,1.67,3.09,1.8,5.82,0.0,7.0,0.0,0.0,3,1.0,21,9.0,63.64,7.0,2.2,1.9,1.73,0,0
2025-08-30,E0,15:00,Wolves,Everton,A,A,M Oliver,2025/2026,1.93,50.0,0.91,10,4,1.5,2.0,0.91,15,10,3.95,3.18,18.18,7.74,4.0,1.53,3.79,1.97,5.82,3.5,3.0,1.5,100.0,4,1.0,12,5.0,54.55,4.5,2.5,2.11,1.6,1,0
2025-09-20,E0,12:30,Liverpool,Everton,H,H,D England,2025/2026,1.88,66.67,0.91,9,2,1.67,2.67,0.91,11,10,5.59,5.82,18.18,9.38,6.33,2.1,3.79,1.9,5.82,1.0,4.67,1.33,66.67,3,2.33,11,7.34,45.45,4.67,1.75,1.99,2.23,1,0
2025-10-18,E0,15:00,Man City,Everton,H,D,T Harrington,2025/2026,1.98,50.0,0.91,5,1,1.75,2.75,0.91,8,14,6.88,7.36,18.18,10.01,2.75,2.2,3.13,2.02,5.82,0.75,7.5,1.0,50.0,7,2.5,19,10.25,63.64,6.25,1.71,1.9,2.25,0,1
2025-11-03,E0,20:00,Sunderland,Everton,D,A,T Bramall,2025/2026,1.93,40.0,0.91,8,2,1.6,2.4,0.91,10,12,4.51,3.73,18.18,8.07,3.8,1.57,3.56,1.93,5.82,0.6,4.2,1.0,40.0,3,1.8,17,6.6,45.45,5.8,2.45,2.06,1.64,0,0
2025-11-24,E0,20:00,Man United,Everton,A,A,T Harrington,2025/2026,1.85,40.0,0.91,3,1,1.4,2.2,0.91,12,9,5.0,4.45,18.18,8.55,3.2,2.0,3.55,1.86,5.82,1.2,4.8,1.2,60.0,6,2.2,25,7.0,36.36,6.2,1.85,2.01,2.1,0,0
2025-12-02,E0,19:30,Bournemouth,Everton,A,D,M Salisbury,2025/2026,1.93,20.0,0.91,13,3,1.0,3.0,0.91,14,14,5.4,5.18,18.18,8.78,3.4,2.0,3.38,1.94,5.82,0.8,5.0,0.8,40.0,2,1.4,5,8.0,45.45,6.0,1.83,2.0,2.05,0,0
2025-12-13,E0,15:00,Chelsea,Everton,H,H,T Bramall,2025/2026,2.0,0.0,0.91,11,2,1.0,3.6,0.91,13,11,6.5,6.91,18.18,10.03,2.8,2.0,3.53,2.0,5.82,0.8,6.6,0.6,60.0,5,1.8,17,10.2,54.55,5.8,1.86,1.94,2.0,0,1
2025-12-27,E0,15:00,Burnley,Everton,D,D,C Pawson,2025/2026,1.98,0.0,0.91,15,6,0.6,4.0,0.91,8,8,4.15,3.27,18.18,8.41,5.6,1.5,4.26,1.98,5.82,1.6,4.2,0.6,20.0,0,0.4,16,8.2,27.27,4.8,2.63,1.88,1.58,0,1
2025-12-30,E0,19:30,Nott'm Forest,Everton,A,A,M Oliver,2025/2026,2.05,0.0,0.91,11,3,0.4,4.2,0.91,11,9,6.17,6.36,18.18,9.85,3.2,1.67,3.68,2.05,5.82,1.4,6.4,0.8,60.0,6,1.4,21,10.6,63.64,5.8,2.3,2.0,1.67,0,1
2023-08-12,E0,15:00,Everton,Fulham,A,D,S Attwell,2023/2024,1.97,0.0,1.26,9,2,0.0,4.0,1.95,12,6,6.07,5.11,63.16,11.15,4.0,1.73,5.08,2.0,5.05,1.0,10.0,1.0,0.0,9,0.0,19,14.0,36.84,10.0,2.26,1.88,1.81,0,1
2023-08-26,E0,15:00,Arsenal,Fulham,D,A,P Tierney,2023/2024,2.05,50.0,1.26,8,3,1.0,3.5,1.95,6,5,6.7,6.79,63.16,10.91,3.0,2.63,4.21,2.09,5.05,1.5,8.0,1.5,100.0,11,2.0,19,11.5,73.68,9.0,1.54,1.85,2.68,1,1
2023-09-02,E0,15:00,Man City,Fulham,H,H,M Oliver,2023/2024,1.9,66.67,1.26,6,4,2.33,4.0,1.95,12,12,6.83,8.16,63.16,11.01,2.5,2.75,4.18,1.92,5.05,0.5,3.5,1.33,50.0,5,3.0,7,7.5,57.89,7.33,1.47,2.04,3.26,1,0
2023-09-23,E0,15:00,Crystal Palace,Fulham,D,D,P Tierney,2023/2024,1.92,50.0,1.26,10,5,1.75,3.5,1.95,10,15,5.14,5.42,63.16,9.8,4.0,1.67,4.66,1.98,5.05,1.0,2.67,1.0,33.33,3,1.0,7,6.17,63.16,6.25,2.28,1.84,1.77,0,0
2023-10-23,E0,20:00,Tottenham,Fulham,H,H,A Taylor,2023/2024,2.1,40.0,1.26,10,3,1.8,3.8,1.95,10,14,6.66,7.21,63.16,11.61,4.5,2.5,4.95,2.13,5.05,0.5,8.75,0.8,50.0,5,2.0,15,12.55,84.21,5.6,1.59,2.09,2.79,0,0
2023-10-29,E0,14:00,Brighton,Fulham,D,H,M Salisbury,2023/2024,1.98,40.0,1.26,10,5,2.0,3.6,1.95,12,8,6.46,7.05,63.16,10.93,3.0,2.2,4.47,2.0,5.05,1.6,8.2,0.8,80.0,7,2.0,18,11.8,57.89,5.0,1.72,1.85,2.45,0,0
2023-11-12,E0,14:00,Aston Villa,Fulham,H,H,S Hooper,2023/2024,1.88,40.0,1.26,9,5,2.2,3.4,1.95,4,17,5.36,6.0,63.16,9.87,3.6,2.1,4.51,1.92,5.05,1.0,4.2,0.6,100.0,6,3.8,12,7.6,78.95,3.8,1.82,1.83,2.36,1,0
2023-12-03,E0,14:00,Liverpool,Fulham,H,D,S Attwell,2023/2024,1.98,40.0,1.26,9,5,2.0,3.2,1.95,6,7,7.06,8.58,63.16,11.51,4.6,2.88,4.45,2.04,5.05,0.8,7.2,1.0,80.0,12,3.0,26,10.4,68.42,3.6,1.43,2.04,3.19,1,0
2023-12-16,E0,15:00,Newcastle,Fulham,H,D,S Barrott,2023/2024,2.05,60.0,1.26,6,4,2.6,3.0,1.95,7,12,5.34,5.89,63.16,10.19,5.0,2.0,4.85,2.06,5.05,0.2,4.4,1.0,60.0,10,2.6,27,7.4,68.42,4.0,1.84,2.0,2.13,1,0
2023-12-26,E0,15:00,Bournemouth,Fulham,H,H,T Robinson,2023/2024,1.95,80.0,1.26,8,3,2.8,3.0,1.95,10,10,6.24,7.05,63.16,11.43,6.8,2.2,5.19,2.0,5.05,1.0,6.4,1.0,80.0,4,2.0,16,9.4,63.16,4.6,1.79,1.99,2.4,1,1
2024-01-13,E0,12:30,Chelsea,Fulham,H,H,A Taylor,2023/2024,1.82,80.0,1.26,14,4,2.8,3.2,1.95,13,9,5.56,6.11,63.16,10.45,4.8,2.1,4.89,1.84,5.05,1.4,5.0,0.8,60.0,3,2.4,17,8.2,63.16,4.4,1.77,1.81,2.34,0,0
2024-02-03,E0,15:00,Burnley,Fulham,D,A,D Bond,2023/2024,2.1,80.0,1.26,15,7,2.6,5.4,1.95,11,7,5.21,5.58,63.16,10.55,6.4,1.7,5.34,2.12,5.05,1.4,4.4,1.0,40.0,4,1.6,12,9.8,57.89,4.4,2.2,1.84,1.85,1,1
2024-02-24,E0,15:00,Man United,Fulham,A,D,M Oliver,2023/2024,1.9,80.0,1.26,17,5,2.0,6.4,1.95,6,11,6.87,7.84,63.16,12.82,8.0,2.4,5.95,1.96,5.05,1.8,7.2,0.8,100.0,9,1.8,21,13.6,68.42,5.8,1.61,2.11,2.62,1,1
2024-03-09,E0,15:00,Wolves,Fulham,H,D,T Harrington,2023/2024,2.08,80.0,1.26,23,6,1.8,7.0,1.95,7,11,5.15,5.21,63.16,10.43,4.2,1.99,5.28,2.1,5.05,1.4,4.8,1.0,60.0,3,1.8,8,11.8,63.16,5.4,1.95,2.09,2.03,1,0
2024-03-30,E0,15:00,Sheffield United,Fulham,D,D,T Robinson,2023/2024,1.92,80.0,1.26,24,9,1.8,9.0,1.95,10,13,4.26,4.11,63.16,10.35,7.4,2.08,6.09,1.94,5.05,4.2,2.8,1.6,100.0,4,1.0,8,11.8,84.21,4.6,1.79,1.92,2.25,1,1
2024-04-02,E0,19:30,Nott'm Forest,Fulham,H,H,M Oliver,2023/2024,1.91,100.0,1.26,18,3,2.2,9.8,1.95,7,8,4.42,4.32,63.16,10.43,6.6,2.05,6.01,1.93,5.05,1.2,3.8,1.8,40.0,4,1.6,16,13.6,52.63,4.0,1.9,1.94,2.07,1,1
2024-04-14,E0,14:00,West Ham,Fulham,A,A,S Attwell,2023/2024,1.83,80.0,1.26,18,10,1.8,7.8,1.95,6,13,4.94,4.68,63.16,10.54,6.0,2.2,5.6,1.89,5.05,1.6,5.8,1.8,40.0,4,1.6,15,13.6,52.63,5.2,1.78,1.82,2.29,0,1
2024-05-04,E0,15:00,Brentford,Fulham,D,D,G Scott,2023/2024,2.07,60.0,1.26,15,3,1.6,7.2,1.95,3,6,4.88,4.84,63.16,10.39,5.4,2.3,5.51,2.07,5.05,0.6,5.0,1.4,20.0,3,1.0,7,12.2,68.42,4.6,1.66,2.11,2.55,0,1
2024-05-19,E0,16:00,Luton,Fulham,A,A,M Donohue,2023/2024,1.99,60.0,1.26,15,7,1.6,7.2,1.95,15,20,5.97,6.63,63.16,11.44,5.8,2.75,5.47,2.0,5.05,2.4,5.8,2.0,60.0,6,1.4,15,13.0,68.42,4.8,1.5,1.93,2.79,1,0
2024-08-16,E0,20:00,Man United,Fulham,H,D,R Jones,2024/2025,1.88,0.0,1.42,10,2,1.0,8.0,1.26,12,10,5.64,5.58,52.63,11.18,8.0,2.3,5.54,1.89,4.68,0.0,7.0,0.0,0.0,5,1.0,14,15.0,52.63,7.0,1.66,2.11,2.45,0,1
2024-08-31,E0,15:00,Ipswich,Fulham,D,D,L Smith,2024/2025,2.03,0.0,1.42,9,4,1.0,7.0,1.26,15,15,4.68,4.11,52.63,10.66,8.0,1.95,5.98,2.08,4.68,1.5,5.0,0.5,0.0,4,0.5,11,12.0,52.63,7.5,1.96,2.11,2.0,0,1
2024-09-28,E0,15:00,Nott'm Forest,Fulham,A,D,J Smith,2024/2025,1.84,0.0,1.42,14,2,0.67,6.33,1.26,11,15,4.71,4.26,52.63,10.32,4.67,1.67,5.61,1.86,4.68,1.0,5.0,0.67,0.0,1,0.67,11,11.33,31.58,7.0,2.32,2.09,1.73,0,1
2024-10-05,E0,15:00,Man City,Fulham,H,D,P Bankes,2024/2025,2.0,25.0,1.42,11,4,1.25,5.5,1.26,4,10,6.7,7.0,52.63,11.18,2.25,2.63,4.48,2.03,4.68,1.5,9.5,1.0,100.0,7,2.75,20,15.0,73.68,7.25,1.53,1.9,2.76,1,1
2024-10-26,E0,17:30,Everton,Fulham,D,D,J Brooks,2024/2025,1.83,20.0,1.42,14,3,1.2,4.8,1.26,8,8,4.53,4.26,52.63,9.95,5.8,2.0,5.42,1.9,4.68,1.6,3.6,1.0,60.0,5,1.0,10,8.4,47.37,6.6,1.94,1.97,2.1,0,0
2024-11-09,E0,15:00,Crystal Palace,Fulham,A,A,M Salisbury,2024/2025,1.91,20.0,1.42,17,7,1.0,4.8,1.26,10,11,4.65,4.58,52.63,10.41,7.4,1.73,5.76,1.95,4.68,1.0,4.2,1.4,20.0,5,0.6,13,9.0,47.37,5.4,2.24,2.0,1.81,0,0
2024-12-01,E0,13:30,Tottenham,Fulham,D,D,D Bond,2024/2025,1.99,20.0,1.42,14,6,1.0,5.8,1.26,4,14,6.57,7.16,52.63,12.07,5.2,3.0,5.5,2.0,4.68,1.2,9.4,1.4,80.0,3,2.6,8,15.2,73.68,5.2,1.48,1.93,3.14,0,1
2024-12-14,E0,15:00,Liverpool,Fulham,D,A,T Harrington,2024/2025,1.99,40.0,1.42,12,3,1.4,5.6,1.26,10,7,5.76,6.53,52.63,10.97,6.0,3.2,5.21,2.04,4.68,0.8,5.0,1.6,60.0,4,2.0,16,10.6,63.16,5.0,1.41,1.89,3.25,1,0
2024-12-26,E0,15:00,Chelsea,Fulham,A,H,S Barrott,2024/2025,1.88,40.0,1.42,14,7,1.0,5.2,1.26,13,13,5.63,6.47,52.63,10.37,3.4,2.63,4.74,1.9,4.68,1.0,5.0,1.6,80.0,8,1.8,12,10.2,57.89,4.0,1.55,1.91,2.85,1,0
2025-01-14,E0,19:30,West Ham,Fulham,H,H,C Pawson,2024/2025,2.07,60.0,1.42,21,5,1.4,5.4,1.26,9,18,4.52,4.63,52.63,9.75,4.6,1.95,5.23,2.09,4.68,2.8,4.8,1.8,80.0,3,1.6,4,10.2,57.89,3.2,1.99,2.07,2.0,1,0
2025-01-18,E0,15:00,Leicester,Fulham,A,D,M Salisbury,2024/2025,1.83,60.0,1.42,17,2,1.4,4.2,1.26,8,8,4.37,4.21,52.63,9.52,3.0,2.06,5.15,1.87,4.68,2.2,4.8,1.8,40.0,4,0.4,8,9.0,47.37,4.0,1.85,2.06,2.11,0,0
2025-02-01,E0,15:00,Newcastle,Fulham,A,H,C Kavanagh,2024/2025,1.99,80.0,1.42,15,4,1.4,3.4,1.26,10,15,5.51,6.21,52.63,10.66,4.6,2.2,5.15,2.0,4.68,1.2,5.8,2.0,100.0,4,2.4,11,9.2,63.16,3.4,1.71,1.93,2.36,1,1
2025-02-25,E0,19:30,Wolves,Fulham,A,D,P Bankes,2024/2025,1.98,80.0,1.42,11,5,1.2,3.6,1.26,8,15,4.13,3.89,52.63,9.41,5.0,1.73,5.28,1.98,4.68,1.2,4.4,2.0,40.0,5,1.0,18,8.0,57.89,3.8,2.2,1.86,1.83,1,1
2025-03-08,E0,15:00,Brighton,Fulham,H,D,S Barrott,2024/2025,1.91,80.0,1.42,6,1,1.4,4.8,1.26,6,12,4.52,4.79,52.63,9.72,6.2,2.03,5.2,1.91,4.68,0.8,3.4,1.8,60.0,4,1.6,9,8.2,68.42,3.8,1.9,1.91,2.1,1,0
2025-04-01,E0,19:45,Arsenal,Fulham,H,H,J Brooks,2024/2025,2.05,80.0,1.42,9,3,1.2,5.0,1.26,2,10,6.27,7.42,52.63,10.7,2.2,1.83,4.43,2.07,4.68,1.0,5.4,1.6,60.0,4,2.0,17,10.4,52.63,4.8,2.08,2.04,1.99,1,0
2025-04-14,E0,20:00,Bournemouth,Fulham,H,H,O Oliver,2024/2025,2.01,80.0,1.42,12,7,1.4,6.4,1.26,11,10,5.69,6.32,52.63,11.09,5.0,1.93,5.4,2.03,4.68,1.4,5.4,1.2,40.0,3,0.6,12,11.8,31.58,5.0,1.9,1.99,2.1,0,1
2025-04-26,E0,15:00,Southampton,Fulham,A,H,T Harrington,2024/2025,2.09,80.0,1.42,26,5,1.4,7.6,1.26,10,12,3.61,3.16,52.63,9.91,7.2,2.2,6.3,2.13,4.68,2.4,2.8,1.2,80.0,3,0.6,7,10.4,68.42,4.2,1.7,1.88,2.33,1,1
2025-05-03,E0,12:30,Aston Villa,Fulham,H,H,R Jones,2024/2025,1.85,60.0,1.42,11,3,1.4,7.2,1.26,6,17,6.14,7.47,52.63,11.21,5.0,2.1,5.07,1.88,4.68,1.0,4.8,0.8,80.0,3,2.2,10,12.0,57.89,3.8,1.75,2.04,2.25,0,0
2025-05-18,E0,15:00,Brentford,Fulham,A,H,J Gillett,2024/2025,1.95,60.0,1.42,16,7,1.4,6.4,1.26,12,8,4.93,5.16,52.63,10.47,5.2,2.3,5.54,1.95,4.68,1.8,5.0,1.2,60.0,6,2.0,11,11.4,63.16,4.2,1.66,1.86,2.36,1,0
2025-08-16,E0,15:00,Brighton,Fulham,D,D,S Barrott,2025/2026,1.93,0.0,1.0,7,2,1.0,3.0,1.64,16,15,5.29,5.55,45.45,9.26,3.0,1.98,3.97,1.93,5.73,1.0,4.0,1.0,0.0,4,1.0,10,7.0,54.55,4.0,1.91,2.0,2.04,0,0
2025-08-30,E0,12:30,Chelsea,Fulham,H,H,R Jones,2025/2026,1.9,0.0,1.0,11,3,1.5,3.5,1.64,11,17,6.58,6.91,45.45,10.38,3.0,2.0,3.8,1.91,5.73,0.0,8.5,0.5,0.0,6,1.0,13,12.0,54.55,5.0,1.85,1.78,2.12,0,0
2025-09-28,E0,14:00,Aston Villa,Fulham,H,D,A Madley,2025/2026,1.9,33.33,1.0,11,4,2.0,5.0,1.64,10,13,5.18,5.18,45.45,9.49,5.0,1.8,4.31,1.9,5.73,1.33,5.0,0.67,66.67,4,1.0,9,10.0,63.64,4.0,2.14,1.89,1.83,1,0
2025-10-03,E0,20:00,Bournemouth,Fulham,H,D,S Hooper,2025/2026,1.85,50.0,1.0,12,4,2.25,4.5,1.64,8,10,5.21,5.18,45.45,8.95,3.0,1.73,3.74,1.87,5.73,0.5,5.25,0.75,50.0,6,1.5,11,9.75,45.45,4.0,2.1,1.9,1.78,1,0
2025-10-25,E0,15:00,Newcastle,Fulham,H,H,P Bankes,2025/2026,2.05,60.0,1.0,12,5,2.2,4.2,1.64,11,18,6.7,7.55,45.45,11.03,4.2,2.03,4.33,2.05,5.73,1.2,7.2,0.8,60.0,7,1.6,18,11.4,72.73,4.0,1.85,1.87,2.05,1,0
2025-11-08,E0,15:00,Everton,Fulham,H,H,A Madley,2025/2026,1.95,60.0,1.0,8,4,2.4,4.6,1.64,11,14,5.26,5.0,45.45,9.5,5.0,1.73,4.24,1.95,5.73,1.0,6.2,0.6,40.0,5,1.0,14,10.8,45.45,4.6,2.23,1.89,1.73,0,1
2025-11-29,E0,20:00,Tottenham,Fulham,A,A,S Attwell,2025/2026,1.93,80.0,1.0,7,3,2.2,4.2,1.64,11,7,5.83,5.82,45.45,10.21,5.0,2.0,4.38,22.0,5.73,1.6,7.0,1.0,60.0,2,1.0,14,11.2,54.55,5.0,1.86,1.86,2.0,1,0
2025-12-13,E0,17:30,Burnley,Fulham,A,A,M Oliver,2025/2026,1.95,80.0,1.0,6,4,2.0,3.4,1.64,8,8,4.21,3.27,45.45,8.67,5.6,1.73,4.46,1.95,5.73,1.6,3.2,1.4,20.0,8,0.8,16,6.6,27.27,6.6,2.1,2.02,1.78,1,1
2025-12-27,E0,15:00,West Ham,Fulham,A,D,C Kavanagh,2025/2026,1.9,60.0,1.0,15,4,1.4,3.6,1.64,8,8,5.98,5.91,45.45,10.3,3.8,1.9,4.32,1.91,5.73,1.8,6.2,1.4,60.0,2,1.6,11,9.8,72.73,6.8,1.95,2.13,2.0,0,0
2026-01-01,E0,17:30,Crystal Palace,Fulham,D,H,T Harrington,2025/2026,1.98,40.0,1.0,17,5,1.2,3.6,1.64,7,10,4.63,3.82,45.45,8.52,3.8,1.73,3.89,1.98,5.73,1.4,3.8,1.4,40.0,2,0.4,11,7.4,36.36,7.2,2.1,1.96,1.82,0,0
2024-08-24,E0,15:00,Man City,Ipswich,H,H,M Salisbury,2024/2025,1.86,100.0,1.16,1,1,4.0,1.0,2.0,4,15,7.69,7.0,63.16,10.53,1.0,3.5,2.84,1.91,7.37,1.0,10.0,1.0,100.0,5,4.0,14,11.0,73.68,10.0,1.32,2.07,3.75,1,1
2024-09-14,E0,15:00,Brighton,Ipswich,D,D,S Barrott,2024/2025,1.78,50.0,1.16,6,1,2.0,1.5,2.0,14,16,6.08,4.79,63.16,9.56,3.0,2.3,3.48,1.83,7.37,0.5,6.5,0.5,50.0,6,1.0,21,8.0,68.42,9.5,1.68,2.04,2.41,0,1
2024-09-21,E0,15:00,Southampton,Ipswich,D,H,S Allison,2024/2025,1.93,33.33,1.16,13,6,1.67,4.33,2.0,16,16,4.48,3.16,63.16,9.57,9.0,2.0,5.09,1.95,7.37,1.67,2.0,0.67,33.33,3,0.33,11,6.33,68.42,7.0,1.9,1.85,2.13,0,1
2024-10-05,E0,15:00,West Ham,Ipswich,H,H,A Taylor,2024/2025,1.86,50.0,1.16,9,2,2.25,4.5,2.0,12,6,5.51,4.63,63.16,9.72,6.0,2.1,4.21,1.89,7.37,2.25,4.75,0.75,100.0,13,1.5,23,9.25,57.89,6.5,1.78,2.0,2.31,1,0
2024-10-26,E0,15:00,Brentford,Ipswich,H,D,L Smith,2024/2025,2.08,60.0,1.16,11,5,2.6,4.6,2.0,7,10,5.86,5.16,63.16,10.23,6.0,2.2,4.37,2.11,7.37,1.8,5.6,1.2,80.0,9,3.0,20,10.2,63.16,6.2,1.73,2.08,2.3,1,0
2024-11-10,E0,14:00,Tottenham,Ipswich,A,A,D England,2024/2025,2.05,60.0,1.16,8,3,2.0,4.8,2.0,10,19,7.38,7.16,63.16,11.62,4.2,3.4,4.24,2.07,7.37,1.2,9.4,1.4,80.0,5,2.4,17,14.2,73.68,6.6,1.36,2.03,3.7,1,1
2024-11-30,E0,15:00,Nott'm Forest,Ipswich,H,D,T Harrington,2024/2025,1.86,60.0,1.16,7,3,2.2,5.8,2.0,5,16,5.53,4.26,63.16,10.13,5.8,2.1,4.6,1.96,7.37,0.8,7.0,1.4,40.0,5,1.2,12,12.8,31.58,6.4,1.89,1.98,2.2,0,1
2024-12-14,E0,15:00,Wolves,Ipswich,A,A,S Hooper,2024/2025,1.98,80.0,1.16,10,5,2.2,4.4,2.0,13,9,5.02,3.89,63.16,9.61,8.0,2.0,4.59,1.99,7.37,2.0,3.0,1.6,80.0,6,1.6,16,7.4,57.89,7.4,1.87,1.92,2.12,1,0
2024-12-27,E0,20:15,Arsenal,Ipswich,H,H,D England,2024/2025,1.89,60.0,1.16,3,0,1.6,3.6,2.0,7,12,7.36,7.42,63.16,10.5,1.4,3.2,3.14,1.91,7.37,0.4,7.0,1.4,40.0,5,1.6,13,10.6,52.63,7.4,1.4,1.9,3.25,0,0
2025-01-05,E0,14:00,Fulham,Ipswich,D,A,D Bond,2024/2025,1.93,60.0,1.16,7,3,1.2,3.0,2.0,10,14,6.01,5.32,63.16,9.88,5.2,2.0,3.87,1.94,7.37,1.2,4.2,1.2,60.0,4,1.6,15,7.2,63.16,8.2,1.83,1.96,2.14,1,1
2025-01-25,E0,15:00,Liverpool,Ipswich,H,H,M Salisbury,2024/2025,2.02,60.0,1.16,3,3,1.8,3.4,2.0,10,11,6.77,6.53,63.16,10.53,4.4,3.75,3.76,2.06,7.37,1.2,7.0,1.0,80.0,6,2.6,16,10.4,63.16,6.4,1.29,2.0,4.25,1,0
2025-02-15,E0,15:00,Aston Villa,Ipswich,D,D,R Jones,2024/2025,1.98,60.0,1.16,4,3,1.8,2.2,2.0,7,11,7.63,7.47,63.16,10.89,2.6,2.38,3.26,2.0,7.37,1.2,8.8,1.2,60.0,6,1.6,25,11.0,57.89,8.0,1.57,1.98,2.66,0,1
2025-02-26,E0,19:30,Man United,Ipswich,H,D,D England,2024/2025,2.02,60.0,1.16,12,3,2.2,2.8,2.0,9,16,6.21,5.58,63.16,9.67,3.0,2.2,3.46,2.05,7.37,2.0,5.4,1.2,60.0,6,1.4,10,8.2,52.63,7.6,1.69,2.1,2.38,1,1
2025-03-08,E0,15:00,Crystal Palace,Ipswich,H,D,S Hooper,2024/2025,1.82,60.0,1.16,15,8,2.2,3.4,2.0,8,7,5.6,4.58,63.16,9.95,5.4,2.02,4.35,1.83,7.37,1.2,4.8,1.2,60.0,4,1.6,19,8.2,47.37,7.6,1.89,1.98,2.1,0,0
2025-04-02,E0,19:45,Bournemouth,Ipswich,A,A,R Jones,2024/2025,1.85,60.0,1.16,10,2,2.0,3.6,2.0,14,15,6.54,6.32,63.16,10.59,5.0,2.3,4.05,1.85,7.37,1.4,4.8,1.2,60.0,7,1.4,24,8.4,31.58,7.4,1.67,2.04,2.35,1,1
2025-04-13,E0,14:00,Chelsea,Ipswich,D,A,S Attwell,2024/2025,1.95,60.0,1.16,13,4,1.6,3.6,2.0,11,7,7.16,6.47,63.16,10.67,3.4,2.75,3.51,1.96,7.37,0.6,7.8,1.4,60.0,9,2.0,34,11.4,57.89,9.8,1.45,1.92,2.9,1,1
2025-04-26,E0,15:00,Newcastle,Ipswich,H,H,M Salisbury,2024/2025,2.05,80.0,1.16,4,0,2.0,3.8,2.0,9,9,6.82,6.21,63.16,10.86,3.8,3.4,4.04,2.06,7.37,1.0,6.8,1.2,100.0,5,3.6,25,10.6,63.16,8.8,1.36,2.03,3.58,1,1
2025-05-03,E0,15:00,Everton,Ipswich,D,H,L Smith,2024/2025,2.08,80.0,1.16,12,5,1.8,3.2,2.0,12,15,5.45,4.26,63.16,9.67,6.0,2.1,4.22,2.13,7.37,1.6,4.2,1.2,40.0,3,1.2,8,7.4,47.37,8.4,1.82,1.96,2.2,1,0
2025-05-18,E0,15:00,Leicester,Ipswich,H,H,A Kitchen,2024/2025,1.86,80.0,1.16,20,2,2.0,2.8,2.0,15,12,5.5,4.21,63.16,9.7,5.6,2.3,4.2,1.86,7.37,1.4,5.6,1.2,40.0,3,0.8,9,8.4,47.37,7.8,1.7,1.93,2.35,0,0
2025-08-23,E0,17:30,Arsenal,Leeds,H,H,J Gillett,2025/2026,1.85,100.0,1.0,3,1,5.0,2.0,2.18,8,11,4.57,5.64,54.55,7.66,2.0,2.3,3.09,1.85,4.27,0.0,2.0,0.0,100.0,5,5.0,18,4.0,54.55,2.0,1.66,1.88,2.3,1,0
2025-09-13,E0,15:00,Fulham,Leeds,H,D,C Pawson,2025/2026,1.9,50.0,1.0,10,3,3.0,2.5,2.18,20,15,4.72,5.09,54.55,8.93,4.5,1.67,4.21,1.92,4.27,0.5,6.0,0.0,0.0,3,1.0,5,8.5,54.55,2.5,2.2,2.12,1.79,0,0
2025-09-20,E0,15:00,Wolves,Leeds,A,A,A Taylor,2025/2026,1.93,66.67,1.0,6,4,2.33,1.67,2.18,11,9,3.45,3.18,54.55,7.28,2.67,1.62,3.83,2.1,4.27,3.33,3.33,1.0,100.0,6,1.0,16,5.0,54.55,3.0,2.38,1.93,1.64,1,0
2025-10-18,E0,15:00,Burnley,Leeds,H,H,T Robinson,2025/2026,1.93,50.0,1.0,19,4,2.25,2.5,2.18,10,7,3.37,3.27,54.55,7.78,6.5,1.62,4.41,1.93,4.27,0.5,2.5,0.75,0.0,3,1.25,4,5.0,27.27,2.5,2.3,1.95,1.67,0,0
2025-11-01,E0,15:00,Brighton,Leeds,H,H,M Oliver,2025/2026,1.98,60.0,1.0,5,2,2.4,3.4,2.18,10,7,4.82,5.55,54.55,9.0,5.2,2.03,4.18,2.02,4.27,1.0,4.2,0.6,80.0,7,2.0,14,7.6,54.55,2.8,1.86,1.88,2.07,1,1
2025-11-09,E0,14:00,Nott'm Forest,Leeds,H,D,J Gillett,2025/2026,1.9,60.0,1.0,10,3,2.0,3.8,2.18,10,11,5.63,6.36,54.55,9.59,4.4,1.57,3.96,1.91,4.27,2.0,7.0,0.8,80.0,6,1.0,14,10.8,63.64,3.6,2.4,2.02,1.65,1,0
2025-11-29,E0,15:00,Man City,Leeds,H,H,P Bankes,2025/2026,1.98,80.0,1.0,9,4,2.4,3.4,2.18,17,11,6.5,7.36,54.55,9.96,3.4,3.0,3.46,22.0,4.27,0.8,9.2,1.2,80.0,9,3.2,18,12.6,63.64,4.6,1.46,2.04,3.0,1,0
2025-12-14,E0,16:30,Brentford,Leeds,D,D,J Brooks,2025/2026,1.93,60.0,1.0,18,4,2.4,4.0,2.18,8,9,3.93,3.82,54.55,7.95,3.4,1.73,4.02,1.93,4.27,1.2,3.8,0.8,60.0,2,2.0,7,7.8,63.64,3.8,2.2,2.02,1.91,0,0
2025-12-28,E0,14:00,Sunderland,Leeds,D,H,T Harrington,2025/2026,2.03,60.0,1.0,17,6,2.2,4.8,2.18,7,9,3.9,3.73,54.55,7.94,4.2,1.57,4.04,2.03,4.27,1.2,3.6,1.0,40.0,3,1.6,8,8.4,45.45,4.2,2.38,1.84,1.62,0,1
2026-01-01,E0,17:30,Liverpool,Leeds,D,D,C Kavanagh,2025/2026,1.98,40.0,1.0,4,2,1.6,4.0,2.18,10,8,5.39,5.82,54.55,9.25,3.6,2.1,3.86,2.02,4.27,1.0,6.2,1.0,40.0,4,1.0,19,10.2,45.45,5.0,1.75,2.13,2.25,0,1
2026-01-07,E0,20:15,Newcastle,Leeds,H,A,M Salisbury,2025/2026,1.98,40.0,1.0,14,6,1.8,4.0,2.18,11,10,6.6,7.55,54.55,11.06,6.2,2.0,4.46,2.02,4.27,1.6,8.4,1.4,80.0,8,2.4,18,12.4,72.73,5.4,1.83,2.1,2.06,1,1
2024-08-24,E0,15:00,Fulham,Leicester,H,D,D Bond,2024/2025,1.78,100.0,0.95,10,4,2.0,5.0,2.42,14,13,5.94,5.32,73.68,9.81,5.0,2.04,3.87,1.84,6.47,1.0,7.0,1.0,100.0,6,2.0,18,12.0,63.16,7.0,1.95,2.04,2.1,1,1
2024-09-14,E0,15:00,Crystal Palace,Leicester,D,A,T Harrington,2024/2025,1.82,100.0,0.95,9,4,2.0,3.5,2.42,11,15,5.14,4.58,73.68,9.03,2.5,2.02,3.89,1.84,6.47,2.0,4.0,1.5,50.0,4,1.0,20,7.5,47.37,6.0,1.92,2.07,2.05,1,0
2024-09-28,E0,15:00,Arsenal,Leicester,H,H,S Barrott,2024/2025,1.92,100.0,0.95,5,3,2.67,2.33,2.42,11,6,7.6,7.42,73.68,10.6,3.0,2.38,3.0,1.96,6.47,1.0,9.33,1.67,33.33,16,2.33,36,11.66,52.63,9.67,1.63,2.07,2.5,1,1
2024-10-19,E0,15:00,Southampton,Leicester,A,H,A Taylor,2024/2025,1.81,100.0,0.95,18,4,2.5,3.25,2.42,10,10,4.73,3.16,73.68,9.46,8.25,2.1,4.73,1.89,6.47,2.0,4.0,2.0,50.0,7,0.75,14,7.25,68.42,9.75,1.83,2.0,2.2,1,1
2024-11-02,E0,15:00,Ipswich,Leicester,D,D,T Robinson,2024/2025,1.9,80.0,0.95,20,6,2.2,3.8,2.42,11,10,5.32,4.11,73.68,9.54,6.0,2.2,4.22,1.92,6.47,1.6,5.8,1.8,20.0,2,0.8,14,9.6,52.63,8.6,1.76,1.88,2.31,0,0
2024-11-10,E0,14:00,Man United,Leicester,H,H,P Bankes,2024/2025,1.86,80.0,0.95,6,5,2.4,3.8,2.42,9,5,5.91,5.58,73.68,9.39,4.0,2.63,3.48,1.88,6.47,1.6,4.8,1.6,80.0,3,1.2,13,8.6,52.63,7.4,1.52,1.96,2.8,1,0
2024-11-30,E0,15:00,Brentford,Leicester,H,H,M Oliver,2024/2025,2.05,80.0,0.95,7,3,2.8,4.2,2.42,9,10,5.86,5.16,73.68,9.87,4.6,2.38,4.01,2.1,6.47,2.0,6.6,1.4,80.0,6,3.4,13,10.8,63.16,7.4,1.63,1.88,2.49,1,0
2024-12-14,E0,15:00,Newcastle,Leicester,H,H,T Bramall,2024/2025,2.05,80.0,0.95,4,1,2.8,4.6,2.42,7,16,6.15,6.21,73.68,10.14,4.2,3.2,3.99,2.06,6.47,1.2,6.2,1.0,40.0,11,1.6,27,10.8,63.16,5.0,1.4,1.92,3.2,1,0
2024-12-26,E0,20:00,Liverpool,Leicester,H,D,D Bond,2024/2025,2.04,80.0,0.95,4,1,3.0,3.6,2.42,17,5,6.55,6.53,73.68,10.22,5.0,5.0,3.67,2.04,6.47,0.8,7.6,0.6,60.0,7,2.2,19,11.2,63.16,5.8,1.24,1.89,5.4,1,1
2025-01-04,E0,15:00,Aston Villa,Leicester,H,D,J Gillett,2024/2025,1.98,100.0,0.95,4,2,3.2,2.8,2.42,10,11,7.33,7.47,73.68,10.52,3.0,3.0,3.19,1.99,6.47,1.0,9.6,0.6,80.0,5,2.0,13,12.4,57.89,6.4,1.45,1.97,3.14,1,0
2025-01-26,E0,14:00,Tottenham,Leicester,A,H,R Jones,2024/2025,1.92,100.0,0.95,12,3,2.8,2.6,2.42,6,16,6.94,7.16,73.68,11.04,6.8,3.4,4.1,1.94,6.47,3.2,6.4,1.0,100.0,6,2.0,15,9.0,73.68,7.4,1.35,1.86,3.58,1,0
2025-02-01,E0,15:00,Everton,Leicester,H,H,D Bond,2024/2025,1.84,100.0,0.95,9,1,2.8,3.0,2.42,7,13,5.16,4.26,73.68,9.14,5.6,1.62,3.98,1.86,6.47,1.0,4.6,0.8,40.0,7,1.4,13,7.6,47.37,7.4,2.36,1.95,1.68,1,1
2025-02-27,E0,20:00,West Ham,Leicester,H,H,S Attwell,2024/2025,1.82,80.0,0.95,10,2,2.4,3.2,2.42,12,6,5.2,4.63,73.68,8.87,3.6,1.95,3.67,1.83,6.47,2.0,3.4,0.8,40.0,2,1.0,8,6.6,57.89,7.0,1.97,1.89,2.03,0,0
2025-03-09,E0,14:00,Chelsea,Leicester,H,D,T Robinson,2024/2025,1.95,60.0,0.95,3,3,2.0,3.4,2.42,12,13,6.48,6.47,73.68,9.77,3.2,2.75,3.29,1.97,6.47,0.8,6.4,0.6,80.0,7,2.4,20,9.8,57.89,6.6,1.46,2.06,3.0,0,1
2025-04-02,E0,19:45,Man City,Leicester,H,H,D England,2024/2025,1.95,40.0,0.95,2,0,2.0,3.0,2.42,11,8,6.59,7.0,73.68,9.71,3.6,3.2,3.12,1.95,6.47,1.0,5.0,0.4,60.0,5,2.2,18,8.0,73.68,6.2,1.4,1.91,3.3,0,0
2025-04-12,E0,15:00,Brighton,Leicester,D,D,D Bond,2024/2025,2.03,40.0,0.95,15,6,2.2,3.4,2.42,9,11,5.07,4.79,73.68,8.89,6.2,2.63,3.82,2.08,6.47,1.4,2.6,0.4,100.0,7,1.8,21,6.0,68.42,5.6,1.57,1.86,2.77,1,0
2025-04-26,E0,15:00,Wolves,Leicester,H,H,S Barrott,2024/2025,2.03,40.0,0.95,8,2,2.0,2.6,2.42,7,17,4.66,3.89,73.68,8.45,3.6,2.1,3.79,2.05,6.47,1.0,3.6,0.4,60.0,6,2.0,20,6.2,57.89,5.4,1.82,1.99,2.21,1,0
2025-05-11,E0,14:15,Nott'm Forest,Leicester,D,D,T Harrington,2024/2025,1.86,60.0,0.95,10,6,2.0,2.8,2.42,11,11,4.82,4.26,73.68,8.93,5.6,2.3,4.11,1.88,6.47,1.0,3.0,0.8,20.0,4,0.8,15,5.8,31.58,5.6,1.67,2.05,2.38,1,0
2025-05-25,E0,16:00,Bournemouth,Leicester,H,D,L Smith,2024/2025,1.95,60.0,0.95,3,0,2.2,2.6,2.42,19,16,6.23,6.32,73.68,9.97,4.6,2.63,3.74,1.97,6.47,0.8,7.0,0.8,20.0,7,1.0,20,9.6,31.58,4.4,1.5,1.96,3.0,0,0
2023-08-13,E0,16:30,Chelsea,Liverpool,D,D,A Taylor,2023/2024,2.09,0.0,1.95,13,1,1.0,4.0,1.26,5,12,5.38,6.11,63.16,10.97,4.0,2.5,5.59,2.12,4.89,1.0,4.0,1.0,0.0,4,1.0,10,8.0,63.16,4.0,1.58,1.93,2.66,0,0
2023-08-27,E0,16:30,Newcastle,Liverpool,A,H,J Brooks,2023/2024,1.96,50.0,1.95,9,4,1.0,6.5,1.26,16,10,5.46,5.89,63.16,11.56,7.0,2.5,6.1,2.0,4.89,1.5,5.5,1.5,100.0,8,3.0,23,12.0,68.42,4.5,1.57,1.96,2.82,1,1
2023-09-16,E0,12:30,Wolves,Liverpool,A,H,M Oliver,2023/2024,1.98,66.67,1.95,16,6,1.0,5.67,1.26,10,4,4.97,5.21,63.16,10.74,3.5,2.5,5.77,2.05,4.89,3.5,4.5,2.0,100.0,2,1.0,11,10.17,63.16,4.33,1.57,1.9,2.66,1,0
2023-09-30,E0,17:30,Tottenham,Liverpool,H,D,S Hooper,2023/2024,1.96,75.0,1.95,12,4,1.25,5.5,1.26,11,17,6.88,7.21,63.16,12.68,4.33,3.2,5.8,2.0,4.89,0.67,10.67,1.75,66.67,8,2.0,24,16.17,84.21,6.25,1.44,2.02,3.22,1,1
2023-10-08,E0,14:00,Brighton,Liverpool,D,A,A Taylor,2023/2024,1.9,80.0,1.95,14,4,1.4,4.6,1.26,12,20,6.56,7.05,63.16,11.91,3.8,3.5,5.35,1.93,4.89,1.6,8.0,1.8,100.0,3,2.6,14,12.6,57.89,6.6,1.35,2.09,3.67,1,0
2023-11-05,E0,16:30,Luton,Liverpool,D,D,A Madley,2023/2024,1.85,80.0,1.95,24,6,1.4,5.2,1.26,7,13,6.23,6.63,63.16,12.14,5.2,3.1,5.91,1.87,4.89,1.4,7.0,1.8,40.0,5,0.8,8,12.2,68.42,6.6,1.38,1.95,3.62,0,1
2023-11-25,E0,12:30,Man City,Liverpool,D,H,C Kavanagh,2023/2024,1.96,60.0,1.95,8,3,1.4,4.6,1.26,9,11,7.11,8.16,63.16,12.19,4.0,2.6,5.08,2.0,4.89,0.8,6.6,1.6,60.0,5,3.2,16,11.2,57.89,7.4,1.58,2.04,2.79,0,1
2023-12-06,E0,19:30,Sheffield United,Liverpool,A,A,S Hooper,2023/2024,1.88,40.0,1.95,15,8,1.2,6.2,1.26,12,8,4.52,4.11,63.16,10.94,6.6,3.5,6.42,1.9,4.89,3.2,3.4,1.4,80.0,1,0.8,6,9.6,84.21,7.0,1.4,1.81,3.66,0,1
2023-12-09,E0,12:30,Crystal Palace,Liverpool,A,D,A Madley,2023/2024,1.84,40.0,1.95,14,2,1.0,6.2,1.26,17,17,5.42,5.42,63.16,11.14,5.0,2.2,5.72,1.89,4.89,1.8,6.4,1.6,60.0,4,0.8,8,12.6,63.16,5.8,1.74,1.84,2.42,1,1
2023-12-26,E0,17:30,Burnley,Liverpool,A,A,P Tierney,2023/2024,2.03,20.0,1.95,19,10,0.6,6.8,1.26,7,10,5.47,5.58,63.16,11.34,3.4,2.7,5.87,2.09,4.89,1.6,6.8,1.6,40.0,0,1.2,9,13.6,57.89,5.0,1.54,2.08,2.93,0,0
2024-01-21,E0,16:30,Bournemouth,Liverpool,A,D,A Madley,2023/2024,1.91,40.0,1.95,14,7,0.4,6.4,1.26,9,12,6.42,7.05,63.16,12.51,5.4,2.88,6.09,1.92,4.89,1.4,7.4,2.2,80.0,1,1.8,11,13.8,63.16,5.8,1.48,1.89,3.19,1,1
2024-02-04,E0,16:30,Arsenal,Liverpool,H,D,A Taylor,2023/2024,1.98,60.0,1.95,10,1,0.8,6.0,1.26,11,11,6.04,6.79,63.16,11.2,3.0,2.15,5.16,1.98,4.89,0.8,6.4,2.2,60.0,7,2.4,15,12.4,73.68,4.4,1.76,2.0,2.38,1,0
2024-02-17,E0,12:30,Brentford,Liverpool,A,A,M Oliver,2023/2024,1.99,80.0,1.95,15,8,1.0,4.8,1.26,4,18,4.9,4.84,63.16,11.07,7.4,2.7,6.17,2.02,4.89,3.0,6.0,2.6,100.0,6,1.4,15,10.8,68.42,4.2,1.5,2.18,3.01,1,0
2024-03-02,E0,15:00,Nott'm Forest,Liverpool,A,D,P Tierney,2023/2024,1.88,60.0,1.95,22,2,0.8,6.2,1.26,11,12,4.32,4.32,63.16,10.7,7.0,2.4,6.38,1.92,4.89,1.4,3.6,2.4,60.0,2,1.4,8,9.8,52.63,3.6,1.58,2.01,2.61,0,1
2024-04-07,E0,15:30,Man United,Liverpool,D,A,A Taylor,2023/2024,1.98,80.0,1.95,28,7,1.2,7.6,1.26,9,10,6.61,7.84,63.16,13.56,9.8,3.5,6.95,2.05,4.89,1.2,6.8,2.4,80.0,5,2.0,9,14.4,68.42,4.0,1.34,1.93,3.73,1,1
2024-04-21,E0,16:30,Fulham,Liverpool,A,D,C Pawson,2023/2024,1.92,80.0,1.95,14,7,1.4,7.4,1.26,5,11,5.22,5.89,63.16,11.21,4.4,2.75,5.99,1.95,4.89,1.2,5.0,2.2,80.0,5,1.6,12,12.4,63.16,2.6,1.48,1.87,2.86,1,0
2024-04-24,E0,20:00,Everton,Liverpool,H,H,A Madley,2023/2024,1.92,60.0,1.95,23,7,1.2,9.2,1.26,6,13,4.73,5.11,63.16,11.28,6.6,2.63,6.55,1.96,4.89,0.8,4.0,2.0,20.0,6,1.4,16,13.2,36.84,3.0,1.53,1.88,2.78,0,1
2024-04-27,E0,12:30,West Ham,Liverpool,D,H,A Taylor,2023/2024,1.75,60.0,1.95,28,8,1.4,9.6,1.26,8,10,4.84,4.68,63.16,11.34,6.2,3.2,6.5,1.9,4.89,1.6,6.6,1.6,40.0,8,1.2,11,16.2,52.63,3.8,1.42,1.86,3.35,1,1
2024-05-13,E0,20:00,Aston Villa,Liverpool,D,A,S Hooper,2023/2024,1.91,80.0,1.95,14,7,2.0,8.0,1.26,11,15,5.56,6.0,63.16,11.25,3.8,3.2,5.69,1.91,4.89,1.8,6.2,2.0,80.0,5,2.6,19,14.2,78.95,4.2,1.39,2.02,3.3,1,0
2024-08-17,E0,12:30,Ipswich,Liverpool,A,D,T Robinson,2024/2025,1.91,0.0,2.32,18,5,0.0,10.0,1.32,9,18,3.48,4.11,63.16,10.69,10.0,3.2,7.21,1.95,3.26,2.0,2.0,2.0,0.0,2,0.0,7,12.0,52.63,2.0,1.4,1.9,3.38,0,1
2024-09-01,E0,16:00,Man United,Liverpool,A,A,A Taylor,2024/2025,1.86,50.0,2.32,11,3,0.0,6.0,1.32,7,7,4.83,5.58,63.16,10.6,5.0,2.75,5.77,1.9,3.26,1.5,6.0,2.5,50.0,3,0.5,8,12.0,52.63,3.5,1.52,2.01,2.87,1,0
2024-09-28,E0,17:30,Wolves,Liverpool,A,A,A Taylor,2024/2025,1.97,66.67,2.32,10,6,0.33,7.33,1.32,16,8,3.62,3.89,63.16,10.23,7.33,3.0,6.61,2.0,3.26,3.33,3.67,2.33,100.0,3,1.33,8,11.0,57.89,3.0,1.42,1.92,3.17,1,1
2024-10-05,E0,12:30,Crystal Palace,Liverpool,A,A,S Hooper,2024/2025,1.75,50.0,2.32,16,4,0.25,7.5,1.32,7,15,4.01,4.58,63.16,10.62,6.0,2.2,6.61,1.83,3.26,1.25,3.75,2.0,25.0,5,0.5,9,11.25,47.37,3.0,1.7,1.88,2.38,0,1
2024-10-27,E0,16:30,Arsenal,Liverpool,D,H,A Taylor,2024/2025,2.08,60.0,2.32,9,4,0.6,6.6,1.32,14,14,6.0,7.42,63.16,11.35,2.6,1.94,5.35,2.16,3.26,1.2,8.4,2.0,60.0,3,2.4,9,15.0,52.63,2.6,1.91,1.96,2.02,1,0
2024-11-24,E0,14:00,Southampton,Liverpool,A,D,S Barrott,2024/2025,2.0,80.0,2.32,27,11,1.0,6.6,1.32,11,9,3.19,3.16,63.16,10.18,7.8,3.0,6.99,2.06,3.26,2.0,3.6,2.2,60.0,5,1.2,7,10.2,68.42,2.8,1.44,1.92,3.16,1,1
2024-12-04,E0,19:30,Newcastle,Liverpool,D,H,A Madley,2024/2025,2.01,80.0,2.32,16,5,1.6,7.4,1.32,9,17,5.13,6.21,63.16,11.45,5.0,2.3,6.32,2.04,3.26,1.4,6.2,2.2,20.0,6,1.0,17,13.6,63.16,2.8,1.72,2.05,2.43,1,1
2024-12-22,E0,16:30,Tottenham,Liverpool,A,A,S Barrott,2024/2025,1.89,80.0,2.32,24,12,2.0,6.4,1.32,7,9,5.87,7.16,63.16,12.28,6.4,3.75,6.41,1.92,3.26,2.8,7.4,3.0,80.0,5,2.4,9,13.8,73.68,3.8,1.29,2.04,3.99,1,1
2024-12-29,E0,17:15,West Ham,Liverpool,A,A,A Taylor,2024/2025,2.03,100.0,2.32,22,13,2.0,6.0,1.32,7,10,4.36,4.63,63.16,10.44,5.2,3.0,6.08,2.11,3.26,2.4,6.2,3.8,60.0,0,1.0,7,12.2,57.89,3.8,1.44,2.06,3.18,1,0
2025-01-14,E0,20:00,Nott'm Forest,Liverpool,D,H,C Kavanagh,2024/2025,2.05,80.0,2.32,23,7,1.8,7.2,1.32,7,10,3.88,4.26,63.16,10.45,6.2,2.3,6.57,2.11,3.26,1.0,3.6,3.6,40.0,3,1.2,6,10.8,31.58,3.6,1.64,2.04,2.49,0,0
2025-01-18,E0,15:00,Brentford,Liverpool,A,D,A Madley,2024/2025,1.89,60.0,2.32,37,8,1.4,8.2,1.32,6,14,4.43,5.16,63.16,10.99,6.4,3.4,6.56,1.89,3.26,2.2,4.4,3.4,60.0,6,1.4,11,12.6,63.16,3.4,1.35,1.98,3.56,0,1
2025-02-01,E0,15:00,Bournemouth,Liverpool,A,A,D England,2024/2025,1.84,40.0,2.32,19,7,0.8,7.6,1.32,15,9,5.23,6.32,63.16,11.43,4.6,2.75,6.2,1.88,3.26,0.6,6.4,3.2,20.0,3,1.4,14,14.0,31.58,3.0,1.47,1.91,2.92,0,0
2025-02-12,E0,19:30,Everton,Liverpool,D,D,M Oliver,2024/2025,2.01,40.0,2.32,6,4,0.6,7.2,1.32,9,20,3.82,4.26,63.16,10.15,5.2,2.0,6.33,2.01,3.26,1.4,4.6,2.4,60.0,3,1.8,10,11.8,47.37,2.0,1.87,2.07,2.17,1,0
2025-02-19,E0,19:30,Aston Villa,Liverpool,D,H,C Pawson,2024/2025,1.85,40.0,2.32,17,3,1.0,7.6,1.32,8,6,6.08,7.47,63.16,11.76,3.4,2.38,5.68,1.88,3.26,1.4,9.0,1.8,60.0,4,1.6,9,16.6,57.89,2.6,1.6,1.89,2.55,1,1
2025-02-23,E0,16:30,Man City,Liverpool,A,A,A Taylor,2024/2025,2.0,40.0,2.32,8,4,0.8,6.8,1.32,3,10,5.69,7.0,63.16,11.18,3.8,2.63,5.49,2.02,3.26,1.0,6.2,2.0,60.0,5,2.4,16,13.0,73.68,4.0,1.58,1.94,2.79,0,1
2025-04-06,E0,14:00,Fulham,Liverpool,H,H,C Kavanagh,2024/2025,1.86,60.0,2.32,14,6,1.4,4.6,1.32,10,9,4.74,5.32,63.16,10.44,4.0,2.0,5.7,1.88,3.26,1.2,5.6,2.0,40.0,6,1.4,12,10.2,63.16,4.4,1.87,1.95,2.1,1,0
2025-04-20,E0,16:30,Leicester,Liverpool,A,D,S Attwell,2024/2025,1.85,60.0,2.32,28,10,1.4,6.6,1.32,11,7,4.07,4.21,63.16,10.52,6.4,3.2,6.45,1.85,3.26,2.6,5.4,1.8,60.0,0,0.0,5,12.0,47.37,4.0,1.39,2.08,3.37,0,1
2025-05-04,E0,16:30,Chelsea,Liverpool,H,H,S Hooper,2024/2025,2.02,60.0,2.32,11,2,1.6,7.2,1.32,10,11,5.67,6.47,63.16,11.39,4.0,2.63,5.72,2.04,3.26,0.6,8.8,1.6,40.0,7,1.6,17,16.0,57.89,4.2,1.53,1.88,2.71,1,0
2025-05-19,E0,20:00,Brighton,Liverpool,H,A,J Brooks,2024/2025,1.9,60.0,2.32,18,5,1.8,6.2,1.32,9,8,4.19,4.79,63.16,9.92,2.8,2.75,5.73,1.9,3.26,2.0,3.8,1.6,80.0,12,1.8,25,10.0,68.42,3.6,1.5,1.98,2.9,1,0
2025-08-25,E0,20:00,Newcastle,Liverpool,A,A,S Hooper,2025/2026,1.83,100.0,1.55,5,4,2.0,1.0,1.64,17,15,6.66,7.55,72.73,10.9,1.0,2.38,4.24,1.83,4.45,3.0,7.0,3.0,100.0,3,2.0,10,8.0,72.73,7.0,1.63,2.07,2.5,1,0
2025-09-14,E0,14:00,Burnley,Liverpool,A,D,M Oliver,2025/2026,1.95,50.0,1.55,27,4,1.0,7.0,1.64,9,9,3.56,3.27,72.73,9.17,8.0,2.5,5.61,1.95,4.45,0.5,2.5,2.0,0.0,0,1.0,3,9.5,27.27,4.0,1.53,1.97,2.7,0,1
2025-09-27,E0,15:00,Crystal Palace,Liverpool,H,H,C Kavanagh,2025/2026,1.93,66.67,1.55,20,4,1.33,6.67,1.64,10,8,3.81,3.82,72.73,8.57,4.0,2.1,4.76,1.93,4.45,0.67,2.67,1.67,33.33,7,1.0,16,9.34,36.36,3.33,1.73,1.91,2.17,1,0
2025-10-04,E0,17:30,Chelsea,Liverpool,H,H,A Taylor,2025/2026,2.05,75.0,1.55,12,2,1.5,5.5,1.64,9,8,6.06,6.91,72.73,10.68,3.75,2.38,4.62,2.05,4.45,1.0,7.25,1.5,50.0,6,1.25,12,12.75,54.55,4.25,1.6,2.07,2.6,1,0
2025-10-25,E0,20:00,Brentford,Liverpool,H,H,S Hooper,2025/2026,1.98,80.0,1.55,18,5,1.8,5.2,1.64,7,10,4.03,3.82,72.73,8.89,4.6,2.38,4.86,1.98,4.45,1.2,3.8,1.6,60.0,8,1.8,17,9.0,63.64,4.4,1.57,1.86,2.55,1,0
2025-11-09,E0,16:30,Man City,Liverpool,H,H,C Kavanagh,2025/2026,1.98,80.0,1.55,7,1,2.0,6.4,1.64,14,15,6.4,7.36,72.73,10.82,4.0,2.63,4.42,1.98,4.45,0.4,8.0,1.0,80.0,6,3.2,14,14.4,63.64,4.4,1.5,1.98,2.8,1,1
2025-11-30,E0,14:05,West Ham,Liverpool,A,D,D England,2025/2026,1.9,80.0,1.55,9,5,2.0,4.2,1.64,12,14,5.62,5.91,72.73,10.77,6.0,2.63,5.15,22.0,4.45,1.8,7.0,1.2,60.0,0,1.4,7,11.2,72.73,5.6,1.53,1.97,2.7,0,0
2025-12-06,E0,17:30,Leeds,Liverpool,D,D,A Taylor,2025/2026,1.85,80.0,1.55,16,7,2.2,3.8,1.64,14,14,5.11,5.45,72.73,9.26,2.8,2.1,4.15,1.85,4.45,1.8,3.8,1.6,100.0,5,2.0,12,7.6,63.64,6.2,1.8,2.0,2.1,1,0
2025-12-20,E0,17:30,Tottenham,Liverpool,A,D,J Brooks,2025/2026,2.03,80.0,1.55,8,4,2.0,4.6,1.64,9,7,5.39,5.82,72.73,10.3,4.4,2.0,4.91,2.03,4.45,1.4,5.6,1.8,60.0,4,1.2,15,10.2,54.55,5.2,1.8,2.06,2.07,1,0
2026-01-04,E0,15:15,Fulham,Liverpool,D,H,C Pawson,2025/2026,1.95,80.0,1.55,10,2,1.8,5.4,1.64,11,4,4.87,5.09,72.73,9.98,4.6,2.0,5.11,1.95,4.45,1.8,4.8,1.8,60.0,2,1.8,8,10.2,54.55,4.8,1.95,1.91,2.0,1,1
2026-01-08,E0,20:00,Arsenal,Liverpool,D,D,A Taylor,2025/2026,1.8,60.0,1.55,8,0,1.2,4.0,1.64,10,9,5.11,5.64,72.73,9.06,2.6,2.03,3.95,1.8,4.45,0.6,5.0,1.8,60.0,4,2.0,9,9.0,54.55,4.0,1.83,1.88,2.08,0,0
2023-08-12,E0,15:00,Brighton,Luton,H,H,D Coote,2023/2024,1.95,100.0,1.26,9,3,4.0,7.0,2.53,11,12,6.78,7.05,73.68,11.36,7.0,2.5,4.58,2.0,6.79,1.0,6.0,1.0,100.0,12,4.0,27,13.0,57.89,6.0,1.62,1.91,2.66,1,1
2023-08-25,E0,20:00,Chelsea,Luton,H,H,R Jones,2023/2024,1.98,100.0,1.26,11,1,3.5,5.5,2.53,15,12,6.16,6.11,73.68,10.57,4.0,2.3,4.41,2.09,6.79,0.5,5.0,0.5,50.0,8,2.0,19,10.5,63.16,6.0,1.67,1.81,2.45,1,0
2023-09-16,E0,15:00,Fulham,Luton,H,D,M Salisbury,2023/2024,2.03,66.67,1.26,7,2,2.67,4.33,2.53,6,14,6.09,5.89,73.68,10.36,3.5,1.73,4.27,2.09,6.79,1.5,5.5,0.33,50.0,2,0.5,13,9.83,63.16,6.0,2.19,2.02,1.86,0,0
2023-09-30,E0,15:00,Everton,Luton,A,A,A Taylor,2023/2024,1.84,75.0,1.26,9,2,2.25,4.75,2.53,8,10,5.56,5.11,73.68,10.2,5.25,1.87,4.64,1.84,6.79,1.25,5.25,0.75,25.0,5,0.25,23,10.0,36.84,5.25,2.13,2.06,1.89,1,0
2023-10-21,E0,15:00,Nott'm Forest,Luton,D,D,S Barrott,2023/2024,1.99,80.0,1.26,13,4,2.2,4.2,2.53,12,11,4.97,4.32,73.68,9.72,6.0,1.7,4.75,2.04,6.79,1.25,4.0,1.0,50.0,8,1.5,19,8.2,52.63,5.0,2.24,1.93,1.81,1,0
2023-10-29,E0,14:00,Aston Villa,Luton,H,H,J Brooks,2023/2024,1.93,80.0,1.26,7,1,2.0,3.6,2.53,11,10,6.02,6.0,73.68,10.0,4.4,2.7,3.98,1.95,6.79,0.8,5.2,1.0,100.0,6,4.0,17,8.8,78.95,5.0,1.53,1.94,2.93,1,0
2023-11-11,E0,15:00,Man United,Luton,H,D,G Scott,2023/2024,1.97,60.0,1.26,10,4,1.6,3.4,2.53,9,11,7.47,7.84,73.68,12.19,5.0,2.7,4.72,2.02,6.79,1.6,8.6,1.0,60.0,4,0.8,15,12.0,68.42,6.0,1.54,2.07,2.76,0,1
2023-12-02,E0,15:00,Brentford,Luton,H,D,A Taylor,2023/2024,1.89,80.0,1.26,7,1,2.0,4.0,2.53,10,8,5.34,4.84,73.68,9.86,5.0,2.05,4.52,1.9,6.79,1.4,3.6,1.2,80.0,6,2.0,27,7.6,68.42,6.2,1.85,2.02,2.12,1,1
2023-12-26,E0,15:00,Sheffield United,Luton,A,A,S Allison,2023/2024,1.81,80.0,1.26,12,4,2.2,3.6,2.53,13,13,5.14,4.11,73.68,9.93,6.2,1.67,4.79,1.88,6.79,1.8,4.4,1.4,60.0,6,1.2,21,8.0,84.21,7.4,2.36,1.83,1.76,1,1
2024-01-12,E0,19:45,Burnley,Luton,D,H,T Harrington,2023/2024,1.84,60.0,1.26,14,5,2.0,4.8,2.53,7,12,5.95,5.58,73.68,10.43,4.8,1.84,4.48,1.87,6.79,1.4,4.8,1.2,40.0,7,1.4,13,9.6,57.89,7.0,2.06,2.06,1.92,0,0
2024-02-03,E0,15:00,Newcastle,Luton,D,D,T Bramall,2023/2024,1.98,60.0,1.26,11,8,2.2,4.4,2.53,13,16,6.34,5.89,73.68,10.62,4.2,2.35,4.28,1.98,6.79,2.0,6.6,1.8,80.0,6,2.2,19,11.0,68.42,7.4,1.67,2.02,2.48,1,0
2024-02-21,E0,19:30,Liverpool,Luton,H,A,A Madley,2023/2024,2.02,80.0,1.26,12,3,2.8,4.6,2.53,15,14,8.02,8.58,73.68,11.84,3.2,3.1,3.82,2.06,6.79,1.2,8.2,2.0,80.0,13,3.2,29,12.8,68.42,7.8,1.39,1.95,3.4,1,1
2024-03-09,E0,15:00,Crystal Palace,Luton,D,H,S Singh,2023/2024,1.89,60.0,1.26,8,2,2.4,4.8,2.53,20,11,6.26,5.42,73.68,10.43,4.2,2.05,4.17,1.92,6.79,1.4,7.8,2.0,80.0,4,2.2,21,12.6,63.16,8.0,1.9,1.99,2.08,0,1
2024-03-13,E0,19:30,Bournemouth,Luton,H,A,S Allison,2023/2024,1.85,60.0,1.26,8,4,2.8,4.6,2.53,16,11,7.28,7.05,73.68,11.82,5.0,2.88,4.54,1.9,6.79,2.2,8.6,2.0,60.0,10,1.4,24,13.2,63.16,8.4,1.43,2.09,3.1,1,1
2024-03-30,E0,15:00,Tottenham,Luton,H,A,J Gillett,2023/2024,1.98,80.0,1.26,7,3,3.0,4.2,2.53,16,14,7.28,7.21,73.68,11.58,4.0,4.2,4.3,2.02,6.79,1.4,7.6,2.0,100.0,4,2.2,17,11.8,84.21,8.6,1.23,2.07,4.6,1,0
2024-04-03,E0,19:30,Arsenal,Luton,H,H,C Pawson,2023/2024,2.04,60.0,1.26,5,1,2.6,4.0,2.53,12,8,6.79,6.79,73.68,10.44,3.2,3.5,3.65,2.07,6.79,0.6,6.0,1.2,80.0,4,3.2,13,10.0,73.68,7.6,1.34,1.9,3.7,0,0
2024-04-13,E0,15:00,Man City,Luton,H,H,J Brooks,2023/2024,2.02,60.0,1.26,4,2,2.8,3.4,2.53,7,6,7.85,8.16,73.68,11.3,2.2,4.33,3.45,2.1,6.79,0.6,9.2,1.2,60.0,13,2.6,33,12.6,57.89,7.4,1.25,1.89,4.6,1,1
2024-04-27,E0,15:00,Wolves,Luton,H,H,D Coote,2023/2024,1.89,80.0,1.26,9,6,3.0,3.0,2.53,14,14,5.62,5.21,73.68,9.96,5.2,2.2,4.34,1.91,6.79,1.4,4.0,1.2,60.0,5,1.0,13,7.0,63.16,6.6,1.71,1.98,2.38,1,0
2024-05-11,E0,15:00,West Ham,Luton,H,A,M Oliver,2023/2024,1.87,80.0,1.26,4,1,2.8,3.6,2.53,9,15,5.57,4.68,73.68,10.18,6.6,3.0,4.61,1.91,6.79,1.4,7.2,0.8,40.0,8,1.4,24,10.8,52.63,5.8,1.43,2.03,3.17,1,1
2023-08-27,E0,14:00,Sheffield United,Man City,A,D,J Gillett,2023/2024,1.96,100.0,2.37,30,9,0.5,8.5,0.95,11,2,4.03,4.11,68.42,10.96,8.5,2.38,6.93,2.01,4.47,1.5,3.0,2.5,50.0,2,0.5,6,11.5,84.21,3.5,1.66,1.84,2.45,1,1
2023-09-16,E0,15:00,West Ham,Man City,A,H,A Madley,2023/2024,2.07,100.0,2.37,29,15,0.67,9.33,0.95,7,11,4.41,4.68,68.42,11.35,10.0,2.1,6.94,2.11,4.47,2.0,3.5,2.67,100.0,3,2.0,6,12.83,52.63,3.67,1.83,2.08,2.23,1,1
2023-09-30,E0,15:00,Wolves,Man City,H,H,C Pawson,2023/2024,1.96,100.0,2.37,23,8,1.0,8.5,0.95,18,12,4.56,5.21,68.42,10.78,4.33,2.2,6.22,2.0,4.47,2.67,3.0,2.25,100.0,1,1.33,3,11.5,63.16,2.75,1.75,1.88,2.36,1,0
2023-10-08,E0,16:30,Arsenal,Man City,H,D,M Oliver,2023/2024,2.11,80.0,2.37,4,1,1.0,7.6,0.95,8,7,6.05,6.79,68.42,11.49,3.4,1.82,5.44,2.13,4.47,1.2,8.8,1.8,80.0,2,2.0,12,16.4,73.68,3.2,2.13,2.17,2.04,0,0
2023-10-29,E0,15:30,Man United,Man City,A,A,P Tierney,2023/2024,1.87,80.0,2.37,21,10,1.0,9.0,0.95,9,4,6.63,7.84,68.42,13.32,5.0,2.2,6.69,1.91,4.47,2.0,8.6,1.8,80.0,3,1.2,7,17.6,68.42,3.4,1.74,2.05,2.4,1,1
2023-11-12,E0,16:30,Chelsea,Man City,D,D,A Taylor,2023/2024,1.96,80.0,2.37,15,10,1.6,7.2,0.95,12,15,5.42,6.11,68.42,11.45,4.4,2.07,6.03,2.01,4.47,2.0,5.6,2.2,40.0,9,1.2,17,12.8,63.16,3.8,1.87,1.99,2.13,1,0
2023-12-06,E0,20:15,Aston Villa,Man City,H,D,J Brooks,2023/2024,1.92,60.0,2.37,2,2,1.6,5.0,0.95,13,13,5.3,6.0,68.42,10.71,3.2,2.25,5.41,1.97,4.47,0.8,4.6,1.6,80.0,7,3.4,22,9.6,78.95,4.2,1.72,2.1,2.44,0,0
2023-12-10,E0,14:00,Luton,Man City,A,H,T Robinson,2023/2024,1.95,60.0,2.37,18,6,1.4,4.4,0.95,16,6,5.74,6.63,68.42,11.71,5.8,2.4,5.97,2.02,4.47,1.8,4.4,1.8,60.0,2,1.4,4,8.8,68.42,5.4,1.62,2.04,2.58,1,0
2023-12-27,E0,20:15,Everton,Man City,A,H,J Brooks,2023/2024,2.01,80.0,2.37,23,9,1.4,4.4,0.95,13,5,5.05,5.11,68.42,10.99,4.4,1.95,5.94,2.07,4.47,1.4,5.2,2.4,60.0,2,1.4,7,9.6,36.84,6.0,2.0,2.23,2.05,1,1
2024-01-13,E0,17:30,Newcastle,Man City,A,H,C Kavanagh,2023/2024,1.98,80.0,2.37,27,11,1.8,4.6,0.95,7,7,5.46,5.89,68.42,11.17,4.2,2.15,5.71,1.99,4.47,1.4,5.8,2.4,80.0,5,2.2,12,10.4,68.42,5.2,1.84,1.87,2.33,1,1
2024-02-05,E0,20:00,Brentford,Man City,A,D,J Gillett,2023/2024,1.94,80.0,2.37,25,15,1.2,6.6,0.95,2,4,5.12,4.84,68.42,11.53,7.2,2.5,6.41,1.95,4.47,2.4,7.2,2.2,100.0,3,1.8,9,13.8,68.42,6.2,1.55,2.13,2.72,1,1
2024-02-24,E0,17:30,Bournemouth,Man City,A,A,J Gillett,2023/2024,1.91,80.0,2.37,15,6,1.0,8.2,0.95,14,6,6.26,7.05,68.42,12.69,6.2,2.6,6.43,1.95,4.47,1.6,7.0,2.4,60.0,4,1.2,13,15.2,63.16,5.6,1.54,2.0,2.78,0,1
2024-03-10,E0,15:45,Liverpool,Man City,D,A,M Oliver,2023/2024,2.0,60.0,2.37,10,6,1.0,8.4,0.95,6,10,7.3,8.58,68.42,12.89,3.0,2.6,5.59,2.02,4.47,1.2,8.8,2.2,80.0,6,3.2,19,17.2,68.42,5.8,1.52,2.07,2.88,0,1
2024-04-06,E0,12:30,Crystal Palace,Man City,A,D,P Tierney,2023/2024,1.95,60.0,2.37,18,8,1.2,9.4,0.95,13,3,5.24,5.42,68.42,11.39,5.2,2.2,6.15,1.97,4.47,2.0,6.8,2.4,80.0,4,2.0,7,16.2,63.16,4.6,1.73,2.16,2.29,1,1
2024-04-25,E0,20:00,Brighton,Man City,A,A,J Gillett,2023/2024,1.98,60.0,2.37,14,6,0.8,7.6,0.95,10,3,6.12,7.05,68.42,11.85,3.8,3.2,5.73,2.0,4.47,1.8,6.4,2.6,60.0,3,1.2,7,14.0,57.89,4.8,1.47,2.03,3.2,1,0
2024-04-28,E0,16:30,Nott'm Forest,Man City,A,A,S Hooper,2023/2024,1.91,40.0,2.37,11,5,0.6,6.0,0.95,8,6,4.37,4.32,68.42,10.76,6.4,2.63,6.39,2.06,4.47,1.4,4.8,2.4,40.0,2,1.2,14,10.8,52.63,4.0,1.58,1.9,2.72,0,0
2024-05-11,E0,12:30,Fulham,Man City,A,A,A Taylor,2023/2024,2.06,60.0,2.37,16,9,0.6,5.8,0.95,9,6,5.22,5.89,68.42,11.26,5.6,3.4,6.04,2.07,4.47,1.8,5.0,3.0,60.0,1,1.0,1,10.8,63.16,3.6,1.35,2.17,3.54,1,0
2024-05-14,E0,20:00,Tottenham,Man City,A,D,C Kavanagh,2023/2024,1.98,60.0,2.37,8,5,0.4,5.8,0.95,14,11,6.22,7.21,68.42,12.12,4.2,3.75,5.9,2.03,4.47,1.6,7.8,3.2,80.0,5,1.8,10,13.6,84.21,3.6,1.32,2.05,4.1,0,1
2024-08-18,E0,16:30,Chelsea,Man City,A,A,A Taylor,2024/2025,1.86,0.0,1.53,11,5,0.0,3.0,1.11,12,9,5.29,6.47,47.37,10.23,3.0,2.38,4.94,1.86,3.74,2.0,4.0,2.0,0.0,3,0.0,10,7.0,57.89,4.0,1.61,1.97,2.52,0,0
2024-08-31,E0,17:30,West Ham,Man City,A,A,M Oliver,2024/2025,2.04,50.0,1.53,23,8,0.5,7.0,1.11,10,3,4.23,4.63,47.37,10.33,7.0,2.5,6.1,2.05,3.74,2.5,4.0,2.5,100.0,2,1.0,10,11.0,57.89,3.5,1.58,1.93,2.73,1,1
2024-09-28,E0,12:30,Newcastle,Man City,D,A,J Gillett,2024/2025,2.01,33.33,1.53,16,6,0.67,6.67,1.11,14,10,5.25,6.21,47.37,11.74,10.0,2.38,6.49,2.05,3.74,0.67,5.0,2.0,33.33,4,1.33,11,11.67,63.16,4.0,1.63,1.88,2.49,0,1
2024-10-20,E0,14:00,Wolves,Man City,A,D,C Kavanagh,2024/2025,1.88,50.0,1.53,22,7,0.75,9.5,1.11,8,5,3.7,3.89,47.37,10.53,10.0,2.63,6.83,1.91,3.74,3.0,3.0,2.0,100.0,2,1.25,3,12.5,57.89,3.25,1.52,2.09,2.79,1,1
2024-11-02,E0,15:00,Bournemouth,Man City,H,H,M Oliver,2024/2025,1.99,60.0,1.53,18,4,1.0,9.6,1.11,11,6,5.35,6.32,47.37,11.64,6.0,2.38,6.29,2.01,3.74,0.8,6.2,1.8,40.0,6,1.6,12,15.8,31.58,3.2,1.64,1.93,2.59,1,1
2024-11-09,E0,17:30,Brighton,Man City,H,A,S Barrott,2024/2025,1.95,80.0,1.53,15,6,1.4,9.8,1.11,12,10,4.43,4.79,47.37,10.38,4.0,2.75,5.95,2.0,3.74,1.4,6.2,1.6,80.0,4,1.8,10,16.0,68.42,2.4,1.53,2.08,2.9,1,0
2024-12-01,E0,16:00,Liverpool,Man City,H,H,C Kavanagh,2024/2025,2.05,60.0,1.53,8,2,1.6,8.4,1.11,9,8,5.31,6.53,47.37,11.37,7.0,2.45,6.06,2.1,3.74,0.4,4.6,1.0,60.0,7,2.2,18,13.0,63.16,3.2,1.57,1.86,2.75,0,1
2024-12-07,E0,15:00,Crystal Palace,Man City,D,D,R Jones,2024/2025,2.01,80.0,1.53,12,4,1.8,8.8,1.11,4,10,4.31,4.58,47.37,11.01,8.2,2.3,6.7,2.04,3.74,1.2,5.2,1.2,20.0,3,0.8,12,14.0,47.37,3.4,1.73,1.97,2.42,1,1
2024-12-21,E0,12:30,Aston Villa,Man City,H,H,P Bankes,2024/2025,1.86,80.0,1.53,12,6,2.0,6.0,1.11,14,7,6.42,7.47,47.37,11.7,3.6,2.3,5.28,1.88,3.74,1.0,9.6,1.0,60.0,6,1.8,11,15.6,57.89,4.2,1.66,1.96,2.44,1,0
2024-12-29,E0,14:30,Leicester,Man City,A,A,M Oliver,2024/2025,1.9,60.0,1.53,14,5,1.6,4.8,1.11,11,6,4.09,4.21,47.37,10.03,5.6,3.4,5.94,1.96,3.74,2.0,4.0,1.2,80.0,4,1.2,11,8.8,47.37,4.4,1.37,1.93,3.56,0,0
2025-01-14,E0,19:30,Brentford,Man City,D,D,A Taylor,2024/2025,2.03,60.0,1.53,21,8,1.6,5.0,1.11,4,4,4.79,5.16,47.37,10.55,4.2,2.75,5.76,2.05,3.74,2.0,5.0,1.4,80.0,6,2.2,18,10.0,63.16,5.2,1.44,2.0,3.01,1,0
2025-01-19,E0,16:30,Ipswich,Man City,A,A,S Barrott,2024/2025,2.0,80.0,1.53,17,9,1.2,5.6,1.11,4,7,4.0,4.11,47.37,10.25,7.4,2.63,6.25,2.03,3.74,2.8,3.4,2.6,60.0,4,0.6,8,9.0,52.63,4.6,1.57,2.07,2.74,1,1
2025-02-02,E0,16:30,Arsenal,Man City,H,H,P Bankes,2024/2025,1.91,80.0,1.53,7,4,1.8,4.4,1.11,6,7,6.22,7.42,47.37,11.03,2.0,2.38,4.81,1.91,3.74,0.8,7.6,2.4,60.0,7,2.0,12,12.0,52.63,4.4,1.76,2.01,2.44,1,0
2025-02-26,E0,19:30,Tottenham,Man City,A,A,J Gillett,2024/2025,2.06,60.0,1.53,12,5,1.4,4.2,1.11,12,15,6.13,7.16,47.37,11.96,5.4,3.4,5.83,2.08,3.74,1.4,7.6,2.4,60.0,6,1.0,11,11.8,73.68,5.0,1.37,1.86,3.43,0,1
2025-03-08,E0,12:30,Nott'm Forest,Man City,H,D,C Kavanagh,2024/2025,1.9,60.0,1.53,14,3,1.6,3.8,1.11,9,7,4.0,4.26,47.37,10.08,7.2,2.38,6.08,1.91,3.74,0.6,2.4,2.0,40.0,4,2.4,9,6.2,31.58,4.8,1.67,1.95,2.51,0,0
2025-04-06,E0,16:30,Man United,Man City,D,D,J Brooks,2024/2025,1.85,40.0,1.53,9,5,1.2,3.4,1.11,13,9,5.04,5.58,47.37,10.19,4.0,2.2,5.15,1.87,3.74,1.6,5.4,1.6,40.0,2,1.0,13,8.8,52.63,5.0,1.68,1.84,2.43,0,0
2025-04-19,E0,15:00,Everton,Man City,A,D,S Hooper,2024/2025,1.97,20.0,1.53,12,7,1.2,3.0,1.11,7,6,4.14,4.26,47.37,9.87,6.0,2.04,5.73,2.0,3.74,1.6,4.0,0.8,40.0,3,1.2,8,7.0,47.37,4.6,2.0,1.93,2.06,0,0
2025-05-10,E0,15:00,Southampton,Man City,D,D,T Robinson,2024/2025,1.92,0.0,1.53,26,5,0.2,5.6,1.11,9,8,3.25,3.16,47.37,10.0,9.0,3.0,6.75,1.92,3.74,1.6,2.0,0.6,60.0,0,0.6,2,7.6,68.42,3.8,1.45,2.03,3.2,0,1
2025-05-25,E0,16:00,Fulham,Man City,A,A,A Madley,2024/2025,2.0,0.0,1.53,20,5,0.2,6.2,1.11,11,5,4.54,5.32,47.37,10.22,4.8,2.38,5.68,2.04,3.74,1.8,4.4,0.8,60.0,3,1.4,13,10.6,63.16,2.4,1.61,1.84,2.6,0,0
2025-08-16,E0,17:30,Wolves,Man City,A,A,J Gillett,2025/2026,2.0,100.0,1.64,15,4,0.0,6.0,1.18,13,7,3.66,3.18,54.55,8.55,6.0,2.0,4.89,2.0,4.45,4.0,4.0,4.0,100.0,3,0.0,9,10.0,54.55,4.0,1.8,1.86,2.15,1,0
2025-08-31,E0,14:00,Brighton,Man City,H,A,D England,2025/2026,1.88,100.0,1.64,12,3,1.0,4.0,1.18,16,14,4.86,5.55,54.55,9.13,2.5,2.32,4.27,1.88,4.45,1.0,3.5,2.5,50.0,7,1.5,12,7.5,54.55,3.5,1.63,2.01,2.4,1,0
2025-09-21,E0,16:30,Arsenal,Man City,D,A,S Attwell,2025/2026,1.98,66.67,1.64,5,3,1.0,3.33,1.18,11,10,5.51,5.64,54.55,9.1,2.67,2.0,3.59,1.98,4.45,0.33,7.0,2.0,66.67,3,3.0,12,10.33,54.55,6.0,1.8,1.88,2.1,0,1
2025-10-05,E0,16:30,Brentford,Man City,A,A,D England,2025/2026,1.8,50.0,1.64,10,4,0.75,3.0,1.18,10,6,4.09,3.82,54.55,8.44,4.75,2.3,4.35,1.8,4.45,1.0,3.5,1.75,50.0,1,1.5,6,6.5,63.64,5.25,1.62,2.1,2.43,0,0
2025-10-26,E0,14:00,Aston Villa,Man City,H,H,M Oliver,2025/2026,1.78,40.0,1.64,18,4,0.8,3.6,1.18,8,16,5.0,5.18,54.55,9.41,5.0,2.2,4.41,1.85,4.45,1.0,5.2,1.4,60.0,3,1.2,9,8.8,63.64,5.2,1.75,1.89,2.28,0,1
2025-11-22,E0,17:30,Newcastle,Man City,H,D,S Barrott,2025/2026,1.95,40.0,1.64,17,4,1.2,4.2,1.18,13,8,6.48,7.55,54.55,11.22,5.8,2.3,4.74,1.96,4.45,0.8,6.8,0.8,60.0,5,1.6,9,11.0,72.73,5.4,1.68,1.93,2.4,1,1
2025-12-02,E0,19:30,Fulham,Man City,A,A,C Pawson,2025/2026,1.9,40.0,1.64,11,4,1.6,4.2,1.18,9,7,5.17,5.09,54.55,9.93,5.4,2.1,4.76,1.9,4.45,1.4,6.4,1.6,60.0,6,2.2,12,10.6,54.55,6.2,1.73,1.85,2.3,1,0
2025-12-14,E0,14:00,Crystal Palace,Man City,A,A,D England,2025/2026,1.83,60.0,1.64,7,6,1.4,4.2,1.18,9,6,4.09,3.82,54.55,8.38,4.8,2.1,4.29,1.83,4.45,1.6,4.4,2.0,60.0,4,1.2,16,8.6,36.36,4.4,1.75,1.9,2.25,1,0
2025-12-27,E0,12:30,Nott'm Forest,Man City,A,D,R Jones,2025/2026,2.0,80.0,1.64,16,5,1.6,4.8,1.18,5,13,5.71,6.36,54.55,10.01,3.8,2.3,4.3,2.0,4.45,1.4,6.2,2.2,80.0,2,1.8,7,11.0,63.64,4.8,1.66,2.12,2.38,1,0
2026-01-01,E0,20:00,Sunderland,Man City,D,D,J Gillett,2025/2026,1.85,80.0,1.64,14,4,1.4,4.6,1.18,9,6,3.94,3.73,54.55,8.34,5.0,2.3,4.4,1.86,4.45,1.0,3.4,2.2,40.0,4,1.4,10,8.0,45.45,4.4,1.68,2.04,2.3,0,0
2023-08-19,E0,17:30,Tottenham,Man United,H,D,M Oliver,2023/2024,2.08,0.0,1.37,22,6,2.0,6.0,1.58,9,8,7.02,7.21,57.89,11.67,6.0,2.5,4.65,2.13,8.21,0.0,5.0,0.0,0.0,6,2.0,17,11.0,84.21,5.0,1.55,2.0,2.65,0,1
2023-09-03,E0,16:30,Arsenal,Man United,H,D,A Taylor,2023/2024,1.92,50.0,1.37,10,2,2.5,4.5,1.58,8,7,7.57,6.79,57.89,11.22,3.0,2.75,3.65,1.94,8.21,1.33,9.33,0.5,100.0,5,2.33,17,13.83,73.68,8.5,1.53,1.96,2.84,1,1
2023-09-23,E0,20:00,Burnley,Man United,A,A,T Harrington,2023/2024,1.95,33.33,1.37,11,4,1.67,4.67,1.58,6,12,6.64,5.58,57.89,11.1,5.0,2.1,4.46,2.01,8.21,3.0,6.5,0.67,75.0,4,0.75,12,11.17,57.89,8.67,1.75,2.09,2.31,0,1
2023-10-21,E0,20:00,Sheffield United,Man United,A,D,M Oliver,2023/2024,1.91,50.0,1.37,14,5,1.5,4.5,1.58,12,10,5.43,4.11,57.89,10.32,6.6,2.7,4.89,1.94,8.21,3.0,3.4,1.0,80.0,6,0.8,12,7.9,84.21,7.75,1.53,2.03,2.83,1,0
2023-11-04,E0,12:30,Fulham,Man United,A,D,J Brooks,2023/2024,1.94,40.0,1.37,12,5,1.2,4.4,1.58,9,15,6.83,5.89,57.89,11.04,3.2,2.05,4.21,1.96,8.21,1.4,7.4,1.0,40.0,3,0.8,18,11.8,63.16,8.0,1.9,2.07,2.14,0,1
2023-11-26,E0,16:30,Everton,Man United,A,A,J Brooks,2023/2024,1.9,60.0,1.37,9,4,0.8,4.2,1.58,10,8,6.1,5.11,57.89,10.77,6.4,1.96,4.67,1.91,8.21,1.4,4.2,1.6,60.0,6,1.0,24,8.4,36.84,8.2,1.96,1.99,2.03,1,1
2023-12-02,E0,20:00,Newcastle,Man United,H,D,R Jones,2023/2024,1.98,40.0,1.37,8,1,0.4,4.2,1.58,6,13,6.45,5.89,57.89,10.79,5.4,2.08,4.34,2.03,8.21,0.2,4.4,1.4,40.0,4,2.4,22,8.6,68.42,7.2,1.81,1.92,2.34,0,0
2023-12-17,E0,16:30,Liverpool,Man United,D,D,M Oliver,2023/2024,2.0,40.0,1.37,6,1,0.4,3.2,1.58,13,8,8.37,8.58,57.89,12.07,3.8,3.1,3.7,2.13,8.21,0.6,8.2,1.2,60.0,8,2.4,34,11.4,68.42,7.8,1.45,2.04,3.41,0,1
2023-12-23,E0,12:30,West Ham,Man United,H,D,S Hooper,2023/2024,1.93,20.0,1.37,11,3,0.6,3.2,1.58,13,15,5.89,4.68,57.89,10.17,4.0,2.3,4.28,1.96,8.21,0.8,5.0,0.8,40.0,5,1.8,12,8.2,52.63,7.6,1.69,2.09,2.45,0,0
2023-12-30,E0,17:30,Nott'm Forest,Man United,H,D,T Robinson,2023/2024,1.89,40.0,1.37,10,5,1.0,3.4,1.58,9,11,5.61,4.32,57.89,10.09,4.4,2.08,4.48,1.91,8.21,2.0,5.2,0.8,60.0,2,1.2,8,8.6,52.63,6.6,1.79,1.93,2.31,1,0
2024-02-01,E0,20:15,Wolves,Man United,A,A,J Gillett,2023/2024,1.9,40.0,1.37,21,8,1.6,3.4,1.58,10,10,6.12,5.21,57.89,10.43,4.8,2.0,4.31,1.95,8.21,1.2,5.8,1.0,60.0,7,2.0,16,9.2,63.16,6.2,1.92,2.13,2.03,1,0
2024-02-11,E0,16:30,Aston Villa,Man United,A,A,R Jones,2023/2024,2.01,60.0,1.37,17,5,1.6,4.4,1.58,9,7,6.75,6.0,57.89,10.76,4.2,2.5,4.01,2.01,8.21,1.6,7.2,1.4,60.0,10,1.4,23,11.6,78.95,6.8,1.53,2.01,2.74,1,1
2024-02-18,E0,16:30,Luton,Man United,A,A,D Coote,2023/2024,2.05,80.0,1.37,21,9,1.8,5.6,1.58,7,21,7.12,6.63,57.89,11.58,4.0,2.5,4.46,2.06,8.21,1.6,8.2,1.8,80.0,4,1.8,22,13.8,68.42,6.0,1.59,2.02,2.69,1,1
2024-03-03,E0,15:30,Man City,Man United,H,A,A Madley,2023/2024,1.98,100.0,1.37,3,1,2.0,5.2,1.58,5,10,8.42,8.16,57.89,11.94,1.4,3.1,3.52,2.0,8.21,0.6,10.6,2.0,40.0,8,2.0,27,15.8,57.89,8.2,1.38,2.05,3.3,1,1
2024-03-30,E0,20:00,Brentford,Man United,D,D,S Hooper,2023/2024,1.93,80.0,1.37,11,5,1.8,5.0,1.58,7,14,6.31,4.84,57.89,11.05,6.6,2.7,4.74,1.96,8.21,2.4,5.8,2.0,80.0,5,1.6,31,10.8,68.42,10.2,1.46,2.07,2.93,0,1
2024-04-04,E0,20:15,Chelsea,Man United,H,D,J Gillett,2023/2024,1.86,80.0,1.37,19,5,2.0,4.6,1.58,7,15,7.39,6.11,57.89,11.59,3.2,3.0,4.2,1.88,8.21,2.2,8.0,1.8,80.0,10,2.4,28,12.6,63.16,11.8,1.44,1.89,3.07,1,1
2024-04-13,E0,17:30,Bournemouth,Man United,D,H,T Harrington,2023/2024,2.06,80.0,1.37,8,2,2.2,3.4,1.58,13,14,7.97,7.05,57.89,12.21,3.6,3.2,4.24,2.1,8.21,1.6,9.2,1.8,80.0,5,2.2,20,12.6,63.16,11.2,1.41,1.83,3.25,1,0
2024-05-06,E0,20:00,Crystal Palace,Man United,H,H,J Gillett ,2023/2024,1.83,80.0,1.37,7,2,2.8,2.8,1.58,12,8,6.65,5.42,57.89,10.57,4.0,2.5,3.92,1.87,8.21,1.4,5.4,1.4,60.0,10,2.8,18,8.2,63.16,10.8,1.57,1.93,2.66,1,0
2024-05-19,E0,16:00,Brighton,Man United,A,D,C Pawson,2023/2024,1.95,60.0,1.37,11,4,2.2,3.4,1.58,10,9,7.45,7.05,57.89,11.44,5.0,3.5,3.99,2.0,8.21,2.2,6.0,1.6,60.0,3,0.4,17,9.4,57.89,9.2,1.35,1.89,3.6,0,1
2024-08-24,E0,12:30,Brighton,Man United,H,H,C Pawson,2024/2025,2.04,100.0,1.11,11,4,2.0,4.0,1.37,9,13,4.88,4.79,47.37,9.5,4.0,2.5,4.62,2.06,5.79,1.0,4.0,1.0,100.0,5,2.0,14,8.0,68.42,4.0,1.6,1.83,2.62,1,0
2024-09-14,E0,12:30,Southampton,Man United,A,A,S Attwell,2024/2025,1.95,100.0,1.11,20,10,1.0,5.5,1.37,11,14,3.59,3.16,47.37,9.53,8.5,2.5,5.94,1.96,5.79,2.0,2.0,2.0,50.0,4,0.0,6,7.5,68.42,2.0,1.6,2.06,2.56,1,0
2024-09-21,E0,17:30,Crystal Palace,Man United,D,D,D Coote,2024/2025,2.05,66.67,1.11,15,6,0.67,7.33,1.37,7,12,4.63,4.58,47.37,10.15,5.33,2.2,5.52,2.09,5.79,1.33,4.0,1.33,33.33,4,0.67,9,11.33,47.37,2.67,1.71,2.21,2.37,0,1
2024-10-06,E0,14:00,Aston Villa,Man United,D,D,R Jones,2024/2025,1.95,50.0,1.11,10,4,0.5,6.25,1.37,12,11,6.46,7.47,47.37,10.93,2.75,2.75,4.47,1.97,5.79,1.25,5.5,1.0,50.0,1,1.5,11,11.75,57.89,3.5,1.5,1.96,2.88,0,0
2024-10-27,E0,14:00,West Ham,Man United,H,D,D Coote,2024/2025,2.04,60.0,1.11,18,5,0.8,6.0,1.37,6,7,4.89,4.63,47.37,10.01,5.8,2.3,5.12,2.06,5.79,2.0,5.0,1.0,100.0,3,1.6,12,11.0,57.89,4.0,1.69,1.88,2.41,1,1
2024-11-24,E0,16:30,Ipswich,Man United,D,D,A Taylor,2024/2025,2.07,40.0,1.11,11,4,0.6,5.8,1.37,11,10,4.73,4.11,47.37,9.97,4.6,2.2,5.24,2.08,5.79,1.4,6.2,1.0,20.0,6,1.0,11,12.0,52.63,4.0,1.68,1.87,2.43,0,0
2024-12-04,E0,20:15,Arsenal,Man United,H,D,S Barrott,2024/2025,1.89,20.0,1.11,5,2,1.0,4.4,1.37,12,8,7.23,7.42,47.37,11.19,1.0,2.3,3.96,1.92,5.79,1.0,10.4,0.4,80.0,6,2.8,14,14.8,52.63,6.6,1.7,1.86,2.47,0,1
2024-12-15,E0,16:30,Man City,Man United,A,H,A Taylor,2024/2025,1.95,40.0,1.11,10,3,1.2,2.6,1.37,5,14,6.94,7.0,47.37,10.84,2.2,2.75,3.9,1.98,5.79,1.6,9.0,0.8,80.0,3,1.6,10,11.6,73.68,7.4,1.5,1.81,2.93,1,0
2024-12-26,E0,17:30,Wolves,Man United,H,D,T Harrington,2024/2025,1.95,40.0,1.11,11,4,1.6,2.8,1.37,12,12,4.65,3.89,47.37,9.58,5.2,2.1,4.93,2.0,5.79,1.6,3.6,0.8,60.0,4,1.8,7,6.4,57.89,7.0,1.77,2.04,2.23,0,0
2025-01-05,E0,16:30,Liverpool,Man United,D,D,M Oliver,2024/2025,1.78,40.0,1.11,13,4,1.6,3.6,1.37,10,13,6.42,6.53,47.37,11.08,5.4,2.63,4.66,1.85,5.79,1.0,6.8,1.0,60.0,6,2.2,19,10.4,63.16,7.0,1.54,1.91,2.8,1,1
2025-01-26,E0,19:00,Fulham,Man United,A,D,A Taylor,2024/2025,1.9,40.0,1.11,4,1,1.4,3.0,1.37,7,9,5.43,5.32,47.37,9.96,4.0,2.02,4.53,1.92,5.79,1.2,3.8,1.0,40.0,3,1.0,9,6.8,63.16,6.8,1.9,1.85,2.04,0,0
2025-02-16,E0,16:30,Tottenham,Man United,H,H,P Bankes,2024/2025,2.04,40.0,1.11,16,6,1.2,4.0,1.37,13,9,6.75,7.16,47.37,11.85,5.8,2.63,5.1,2.06,5.79,2.4,7.4,1.0,80.0,7,1.6,22,11.4,73.68,6.2,1.57,1.98,2.85,0,1
2025-02-22,E0,12:30,Everton,Man United,D,H,A Madley,2024/2025,2.1,40.0,1.11,9,3,1.4,5.4,1.37,12,9,4.89,4.26,47.37,10.13,6.2,1.67,5.24,2.17,5.79,1.4,5.0,1.0,80.0,8,2.2,9,10.4,47.37,6.0,2.34,2.07,1.74,1,1
2025-03-16,E0,19:00,Leicester,Man United,A,A,T Bramall,2024/2025,1.85,60.0,1.11,18,5,1.0,5.4,1.37,6,6,4.86,4.21,47.37,9.98,4.4,1.95,5.12,1.86,5.79,2.6,4.6,1.6,40.0,3,0.0,11,10.0,47.37,6.4,1.95,2.08,2.01,1,0
2025-04-01,E0,20:00,Nott'm Forest,Man United,H,H,J Gillett,2024/2025,1.9,40.0,1.11,23,6,0.8,5.6,1.37,5,12,4.67,4.26,47.37,10.19,7.4,1.87,5.52,1.9,5.79,0.4,3.0,1.2,40.0,2,2.4,8,8.6,31.58,5.8,2.06,1.89,1.91,0,1
2025-04-13,E0,16:30,Newcastle,Man United,H,D,C Kavanagh,2024/2025,2.06,60.0,1.11,9,5,1.6,6.0,1.37,7,9,6.1,6.21,47.37,11.28,5.2,2.3,5.18,2.07,5.79,2.2,5.8,1.2,100.0,6,2.4,13,11.8,63.16,6.6,1.65,1.88,2.42,1,0
2025-04-27,E0,14:00,Bournemouth,Man United,D,H,P Bankes,2024/2025,2.02,60.0,1.11,25,6,1.6,7.0,1.37,11,12,6.06,6.32,47.37,11.37,6.4,2.1,5.31,2.03,5.79,1.2,5.8,1.4,40.0,1,0.8,8,12.8,31.58,5.6,1.82,1.93,2.28,0,1
2025-05-04,E0,14:00,Brentford,Man United,H,H,A Taylor,2024/2025,2.02,60.0,1.11,14,5,2.0,6.0,1.37,8,10,5.29,5.16,47.37,10.54,5.6,2.5,5.25,2.02,5.79,1.4,4.4,1.6,40.0,6,1.8,12,10.4,63.16,5.6,1.58,1.78,2.62,1,1
2025-05-16,E0,20:15,Chelsea,Man United,H,D,C Kavanagh,2024/2025,1.91,40.0,1.11,4,1,2.2,5.6,1.37,10,14,6.37,6.47,47.37,10.92,4.0,2.5,4.55,1.93,5.79,0.6,7.8,1.0,40.0,3,1.6,11,13.4,57.89,5.8,1.61,2.0,2.63,0,0
2025-08-24,E0,16:30,Fulham,Man United,D,D,C Kavanagh,2025/2026,1.88,0.0,1.64,10,3,1.0,6.0,1.73,12,10,5.85,5.09,81.82,11.11,6.0,2.1,5.26,1.88,5.0,1.0,9.0,1.0,0.0,4,1.0,13,15.0,54.55,9.0,1.81,1.88,2.1,0,1
2025-09-14,E0,16:30,Man City,Man United,H,H,A Taylor,2025/2026,1.85,50.0,1.64,12,2,2.0,5.0,1.73,8,8,6.3,7.36,81.82,10.43,3.0,2.5,4.13,1.95,5.0,1.0,4.5,0.5,50.0,6,1.5,13,9.5,63.64,5.5,1.58,1.68,2.55,1,0
2025-09-27,E0,12:30,Brentford,Man United,H,H,C Pawson,2025/2026,2.0,66.67,1.64,14,6,2.33,4.0,1.73,14,10,4.22,3.82,81.82,9.02,5.67,2.38,4.8,2.0,5.0,1.0,3.67,0.67,66.67,8,2.0,10,7.67,63.64,5.0,1.64,2.12,2.4,1,0
2025-10-19,E0,16:30,Liverpool,Man United,A,A,M Oliver,2025/2026,1.85,75.0,1.64,12,4,2.0,4.0,1.73,8,14,5.63,5.82,81.82,10.25,5.75,2.75,4.62,1.87,5.0,1.25,5.75,1.0,75.0,6,2.0,19,9.75,45.45,6.0,1.5,2.15,2.88,1,1
2025-11-01,E0,15:00,Nott'm Forest,Man United,D,A,D England,2025/2026,2.05,80.0,1.64,18,7,2.0,4.2,1.73,10,7,6.07,6.36,81.82,10.64,4.6,2.2,4.57,2.05,5.0,2.0,6.8,1.2,80.0,3,1.0,17,11.0,63.64,6.4,1.77,1.84,2.2,1,1
2025-11-08,E0,12:30,Tottenham,Man United,D,A,S Barrott,2025/2026,1.88,100.0,1.64,5,2,2.2,3.6,1.73,10,8,5.55,5.82,81.82,10.49,6.2,2.1,4.94,1.88,5.0,1.4,5.4,1.4,40.0,4,0.8,10,9.0,54.55,5.6,1.73,2.1,2.2,1,0
2025-11-30,E0,12:00,Crystal Palace,Man United,A,H,R Jones,2025/2026,1.85,100.0,1.64,14,6,1.8,3.6,1.73,14,14,4.39,3.82,81.82,8.96,5.6,2.1,4.57,22.0,5.0,1.2,4.4,1.8,60.0,3,1.6,14,8.0,36.36,6.0,1.76,1.83,2.15,1,0
2025-12-08,E0,20:00,Wolves,Man United,A,D,M Salisbury,2025/2026,2.0,100.0,1.64,27,10,1.4,5.0,1.73,17,12,3.78,3.18,81.82,8.88,6.6,2.1,5.1,2.0,5.0,2.2,2.4,2.4,40.0,2,0.8,8,7.4,54.55,5.4,1.73,1.84,2.25,1,0
2025-12-21,E0,16:30,Aston Villa,Man United,H,D,M Oliver,2025/2026,2.03,100.0,1.64,15,6,1.6,5.2,1.73,11,14,5.08,5.18,81.82,9.93,5.2,2.2,4.85,2.03,5.0,0.4,5.2,2.2,60.0,4,2.0,12,10.4,63.64,4.6,1.68,1.88,2.43,1,0
2026-01-04,E0,12:30,Leeds,Man United,D,D,J Gillett,2025/2026,1.88,80.0,1.64,15,2,1.4,5.0,1.73,9,9,5.21,5.45,81.82,9.51,3.6,1.8,4.3,1.88,5.0,1.6,5.4,2.0,80.0,3,2.4,11,10.4,63.64,4.2,2.0,1.93,1.87,0,0
2026-01-07,E0,20:15,Burnley,Man United,D,H,S Attwell,2025/2026,1.88,80.0,1.64,30,10,1.4,5.6,1.73,9,8,3.89,3.27,81.82,8.97,4.6,2.0,5.08,1.91,5.0,1.8,4.8,2.0,60.0,1,1.0,7,10.4,27.27,3.6,1.85,1.97,2.05,1,0
2023-08-19,E0,20:00,Man City,Newcastle,H,H,R Jones,2023/2024,1.98,0.0,1.89,7,1,1.0,0.0,2.11,12,11,6.5,8.16,73.68,9.48,0.0,2.05,2.98,2.03,5.63,0.0,3.0,0.0,0.0,4,1.0,14,3.0,57.89,3.0,1.89,2.06,2.2,0,0
2023-09-02,E0,17:30,Brighton,Newcastle,H,H,S Attwell,2023/2024,1.99,50.0,1.89,9,2,2.0,1.5,2.11,14,17,6.62,7.05,73.68,10.5,4.67,2.63,3.88,2.0,5.63,1.67,9.33,0.5,100.0,6,2.67,15,10.83,57.89,4.0,1.57,1.94,2.9,1,0
2023-09-24,E0,16:30,Sheffield United,Newcastle,A,A,S Attwell,2023/2024,1.98,66.67,1.89,22,15,1.33,3.0,2.11,12,8,4.3,4.11,73.68,9.22,7.25,2.05,4.92,2.03,5.63,3.25,3.0,3.0,75.0,1,0.75,9,6.0,84.21,3.33,1.87,1.98,2.2,1,0
2023-10-08,E0,14:00,West Ham,Newcastle,D,H,P Bankes,2023/2024,1.84,75.0,1.89,10,3,1.5,2.75,2.11,11,18,4.78,4.68,73.68,9.38,6.5,2.08,4.6,1.88,5.63,1.5,4.5,2.75,75.0,3,2.0,5,7.25,52.63,3.5,1.84,1.82,2.14,1,0
2023-10-28,E0,17:30,Wolves,Newcastle,D,A,A Taylor,2023/2024,2.06,80.0,1.89,13,5,1.6,3.6,2.11,13,15,5.09,5.21,73.68,9.66,6.0,2.02,4.57,2.11,5.63,2.2,3.8,2.6,80.0,6,1.4,11,7.4,63.16,4.4,1.91,1.93,2.16,1,1
2023-11-11,E0,17:30,Bournemouth,Newcastle,H,D,C Kavanagh,2023/2024,1.96,80.0,1.89,8,5,1.8,4.6,2.11,10,4,6.3,7.05,73.68,11.12,7.0,2.07,4.82,2.02,5.63,1.4,5.2,2.6,60.0,10,1.0,19,9.8,63.16,5.0,1.9,1.98,2.11,0,1
2023-12-07,E0,19:30,Everton,Newcastle,H,D,T Robinson,2023/2024,2.0,80.0,1.89,13,3,1.8,4.4,2.11,18,8,5.22,5.11,73.68,9.85,4.6,1.86,4.63,2.06,5.63,1.2,5.0,2.4,80.0,6,1.6,21,9.4,36.84,5.0,2.04,2.0,1.99,1,0
2023-12-10,E0,16:30,Tottenham,Newcastle,H,H,C Kavanagh,2023/2024,1.95,80.0,1.89,9,3,2.6,4.4,2.11,10,12,6.37,7.21,73.68,10.86,4.8,2.5,4.49,1.98,5.63,1.8,4.8,1.0,80.0,12,1.8,23,9.2,84.21,5.2,1.55,2.12,2.85,1,0
2023-12-23,E0,15:00,Luton,Newcastle,H,H,D England,2023/2024,1.83,60.0,1.89,15,2,2.4,5.4,2.11,11,5,6.07,6.63,73.68,10.83,6.0,2.03,4.76,1.84,5.63,1.6,4.6,0.6,60.0,5,1.6,16,10.0,68.42,5.6,1.91,2.18,2.17,0,1
2024-01-01,E0,20:00,Liverpool,Newcastle,H,D,A Taylor,2023/2024,1.91,60.0,1.89,5,3,2.8,4.6,2.11,16,15,7.31,8.58,73.68,11.29,4.0,3.1,3.98,1.96,5.63,1.2,6.4,0.6,60.0,15,2.4,34,11.0,68.42,5.4,1.41,1.93,3.35,1,0
2024-01-30,E0,20:15,Aston Villa,Newcastle,A,A,J Brooks,2023/2024,2.06,80.0,1.89,14,5,2.6,5.0,2.11,14,12,5.93,6.0,73.68,9.95,2.6,2.35,4.02,2.06,5.63,1.2,6.4,1.2,40.0,6,1.4,12,11.4,78.95,5.8,1.61,2.06,2.63,1,1
2024-02-10,E0,17:30,Nott'm Forest,Newcastle,A,D,A Taylor,2023/2024,1.86,80.0,1.89,7,5,2.4,5.4,2.11,9,6,4.78,4.32,73.68,9.74,6.0,2.25,4.96,1.89,5.63,2.2,4.4,1.8,80.0,3,1.4,13,9.8,52.63,5.6,1.69,1.89,2.45,1,0
2024-02-24,E0,20:00,Arsenal,Newcastle,H,H,P Tierney,2023/2024,1.84,80.0,1.89,3,2,2.4,4.2,2.11,15,6,6.56,6.79,73.68,10.29,3.0,2.7,3.73,1.88,5.63,0.8,7.4,1.8,60.0,8,2.8,18,11.6,73.68,6.8,1.5,1.91,2.96,1,0
2024-03-11,E0,20:00,Chelsea,Newcastle,H,D,J Brooks,2023/2024,1.95,100.0,1.89,11,3,2.8,3.6,2.11,12,7,5.87,6.11,73.68,10.13,3.6,2.7,4.26,2.0,5.63,1.4,5.4,2.2,60.0,8,2.0,12,9.0,63.16,5.6,1.46,1.84,2.93,1,0
2024-04-06,E0,15:00,Fulham,Newcastle,A,D,S Allison,2023/2024,1.83,80.0,1.89,12,5,2.0,3.6,2.11,10,13,5.85,5.89,73.68,10.42,6.4,2.3,4.57,1.87,5.63,0.8,5.0,2.0,80.0,4,2.0,14,8.6,63.16,7.0,1.64,1.79,2.45,0,1
2024-04-24,E0,20:00,Crystal Palace,Newcastle,H,D,T Bramall,2023/2024,1.83,60.0,1.89,7,2,2.2,2.6,2.11,10,15,5.73,5.42,73.68,9.75,4.0,2.2,4.02,1.85,5.63,1.4,6.6,1.4,60.0,7,2.6,20,9.2,63.16,6.8,1.7,2.02,2.43,0,0
2024-05-04,E0,15:00,Burnley,Newcastle,A,A,A Taylor,2023/2024,1.73,60.0,1.89,23,11,2.0,4.0,2.11,8,8,5.7,5.58,73.68,10.23,5.2,2.75,4.53,1.8,5.63,1.8,5.4,1.6,40.0,5,1.0,17,9.4,57.89,6.8,1.45,2.04,3.02,1,1
2024-05-15,E0,20:00,Man United,Newcastle,H,H,R Jones,2023/2024,2.07,60.0,1.89,21,8,1.8,5.8,2.11,16,7,7.08,7.84,73.68,12.34,7.2,3.2,5.26,2.11,5.63,1.6,6.8,1.8,60.0,8,2.0,17,12.6,68.42,6.8,1.4,1.87,3.3,1,1
2024-05-19,E0,16:00,Brentford,Newcastle,A,A,S Hooper,2023/2024,1.95,60.0,1.89,12,7,1.6,5.0,2.11,15,11,5.37,4.84,73.68,9.99,4.2,3.2,4.62,1.98,5.63,1.0,5.6,2.2,20.0,5,1.0,10,10.6,68.42,7.4,1.4,1.98,3.5,1,0
2024-08-25,E0,14:00,Bournemouth,Newcastle,D,H,D Coote,2024/2025,1.98,0.0,1.47,14,5,1.0,9.0,1.42,19,8,6.39,6.32,57.89,12.33,9.0,2.38,5.94,2.0,5.26,1.0,8.0,1.0,0.0,4,1.0,16,17.0,31.58,8.0,1.66,1.98,2.55,0,1
2024-09-15,E0,16:30,Wolves,Newcastle,A,H,C Kavanagh,2024/2025,1.84,50.0,1.47,14,6,1.0,8.0,1.42,17,6,4.5,3.89,57.89,10.2,6.0,2.3,5.7,1.85,5.26,4.0,4.5,1.5,100.0,5,1.5,12,12.5,57.89,6.0,1.68,2.08,2.39,1,1
2024-09-21,E0,15:00,Fulham,Newcastle,H,H,P Bankes,2024/2025,2.08,66.67,1.47,15,4,1.67,5.33,1.42,16,8,5.37,5.32,57.89,10.13,2.33,2.2,4.76,2.14,5.26,1.0,5.33,1.33,66.67,11,2.0,22,10.66,63.16,6.0,1.71,2.09,2.3,1,0
2024-10-05,E0,17:30,Everton,Newcastle,D,D,C Pawson,2024/2025,1.95,50.0,1.47,14,3,1.25,6.5,1.42,12,8,4.46,4.26,57.89,10.03,6.75,2.1,5.57,1.98,5.26,1.75,3.5,1.0,75.0,2,1.0,8,10.0,47.37,4.5,1.73,2.01,2.32,0,0
2024-10-27,E0,14:00,Chelsea,Newcastle,H,D,S Hooper,2024/2025,1.95,60.0,1.47,11,3,1.4,6.0,1.42,13,16,6.05,6.47,57.89,10.75,3.4,2.63,4.7,1.96,5.26,1.4,6.8,1.0,40.0,7,1.6,17,12.8,57.89,5.0,1.53,1.87,2.7,1,1
2024-11-10,E0,14:00,Nott'm Forest,Newcastle,A,H,A Taylor,2024/2025,1.95,80.0,1.47,17,6,1.4,5.2,1.42,13,6,4.76,4.26,57.89,10.17,5.0,1.93,5.41,1.98,5.26,1.0,6.8,1.4,40.0,3,1.2,9,12.0,31.58,4.2,1.98,1.93,2.0,1,0
2024-11-30,E0,15:00,Crystal Palace,Newcastle,D,D,D England,2024/2025,2.03,60.0,1.47,1,0,1.4,5.6,1.42,12,11,4.81,4.58,57.89,10.67,8.8,2.02,5.86,2.06,5.26,0.8,4.8,1.2,0.0,4,0.4,16,10.4,47.37,5.0,1.93,1.96,2.1,0,1
2024-12-07,E0,15:00,Brentford,Newcastle,H,D,T Robinson,2024/2025,2.06,60.0,1.47,16,3,1.6,6.4,1.42,10,7,5.17,5.16,57.89,10.47,4.0,2.38,5.3,2.09,5.26,2.2,5.8,1.4,100.0,8,4.0,11,12.2,63.16,4.4,1.64,2.04,2.53,1,0
2024-12-21,E0,15:00,Ipswich,Newcastle,A,A,S Attwell,2024/2025,1.95,80.0,1.47,15,7,1.6,4.6,1.42,9,7,4.46,4.11,57.89,9.89,6.0,2.38,5.43,1.95,5.26,1.8,4.0,2.2,40.0,2,0.6,10,8.6,52.63,4.8,1.66,1.93,2.45,1,0
2024-12-30,E0,20:00,Man United,Newcastle,A,A,S Hooper,2024/2025,1.88,60.0,1.47,12,4,1.2,4.4,1.42,13,8,5.22,5.58,57.89,9.77,2.8,2.2,4.55,1.9,5.26,1.6,4.6,2.4,80.0,0,1.8,10,9.0,52.63,3.8,1.69,1.91,2.32,0,0
2025-01-04,E0,12:30,Tottenham,Newcastle,A,A,A Madley,2024/2025,2.0,60.0,1.47,14,4,1.2,5.4,1.42,11,15,6.39,7.16,57.89,12.04,8.2,4.0,5.65,2.03,5.26,3.0,6.6,2.2,80.0,4,2.0,13,12.0,73.68,4.8,1.3,1.98,4.14,1,1
2025-01-25,E0,15:00,Southampton,Newcastle,A,A,S Barrott,2024/2025,1.88,80.0,1.47,17,9,1.2,5.2,1.42,10,5,3.71,3.16,57.89,9.42,4.8,2.75,5.71,1.91,5.26,3.8,2.8,2.6,80.0,5,0.4,12,8.0,68.42,3.8,1.52,1.99,2.81,1,1
2025-02-15,E0,15:00,Man City,Newcastle,H,H,A Madley,2024/2025,1.91,80.0,1.47,3,1,1.2,5.2,1.42,5,13,6.27,7.0,57.89,10.7,3.2,3.2,4.43,1.95,5.26,1.0,6.4,2.2,80.0,7,2.6,11,11.6,73.68,4.6,1.42,2.09,3.37,1,1
2025-02-26,E0,20:15,Liverpool,Newcastle,H,H,C Kavanagh,2024/2025,2.05,60.0,1.47,3,0,1.6,5.4,1.42,12,11,6.03,6.53,57.89,10.88,3.8,3.0,4.85,2.13,5.26,1.0,6.2,1.4,80.0,3,2.6,12,11.6,63.16,5.0,1.47,1.9,3.16,0,0
2025-03-10,E0,20:00,West Ham,Newcastle,A,D,M Salisbury,2024/2025,1.95,60.0,1.47,9,3,1.6,5.6,1.42,7,15,4.72,4.63,57.89,9.72,3.2,1.99,5.0,1.95,5.26,1.2,3.4,1.2,20.0,2,1.0,9,9.0,57.89,5.2,1.99,1.93,2.01,0,0
2025-04-07,E0,20:00,Leicester,Newcastle,A,A,R Jones,2024/2025,2.07,60.0,1.47,16,5,1.4,4.0,1.42,8,9,4.83,4.21,57.89,9.96,4.2,2.2,5.13,2.08,5.26,2.8,6.2,1.4,60.0,2,0.0,7,10.2,47.37,5.8,1.73,2.04,2.32,1,1
2025-04-19,E0,17:30,Aston Villa,Newcastle,H,D,J Gillett,2024/2025,1.83,60.0,1.47,10,3,2.0,3.8,1.42,9,12,6.78,7.47,57.89,11.36,4.6,2.3,4.58,1.84,5.26,1.2,7.0,1.0,80.0,9,2.2,23,10.8,57.89,6.6,1.65,2.0,2.45,1,1
2025-05-04,E0,14:00,Brighton,Newcastle,D,H,C Pawson,2024/2025,2.03,40.0,1.47,13,5,1.4,3.8,1.42,15,10,4.87,4.79,57.89,9.6,3.6,2.38,4.73,2.05,5.26,1.8,3.8,1.2,80.0,2,1.6,5,7.6,68.42,5.4,1.61,1.98,2.55,0,0
2025-05-18,E0,16:30,Arsenal,Newcastle,H,D,S Hooper,2024/2025,1.89,40.0,1.47,14,5,1.2,4.8,1.42,9,9,6.72,7.42,57.89,11.29,5.0,2.1,4.57,1.91,5.26,1.2,6.6,1.2,60.0,4,1.4,12,11.4,52.63,6.6,1.76,1.97,2.23,0,1
2025-08-16,E0,12:30,Aston Villa,Newcastle,D,D,C Pawson,2025/2026,1.85,0.0,0.91,16,3,0.0,6.0,1.09,13,11,4.68,5.18,45.45,10.08,6.0,2.03,5.4,1.87,4.91,0.0,3.0,0.0,0.0,3,0.0,3,9.0,63.64,3.0,1.83,1.89,2.18,0,0
2025-08-30,E0,17:30,Leeds,Newcastle,D,D,P Bankes,2025/2026,1.83,0.0,0.91,8,2,0.0,5.5,1.09,10,15,5.23,5.45,45.45,9.97,3.5,1.73,4.74,1.83,4.91,0.0,6.0,0.0,0.0,1,0.5,10,11.5,63.64,4.0,2.1,2.33,1.8,0,0
2025-09-21,E0,14:00,Bournemouth,Newcastle,D,D,R Jones,2025/2026,2.05,0.0,0.91,4,1,0.0,4.33,1.09,7,10,5.08,5.18,45.45,9.7,3.0,1.98,4.62,2.05,4.91,0.33,5.67,0.0,33.33,2,1.0,11,10.0,45.45,4.33,1.94,1.78,1.98,0,0
2025-10-18,E0,15:00,Brighton,Newcastle,H,H,C Pawson,2025/2026,1.88,25.0,0.91,16,3,0.5,4.25,1.09,9,9,5.23,5.55,45.45,10.4,4.75,2.1,5.17,1.91,4.91,1.25,4.25,0.25,75.0,5,1.75,13,8.5,54.55,5.25,1.82,2.19,2.1,1,1
2025-11-02,E0,14:00,West Ham,Newcastle,H,H,R Jones,2025/2026,1.8,40.0,0.91,12,4,1.0,4.6,1.09,5,10,5.64,5.91,45.45,11.42,8.4,2.1,5.78,1.8,4.91,2.6,6.0,0.4,80.0,9,1.0,15,10.6,72.73,5.6,1.74,2.14,2.2,1,1
2025-11-09,E0,14:00,Brentford,Newcastle,H,A,S Attwell,2025/2026,1.8,60.0,0.91,5,1,1.6,3.8,1.09,10,13,4.41,3.82,45.45,9.34,3.2,2.03,4.93,1.83,4.91,1.4,4.6,0.6,80.0,7,2.2,15,8.4,63.64,6.2,1.83,1.81,2.04,1,0
2025-11-29,E0,17:30,Everton,Newcastle,A,A,C Pawson,2025/2026,1.88,80.0,0.91,13,8,1.8,4.2,1.09,4,6,5.24,5.0,45.45,10.42,5.8,1.98,5.18,22.0,4.91,1.8,5.8,1.4,60.0,2,1.2,10,10.0,45.45,6.8,1.95,1.95,1.98,1,1
2025-12-14,E0,14:00,Sunderland,Newcastle,H,D,P Bankes,2025/2026,1.93,80.0,0.91,6,2,2.0,5.0,1.09,10,10,4.28,3.73,45.45,9.15,2.8,1.91,4.87,1.93,4.91,1.0,3.6,1.4,40.0,1,1.8,5,8.6,45.45,6.4,1.95,1.88,1.93,0,0
2025-12-26,E0,20:00,Man United,Newcastle,H,H,A Taylor,2025/2026,1.95,60.0,0.91,16,3,1.8,6.4,1.09,9,5,4.65,4.45,45.45,10.01,5.6,2.38,5.36,1.95,4.91,1.6,4.6,1.2,40.0,4,2.0,10,11.0,36.36,5.2,1.62,2.05,2.45,0,1
2025-12-30,E0,19:30,Burnley,Newcastle,A,A,R Jones,2025/2026,2.03,60.0,0.91,20,9,1.4,6.0,1.09,9,3,3.93,3.27,45.45,9.5,5.2,2.0,5.57,2.03,4.91,1.8,4.6,1.6,40.0,4,0.6,15,10.6,27.27,4.4,1.83,2.01,2.06,1,0
2023-08-12,E0,12:30,Arsenal,Nott'm Forest,H,H,M Oliver,2023/2024,2.02,100.0,1.16,6,2,2.0,3.0,1.95,12,12,7.12,6.79,57.89,10.3,3.0,2.63,3.18,2.06,7.16,1.0,8.0,1.0,100.0,7,2.0,15,11.0,73.68,8.0,1.52,1.97,2.79,1,1
2023-08-26,E0,15:00,Man United,Nott'm Forest,H,A,S Attwell,2023/2024,2.01,100.0,1.16,9,4,2.5,3.0,1.95,13,11,8.0,7.84,57.89,12.33,5.0,2.38,4.33,2.04,7.16,1.0,9.5,1.5,50.0,9,2.0,18,12.5,68.42,9.5,1.68,1.88,2.55,1,1
2023-09-02,E0,15:00,Chelsea,Nott'm Forest,A,D,T Robinson,2023/2024,2.07,66.67,1.16,7,3,1.67,2.0,1.95,10,9,6.65,6.11,57.89,10.22,2.67,2.1,3.57,2.09,7.16,0.67,6.0,1.33,33.33,2,1.33,21,8.0,63.16,9.0,1.8,2.0,2.28,0,0
2023-09-23,E0,15:00,Man City,Nott'm Forest,H,H,A Taylor,2023/2024,1.88,50.0,1.16,10,3,1.75,3.0,1.95,5,17,7.54,8.16,57.89,10.75,3.67,2.63,3.21,1.95,7.16,0.33,4.33,1.0,33.33,4,2.67,7,7.33,57.89,8.25,1.55,2.01,2.83,0,1
2023-10-07,E0,17:30,Crystal Palace,Nott'm Forest,D,D,C Pawson,2023/2024,1.99,40.0,1.16,16,5,1.4,3.8,1.95,7,12,5.77,5.42,57.89,9.55,4.75,1.57,3.78,2.01,7.16,0.75,2.75,0.8,25.0,2,0.75,8,6.55,63.16,7.2,2.51,1.94,1.68,0,0
2023-10-29,E0,14:00,Liverpool,Nott'm Forest,H,H,C Kavanagh,2023/2024,1.96,40.0,1.16,9,1,1.6,3.8,1.95,9,13,8.11,8.58,57.89,11.5,3.2,2.7,3.39,1.96,7.16,0.4,8.8,0.6,80.0,8,2.8,21,12.6,68.42,7.2,1.5,2.08,2.93,1,1
2023-11-12,E0,14:00,West Ham,Nott'm Forest,H,D,M Salisbury,2023/2024,2.01,40.0,1.16,10,5,1.6,4.0,1.95,9,12,5.6,4.68,57.89,9.72,4.8,1.95,4.12,2.04,7.16,1.6,5.6,0.6,60.0,6,1.6,16,9.6,52.63,6.8,1.99,1.84,2.0,1,1
2023-12-06,E0,19:30,Fulham,Nott'm Forest,H,H,J Smith,2023/2024,1.85,60.0,1.16,4,1,2.6,4.2,1.95,7,10,6.43,5.89,57.89,10.22,2.4,1.7,3.79,1.87,7.16,1.2,7.6,0.4,60.0,6,2.2,14,11.8,63.16,6.4,2.23,1.86,1.82,1,0
2023-12-09,E0,15:00,Wolves,Nott'm Forest,D,D,S Barrott,2023/2024,2.01,60.0,1.16,8,2,2.4,3.6,1.95,9,11,5.88,5.21,57.89,10.03,6.2,1.53,4.15,2.06,7.16,1.0,6.2,0.6,40.0,4,1.4,10,9.8,63.16,6.0,2.53,1.93,1.71,0,0
2023-12-26,E0,12:30,Newcastle,Nott'm Forest,A,D,C Kavanagh,2023/2024,2.02,80.0,1.16,15,6,2.6,2.6,1.95,10,11,6.29,5.89,57.89,10.0,3.8,2.25,3.71,2.06,7.16,0.8,5.2,1.2,60.0,7,2.0,19,7.8,68.42,7.4,1.78,2.02,2.45,1,1
2024-01-20,E0,17:30,Brentford,Nott'm Forest,H,D,D England,2023/2024,2.01,80.0,1.16,12,3,2.6,2.8,1.95,10,14,5.73,4.84,57.89,9.89,6.2,1.95,4.16,2.06,7.16,2.0,5.8,1.6,80.0,5,1.6,11,8.6,68.42,7.0,1.98,1.92,2.03,1,0
2024-02-04,E0,14:00,Bournemouth,Nott'm Forest,D,D,R Welch,2023/2024,2.01,60.0,1.16,8,6,2.2,3.2,1.95,19,12,7.17,7.05,57.89,11.27,5.6,2.35,4.1,2.01,7.16,1.4,7.6,1.4,60.0,2,1.6,9,10.8,63.16,7.4,1.67,2.1,2.5,0,1
2024-02-24,E0,15:00,Aston Villa,Nott'm Forest,H,H,S Barrott,2023/2024,1.95,60.0,1.16,10,3,2.0,3.4,1.95,7,16,6.65,6.0,57.89,10.22,4.0,2.5,3.57,2.0,7.16,2.0,8.0,1.8,80.0,6,2.0,16,11.4,78.95,7.6,1.56,1.92,2.69,1,0
2024-03-10,E0,14:00,Brighton,Nott'm Forest,H,H,M Salisbury,2023/2024,1.87,60.0,1.16,9,4,2.0,3.4,1.95,14,14,7.17,7.05,57.89,10.66,3.2,2.35,3.49,1.91,7.16,0.8,7.0,1.6,40.0,3,2.0,10,10.4,57.89,8.0,1.61,2.13,2.51,0,0
2024-03-16,E0,15:00,Luton,Nott'm Forest,D,A,D England,2023/2024,2.09,40.0,1.16,16,6,2.0,4.4,1.95,10,17,7.0,6.63,57.89,11.11,4.8,2.1,4.11,2.17,7.16,1.8,8.4,1.2,80.0,4,1.8,10,12.8,68.42,7.2,1.78,1.96,2.34,0,1
2024-04-07,E0,18:00,Tottenham,Nott'm Forest,H,D,S Hooper,2023/2024,2.03,40.0,1.16,13,6,2.0,4.0,1.95,11,12,7.5,7.21,57.89,11.41,3.8,3.0,3.91,2.09,7.16,1.2,9.0,1.0,100.0,7,2.2,17,13.0,84.21,8.4,1.43,2.04,3.25,1,1
2024-04-21,E0,13:30,Everton,Nott'm Forest,H,H,A Taylor,2023/2024,2.05,40.0,1.16,8,3,2.2,3.6,1.95,15,9,5.84,5.11,57.89,9.99,5.0,1.73,4.15,2.15,7.16,1.2,5.0,0.8,40.0,4,1.4,7,8.6,36.84,7.4,2.18,1.93,1.82,0,0
2024-05-04,E0,15:00,Sheffield United,Nott'm Forest,A,D,C Kavanagh,2023/2024,1.89,40.0,1.16,15,4,1.6,3.8,1.95,9,7,5.25,4.11,57.89,9.75,6.6,2.38,4.5,1.91,7.16,3.6,5.0,1.0,100.0,5,1.4,17,8.8,84.21,7.0,1.61,1.85,2.5,1,0
2024-05-19,E0,16:00,Burnley,Nott'm Forest,A,A,G Scott,2023/2024,2.04,60.0,1.16,12,6,1.6,3.8,1.95,11,5,6.0,5.58,57.89,10.09,5.4,2.5,4.09,2.08,7.16,1.8,4.8,1.4,60.0,3,1.2,20,8.6,57.89,6.6,1.6,2.08,2.6,1,0
2024-08-24,E0,15:00,Southampton,Nott'm Forest,A,D,S Barrott,2024/2025,2.07,0.0,1.68,23,8,0.0,10.0,1.58,14,14,4.21,3.16,68.42,10.31,10.0,2.0,6.1,2.09,6.68,1.0,4.0,1.0,0.0,1,0.0,5,14.0,68.42,4.0,1.97,1.88,2.18,0,1
2024-09-14,E0,15:00,Liverpool,Nott'm Forest,A,D,M Oliver,2024/2025,1.83,0.0,1.68,5,3,0.0,6.0,1.58,15,6,6.61,6.53,68.42,10.84,3.0,3.0,4.23,1.87,6.68,0.5,8.0,1.0,0.0,5,1.0,14,14.0,63.16,5.5,1.44,2.07,3.06,0,0
2024-09-22,E0,14:00,Brighton,Nott'm Forest,D,H,R Jones,2024/2025,1.86,33.33,1.68,4,3,0.67,4.33,1.58,12,11,5.7,4.79,68.42,9.75,2.33,2.0,4.05,1.91,6.68,1.0,7.33,1.33,66.67,3,1.33,14,11.66,68.42,6.67,1.99,1.83,2.12,1,0
2024-10-06,E0,14:00,Chelsea,Nott'm Forest,D,D,C Kavanagh,2024/2025,1.85,25.0,1.68,16,9,0.75,4.0,1.58,12,11,6.68,6.47,68.42,10.56,3.25,2.38,3.88,1.88,6.68,1.5,6.75,1.25,25.0,8,1.5,22,10.75,57.89,7.75,1.63,1.81,2.49,0,1
2024-10-25,E0,20:00,Leicester,Nott'm Forest,A,D,C Pawson,2024/2025,2.07,40.0,1.68,20,5,0.8,4.6,1.58,16,9,5.03,4.21,68.42,9.88,6.8,1.89,4.85,2.09,6.68,1.4,3.0,1.6,40.0,1,1.0,11,7.6,47.37,7.4,2.04,2.12,1.91,1,1
2024-11-23,E0,15:00,Arsenal,Nott'm Forest,H,H,S Hooper,2024/2025,2.03,60.0,1.68,7,0,1.4,2.8,1.58,10,1,7.41,7.42,68.42,10.92,2.4,2.03,3.51,2.07,6.68,1.2,8.4,1.4,80.0,7,2.6,19,11.2,52.63,8.2,1.9,1.96,2.1,1,0
2024-12-04,E0,19:30,Man City,Nott'm Forest,H,H,M Oliver,2024/2025,1.85,80.0,1.68,12,3,2.0,2.8,1.58,7,15,7.26,7.0,68.42,10.75,2.2,2.75,3.49,1.87,6.68,1.6,9.0,1.2,80.0,7,1.8,17,11.8,73.68,8.4,1.51,2.05,2.88,1,0
2024-12-07,E0,17:30,Man United,Nott'm Forest,A,D,D England,2024/2025,2.05,80.0,1.68,11,3,2.0,3.2,1.58,10,13,5.92,5.58,68.42,9.86,4.0,2.1,3.94,2.08,6.68,1.0,4.2,1.4,80.0,7,2.4,17,7.4,52.63,7.6,1.88,2.04,2.17,1,0
2024-12-21,E0,15:00,Brentford,Nott'm Forest,A,A,M Oliver,2024/2025,1.85,80.0,1.68,10,6,1.8,3.6,1.58,9,14,5.79,5.16,68.42,10.25,4.4,2.38,4.46,1.88,6.68,2.0,5.6,1.6,80.0,3,3.0,7,9.2,63.16,7.2,1.64,2.06,2.46,0,1
2024-12-29,E0,15:00,Everton,Nott'm Forest,A,A,T Harrington,2024/2025,2.02,60.0,1.68,11,7,1.6,3.0,1.58,13,10,5.19,4.26,68.42,9.51,3.8,1.62,4.32,2.05,6.68,0.6,4.8,1.4,20.0,2,1.0,13,7.8,47.37,7.0,2.45,2.07,1.66,0,0
2025-01-06,E0,20:00,Wolves,Nott'm Forest,A,A,P Bankes,2024/2025,1.99,60.0,1.68,11,3,1.0,3.4,1.58,10,8,4.85,3.89,68.42,9.35,4.6,2.03,4.5,2.02,6.68,1.8,4.0,2.0,60.0,6,1.4,13,7.4,57.89,6.4,2.1,2.02,2.1,1,0
2025-01-25,E0,15:00,Bournemouth,Nott'm Forest,H,H,C Pawson,2024/2025,2.08,60.0,1.68,18,4,1.4,4.8,1.58,9,12,6.37,6.32,68.42,10.97,5.8,2.1,4.6,2.09,6.68,0.2,6.8,2.0,20.0,10,1.6,16,11.6,31.58,5.4,1.87,1.94,2.25,1,1
2025-02-15,E0,15:00,Fulham,Nott'm Forest,H,D,T Bramall,2024/2025,1.98,60.0,1.68,8,2,1.4,5.0,1.58,13,8,5.74,5.32,68.42,9.99,3.6,1.92,4.25,2.02,6.68,1.2,5.4,1.6,60.0,10,1.2,24,10.4,63.16,6.0,2.04,2.1,1.94,1,1
2025-02-23,E0,14:00,Newcastle,Nott'm Forest,H,H,J Gillett,2024/2025,1.84,80.0,1.68,17,5,2.2,5.2,1.58,11,13,6.27,6.21,68.42,10.96,5.4,2.38,4.69,1.87,6.68,1.8,6.2,1.8,100.0,5,2.4,13,11.4,63.16,5.6,1.62,2.0,2.53,1,1
2025-03-15,E0,15:00,Ipswich,Nott'm Forest,A,A,M Salisbury,2024/2025,2.02,100.0,1.68,11,6,2.6,5.0,1.58,4,13,4.83,4.11,68.42,9.59,5.0,1.95,4.76,2.04,6.68,3.6,3.2,2.2,80.0,4,0.8,11,8.2,52.63,5.8,1.99,2.01,2.01,1,0
2025-04-05,E0,17:30,Aston Villa,Nott'm Forest,H,H,S Hooper,2024/2025,1.88,100.0,1.68,19,3,3.0,5.2,1.58,7,15,6.98,7.47,68.42,11.01,3.8,1.95,4.03,1.9,6.68,1.2,6.4,1.8,60.0,8,1.6,17,11.6,57.89,5.6,1.99,2.08,2.01,1,0
2025-04-21,E0,20:00,Tottenham,Nott'm Forest,A,A,P Bankes,2024/2025,2.03,100.0,1.68,4,3,2.2,3.6,1.58,11,12,6.89,7.16,68.42,11.25,3.2,2.2,4.36,2.03,6.68,1.2,6.4,2.2,60.0,6,1.4,22,10.0,73.68,6.4,1.7,1.85,2.31,1,0
2025-05-05,E0,20:00,Crystal Palace,Nott'm Forest,D,D,A Madley,2024/2025,1.85,80.0,1.68,12,4,2.0,3.6,1.58,9,15,5.25,4.58,68.42,9.91,4.8,1.89,4.66,1.91,6.68,0.6,4.4,2.2,40.0,3,1.6,20,8.0,47.37,6.2,2.05,2.03,1.92,0,1
2025-05-18,E0,14:15,West Ham,Nott'm Forest,A,A,S Barrott,2024/2025,1.88,80.0,1.68,10,5,1.4,3.8,1.58,14,7,5.22,4.63,68.42,9.63,5.2,1.88,4.41,1.88,6.68,1.4,3.6,2.0,40.0,5,1.0,16,7.4,57.89,6.4,2.03,2.11,1.9,1,1
2025-08-24,E0,14:00,Crystal Palace,Nott'm Forest,D,H,A Taylor,2025/2026,1.83,0.0,0.82,9,1,1.0,3.0,1.55,11,11,3.55,3.82,45.45,7.64,3.0,1.73,4.09,1.83,5.0,1.0,1.0,1.0,0.0,4,1.0,8,4.0,36.36,1.0,2.1,1.84,1.83,0,0
2025-09-13,E0,12:30,Arsenal,Nott'm Forest,H,H,D England,2025/2026,2.03,50.0,0.82,5,1,2.0,3.5,1.55,8,11,5.3,5.64,45.45,9.04,3.0,2.2,3.74,2.03,5.0,0.0,5.0,0.5,100.0,5,4.0,16,8.5,54.55,4.5,1.7,2.05,2.3,1,1
2025-09-20,E0,15:00,Burnley,Nott'm Forest,D,D,T Bramall,2025/2026,1.88,33.33,0.82,17,8,1.67,4.0,1.55,12,11,3.78,3.27,45.45,8.78,7.0,1.73,5.0,1.88,5.0,0.67,3.0,0.67,0.0,5,1.0,12,7.0,27.27,4.33,2.1,1.94,1.8,0,0
2025-10-05,E0,14:00,Newcastle,Nott'm Forest,H,D,P Bankes,2025/2026,1.85,25.0,0.82,5,4,1.75,3.25,1.55,16,15,6.73,7.55,45.45,11.34,4.5,2.3,4.61,1.9,5.0,1.25,8.0,0.5,50.0,9,1.5,18,11.25,72.73,5.25,1.66,1.96,2.3,0,0
2025-10-26,E0,14:00,Bournemouth,Nott'm Forest,H,H,S Barrott,2025/2026,1.83,20.0,0.82,8,4,1.8,3.4,1.55,17,7,5.18,5.18,45.45,9.18,3.2,2.0,4.0,1.83,5.0,0.4,5.4,0.4,40.0,5,1.6,13,8.8,45.45,5.4,1.85,1.89,2.0,0,0
2025-11-22,E0,15:00,Liverpool,Nott'm Forest,A,A,A Madley,2025/2026,1.9,40.0,0.82,15,7,1.6,4.0,1.55,11,8,5.65,5.82,45.45,10.06,5.2,2.38,4.41,1.96,5.0,1.2,5.2,0.8,60.0,4,1.2,21,9.2,45.45,6.8,1.62,1.85,2.48,1,1
2025-12-03,E0,19:30,Wolves,Nott'm Forest,A,D,T Robinson,2025/2026,1.95,20.0,0.82,10,3,1.0,5.0,1.55,19,11,3.88,3.18,45.45,8.65,4.8,1.73,4.77,1.95,5.0,2.0,3.0,1.0,40.0,1,0.8,5,8.0,54.55,5.8,2.2,2.09,1.73,0,1
2025-12-06,E0,15:00,Everton,Nott'm Forest,H,H,C Kavanagh,2025/2026,1.98,40.0,0.82,7,3,1.4,4.6,1.55,17,15,5.26,5.0,45.45,9.89,5.4,1.73,4.63,2.0,5.0,1.6,6.4,0.8,80.0,5,1.6,11,11.0,45.45,6.2,2.18,2.12,1.75,1,0
2025-12-22,E0,20:00,Fulham,Nott'm Forest,H,H,A Taylor,2025/2026,1.78,40.0,0.82,12,2,1.2,5.4,1.55,5,9,5.15,5.09,45.45,9.91,3.2,1.91,4.76,1.78,5.0,1.4,6.2,0.8,60.0,1,2.0,11,11.6,54.55,4.8,1.91,2.03,1.96,0,0
2026-01-03,E0,12:30,Aston Villa,Nott'm Forest,H,H,S Hooper,2025/2026,1.88,60.0,0.82,10,5,1.4,5.4,1.55,10,20,5.04,5.18,45.45,9.71,4.8,1.98,4.67,1.88,5.0,0.6,5.0,1.0,80.0,4,2.4,11,10.4,63.64,4.4,1.91,1.95,2.0,1,0
2026-01-06,E0,20:00,West Ham,Nott'm Forest,A,H,T Harrington,2025/2026,1.98,60.0,0.82,13,5,1.6,5.2,1.55,15,9,5.46,5.91,45.45,10.28,3.8,2.0,4.82,1.98,5.0,2.0,5.6,0.8,60.0,3,1.0,14,10.8,72.73,4.0,1.91,2.09,2.0,1,1
2023-08-18,E0,19:45,Nott'm Forest,Sheffield United,H,H,P Bankes,2023/2024,1.95,100.0,0.84,7,3,2.0,7.0,2.47,5,9,5.6,4.32,57.89,10.33,7.0,1.67,4.73,1.96,8.11,1.0,6.0,1.0,100.0,4,2.0,16,13.0,52.63,6.0,2.31,1.98,1.75,1,1
2023-09-16,E0,15:00,Tottenham,Sheffield United,H,D,P Bankes,2023/2024,1.87,100.0,0.84,7,5,2.0,4.5,2.47,13,14,8.04,7.21,57.89,11.97,4.0,3.0,3.93,1.94,8.11,0.5,10.0,1.0,50.0,10,2.0,28,14.5,84.21,10.5,1.45,1.91,3.19,1,1
2023-09-30,E0,15:00,West Ham,Sheffield United,H,H,G Scott,2023/2024,1.91,66.67,0.84,16,2,2.0,4.33,2.47,6,9,6.0,4.68,57.89,10.42,8.0,2.1,4.42,1.94,8.11,1.33,4.67,0.67,66.67,9,2.0,20,9.0,52.63,9.33,1.82,1.87,2.42,0,1
2023-10-07,E0,15:00,Fulham,Sheffield United,H,D,S Barrott,2023/2024,1.73,75.0,0.84,5,2,2.25,4.25,2.47,8,10,6.89,5.89,57.89,10.69,3.0,2.08,3.8,1.82,8.11,1.5,7.0,0.75,50.0,6,1.0,20,11.25,63.16,9.25,1.87,2.08,2.16,1,1
2023-10-28,E0,15:00,Arsenal,Sheffield United,H,H,T Robinson,2023/2024,1.78,80.0,0.84,2,0,2.8,3.6,2.47,9,13,7.46,6.79,57.89,10.64,3.0,3.1,3.18,1.89,8.11,1.0,8.4,0.6,80.0,8,2.6,13,12.0,73.68,8.6,1.4,2.07,3.3,1,0
2023-11-12,E0,14:00,Brighton,Sheffield United,D,H,J Brooks,2023/2024,2.02,60.0,0.84,9,1,2.6,2.8,2.47,13,16,7.37,7.05,57.89,10.7,2.8,2.5,3.33,2.09,8.11,1.2,6.0,0.6,60.0,6,2.0,11,8.8,57.89,8.6,1.56,1.91,2.89,0,0
2023-12-02,E0,15:00,Burnley,Sheffield United,H,H,C Kavanagh,2023/2024,1.78,60.0,0.84,6,3,3.2,2.6,2.47,9,12,6.54,5.58,57.89,10.22,3.0,1.73,3.68,1.87,8.11,1.8,7.6,0.4,60.0,7,1.4,19,10.2,57.89,6.8,2.16,1.95,1.85,1,0
2023-12-16,E0,15:00,Chelsea,Sheffield United,H,D,A Madley,2023/2024,2.0,60.0,0.84,6,1,3.2,3.0,2.47,9,14,6.61,6.11,57.89,10.46,5.0,2.88,3.85,2.03,8.11,2.0,5.4,0.4,60.0,6,2.2,15,8.4,63.16,6.8,1.43,2.05,3.22,0,1
2023-12-22,E0,20:00,Aston Villa,Sheffield United,D,D,A Taylor,2023/2024,2.02,40.0,0.84,5,2,2.8,2.4,2.47,11,16,6.53,6.0,57.89,9.74,2.0,2.88,3.21,2.02,8.11,0.6,5.2,0.4,40.0,4,1.8,12,7.6,78.95,6.8,1.45,1.87,3.19,0,0
2023-12-30,E0,15:00,Man City,Sheffield United,H,H,D Coote,2023/2024,1.89,20.0,0.84,4,2,2.2,2.6,2.47,5,6,8.3,8.16,57.89,11.41,3.6,3.5,3.11,1.95,8.11,1.4,9.8,0.4,60.0,4,2.8,18,12.4,57.89,8.0,1.36,1.87,3.66,0,1
2024-01-30,E0,20:00,Crystal Palace,Sheffield United,H,D,T Harrington,2023/2024,2.08,40.0,0.84,9,5,2.6,2.2,2.47,8,18,6.51,5.42,57.89,10.0,4.0,1.83,3.49,2.11,8.11,1.6,6.0,0.6,60.0,4,1.6,12,8.2,63.16,9.0,2.11,1.84,1.92,1,1
2024-02-10,E0,15:00,Luton,Sheffield United,A,A,C Kavanagh,2023/2024,1.9,40.0,0.84,7,3,1.8,2.2,2.47,7,12,7.49,6.63,57.89,11.18,3.4,2.0,3.69,1.92,8.11,1.6,7.8,1.2,80.0,5,1.8,20,10.0,68.42,10.4,1.85,1.99,2.12,1,1
2024-02-25,E0,13:30,Wolves,Sheffield United,H,H,D Bond,2023/2024,1.86,40.0,0.84,12,4,1.6,2.2,2.47,8,4,6.51,5.21,57.89,10.31,4.6,2.08,3.8,1.91,8.11,1.4,6.2,1.2,60.0,2,1.8,13,8.4,63.16,10.0,1.81,2.13,2.2,0,1
2024-03-09,E0,15:00,Bournemouth,Sheffield United,D,A,A Taylor,2023/2024,1.92,60.0,0.84,13,9,1.8,2.6,2.47,12,11,7.68,7.05,57.89,11.65,5.4,2.88,3.97,1.96,8.11,1.6,7.6,1.4,60.0,12,1.2,32,10.2,63.16,10.2,1.5,1.98,2.96,1,1
2024-04-04,E0,19:30,Liverpool,Sheffield United,H,H,S Attwell,2023/2024,2.04,80.0,0.84,8,3,2.0,2.4,2.47,6,9,8.79,8.58,57.89,11.98,3.2,5.0,3.19,2.06,8.11,1.0,10.0,1.6,80.0,9,2.6,29,12.4,68.42,10.4,1.19,1.94,5.9,1,1
2024-04-13,E0,15:00,Brentford,Sheffield United,H,D,S Barrott,2023/2024,1.98,60.0,0.84,8,2,1.8,3.4,2.47,8,11,5.95,4.84,57.89,10.04,5.4,2.63,4.09,2.02,8.11,1.4,3.8,1.2,40.0,5,1.2,9,7.2,68.42,8.8,1.53,1.88,2.75,0,0
2024-04-24,E0,20:00,Man United,Sheffield United,H,D,M Salisbury,2023/2024,2.03,60.0,0.84,10,4,2.4,4.0,2.47,7,9,7.84,7.84,57.89,12.51,8.0,3.4,4.67,2.08,8.11,1.2,7.0,1.0,80.0,13,2.4,25,11.0,68.42,8.0,1.37,2.06,3.77,1,1
2024-04-27,E0,15:00,Newcastle,Sheffield United,H,D,T Harrington,2023/2024,1.86,80.0,0.84,15,5,3.2,3.8,2.47,9,10,6.71,5.89,57.89,10.5,4.0,3.75,3.79,1.88,8.11,1.0,6.6,1.2,80.0,7,3.4,20,10.4,68.42,7.8,1.33,1.92,3.87,1,0
2024-05-11,E0,15:00,Everton,Sheffield United,H,H,S Attwell,2023/2024,2.01,60.0,0.84,13,1,3.0,4.4,2.47,6,11,5.92,5.11,57.89,10.28,6.8,2.5,4.36,2.04,8.11,0.0,4.4,0.8,0.0,6,1.4,15,8.8,36.84,6.4,1.55,1.98,2.63,0,0
2024-08-17,E0,15:00,Newcastle,Southampton,H,H,C Pawson,2024/2025,1.95,0.0,0.68,19,4,1.0,12.0,2.05,15,16,5.44,6.21,52.63,11.84,12.0,2.75,6.4,1.98,5.68,0.0,3.0,0.0,0.0,1,1.0,3,15.0,63.16,3.0,1.46,2.06,3.05,0,1
2024-08-31,E0,15:00,Brentford,Southampton,H,H,J Smith,2024/2025,1.89,50.0,0.68,18,6,2.0,10.0,2.05,10,7,4.81,5.16,52.63,10.59,7.5,2.0,5.78,1.92,5.68,1.0,3.0,0.5,100.0,7,2.5,20,13.0,63.16,2.5,1.85,1.84,2.12,1,0
2024-09-30,E0,20:00,Bournemouth,Southampton,H,H,M Oliver,2024/2025,2.07,66.67,0.68,9,3,2.33,8.0,2.05,19,12,6.0,6.32,52.63,11.24,5.33,2.38,5.24,2.13,5.68,1.0,7.0,0.67,33.33,6,1.33,14,15.0,31.58,4.0,1.64,2.17,2.55,1,1
2024-10-05,E0,15:00,Arsenal,Southampton,H,D,T Harrington,2024/2025,2.01,75.0,0.68,8,2,2.5,6.25,2.05,10,9,7.15,7.42,52.63,11.38,2.5,2.75,4.23,2.05,5.68,1.0,10.25,0.75,50.0,6,2.5,29,16.5,52.63,6.25,1.46,2.03,3.0,1,1
2024-10-26,E0,15:00,Man City,Southampton,H,H,T Harrington,2024/2025,1.98,60.0,0.68,5,2,2.2,5.2,2.05,9,9,7.01,7.0,52.63,11.09,2.0,4.0,4.08,2.0,5.68,1.2,10.0,0.6,80.0,8,2.4,22,15.2,73.68,7.4,1.25,1.93,4.42,0,1
2024-11-09,E0,15:00,Wolves,Southampton,H,H,T Bramall,2024/2025,1.92,60.0,0.68,9,0,2.4,4.6,2.05,14,12,4.48,3.89,52.63,10.01,10.0,2.1,5.53,1.98,5.68,1.6,2.2,0.6,80.0,4,1.4,8,6.8,57.89,7.0,1.75,1.96,2.26,0,0
2024-11-29,E0,20:00,Brighton,Southampton,D,H,R Jones,2024/2025,1.88,40.0,0.68,10,2,2.0,4.2,2.05,20,16,5.43,4.79,52.63,10.08,4.8,3.2,4.65,1.91,5.68,1.6,5.8,0.6,80.0,5,2.0,22,10.0,68.42,8.0,1.42,1.9,3.27,0,1
2024-12-07,E0,15:00,Aston Villa,Southampton,H,H,D Bond,2024/2025,1.89,20.0,0.68,4,0,1.6,3.6,2.05,18,15,7.45,7.47,52.63,11.65,3.4,2.75,4.2,1.93,5.68,0.8,9.8,0.4,40.0,5,1.4,18,13.4,57.89,9.4,1.51,2.03,2.88,0,1
2024-12-22,E0,14:00,Fulham,Southampton,D,D,T Robinson,2024/2025,1.98,0.0,0.68,5,1,1.0,4.4,2.05,8,15,5.73,5.32,52.63,10.38,4.4,2.1,4.65,1.99,5.68,1.4,5.8,0.2,60.0,5,1.4,16,10.2,63.16,8.0,1.82,1.77,2.39,0,1
2024-12-29,E0,15:00,Crystal Palace,Southampton,H,D,M Salisbury,2024/2025,1.83,20.0,0.68,7,3,1.2,5.6,2.05,18,19,5.18,4.58,52.63,10.63,7.0,2.2,5.45,1.85,5.68,2.2,5.2,0.4,60.0,10,1.2,19,10.8,47.37,7.2,1.81,2.04,2.25,1,1
2025-01-16,E0,20:00,Man United,Southampton,H,A,J Brooks,2024/2025,2.0,40.0,0.68,13,5,1.4,4.6,2.05,7,10,5.83,5.58,52.63,10.15,2.6,2.38,4.32,2.0,5.68,1.8,5.4,0.6,80.0,9,1.8,23,10.0,52.63,8.0,1.58,1.87,2.53,1,0
2025-01-19,E0,14:00,Nott'm Forest,Southampton,H,H,A Taylor,2024/2025,2.0,60.0,0.68,10,4,1.8,5.0,2.05,4,18,4.78,4.26,52.63,10.12,6.8,2.2,5.34,2.01,5.68,0.8,3.2,0.8,40.0,5,1.6,14,8.2,31.58,7.0,1.75,2.06,2.3,1,0
2025-02-01,E0,15:00,Ipswich,Southampton,A,D,M Oliver,2024/2025,1.9,80.0,0.68,9,4,1.8,5.2,2.05,11,14,4.36,4.11,52.63,9.53,5.2,2.1,5.17,1.91,5.68,2.8,2.4,1.2,60.0,6,0.6,15,7.6,52.63,4.4,1.89,2.0,2.17,1,0
2025-02-25,E0,20:15,Chelsea,Southampton,H,H,T Bramall,2024/2025,1.93,100.0,0.68,7,2,2.6,4.6,2.05,6,9,5.84,6.47,52.63,10.13,3.0,3.75,4.29,1.96,5.68,1.2,4.6,1.2,100.0,10,2.4,19,9.2,57.89,4.0,1.31,1.96,4.0,1,0
2025-03-08,E0,15:00,Liverpool,Southampton,H,A,L Smith,2024/2025,1.95,100.0,0.68,6,4,2.8,4.0,2.05,10,9,5.83,6.53,52.63,10.37,4.4,4.0,4.54,1.99,5.68,1.0,4.6,1.2,80.0,7,2.6,28,8.6,63.16,3.6,1.3,1.83,4.1,1,0
2025-04-06,E0,14:00,Tottenham,Southampton,H,H,M Salisbury,2024/2025,1.86,100.0,0.68,12,4,2.8,3.4,2.05,16,20,6.32,7.16,52.63,11.1,3.8,3.2,4.78,1.87,5.68,1.2,6.2,1.2,60.0,8,1.4,13,9.6,73.68,3.4,1.45,1.93,3.2,1,0
2025-04-19,E0,15:00,West Ham,Southampton,D,D,A Kitchen,2024/2025,2.08,80.0,0.68,15,4,2.4,2.8,2.05,14,13,4.73,4.63,52.63,9.31,4.2,2.38,4.58,2.1,5.68,1.0,4.2,1.0,20.0,4,1.0,12,7.0,57.89,3.4,1.63,1.85,2.42,0,0
2025-05-03,E0,15:00,Leicester,Southampton,H,H,D Webb,2024/2025,1.85,60.0,0.68,8,2,2.6,3.8,2.05,12,13,4.82,4.21,52.63,9.92,6.4,2.1,5.1,1.86,5.68,2.2,6.2,0.6,60.0,4,0.4,14,10.0,47.37,4.6,1.9,1.81,2.14,0,1
2025-05-18,E0,12:00,Everton,Southampton,H,H,M Oliver,2024/2025,1.95,40.0,0.68,6,2,2.2,4.4,2.05,6,10,4.58,4.26,52.63,9.56,5.2,2.1,4.98,1.96,5.68,1.2,3.6,0.6,20.0,5,1.2,13,8.0,47.37,4.6,1.82,1.95,2.15,0,0
2025-08-23,E0,15:00,Burnley,Sunderland,H,D,M Salisbury,2025/2026,1.95,0.0,0.45,9,1,2.0,3.0,1.27,9,5,3.96,3.27,27.27,7.97,3.0,1.62,4.01,1.95,5.45,0.0,4.0,0.0,0.0,2,2.0,7,7.0,27.27,4.0,2.4,1.93,1.62,0,0
2025-09-13,E0,15:00,Crystal Palace,Sunderland,D,D,T Bramall,2025/2026,2.03,0.0,0.45,6,0,1.0,3.0,1.27,10,8,4.21,3.82,27.27,7.81,3.0,1.67,3.6,2.1,5.45,0.5,3.0,0.0,0.0,6,0.5,14,6.0,36.36,4.5,2.25,2.01,1.71,0,0
2025-09-27,E0,17:30,Nott'm Forest,Sunderland,A,A,T Harrington,2025/2026,1.85,0.0,0.45,11,3,0.67,3.33,1.27,11,6,6.09,6.36,27.27,10.0,5.33,1.93,3.91,1.85,5.45,1.67,7.0,0.33,66.67,6,1.0,22,10.33,63.64,5.33,2.02,1.9,1.93,0,1
2025-10-04,E0,15:00,Man United,Sunderland,H,H,S Attwell,2025/2026,2.05,0.0,0.45,8,3,1.0,3.25,1.27,10,12,4.69,4.45,27.27,8.45,3.25,2.3,3.76,2.05,5.45,1.0,4.25,0.25,50.0,6,1.75,15,7.5,36.36,4.5,1.68,2.24,2.3,0,0
2025-10-25,E0,15:00,Chelsea,Sunderland,A,D,A Madley,2025/2026,1.8,20.0,0.45,10,4,1.0,2.8,1.27,15,13,6.46,6.91,27.27,10.06,3.2,2.1,3.6,1.85,5.45,1.2,7.6,0.6,60.0,7,1.2,16,10.4,54.55,5.4,1.75,1.87,2.2,1,0
2025-11-22,E0,15:00,Fulham,Sunderland,H,D,D England,2025/2026,2.05,20.0,0.45,4,2,0.8,3.0,1.27,5,13,5.32,5.09,27.27,9.59,5.6,1.73,4.27,2.05,5.45,0.4,5.6,0.6,40.0,6,1.6,24,8.6,54.55,6.0,2.1,1.85,1.83,0,1
2025-12-03,E0,20:15,Liverpool,Sunderland,D,D,S Attwell,2025/2026,1.85,20.0,0.45,9,6,1.0,3.0,1.27,10,5,5.8,5.82,27.27,9.52,4.2,2.3,3.72,1.93,5.45,1.4,6.0,0.8,60.0,4,1.2,23,9.0,45.45,6.4,1.62,1.85,2.43,0,0
2025-12-06,E0,15:00,Man City,Sunderland,H,H,A Madley,2025/2026,1.95,40.0,0.45,8,1,1.6,3.2,1.27,9,10,6.87,7.36,27.27,10.27,4.0,2.75,3.4,1.96,5.45,0.6,8.4,0.6,80.0,6,2.8,18,11.6,63.64,6.2,1.48,1.92,2.88,1,1
2025-12-20,E0,15:00,Brighton,Sunderland,D,D,D England,2025/2026,2.0,40.0,0.45,14,6,1.2,3.4,1.27,11,15,5.64,5.55,27.27,9.75,5.4,1.98,4.11,2.05,5.45,1.2,5.8,0.6,60.0,4,1.8,16,9.2,54.55,6.4,1.88,2.05,2.0,0,0
2026-01-04,E0,15:00,Tottenham,Sunderland,D,H,S Attwell,2025/2026,2.05,20.0,0.45,10,3,1.2,4.2,1.27,10,6,5.58,5.82,27.27,9.76,4.4,1.73,4.18,2.05,5.45,1.4,5.0,0.4,60.0,5,1.4,13,9.2,54.55,5.2,2.25,1.92,1.75,0,0
2026-01-07,E0,19:30,Brentford,Sunderland,H,H,M Donohue,2025/2026,2.0,40.0,0.45,11,3,1.6,4.2,1.27,13,13,4.32,3.82,27.27,8.5,5.8,1.57,4.18,2.0,5.45,0.6,3.4,0.4,60.0,6,2.2,18,7.6,63.64,5.2,2.4,1.85,1.66,1,1
2023-08-13,E0,14:00,Brentford,Tottenham,D,D,R Jones,2023/2024,1.87,100.0,1.89,18,6,2.0,6.0,1.79,12,13,5.14,4.84,73.68,10.53,6.0,2.1,5.39,1.92,7.53,2.0,3.0,2.0,100.0,6,2.0,11,9.0,68.42,3.0,1.78,2.03,2.29,1,0
2023-08-26,E0,12:30,Bournemouth,Tottenham,A,A,T Robinson,2023/2024,1.94,50.0,1.89,17,6,1.0,4.0,1.79,18,11,7.01,7.05,73.68,11.86,3.0,2.38,4.85,1.99,7.53,1.5,8.0,2.0,0.0,3,0.5,11,12.0,63.16,4.5,1.61,2.09,2.63,0,0
2023-09-02,E0,15:00,Burnley,Tottenham,A,A,D England,2023/2024,1.9,66.67,1.89,20,10,1.33,4.0,1.79,15,9,6.05,5.58,73.68,11.05,5.0,2.2,5.0,1.92,7.53,3.67,5.67,3.0,100.0,4,1.0,16,9.67,57.89,5.33,1.73,2.04,2.29,1,1
2023-09-24,E0,14:00,Arsenal,Tottenham,D,D,R Jones,2023/2024,2.03,75.0,1.89,13,5,1.5,4.0,1.79,12,19,7.27,6.79,73.68,11.5,3.25,2.5,4.23,2.06,7.53,1.5,9.75,2.75,100.0,6,2.25,13,13.75,73.68,6.75,1.59,1.85,2.67,1,1
2023-10-07,E0,12:30,Luton,Tottenham,A,D,J Brooks,2023/2024,2.02,60.0,1.89,15,4,1.2,4.4,1.79,16,7,6.94,6.63,73.68,11.97,4.75,2.6,5.03,2.07,7.53,1.5,7.75,2.4,50.0,2,0.75,12,12.15,68.42,6.4,1.53,1.96,2.83,0,1
2023-10-27,E0,20:00,Crystal Palace,Tottenham,A,D,A Madley,2023/2024,2.04,60.0,1.89,10,1,1.0,3.6,1.79,19,11,6.1,5.42,73.68,10.73,4.2,1.98,4.63,2.07,7.53,1.0,4.4,2.4,40.0,3,0.8,13,8.0,63.16,8.0,2.0,2.07,2.04,1,1
2023-11-11,E0,12:30,Wolves,Tottenham,H,A,T Robinson,2023/2024,1.96,80.0,1.89,6,2,1.4,3.8,1.79,19,15,6.15,5.21,73.68,11.23,6.0,2.01,5.08,2.0,7.53,1.6,5.0,2.2,80.0,4,1.6,17,8.8,63.16,9.0,1.97,2.01,2.36,1,1
2023-12-03,E0,16:30,Man City,Tottenham,D,H,S Hooper,2023/2024,1.94,80.0,1.89,8,4,1.6,4.6,1.79,14,14,8.11,8.16,73.68,12.5,4.6,3.6,4.39,2.0,7.53,1.2,7.8,1.8,60.0,4,2.8,18,12.4,57.89,9.6,1.35,1.82,3.65,1,1
2023-12-15,E0,20:00,Nott'm Forest,Tottenham,A,A,J Gillett,2023/2024,1.99,60.0,1.89,12,6,1.2,4.6,1.79,16,11,5.52,4.32,73.68,10.75,4.6,2.1,5.23,2.01,7.53,1.6,4.0,1.8,40.0,1,1.2,15,8.6,52.63,8.6,1.76,1.86,2.4,0,0
2023-12-28,E0,19:30,Brighton,Tottenham,H,H,J Gillett,2023/2024,1.95,80.0,1.89,19,3,2.0,4.6,1.79,18,6,7.38,7.05,73.68,11.92,3.2,2.7,4.54,2.01,7.53,1.2,7.2,2.0,40.0,9,1.8,15,11.8,57.89,9.0,1.48,2.05,2.96,1,1
2024-01-14,E0,16:30,Man United,Tottenham,D,H,J Brooks,2023/2024,1.95,80.0,1.89,16,6,2.2,6.8,1.79,8,5,7.91,7.84,73.68,13.65,6.0,2.6,5.74,1.97,7.53,1.6,8.8,2.0,80.0,2,1.6,9,15.6,68.42,8.4,1.51,1.92,2.97,1,1
2024-02-03,E0,12:30,Everton,Tottenham,D,A,M Oliver,2023/2024,2.04,80.0,1.89,9,6,2.2,7.2,1.79,8,14,6.09,5.11,73.68,11.51,4.8,2.25,5.42,2.06,7.53,1.0,6.0,2.2,60.0,5,1.6,14,13.2,36.84,8.0,1.7,2.0,2.38,1,1
2024-03-10,E0,13:00,Aston Villa,Tottenham,A,D,C Kavanagh,2023/2024,2.07,80.0,1.89,9,5,1.6,6.4,1.79,11,15,6.64,6.0,73.68,11.5,4.6,3.1,4.86,2.07,7.53,2.6,7.4,2.4,100.0,1,1.8,10,13.8,78.95,7.2,1.42,2.01,3.23,1,0
2024-03-16,E0,17:30,Fulham,Tottenham,H,H,R Jones,2023/2024,2.01,100.0,1.89,14,5,2.2,6.6,1.79,9,10,6.32,5.89,73.68,11.74,7.0,2.7,5.42,2.05,7.53,0.6,5.2,2.0,80.0,7,2.0,16,11.8,63.16,6.8,1.5,2.05,2.84,1,0
2024-04-02,E0,20:15,West Ham,Tottenham,D,D,J Brooks,2023/2024,2.04,80.0,1.89,13,4,1.6,6.4,1.79,13,9,5.64,4.68,73.68,11.11,6.6,3.0,5.47,2.05,7.53,2.4,4.6,1.8,60.0,4,1.6,11,11.0,52.63,7.2,1.44,2.0,3.15,0,1
2024-04-13,E0,12:30,Newcastle,Tottenham,H,H,T Robinson,2023/2024,2.06,80.0,1.89,11,2,2.0,4.4,1.79,14,12,6.66,5.89,73.68,11.44,3.4,3.4,4.78,2.09,7.53,1.2,6.6,1.4,80.0,5,2.8,18,11.0,68.42,8.8,1.38,1.91,3.5,1,1
2024-05-02,E0,19:30,Chelsea,Tottenham,H,H,R Jones,2023/2024,1.95,60.0,1.89,19,3,2.0,5.2,1.79,12,16,6.66,6.11,73.68,11.78,5.6,3.4,5.12,1.98,7.53,1.4,6.4,1.0,80.0,5,3.4,16,11.6,63.16,7.8,1.35,2.05,3.7,0,1
2024-05-05,E0,16:30,Liverpool,Tottenham,H,H,P Tierney,2023/2024,1.95,60.0,1.89,11,6,2.8,5.0,1.79,14,12,8.36,8.58,73.68,12.74,2.6,4.0,4.38,1.95,7.53,1.2,9.4,0.6,60.0,13,2.0,25,14.4,68.42,8.2,1.29,1.89,4.33,1,1
2024-05-19,E0,16:00,Sheffield United,Tottenham,A,A,A Madley,2023/2024,1.88,60.0,1.89,18,9,2.2,5.2,1.79,11,9,5.46,4.11,73.68,11.01,6.4,3.75,5.55,1.9,7.53,3.0,5.4,1.2,100.0,1,1.4,6,10.6,84.21,7.8,1.3,1.88,4.0,1,0
2024-08-19,E0,20:00,Leicester,Tottenham,D,A,C Kavanagh,2024/2025,2.07,0.0,1.53,15,7,1.0,13.0,1.58,11,12,4.03,4.21,52.63,11.15,13.0,2.38,7.12,2.09,5.26,1.0,2.0,1.0,0.0,3,1.0,7,15.0,47.37,2.0,1.57,1.91,2.62,0,1
2024-09-01,E0,13:30,Newcastle,Tottenham,H,H,R Jones,2024/2025,1.95,50.0,1.53,20,6,1.5,12.5,1.58,16,13,5.68,6.21,52.63,12.57,12.0,3.0,6.89,2.0,5.26,0.5,5.0,1.0,50.0,3,1.5,9,17.5,63.16,4.5,1.42,2.01,3.14,1,1
2024-09-29,E0,16:30,Man United,Tottenham,A,A,C Kavanagh,2024/2025,1.82,66.67,1.53,24,10,1.0,9.33,1.58,16,14,5.42,5.58,52.63,10.82,4.33,2.75,5.4,1.85,5.26,2.0,5.67,1.67,66.67,2,0.33,11,15.0,52.63,4.67,1.46,2.04,2.96,1,0
2024-10-06,E0,16:30,Brighton,Tottenham,H,A,D Coote,2024/2025,1.97,75.0,1.53,13,3,1.5,8.75,1.58,14,10,5.05,4.79,52.63,10.46,3.5,3.0,5.41,1.99,5.26,1.25,6.5,1.75,75.0,4,1.75,11,15.25,68.42,4.5,1.43,2.03,3.14,1,1
2024-10-27,E0,14:00,Crystal Palace,Tottenham,H,H,D Bond,2024/2025,1.86,60.0,1.53,11,3,1.4,8.6,1.58,16,12,4.81,4.58,52.63,10.93,6.4,2.63,6.12,1.89,5.26,1.0,4.6,1.4,20.0,6,0.6,14,13.2,47.37,5.2,1.56,1.96,2.75,0,1
2024-11-23,E0,17:30,Man City,Tottenham,A,A,J Brooks,2024/2025,1.92,80.0,1.53,9,7,1.2,6.6,1.58,19,9,6.81,7.0,52.63,11.5,2.4,3.4,4.69,1.94,5.26,1.8,9.8,2.0,80.0,5,1.6,23,16.4,73.68,6.6,1.35,1.85,3.71,1,1
2024-12-05,E0,20:15,Bournemouth,Tottenham,H,H,S Hooper,2024/2025,1.86,60.0,1.53,12,4,1.0,6.0,1.58,15,8,5.99,6.32,52.63,11.48,5.4,2.75,5.49,1.88,5.26,0.8,5.8,1.8,60.0,8,1.8,21,11.8,31.58,6.2,1.47,1.97,2.96,0,1
2024-12-15,E0,19:00,Southampton,Tottenham,A,A,D England,2024/2025,1.85,60.0,1.53,18,9,1.0,6.4,1.58,8,15,4.07,3.16,52.63,10.3,6.8,4.0,6.23,1.9,5.26,3.2,4.6,2.2,80.0,3,1.2,9,11.0,68.42,5.6,1.33,1.98,4.14,1,0
2024-12-26,E0,15:00,Nott'm Forest,Tottenham,H,H,C Pawson,2024/2025,1.84,40.0,1.53,13,4,0.6,6.4,1.58,12,13,4.76,4.26,52.63,10.56,5.6,3.0,5.8,1.85,5.26,0.8,5.8,1.8,60.0,3,1.6,10,12.2,31.58,5.2,1.44,2.02,3.14,0,0
2025-01-15,E0,20:00,Arsenal,Tottenham,H,H,S Hooper,2024/2025,2.05,60.0,1.53,10,2,0.8,5.6,1.58,16,9,6.84,7.42,52.63,11.35,1.6,2.63,4.51,2.06,5.26,0.2,8.8,2.0,40.0,4,1.6,14,14.4,52.63,5.6,1.58,2.09,2.7,1,1
2025-01-19,E0,14:00,Everton,Tottenham,H,H,D England,2024/2025,2.08,60.0,1.53,11,6,1.4,6.6,1.58,14,14,4.52,4.26,52.63,10.15,5.2,2.03,5.63,2.08,5.26,1.0,4.2,1.6,40.0,6,1.4,12,10.8,47.37,4.4,1.88,2.07,2.1,1,1
2025-02-02,E0,14:00,Brentford,Tottenham,A,A,J Gillett,2024/2025,2.03,60.0,1.53,13,2,1.2,5.4,1.58,4,11,5.27,5.16,52.63,10.89,6.2,3.75,5.62,2.05,5.26,2.2,5.8,2.0,40.0,4,0.6,20,11.2,63.16,5.4,1.37,1.94,3.8,0,1
2025-02-22,E0,15:00,Ipswich,Tottenham,A,A,T Robinson,2024/2025,1.9,60.0,1.53,10,6,1.4,5.2,1.58,15,14,4.44,4.11,52.63,10.11,5.8,2.63,5.67,1.92,5.26,2.8,2.8,1.8,60.0,5,0.8,17,8.0,52.63,5.8,1.54,2.09,2.77,1,0
2025-03-16,E0,13:30,Fulham,Tottenham,H,D,A Madley,2024/2025,1.87,60.0,1.53,12,4,1.6,4.8,1.58,13,10,5.56,5.32,52.63,10.6,3.6,2.2,5.04,1.9,5.26,1.2,6.6,1.8,40.0,4,1.2,13,11.4,63.16,6.6,1.72,2.08,2.35,0,1
2025-04-03,E0,20:00,Chelsea,Tottenham,H,D,C Pawson,2024/2025,1.83,40.0,1.53,8,2,1.4,5.2,1.58,7,16,5.95,6.47,52.63,10.81,3.8,2.75,4.86,1.84,5.26,0.4,5.4,1.6,60.0,5,2.2,11,10.6,57.89,5.4,1.5,2.1,2.95,0,0
2025-04-13,E0,14:00,Wolves,Tottenham,H,H,A Taylor,2024/2025,1.95,40.0,1.53,11,4,1.6,4.4,1.58,12,15,4.33,3.89,52.63,9.75,4.8,2.0,5.42,1.95,5.26,1.0,3.8,1.6,40.0,5,1.8,13,8.2,57.89,5.0,1.9,1.93,2.1,1,0
2025-04-27,E0,16:30,Liverpool,Tottenham,H,H,T Bramall,2024/2025,2.03,60.0,1.53,8,3,2.6,4.2,1.58,16,9,6.15,6.53,52.63,11.03,3.2,3.5,4.88,2.04,5.26,0.6,7.8,1.4,60.0,8,2.6,25,12.0,63.16,4.6,1.32,2.04,4.1,1,0
2025-05-04,E0,14:00,West Ham,Tottenham,D,D,M Oliver,2024/2025,2.05,40.0,1.53,7,2,2.6,4.0,1.58,18,15,4.52,4.63,52.63,9.68,4.4,2.38,5.16,2.09,5.26,1.0,2.6,0.8,20.0,2,1.2,11,6.6,57.89,4.0,1.61,2.07,2.5,0,0
2025-05-16,E0,19:30,Aston Villa,Tottenham,H,D,P Bankes,2024/2025,2.02,40.0,1.53,3,1,2.6,3.2,1.58,5,12,6.42,7.47,52.63,11.04,3.6,3.2,4.62,2.03,5.26,0.6,5.4,0.8,60.0,7,2.2,18,8.6,57.89,4.6,1.37,2.01,3.4,0,0
2025-08-23,E0,12:30,Man City,Tottenham,A,A,P Bankes,2025/2026,1.77,0.0,1.64,12,5,0.0,2.0,1.36,7,12,6.61,7.36,72.73,10.54,2.0,2.63,3.93,1.86,4.64,2.0,7.0,2.0,0.0,4,0.0,10,9.0,63.64,7.0,1.53,2.11,2.75,0,0
2025-09-13,E0,17:30,West Ham,Tottenham,A,D,J Gillett,2025/2026,1.83,50.0,1.64,14,5,0.0,7.5,1.36,8,7,5.31,5.91,72.73,11.24,9.0,2.1,5.93,1.83,4.64,4.0,4.5,2.5,100.0,4,0.5,7,12.0,72.73,4.5,1.8,1.89,2.15,1,1
2025-09-20,E0,15:00,Brighton,Tottenham,D,H,C Kavanagh,2025/2026,1.88,66.67,1.64,11,3,0.67,8.33,1.36,10,13,4.88,5.55,72.73,10.28,5.0,2.2,5.4,1.88,4.64,1.33,3.0,2.33,66.67,4,1.67,12,11.33,54.55,3.67,1.68,1.93,2.3,1,1
2025-10-04,E0,12:30,Leeds,Tottenham,A,D,T Bramall,2025/2026,1.83,75.0,1.64,9,3,0.75,6.5,1.36,10,12,5.11,5.45,72.73,9.7,3.0,1.9,4.59,1.83,4.64,1.0,5.75,2.25,50.0,4,1.0,16,12.25,63.64,3.75,1.98,1.92,1.91,1,0
2025-10-26,E0,16:30,Everton,Tottenham,A,A,C Pawson,2025/2026,1.83,80.0,1.64,7,4,0.6,6.8,1.36,9,8,4.91,5.0,72.73,10.01,4.4,1.93,5.1,1.83,4.64,1.0,5.2,2.4,40.0,2,1.0,12,12.0,45.45,4.8,2.0,1.96,2.0,1,1
2025-11-23,E0,16:30,Arsenal,Tottenham,H,H,M Oliver,2025/2026,1.9,100.0,1.64,3,2,1.4,6.6,1.36,11,15,5.38,5.64,72.73,9.74,2.6,1.88,4.36,1.95,4.64,0.4,7.0,2.2,40.0,8,2.2,17,13.6,54.55,4.2,2.0,2.12,1.91,1,0
2025-12-02,E0,20:15,Newcastle,Tottenham,D,D,T Bramall,2025/2026,2.03,100.0,1.64,8,2,1.8,5.6,1.36,5,12,6.61,7.55,72.73,12.02,6.6,2.2,5.41,2.1,4.64,1.2,7.0,2.0,80.0,7,1.8,19,12.6,72.73,6.0,1.71,2.07,2.28,1,1
2025-12-14,E0,14:00,Nott'm Forest,Tottenham,H,H,S Barrott,2025/2026,1.98,100.0,1.64,6,1,2.0,4.2,1.36,9,13,5.9,6.36,72.73,10.53,3.2,1.91,4.63,2.0,4.64,1.6,6.2,1.6,80.0,6,1.6,15,10.4,63.64,6.2,2.0,1.96,1.91,1,0
2025-12-28,E0,16:30,Crystal Palace,Tottenham,A,A,J Gillett,2025/2026,1.88,80.0,1.64,8,4,1.8,4.4,1.36,7,5,4.24,3.82,72.73,8.94,4.2,1.93,4.7,1.91,4.64,1.2,3.8,1.4,40.0,2,0.6,15,8.2,36.36,6.0,1.93,1.95,2.0,0,0
2026-01-01,E0,20:00,Brentford,Tottenham,D,D,A Madley,2025/2026,2.0,60.0,1.64,9,3,1.8,3.0,1.36,8,10,4.06,3.82,72.73,8.93,5.4,1.88,4.87,2.0,4.64,0.8,3.2,0.8,60.0,2,2.2,7,6.2,63.64,4.8,2.0,2.13,1.94,0,0
2026-01-07,E0,19:30,Bournemouth,Tottenham,H,H,D England,2025/2026,2.0,60.0,1.64,16,4,1.6,4.2,1.36,19,10,4.89,5.18,72.73,9.42,4.2,2.1,4.53,2.0,4.64,1.4,4.2,1.0,40.0,3,1.2,11,8.4,45.45,4.6,1.79,1.96,2.1,1,0
2023-08-12,E0,15:00,Bournemouth,West Ham,D,D,P Bankes,2023/2024,1.95,0.0,1.53,16,3,1.0,4.0,2.42,9,14,7.56,7.05,84.21,11.96,4.0,2.1,4.4,1.99,6.74,1.0,10.0,1.0,0.0,5,1.0,14,14.0,63.16,10.0,1.83,1.92,2.23,0,1
2023-08-26,E0,17:30,Brighton,West Ham,A,A,A Taylor,2023/2024,2.04,50.0,1.53,12,3,1.0,4.0,2.42,10,9,8.06,7.05,84.21,12.22,5.5,2.75,4.16,2.09,6.74,2.0,11.5,2.0,100.0,10,2.5,25,15.5,57.89,13.5,1.51,1.87,2.89,1,1
2023-09-01,E0,20:00,Luton,West Ham,A,A,P Tierney,2023/2024,1.99,66.67,1.53,9,3,1.0,4.67,2.42,8,13,7.43,6.63,84.21,12.06,6.0,2.1,4.63,2.0,6.74,2.0,9.0,2.0,100.0,1,1.0,16,13.67,68.42,12.0,1.77,1.98,2.29,1,1
2023-09-24,E0,14:00,Liverpool,West Ham,H,D,C Kavanagh,2023/2024,1.87,75.0,1.53,11,4,1.5,4.5,2.42,12,13,8.28,8.58,84.21,12.1,3.0,3.0,3.82,1.89,6.74,0.67,8.0,1.75,100.0,7,3.0,22,12.5,68.42,10.75,1.41,1.91,3.25,1,1
2023-10-22,E0,16:30,Aston Villa,West Ham,H,H,D Coote,2023/2024,2.02,80.0,1.53,14,4,2.0,5.0,2.42,9,15,6.51,6.0,84.21,10.67,4.5,2.3,4.16,2.03,6.74,0.75,5.0,1.6,100.0,7,4.25,15,10.0,78.95,10.2,1.7,1.91,2.45,1,1
2023-11-04,E0,15:00,Brentford,West Ham,H,A,T Bramall,2023/2024,2.05,100.0,1.53,12,2,2.4,4.8,2.42,12,14,5.71,4.84,84.21,10.23,4.0,2.1,4.52,2.13,6.74,1.6,4.6,1.8,80.0,4,2.0,16,9.4,68.42,9.0,1.82,2.04,2.27,1,0
2023-11-25,E0,15:00,Burnley,West Ham,A,D,S Barrott,2023/2024,1.85,100.0,1.53,11,3,2.4,5.0,2.42,11,7,6.17,5.58,84.21,10.58,3.6,1.84,4.41,1.86,6.74,2.8,7.8,1.6,60.0,5,0.8,11,12.8,57.89,6.4,2.08,1.92,1.97,1,0
2023-12-07,E0,20:15,Tottenham,West Ham,A,H,M Salisbury,2023/2024,1.9,100.0,1.53,11,5,2.4,4.6,2.42,11,12,6.93,7.21,84.21,11.36,4.6,2.4,4.43,1.92,6.74,1.8,6.6,1.6,80.0,7,1.4,23,11.2,84.21,6.2,1.58,2.09,2.69,1,1
2023-12-10,E0,14:00,Fulham,West Ham,H,H,P Tierney,2023/2024,1.82,100.0,1.53,9,5,2.8,5.0,2.42,5,10,6.12,5.89,84.21,10.47,3.4,2.04,4.35,1.88,6.74,0.8,6.6,1.4,80.0,8,3.2,14,11.6,63.16,5.4,1.88,2.02,2.13,1,0
2023-12-28,E0,20:15,Arsenal,West Ham,A,A,M Oliver,2023/2024,1.87,80.0,1.53,6,3,2.0,4.2,2.42,8,8,6.66,6.79,84.21,10.2,1.6,2.35,3.54,1.91,6.74,0.8,6.6,1.6,60.0,8,2.4,30,10.8,73.68,5.8,1.62,2.08,2.69,0,1
2024-01-21,E0,14:00,Sheffield United,West Ham,D,D,M Salisbury,2023/2024,1.88,80.0,1.53,16,5,1.8,3.8,2.42,11,10,4.97,4.11,84.21,9.75,5.6,1.87,4.78,1.9,6.74,2.0,4.4,1.6,60.0,6,1.2,21,8.2,84.21,5.8,2.14,1.91,1.93,1,0
2024-02-04,E0,14:00,Man United,West Ham,H,H,A Madley,2023/2024,2.11,80.0,1.53,22,3,2.2,4.4,2.42,10,5,7.36,7.84,84.21,12.41,7.0,2.35,5.05,2.12,6.74,1.6,7.6,1.2,100.0,5,2.0,12,12.0,68.42,6.0,1.63,2.0,2.48,1,1
2024-02-17,E0,15:00,Nott'm Forest,West Ham,H,H,T Bramall,2023/2024,1.81,60.0,1.53,10,3,2.4,4.2,2.42,13,15,5.02,4.32,84.21,9.78,5.8,2.04,4.76,1.83,6.74,1.8,4.2,0.8,80.0,8,1.8,19,8.4,52.63,5.4,1.94,1.94,2.06,0,0
2024-03-02,E0,15:00,Everton,West Ham,A,D,C Pawson,2023/2024,2.08,60.0,1.53,12,5,1.6,4.0,2.42,9,6,5.62,5.11,84.21,10.19,5.0,1.95,4.57,2.12,6.74,1.8,5.6,1.4,60.0,11,1.0,22,9.6,36.84,5.6,1.99,2.04,2.0,1,0
2024-03-30,E0,12:30,Newcastle,West Ham,H,A,R Jones,2023/2024,1.78,80.0,1.53,10,4,2.4,4.2,2.42,9,8,5.76,5.89,84.21,10.15,5.2,2.6,4.39,1.9,6.74,2.4,4.2,1.6,100.0,9,3.0,24,8.4,68.42,4.2,1.51,1.81,2.75,1,0
2024-04-06,E0,15:00,Wolves,West Ham,A,H,T Harrington,2023/2024,2.06,80.0,1.53,11,4,2.2,4.8,2.42,15,7,5.43,5.21,84.21,9.92,4.6,2.0,4.49,2.08,6.74,1.8,4.6,1.6,60.0,7,1.4,14,9.4,63.16,4.2,2.06,1.84,2.05,1,0
2024-04-21,E0,15:00,Crystal Palace,West Ham,H,H,G Scott,2023/2024,2.05,80.0,1.53,4,1,2.6,3.2,2.42,9,9,5.61,5.42,84.21,9.73,5.0,2.03,4.12,2.08,6.74,2.0,5.4,2.0,80.0,7,2.4,18,8.6,63.16,4.0,1.9,1.99,2.1,1,0
2024-05-05,E0,14:00,Chelsea,West Ham,H,H,A Madley,2023/2024,1.84,100.0,1.53,13,2,3.2,3.8,2.42,12,10,6.31,6.11,84.21,10.78,6.0,3.4,4.47,1.84,6.74,1.0,8.0,2.0,80.0,14,3.8,25,11.8,63.16,4.6,1.37,1.93,3.5,1,1
2024-05-19,E0,16:00,Man City,West Ham,H,H,J Brooks,2023/2024,1.93,100.0,1.53,3,2,3.6,3.2,2.42,3,12,7.53,8.16,84.21,10.97,2.0,4.5,3.44,1.96,6.74,0.8,7.6,1.6,80.0,12,3.4,28,10.8,57.89,6.0,1.22,1.9,5.2,1,1
2024-08-24,E0,15:00,Crystal Palace,West Ham,A,D,R Jones,2024/2025,1.99,0.0,1.21,18,3,0.0,3.0,1.47,9,17,4.65,4.58,42.11,8.69,3.0,2.3,4.04,2.02,6.11,2.0,3.0,2.0,0.0,2,0.0,14,6.0,47.37,3.0,1.76,1.94,2.35,0,0
2024-09-14,E0,15:00,Fulham,West Ham,D,H,T Robinson,2024/2025,1.82,0.0,1.21,11,3,0.5,2.5,1.47,15,18,5.25,5.32,42.11,8.86,3.5,2.04,3.61,1.83,6.11,1.0,5.0,1.5,50.0,5,1.5,21,7.5,63.16,3.0,1.9,1.89,2.1,0,0
2024-09-28,E0,15:00,Brentford,West Ham,D,H,S Hooper,2024/2025,1.97,0.0,1.21,19,3,0.67,4.0,1.47,2,11,5.23,5.16,42.11,9.64,7.33,2.3,4.41,1.98,6.11,1.0,4.33,1.33,66.67,3,2.0,8,8.33,63.16,4.33,1.67,1.96,2.4,0,1
2024-10-19,E0,12:30,Tottenham,West Ham,H,D,A Madley,2024/2025,1.86,25.0,1.21,11,4,1.5,4.25,1.47,10,15,7.14,7.16,42.11,11.37,5.0,3.4,4.23,1.88,6.11,0.75,10.25,1.25,75.0,7,2.75,22,14.5,73.68,6.5,1.38,2.0,3.56,1,1
2024-11-02,E0,15:00,Nott'm Forest,West Ham,H,H,P Bankes,2024/2025,2.03,40.0,1.21,4,2,1.8,4.6,1.47,7,9,5.25,4.26,42.11,9.64,5.2,1.87,4.39,2.06,6.11,0.6,6.4,1.0,20.0,6,1.2,19,11.0,31.58,7.4,2.13,1.87,2.0,1,1
2024-11-25,E0,20:00,Newcastle,West Ham,A,A,C Pawson,2024/2025,2.05,40.0,1.21,15,6,1.8,4.6,1.47,11,8,6.44,6.21,42.11,10.77,6.2,2.63,4.33,2.12,6.11,1.0,6.6,1.0,20.0,2,0.8,18,11.2,63.16,8.4,1.56,1.88,2.77,0,1
2024-12-03,E0,20:15,Leicester,West Ham,H,H,J Smith,2024/2025,2.09,60.0,1.21,31,10,2.2,6.0,1.47,9,7,5.02,4.21,42.11,9.65,7.0,2.0,4.63,2.16,6.11,1.4,3.4,1.0,60.0,6,1.4,8,9.4,47.37,8.4,1.82,2.1,2.26,1,1
2024-12-16,E0,20:00,Bournemouth,West Ham,D,D,C Kavanagh,2024/2025,1.98,60.0,1.21,16,3,2.2,5.8,1.47,6,11,6.62,6.32,42.11,10.94,5.8,2.5,4.32,1.98,6.11,0.8,6.8,1.0,40.0,9,1.4,29,12.6,31.58,9.4,1.59,1.93,2.75,0,1
2024-12-26,E0,15:00,Southampton,West Ham,A,D,L Smith,2024/2025,1.92,40.0,1.21,16,2,1.4,5.2,1.47,15,8,4.29,3.16,42.11,9.13,6.0,2.1,4.84,1.93,6.11,2.8,3.0,1.0,60.0,5,0.8,18,8.2,68.42,7.2,1.77,2.02,2.3,0,0
2025-01-04,E0,15:00,Man City,West Ham,H,H,M Salisbury,2024/2025,2.0,40.0,1.21,17,4,1.6,4.2,1.47,8,13,6.82,7.0,42.11,10.11,2.6,3.75,3.29,2.07,6.11,1.6,8.0,1.2,80.0,7,1.8,10,12.2,73.68,6.4,1.32,1.9,3.8,1,0
2025-01-26,E0,16:30,Aston Villa,West Ham,D,H,P Bankes,2024/2025,1.98,40.0,1.21,14,4,1.8,4.2,1.47,13,16,7.04,7.47,42.11,10.47,2.6,2.38,3.43,1.99,6.11,1.0,8.4,1.0,60.0,4,1.6,14,12.6,57.89,5.6,1.62,1.89,2.5,0,0
2025-02-03,E0,20:00,Chelsea,West Ham,H,A,S Attwell,2024/2025,1.93,40.0,1.21,14,5,1.6,3.0,1.47,11,10,6.21,6.47,42.11,9.65,3.6,3.4,3.44,1.95,6.11,1.4,5.4,1.0,100.0,3,2.0,22,8.4,57.89,5.8,1.35,1.94,3.58,1,0
2025-02-22,E0,15:00,Arsenal,West Ham,A,A,C Pawson,2024/2025,1.85,40.0,1.21,5,2,1.4,1.8,1.47,16,15,6.63,7.42,42.11,9.58,1.6,2.06,2.95,1.9,6.11,1.0,6.4,1.0,60.0,2,2.0,20,8.2,52.63,3.8,1.87,1.98,2.11,0,0
2025-03-15,E0,15:00,Everton,West Ham,D,D,D Bond,2024/2025,2.05,40.0,1.21,10,5,1.6,2.4,1.47,12,8,4.79,4.26,42.11,8.91,6.2,1.62,4.12,2.11,6.11,1.4,4.6,1.0,80.0,5,2.4,13,7.0,47.37,4.6,2.49,2.13,1.63,0,1
2025-04-01,E0,19:45,Wolves,West Ham,H,H,T Harrington,2024/2025,2.1,20.0,1.21,10,1,1.0,2.6,1.47,16,12,4.39,3.89,42.11,8.47,5.0,1.62,4.08,2.13,6.11,0.8,3.8,0.8,20.0,2,1.0,9,6.4,57.89,3.4,2.38,1.88,1.67,0,0
2025-04-13,E0,14:00,Liverpool,West Ham,H,H,A Madley,2024/2025,2.02,40.0,1.21,11,4,1.2,2.6,1.47,15,8,6.28,6.53,42.11,9.83,3.4,2.5,3.55,2.03,6.11,0.6,7.0,0.8,60.0,6,2.0,15,9.6,63.16,4.6,1.59,1.86,2.65,1,1
2025-04-26,E0,15:00,Brighton,West Ham,H,H,D England,2024/2025,2.02,40.0,1.21,12,4,1.4,2.2,1.47,7,9,5.08,4.79,42.11,8.76,4.6,2.1,3.68,2.02,6.11,1.8,3.8,1.0,100.0,9,1.8,16,6.0,68.42,5.4,1.82,1.9,2.3,1,0
2025-05-11,E0,14:15,Man United,West Ham,A,A,J Gillett,2024/2025,1.97,40.0,1.21,9,4,1.4,3.2,1.47,3,13,5.84,5.58,42.11,9.5,5.0,2.1,3.66,1.97,6.11,1.2,5.8,1.2,20.0,5,0.8,20,9.0,52.63,6.6,1.82,1.9,2.2,0,1
2025-05-25,E0,16:00,Ipswich,West Ham,A,A,T Robinson,2024/2025,1.95,60.0,1.21,10,6,1.4,2.2,1.47,10,9,4.79,4.11,42.11,8.97,5.8,2.1,4.18,1.98,6.11,2.8,3.8,1.6,80.0,4,0.8,14,6.0,52.63,6.2,1.75,1.94,2.38,1,0
2025-08-16,E0,15:00,Sunderland,West Ham,H,D,R Jones,2025/2026,1.95,100.0,1.0,12,4,3.0,7.0,1.73,8,10,4.78,3.73,63.64,9.87,7.0,1.73,5.09,1.95,6.91,0.0,5.0,0.0,100.0,5,3.0,10,12.0,45.45,5.0,2.25,1.95,1.75,1,1
2025-08-31,E0,14:00,Nott'm Forest,West Ham,A,D,C Pawson,2025/2026,1.98,100.0,1.0,12,8,1.5,7.0,1.73,14,6,6.63,6.36,63.64,11.62,6.0,2.05,4.99,1.98,6.91,2.0,7.0,1.5,100.0,3,1.5,11,14.0,63.64,7.0,1.8,2.03,2.15,1,1
2025-09-29,E0,20:00,Everton,West Ham,D,H,S Barrott,2025/2026,1.95,66.67,1.0,14,3,1.33,6.33,1.73,7,16,5.54,5.0,63.64,10.29,3.33,1.98,4.75,1.95,6.91,0.33,5.0,1.33,0.0,6,1.0,12,11.33,45.45,5.67,1.92,2.03,1.98,0,0
2025-10-04,E0,15:00,Arsenal,West Ham,H,H,J Brooks,2025/2026,1.88,50.0,1.0,4,0,1.5,5.5,1.73,14,14,6.18,5.64,63.64,10.24,2.75,2.75,4.06,1.91,6.91,0.25,7.25,1.0,50.0,5,2.75,21,12.75,54.55,6.25,1.55,1.84,3.1,0,1
2025-10-24,E0,20:00,Leeds,West Ham,H,H,S Attwell,2025/2026,2.03,60.0,1.0,9,3,1.6,5.2,1.73,12,11,5.81,5.45,63.64,10.09,3.2,1.83,4.28,2.05,6.91,1.0,5.2,1.0,60.0,5,1.2,13,10.4,63.64,5.6,2.05,1.86,1.91,1,0
2025-11-22,E0,15:00,Bournemouth,West Ham,D,A,T Bramall,2025/2026,2.05,60.0,1.0,5,2,1.4,4.2,1.73,9,10,5.78,5.18,63.64,9.99,3.0,2.2,4.21,2.05,6.91,0.8,5.6,1.4,60.0,10,1.8,28,9.8,45.45,6.4,1.7,2.05,2.22,1,1
2025-12-04,E0,20:00,Man United,West Ham,D,D,A Kitchen,2025/2026,1.88,40.0,1.0,11,3,1.6,4.0,1.73,13,9,5.22,4.45,63.64,9.8,4.2,2.63,4.58,1.94,6.91,1.0,4.6,1.0,40.0,4,1.8,17,8.6,36.36,5.8,1.53,2.06,2.63,0,1
2025-12-07,E0,14:00,Brighton,West Ham,D,D,S Hooper,2025/2026,1.95,40.0,1.0,14,5,1.6,4.2,1.73,12,8,6.18,5.55,63.64,11.01,5.4,2.3,4.83,1.95,6.91,1.4,6.8,1.0,80.0,4,2.2,22,11.0,54.55,7.2,1.62,1.87,2.4,0,1
2025-12-20,E0,15:00,Man City,West Ham,H,H,P Tierney,2025/2026,1.93,60.0,1.0,7,3,1.8,3.6,1.73,16,10,7.2,7.36,63.64,11.23,3.4,3.4,4.03,1.95,6.91,0.6,7.4,1.0,100.0,8,3.0,17,11.0,63.64,6.8,1.35,1.93,3.4,1,0
2026-01-03,E0,15:00,Wolves,West Ham,H,H,P Bankes,2025/2026,2.05,60.0,1.0,6,0,2.0,4.2,1.73,11,10,4.5,3.18,63.64,9.52,6.6,1.95,5.02,2.05,6.91,1.8,2.8,0.8,40.0,8,0.8,11,7.0,54.55,7.4,1.96,1.96,2.1,1,1
2023-08-14,E0,20:00,Man United,Wolves,H,D,S Hooper,2023/2024,1.91,0.0,1.26,23,6,1.0,7.0,1.84,14,10,7.61,7.84,63.16,12.34,7.0,2.3,4.73,2.08,6.79,0.0,8.0,0.0,0.0,3,1.0,15,15.0,68.42,8.0,1.68,2.08,2.47,0,1
2023-08-26,E0,15:00,Everton,Wolves,A,D,C Pawson,2023/2024,1.88,0.0,1.26,11,2,0.5,3.5,1.84,10,14,6.11,5.11,63.16,9.75,2.0,1.91,3.64,1.94,6.79,1.0,8.5,0.5,0.0,7,0.0,15,12.0,36.84,7.5,2.12,1.84,1.95,0,0
2023-09-03,E0,14:00,Crystal Palace,Wolves,H,D,R Jones,2023/2024,1.95,33.33,1.26,12,4,1.33,3.0,1.84,12,12,5.56,5.42,63.16,9.08,5.0,1.73,3.52,1.96,6.79,1.5,2.5,1.0,50.0,11,1.5,16,5.5,63.16,6.33,2.16,2.03,1.88,1,0
2023-09-23,E0,15:00,Luton,Wolves,D,D,J Smith,2023/2024,1.94,25.0,1.26,3,3,1.25,2.5,1.84,12,17,7.02,6.63,63.16,10.61,3.5,1.73,3.59,2.01,6.79,1.5,9.5,1.0,50.0,4,1.0,20,12.0,68.42,7.25,2.2,2.05,1.83,0,1
2023-10-21,E0,15:00,Bournemouth,Wolves,A,H,P Tierney,2023/2024,1.83,40.0,1.26,20,7,1.2,4.4,1.84,15,10,6.74,7.05,63.16,10.83,6.2,1.94,4.09,1.85,6.79,1.8,5.2,1.2,40.0,4,0.4,7,9.6,63.16,6.4,2.02,1.93,2.1,1,1
2023-11-04,E0,15:00,Sheffield United,Wolves,H,D,R Jones,2023/2024,2.0,60.0,1.26,10,3,1.4,3.8,1.84,13,10,4.84,4.11,63.16,9.12,6.4,2.01,4.28,2.02,6.79,3.0,3.2,1.4,100.0,2,1.2,11,7.0,84.21,5.6,1.95,1.88,2.01,1,0
2023-11-27,E0,20:00,Fulham,Wolves,H,D,M Salisbury,2023/2024,1.83,80.0,1.26,10,6,2.0,4.2,1.84,13,13,6.24,5.89,63.16,9.85,2.6,1.7,3.61,1.84,6.79,1.2,7.6,1.6,40.0,6,1.4,12,11.8,63.16,5.4,2.18,1.85,1.81,1,0
2023-12-02,E0,15:00,Arsenal,Wolves,H,H,P Bankes,2023/2024,2.1,80.0,1.26,6,3,1.8,3.8,1.84,10,10,6.55,6.79,63.16,9.55,2.4,2.25,3.0,2.12,6.79,0.8,5.8,1.4,80.0,6,2.6,19,9.6,73.68,5.4,1.68,1.95,2.48,1,0
2023-12-17,E0,14:00,West Ham,Wolves,H,H,C Kavanagh,2023/2024,2.05,100.0,1.26,14,3,2.2,4.8,1.84,12,15,5.23,4.68,63.16,9.11,3.6,1.87,3.88,2.08,6.79,1.2,5.0,1.2,60.0,4,1.8,13,9.8,52.63,4.6,2.04,2.01,1.96,1,1
2023-12-27,E0,19:30,Brentford,Wolves,A,A,A Madley,2023/2024,1.92,100.0,1.26,11,5,2.2,2.8,1.84,5,14,5.46,4.84,63.16,9.41,6.0,1.73,3.95,1.95,6.79,2.0,5.4,1.6,80.0,4,1.6,14,8.2,68.42,5.6,2.16,1.98,1.88,1,0
2024-01-22,E0,19:45,Brighton,Wolves,D,D,C Pawson,2023/2024,1.75,80.0,1.26,8,3,1.8,2.4,1.84,10,13,6.96,7.05,63.16,10.13,3.0,2.25,3.17,1.82,6.79,1.0,7.4,1.4,40.0,4,1.6,11,9.8,57.89,6.4,1.65,2.09,2.46,0,0
2024-02-04,E0,14:00,Chelsea,Wolves,A,A,T Robinson,2023/2024,1.84,80.0,1.26,14,7,1.6,2.2,1.84,15,11,6.42,6.11,63.16,9.99,4.4,2.35,3.57,1.85,6.79,1.4,6.4,1.8,60.0,6,2.0,15,8.6,63.16,7.2,1.63,2.04,2.49,1,1
2024-02-17,E0,15:00,Tottenham,Wolves,A,A,A Taylor,2023/2024,2.03,80.0,1.26,12,7,1.4,3.0,1.84,8,13,7.12,7.21,63.16,11.03,6.8,2.88,3.91,2.05,6.79,1.4,6.2,2.0,100.0,4,2.2,15,9.2,84.21,8.4,1.42,2.12,3.12,1,1
2024-03-02,E0,15:00,Newcastle,Wolves,H,H,T Robinson,2023/2024,1.99,80.0,1.26,12,3,1.4,2.8,1.84,8,11,6.28,5.89,63.16,9.91,4.8,2.4,3.63,2.01,6.79,2.4,5.6,2.0,100.0,7,2.4,14,8.4,68.42,7.8,1.58,2.0,2.62,1,0
2024-03-30,E0,17:30,Aston Villa,Wolves,H,H,P Tierney,2023/2024,1.83,60.0,1.26,13,3,1.6,3.2,1.84,11,19,6.44,6.0,63.16,9.89,5.0,2.25,3.45,1.83,6.79,2.2,7.2,1.2,80.0,5,1.6,11,10.4,78.95,7.2,1.69,2.06,2.33,0,0
2024-04-02,E0,19:45,Burnley,Wolves,D,D,T Bramall,2023/2024,2.08,60.0,1.26,8,2,1.8,3.6,1.84,10,12,5.97,5.58,63.16,9.88,5.8,2.05,3.91,2.08,6.79,2.2,5.0,1.4,60.0,6,1.0,13,8.6,57.89,7.0,1.91,1.88,2.09,0,1
2024-04-13,E0,15:00,Nott'm Forest,Wolves,D,D,C Pawson,2023/2024,2.05,60.0,1.26,11,4,1.8,3.6,1.84,15,10,5.27,4.32,63.16,9.41,6.0,1.95,4.14,2.06,6.79,1.0,5.0,1.0,40.0,9,1.6,18,8.6,52.63,7.0,2.0,2.15,2.0,1,1
2024-05-04,E0,17:30,Man City,Wolves,H,H,C Pawson,2023/2024,2.05,60.0,1.26,2,1,2.6,2.8,1.84,4,17,7.65,8.16,63.16,10.47,2.0,4.0,2.82,2.06,6.79,0.8,8.4,0.8,80.0,12,3.4,20,11.2,57.89,6.2,1.28,2.03,4.1,1,0
2024-05-19,E0,16:00,Liverpool,Wolves,H,H,C Kavanagh,2023/2024,1.99,40.0,1.26,4,3,2.4,2.2,1.84,14,11,8.18,8.58,63.16,11.11,2.2,5.0,2.93,2.05,6.79,1.0,10.0,0.8,60.0,14,2.2,36,12.2,68.42,7.6,1.19,1.85,5.6,0,1
2024-08-17,E0,15:00,Arsenal,Wolves,H,H,J Gillett,2024/2025,2.0,0.0,1.42,9,3,2.0,2.0,1.95,17,14,7.14,7.42,73.68,10.41,2.0,3.0,3.27,2.0,5.84,0.0,8.0,0.0,0.0,6,2.0,18,10.0,52.63,8.0,1.45,1.9,3.0,0,0
2024-08-31,E0,15:00,Nott'm Forest,Wolves,D,D,S Hooper,2024/2025,1.87,0.0,1.42,11,3,1.5,2.5,1.95,15,18,5.0,4.26,73.68,9.37,4.5,1.99,4.37,1.88,5.84,1.0,4.5,0.5,0.0,5,1.0,16,7.0,31.58,7.5,1.91,1.92,2.01,0,0
2024-09-21,E0,15:00,Aston Villa,Wolves,H,A,T Robinson,2024/2025,1.9,33.33,1.42,10,4,2.0,3.33,1.95,11,16,6.8,7.47,73.68,10.42,2.67,2.2,3.62,1.93,5.84,1.67,5.33,0.67,66.67,4,2.0,9,8.66,57.89,7.0,1.68,2.08,2.41,1,1
2024-10-05,E0,15:00,Brentford,Wolves,H,H,A Madley,2024/2025,2.05,50.0,1.42,17,6,2.75,3.25,1.95,9,10,5.65,5.16,73.68,10.14,6.25,2.1,4.49,2.16,5.84,1.5,5.75,1.25,75.0,12,2.75,19,9.0,63.16,7.75,1.79,1.81,2.2,1,1
2024-10-26,E0,15:00,Brighton,Wolves,D,H,M Oliver,2024/2025,1.75,60.0,1.42,14,7,2.6,3.8,1.95,12,10,5.59,4.79,73.68,9.64,4.0,2.3,4.05,1.83,5.84,1.4,7.0,1.4,80.0,6,1.8,19,10.8,68.42,8.0,1.64,1.96,2.44,1,1
2024-11-23,E0,15:00,Fulham,Wolves,A,D,R Jones,2024/2025,2.03,80.0,1.42,10,5,2.4,3.8,1.95,14,14,5.83,5.32,73.68,9.85,3.6,2.38,4.02,2.12,5.84,2.0,6.6,2.2,80.0,3,1.6,10,10.4,63.16,7.8,1.65,1.98,2.49,1,0
2024-12-04,E0,19:30,Everton,Wolves,H,H,M Salisbury,2024/2025,2.05,100.0,1.42,6,2,3.0,4.0,1.95,10,8,4.94,4.26,73.68,9.43,5.6,1.83,4.49,2.07,5.84,0.4,4.4,2.0,40.0,4,1.4,13,8.4,47.37,7.0,2.11,2.1,1.87,1,0
2024-12-09,E0,20:00,West Ham,Wolves,H,D,J Brooks,2024/2025,1.97,100.0,1.42,19,5,2.8,3.0,1.95,12,17,5.43,4.63,73.68,9.65,5.2,2.2,4.22,2.02,5.84,1.6,6.2,2.0,80.0,4,2.0,19,9.2,57.89,8.0,1.74,1.87,2.37,1,1
2024-12-22,E0,14:00,Leicester,Wolves,A,A,A Taylor,2024/2025,2.0,100.0,1.42,8,4,1.8,2.6,1.95,15,16,4.94,4.21,73.68,9.41,6.2,2.2,4.47,2.02,5.84,2.2,4.4,2.0,100.0,5,1.4,9,7.0,47.37,7.2,1.8,2.09,2.33,1,0
2024-12-29,E0,15:00,Tottenham,Wolves,D,H,C Kavanagh,2024/2025,1.89,100.0,1.42,11,3,1.8,2.4,1.95,9,10,6.76,7.16,73.68,11.23,6.6,3.2,4.47,1.91,5.84,3.0,7.2,2.0,80.0,3,2.0,13,9.6,73.68,6.4,1.4,2.09,3.35,1,0
2025-01-15,E0,19:30,Newcastle,Wolves,H,H,D England,2024/2025,1.95,100.0,1.42,13,7,2.2,2.4,1.95,10,13,6.08,6.21,73.68,10.22,3.8,2.63,4.14,2.03,5.84,1.0,6.2,1.2,80.0,5,2.6,17,8.6,63.16,5.8,1.53,1.85,2.75,1,0
2025-01-20,E0,20:00,Chelsea,Wolves,H,D,S Hooper,2024/2025,1.92,100.0,1.42,9,4,2.0,2.8,1.95,8,14,6.12,6.47,73.68,9.82,3.8,3.0,3.7,1.94,5.84,1.2,5.2,1.4,100.0,7,2.2,19,8.0,57.89,5.8,1.41,1.98,3.16,1,0
2025-02-16,E0,14:00,Liverpool,Wolves,H,H,S Hooper,2024/2025,1.98,100.0,1.42,16,4,2.0,3.4,1.95,15,13,6.13,6.53,73.68,10.1,4.2,2.75,3.97,2.0,5.84,1.4,6.4,1.4,100.0,3,2.6,10,9.8,63.16,4.4,1.47,2.05,3.0,1,0
2025-02-22,E0,15:00,Bournemouth,Wolves,A,A,M Salisbury,2024/2025,1.98,80.0,1.42,13,5,2.0,4.6,1.95,17,9,5.9,6.32,73.68,10.26,4.8,2.2,4.36,1.99,5.84,0.6,5.2,1.0,20.0,3,1.2,8,9.8,31.58,4.4,1.72,2.1,2.36,0,1
2025-03-15,E0,15:00,Southampton,Wolves,A,A,R Jones,2024/2025,2.07,80.0,1.42,5,3,1.8,3.8,1.95,12,13,4.02,3.16,73.68,8.85,4.6,1.73,4.83,2.09,5.84,3.4,3.8,1.0,100.0,3,0.6,10,7.6,68.42,4.4,2.24,2.08,1.92,1,0
2025-04-05,E0,15:00,Ipswich,Wolves,A,H,P Bankes,2024/2025,1.9,80.0,1.42,22,7,1.4,5.0,1.95,12,16,4.54,4.11,73.68,9.16,4.8,1.67,4.62,1.92,5.84,3.6,3.8,1.4,100.0,2,1.0,6,8.8,52.63,4.4,2.33,1.91,1.68,1,1
2025-04-20,E0,14:00,Man United,Wolves,A,D,R Jones,2024/2025,1.88,60.0,1.42,4,2,0.8,4.2,1.95,11,18,5.73,5.58,73.68,9.66,4.0,1.95,3.93,1.9,5.84,1.2,6.4,1.4,20.0,2,0.8,12,10.6,52.63,5.6,2.0,2.04,2.01,0,1
2025-05-02,E0,20:00,Man City,Wolves,H,H,P Bankes,2024/2025,2.04,40.0,1.42,6,1,0.6,4.6,1.95,7,11,6.35,7.0,73.68,10.0,3.2,2.38,3.65,2.07,5.84,1.0,4.8,1.2,60.0,2,2.4,9,9.4,73.68,5.6,1.58,1.96,2.58,0,0
2025-05-20,E0,20:00,Crystal Palace,Wolves,H,H,D Webb,2024/2025,1.92,60.0,1.42,12,3,1.4,5.2,1.95,14,8,4.8,4.58,73.68,9.54,5.2,1.88,4.74,1.93,5.84,0.8,3.8,1.4,40.0,10,1.6,14,9.0,47.37,4.4,2.02,1.86,1.98,1,0
2025-08-23,E0,15:00,Bournemouth,Wolves,H,H,T Bramall,2025/2026,1.83,0.0,0.45,6,1,1.0,3.0,1.64,13,16,6.31,5.18,36.36,9.69,3.0,1.98,3.38,1.83,7.45,0.0,8.0,0.0,0.0,4,1.0,14,11.0,45.45,8.0,1.88,1.88,2.07,0,1
2025-09-13,E0,15:00,Newcastle,Wolves,H,H,C Kavanagh,2025/2026,1.88,0.0,0.45,8,3,1.0,3.5,1.64,10,17,7.76,7.55,36.36,11.64,2.5,2.2,3.88,1.89,7.45,1.5,8.5,0.0,50.0,4,1.5,16,12.0,72.73,9.0,1.8,2.09,2.2,0,1
2025-09-27,E0,20:00,Tottenham,Wolves,D,D,M Salisbury,2025/2026,1.75,0.0,0.45,9,3,1.0,5.33,1.64,9,11,6.53,5.82,36.36,11.06,7.33,2.1,4.53,1.83,7.45,0.67,5.33,0.33,33.33,3,1.33,10,10.66,54.55,9.33,1.75,1.92,2.15,0,1
2025-10-18,E0,15:00,Sunderland,Wolves,H,H,R Jones,2025/2026,1.78,0.0,0.45,16,3,1.25,4.5,1.64,5,12,5.11,3.73,36.36,9.0,4.5,1.57,3.89,1.78,7.45,0.5,4.25,0.25,50.0,2,2.0,8,8.75,45.45,7.75,2.5,1.74,1.6,0,0
2025-11-01,E0,15:00,Fulham,Wolves,H,H,J Brooks,2025/2026,2.0,20.0,0.45,5,2,1.6,3.8,1.64,13,14,6.08,5.09,36.36,10.41,6.0,2.0,4.33,2.02,7.45,0.6,6.0,0.2,40.0,6,1.6,19,9.8,54.55,8.2,1.98,1.88,2.0,1,1
2025-11-08,E0,20:00,Chelsea,Wolves,H,D,A Kitchen,2025/2026,2.03,40.0,0.45,3,0,2.0,3.4,1.64,12,14,7.26,6.91,36.36,10.84,3.0,2.38,3.58,2.06,7.45,1.2,7.4,0.2,80.0,8,1.8,20,10.8,54.55,8.6,1.6,1.84,2.55,1,1
2025-11-30,E0,14:05,Aston Villa,Wolves,H,D,C Kavanagh,2025/2026,2.03,40.0,0.45,9,4,2.0,3.2,1.64,13,21,6.03,5.18,36.36,10.05,6.0,2.0,4.02,22.0,7.45,0.4,5.2,0.2,60.0,6,2.2,16,8.4,63.64,8.0,1.8,1.82,2.18,0,0
2025-12-13,E0,20:00,Arsenal,Wolves,H,D,R Jones,2025/2026,1.93,60.0,0.45,3,2,2.2,1.4,1.64,7,15,6.28,5.64,36.36,9.26,3.0,2.63,2.98,1.94,7.45,0.4,5.6,0.2,40.0,2,2.2,16,7.0,54.55,7.6,1.5,2.02,2.75,1,0
2025-12-27,E0,15:00,Liverpool,Wolves,H,H,S Hooper,2025/2026,1.98,80.0,0.45,9,4,2.2,1.8,1.64,5,13,6.36,5.82,36.36,9.86,3.8,2.75,3.5,1.98,7.45,1.0,4.8,0.4,40.0,4,1.4,14,6.6,45.45,8.2,1.48,1.97,2.8,1,0
2025-12-30,E0,20:15,Man United,Wolves,D,D,T Bramall,2025/2026,2.03,60.0,0.45,11,4,1.8,2.4,1.64,9,12,5.69,4.45,36.36,9.51,5.2,2.5,3.82,2.08,7.45,1.4,6.0,0.6,20.0,6,1.4,15,8.4,36.36,7.8,1.57,2.06,2.55,0,1
2026-01-07,E0,19:30,Everton,Wolves,D,H,T Kirk,2025/2026,1.83,40.0,0.45,13,4,1.4,3.6,1.64,13,15,5.67,5.0,36.36,9.61,5.0,1.8,3.94,1.86,7.45,2.0,4.4,0.8,60.0,2,1.4,13,8.0,45.45,6.2,2.1,2.02,1.86,0,0
