Date,Div,Time,HomeTeam,AwayTeam,FTR,HTR,Season,AvgAHA,AS,HR,AST,AvgLast5AwayGoalsConceded,AvgLast5AwayCorners,AvgHomeCornersConceded,AwayOver2.5Perc,PredictedTotalCorners,MaxAHA,Last5HomeOver2.5Perc,PSCH,AvgLast5HomeGoalsScored,MaxCAHA,AvgLast5AwayGoalsScored,Last5AwayOver2.5Perc,HF,AF,PredictedHomeCorners,AvgLast5HomeCornersConceded,B365C_lt_2.5,PredictedAwayCorners,AvgAwayCornersConceded,AvgLast5HomeGoalsConceded,AvgLast5HomeCorners,HST,HS,PredictedTotalCorners_Last5,HomeOver2.5Perc,AvgLast5AwayCornersConceded,MaxC_gt_2.5,AY,Over2.5,OverUnder10.5Corners
2024-08-24,F1,18:00,Lille,Angers,H,H,2024/2025,2.01,5,0,2,2.0,2.0,3.88,17.65,7.93,2.06,0.0,1.36,2.0,2.11,0.0,0.0,9,17,4.49,2.0,1.83,3.44,4.41,0.0,3.0,6,11,5.0,58.82,3.0,2.08,2,0,0
2024-09-15,F1,16:00,Strasbourg,Angers,D,H,2024/2025,1.92,12,0,2,1.5,5.5,4.71,17.65,8.78,2.0,50.0,1.64,2.0,2.13,0.5,0.0,11,14,4.28,7.0,1.95,4.5,4.41,1.0,4.0,5,10,9.5,70.59,4.5,1.98,1,0,1
2024-10-04,F1,19:45,Marseille,Angers,D,D,2024/2025,1.95,8,1,3,1.33,4.67,2.71,17.65,8.52,2.03,33.33,1.27,1.67,1.92,0.67,0.0,12,9,5.01,3.0,2.5,3.51,4.41,1.0,4.0,4,13,8.67,64.71,6.0,1.58,0,0,1
2024-10-20,F1,16:00,Toulouse,Angers,D,A,2024/2025,1.83,8,0,4,1.25,4.0,3.24,17.65,8.87,1.86,40.0,1.49,1.0,2.15,0.75,0.0,11,9,5.21,3.8,1.91,3.66,4.41,1.2,5.8,6,18,9.8,47.06,6.5,2.0,4,0,0
2024-11-01,F1,18:00,Monaco,Angers,A,A,2024/2025,1.86,10,0,3,1.0,4.0,3.88,17.65,8.7,1.93,40.0,1.26,1.2,2.07,0.8,0.0,16,12,4.9,3.6,3.2,3.8,4.41,0.8,5.8,3,11,9.8,58.82,6.0,1.43,1,0,0
2024-11-24,F1,16:00,Auxerre,Angers,H,D,2024/2025,1.81,10,0,5,0.8,4.0,6.12,17.65,8.48,1.87,80.0,1.78,2.0,1.93,0.8,0.0,13,7,3.92,5.6,2.06,4.56,4.41,0.8,2.6,6,10,6.6,58.82,5.8,1.89,1,0,0
2024-12-01,F1,16:00,Le Havre,Angers,A,D,2024/2025,1.88,12,0,3,0.6,3.0,5.35,17.65,8.27,1.91,60.0,2.35,0.2,1.94,0.8,0.0,8,10,3.92,6.4,1.57,4.35,4.41,2.2,3.4,1,5,6.4,70.59,5.0,2.47,0,0,0
2024-12-15,F1,16:00,Rennes,Angers,H,H,2024/2025,2.03,3,0,0,0.8,2.6,3.29,17.65,8.7,2.13,40.0,1.66,1.8,2.12,0.6,0.0,18,12,5.37,1.8,1.73,3.33,4.41,0.8,7.4,4,7,10.0,47.06,3.6,2.14,1,0,0
2025-01-12,F1,16:15,Montpellier,Angers,A,A,2024/2025,2.03,21,2,8,0.8,2.8,4.71,17.65,8.67,2.09,100.0,2.09,1.6,1.85,1.0,20.0,11,15,4.76,3.8,1.85,3.91,4.41,2.2,4.6,3,8,7.4,70.59,2.6,2.06,2,1,0
2025-01-26,F1,16:15,Lens,Angers,H,D,2024/2025,1.84,2,0,0,1.0,2.8,2.65,17.65,8.79,1.89,40.0,1.5,1.0,2.16,0.8,20.0,16,10,5.6,1.8,2.0,3.19,4.41,1.2,5.8,4,16,8.6,35.29,2.6,2.0,1,0,0
2025-02-16,F1,16:15,Reims,Angers,A,A,2024/2025,1.85,10,0,3,0.8,3.2,5.47,17.65,7.94,1.89,40.0,1.95,0.8,1.99,1.0,20.0,13,6,3.78,4.0,1.62,4.16,4.41,1.6,4.6,4,16,7.8,35.29,2.4,2.38,1,0,0
2025-02-22,F1,18:00,St Etienne,Angers,D,A,2024/2025,1.8,13,0,4,1.4,3.0,6.12,17.65,8.6,1.86,40.0,2.53,1.4,1.85,1.4,40.0,13,16,4.06,6.4,1.93,4.54,4.41,1.8,3.8,8,19,6.8,52.94,2.8,1.99,0,1,0
2025-03-09,F1,14:00,Brest,Angers,H,H,2024/2025,1.86,7,0,1,1.4,4.0,4.94,17.65,8.38,1.93,80.0,1.69,2.4,1.74,1.4,40.0,14,8,4.1,5.8,1.8,4.28,4.41,1.8,4.0,7,19,8.0,52.94,3.6,2.09,1,0,1
2025-04-05,F1,16:00,Paris SG,Angers,H,D,2024/2025,1.87,5,0,0,1.4,3.6,2.71,17.65,9.31,1.92,60.0,1.13,2.6,1.96,0.8,20.0,7,12,5.98,2.2,4.0,3.33,4.41,0.8,5.6,6,20,9.2,76.47,4.0,1.25,3,0,0
2025-04-20,F1,16:15,Nice,Angers,H,H,2024/2025,1.97,5,0,2,1.6,3.2,4.76,17.65,9.31,2.03,40.0,1.4,1.2,2.06,1.0,40.0,10,8,5.45,2.8,2.1,3.86,4.41,1.2,7.8,8,22,11.0,52.94,4.0,1.76,1,1,0
2025-05-04,F1,14:00,Nantes,Angers,A,D,2024/2025,1.93,14,0,2,1.6,3.6,6.06,17.65,9.07,1.98,0.0,2.01,0.4,1.95,1.0,40.0,12,16,4.55,5.8,1.73,4.52,4.41,0.6,3.4,3,8,7.0,35.29,4.6,2.24,3,0,0
2025-05-17,F1,20:00,Lyon,Angers,H,D,2024/2025,2.07,13,0,3,1.4,4.6,4.41,17.65,9.19,2.14,80.0,1.18,2.6,1.93,0.4,20.0,10,13,5.24,3.2,4.0,3.95,4.41,1.2,5.6,4,21,10.2,64.71,5.4,1.27,3,0,1
2025-08-22,F1,19:45,Paris SG,Angers,H,D,2025/2026,1.84,3,0,0,1.0,0.0,2.56,33.33,9.97,1.93,0.0,1.09,1.0,2.08,0.0,0.0,3,9,7.68,0.0,4.0,2.29,6.22,0.0,12.0,4,21,12.0,55.56,12.0,1.27,0,0,1
2025-09-14,F1,16:15,Metz,Angers,D,H,2025/2026,1.83,11,0,4,1.0,1.5,3.88,33.33,8.04,2.0,0.0,2.23,0.5,1.92,0.5,0.0,10,7,4.97,3.0,1.73,3.07,6.22,1.0,3.5,5,9,5.0,37.5,8.0,2.16,1,0,0
2025-09-19,F1,19:45,Lyon,Angers,H,D,2025/2026,1.84,10,0,2,1.0,2.33,3.0,33.33,9.29,1.91,33.33,1.46,1.67,1.87,0.33,0.0,16,10,6.29,3.67,2.05,3.0,6.22,0.0,6.67,5,16,9.0,66.67,7.67,1.8,2,0,1
2025-10-05,F1,16:15,Strasbourg,Angers,H,H,2025/2026,1.94,5,0,1,2.0,3.0,3.22,33.33,8.46,2.0,50.0,1.78,2.0,1.9,0.25,25.0,12,11,5.26,4.5,1.8,3.2,6.22,0.5,4.5,12,18,7.5,55.56,6.25,2.1,2,1,0
2025-10-29,F1,20:05,Marseille,Angers,D,A,2025/2026,1.92,12,0,6,2.0,3.4,2.67,33.33,8.29,1.98,80.0,1.23,3.6,1.96,0.6,40.0,11,7,5.41,2.2,2.38,2.88,6.22,1.2,4.6,6,11,8.0,66.67,5.2,1.6,1,1,0
2025-11-02,F1,16:15,Lille,Angers,H,H,2025/2026,1.92,6,0,1,2.0,3.8,4.89,33.33,9.52,2.03,40.0,1.36,2.0,1.83,0.6,40.0,10,10,5.77,5.0,2.3,3.75,6.22,0.8,5.8,4,15,9.6,33.33,4.6,1.68,0,0,1
2025-11-23,F1,16:15,Toulouse,Angers,A,A,2025/2026,2.02,6,0,2,1.8,3.4,4.9,33.33,9.03,2.05,60.0,1.69,1.6,1.98,0.6,40.0,15,15,5.49,3.2,1.73,3.54,6.22,1.0,6.4,6,25,9.8,60.0,6.0,2.14,3,0,1
2025-12-07,F1,14:00,Nice,Angers,A,A,2025/2026,1.85,8,1,4,1.6,2.8,6.67,33.33,9.73,1.93,40.0,1.8,1.4,2.08,0.8,40.0,11,9,5.31,8.2,1.91,4.42,6.22,1.8,4.0,3,13,6.8,33.33,5.4,1.92,1,0,0
2026-01-04,F1,16:15,Le Havre,Angers,H,H,2025/2026,1.74,9,0,3,1.0,3.0,2.78,33.33,8.67,1.8,20.0,2.47,0.8,1.82,1.0,40.0,15,8,5.75,2.8,1.67,2.92,6.22,0.6,6.4,6,11,9.4,44.44,6.2,2.23,1,1,1
2024-08-25,F1,16:00,Nantes,Auxerre,H,H,2024/2025,1.88,10,0,3,2.0,12.0,6.06,64.71,10.94,1.96,0.0,2.66,2.0,2.08,0.0,0.0,9,6,4.69,12.0,1.9,6.25,5.76,0.0,3.0,6,8,15.0,35.29,3.0,2.02,0,0,1
2024-09-01,F1,16:00,Le Havre,Auxerre,H,D,2024/2025,1.89,7,0,2,2.5,7.0,5.35,64.71,8.73,1.92,100.0,2.96,2.0,1.88,0.5,50.0,10,15,3.86,5.0,1.73,4.87,5.76,2.5,2.0,8,21,9.0,70.59,2.5,2.24,5,1,0
2024-09-22,F1,16:00,Montpellier,Auxerre,H,A,2024/2025,1.85,11,0,6,2.67,6.33,4.71,64.71,10.29,1.91,66.67,2.06,1.67,2.17,1.0,66.67,13,20,5.75,4.0,2.3,4.54,5.76,2.0,8.33,5,14,14.66,70.59,5.33,1.68,4,1,1
2024-10-05,F1,16:00,St Etienne,Auxerre,H,H,2024/2025,1.87,11,0,3,2.75,5.75,6.12,64.71,9.5,1.9,33.33,3.22,1.33,2.09,1.0,75.0,13,10,4.56,5.0,1.92,4.94,5.76,1.0,3.0,5,13,8.75,52.94,5.25,1.99,1,1,0
2024-10-27,F1,14:00,Lyon,Auxerre,D,H,2024/2025,1.82,17,0,4,2.6,5.4,4.41,64.71,10.05,1.88,60.0,1.46,2.0,2.01,1.2,80.0,7,14,5.6,4.8,3.0,4.45,5.76,2.0,6.0,8,12,11.4,64.71,5.2,1.45,4,1,0
2024-11-08,F1,19:45,Marseille,Auxerre,A,A,2024/2025,2.01,10,0,6,2.4,3.6,2.71,64.71,8.92,2.08,60.0,1.45,1.2,1.94,1.8,100.0,13,16,5.27,2.8,2.5,3.65,5.76,1.8,3.6,5,19,7.2,64.71,5.6,1.57,2,1,0
2024-12-01,F1,16:00,Toulouse,Auxerre,H,H,2024/2025,1.93,4,0,0,2.2,3.6,3.24,64.71,9.44,2.02,20.0,1.68,1.4,2.08,1.6,80.0,14,12,5.54,4.0,2.05,3.9,5.76,0.6,5.8,7,12,9.4,47.06,6.4,1.85,0,0,0
2025-01-05,F1,14:00,Strasbourg,Auxerre,H,D,2024/2025,1.96,14,0,7,2.2,3.2,4.71,64.71,8.74,2.02,80.0,1.85,1.8,2.11,1.4,80.0,10,13,4.59,3.2,2.3,4.15,5.76,1.4,3.2,4,11,6.4,70.59,5.0,1.67,2,1,0
2025-01-19,F1,16:15,Angers,Auxerre,H,H,2024/2025,1.76,10,0,4,2.0,2.8,5.0,64.71,8.68,1.81,60.0,2.36,2.0,1.94,1.2,60.0,9,10,4.34,4.8,1.73,4.34,5.76,1.8,3.2,4,12,6.0,47.06,4.8,2.18,1,0,0
2025-02-01,F1,18:00,Monaco,Auxerre,H,A,2024/2025,1.9,12,0,7,2.4,2.8,3.88,64.71,8.92,1.97,80.0,1.38,2.8,1.88,1.2,60.0,17,15,4.82,5.2,2.75,4.1,5.76,2.0,2.8,6,11,5.6,58.82,4.8,1.46,2,1,0
2025-02-14,F1,19:45,Brest,Auxerre,D,A,2024/2025,1.92,11,0,6,2.6,3.0,4.94,64.71,8.92,2.02,100.0,2.15,2.6,2.08,1.0,60.0,9,12,4.53,5.2,1.98,4.39,5.76,2.0,3.6,6,18,6.6,52.94,5.0,2.07,2,1,0
2025-03-09,F1,16:15,Reims,Auxerre,A,A,2024/2025,1.75,13,0,9,2.2,5.0,5.47,64.71,9.23,1.8,40.0,2.61,0.8,1.95,1.4,60.0,9,13,4.47,5.6,1.87,4.76,5.76,2.0,5.6,4,18,10.6,35.29,5.0,2.13,1,0,1
2025-03-14,F1,19:45,Nice,Auxerre,D,H,2024/2025,1.85,10,1,4,1.8,5.0,4.76,64.71,10.43,1.9,0.0,1.59,1.4,1.92,1.4,40.0,14,18,5.91,5.0,2.0,4.52,5.76,0.6,7.4,6,20,12.4,52.94,5.6,1.83,3,0,0
2025-04-06,F1,16:15,Rennes,Auxerre,A,D,2024/2025,2.0,11,0,3,1.4,5.6,3.29,64.71,9.94,2.04,20.0,1.92,0.6,2.01,1.6,40.0,10,5,5.85,3.8,2.1,4.09,5.76,1.4,6.0,5,18,11.6,47.06,6.4,1.82,0,0,1
2025-04-20,F1,14:00,Lille,Auxerre,H,H,2024/2025,1.98,7,0,3,1.2,5.6,3.88,64.71,9.84,2.05,60.0,1.35,1.6,1.91,1.4,40.0,8,13,5.52,4.6,2.2,4.32,5.76,0.8,6.0,9,15,11.6,58.82,7.0,1.7,2,1,1
2025-04-27,F1,16:15,Lens,Auxerre,A,A,2024/2025,1.85,12,1,8,0.8,5.0,2.65,64.71,10.31,1.91,40.0,1.58,1.0,1.96,1.8,40.0,12,13,6.58,2.4,2.38,3.73,5.76,2.0,7.4,5,16,12.4,35.29,7.4,1.65,4,1,0
2025-05-17,F1,20:00,Paris SG,Auxerre,H,A,2024/2025,2.0,7,0,2,1.4,3.0,2.71,64.71,10.39,2.04,80.0,1.13,2.0,2.03,1.6,60.0,10,9,6.86,2.2,4.33,3.53,5.76,1.2,7.8,9,21,10.8,76.47,7.2,1.24,2,1,0
2025-08-23,F1,18:00,Nice,Auxerre,H,H,2025/2026,1.92,12,0,8,3.0,4.0,6.67,33.33,9.98,2.03,50.0,1.85,1.5,2.1,1.0,100.0,10,15,5.07,4.0,1.85,4.91,4.22,1.0,7.0,6,16,11.0,33.33,5.0,2.0,2,1,0
2025-08-30,F1,18:00,Nantes,Auxerre,H,H,2025/2026,1.87,14,0,4,2.0,6.5,5.78,33.33,8.63,1.93,0.0,2.42,0.5,2.09,0.5,50.0,13,11,3.29,8.0,1.8,5.34,4.22,0.5,2.5,3,4,9.0,44.44,4.0,2.2,3,0,1
2025-09-27,F1,20:05,Paris SG,Auxerre,H,H,2025/2026,1.88,12,0,3,2.0,6.0,2.56,33.33,9.87,1.93,0.0,1.18,1.67,2.12,0.33,33.33,17,10,5.92,2.67,2.75,3.95,4.22,0.0,7.0,8,15,13.0,55.56,4.33,1.5,2,0,0
2025-10-19,F1,16:15,Rennes,Auxerre,D,D,2025/2026,1.84,7,0,4,2.0,5.0,5.44,33.33,10.06,1.88,50.0,1.83,1.5,2.04,0.75,50.0,11,15,5.21,5.5,2.0,4.85,4.22,0.75,5.0,7,19,10.0,66.67,4.75,1.8,3,1,0
2025-10-29,F1,20:05,Strasbourg,Auxerre,H,D,2025/2026,1.9,6,0,1,2.2,4.6,3.22,33.33,8.71,1.97,60.0,1.66,2.2,2.0,0.6,60.0,11,16,4.58,4.2,2.03,4.13,4.22,0.4,4.4,9,18,9.0,55.56,4.6,1.86,1,1,0
2025-11-09,F1,16:15,Angers,Auxerre,H,D,2025/2026,1.97,12,0,5,2.0,4.4,4.78,33.33,9.16,2.05,0.0,2.62,1.2,2.1,0.4,40.0,19,14,4.62,4.6,1.57,4.54,4.22,0.8,5.2,5,9,9.6,33.33,4.2,2.5,2,0,0
2025-11-29,F1,18:00,Paris FC,Auxerre,D,D,2025/2026,1.77,11,0,3,2.0,3.2,4.12,33.33,9.64,1.81,40.0,1.9,1.4,1.98,0.6,40.0,11,17,5.43,4.2,1.93,4.21,4.22,1.4,5.0,2,11,8.2,62.5,4.4,2.0,1,0,0
2026-01-04,F1,16:15,Brest,Auxerre,H,H,2025/2026,1.89,10,0,1,2.0,3.4,3.67,33.33,9.33,1.97,40.0,2.01,1.2,1.97,0.6,40.0,16,9,5.23,4.0,1.73,4.1,4.22,1.0,5.8,4,11,9.2,55.56,4.8,2.1,2,0,1
2023-08-20,F1,14:00,Le Havre,Brest,A,A,2023/2024,1.94,10,0,5,1.0,3.0,4.12,47.06,8.5,2.0,100.0,2.95,1.0,1.95,2.0,100.0,18,15,4.64,3.0,1.5,3.86,5.12,2.0,5.0,7,18,8.0,47.06,5.0,2.67,2,1,0
2023-08-26,F1,18:00,Marseille,Brest,H,H,2023/2024,2.0,18,0,7,1.5,6.5,4.88,47.06,10.37,2.06,50.0,1.52,2.0,2.09,1.0,50.0,4,8,5.27,10.0,2.1,5.1,5.12,0.5,6.5,6,15,13.0,52.94,4.0,1.74,1,0,1
2023-09-17,F1,14:00,Reims,Brest,A,H,2023/2024,1.97,18,0,7,1.33,7.0,5.12,47.06,10.36,2.01,50.0,2.03,1.5,2.04,1.33,66.67,7,11,5.25,9.0,2.05,5.11,5.12,1.0,5.5,7,13,12.5,47.06,5.33,1.9,4,1,1
2023-10-01,F1,14:00,Nice,Brest,D,D,2023/2024,1.88,7,0,2,1.0,6.25,2.41,47.06,9.26,1.93,0.0,1.85,0.75,1.95,1.0,50.0,13,9,5.52,2.75,1.85,3.74,5.12,0.25,5.25,1,12,11.5,35.29,5.5,2.13,3,0,0
2023-10-22,F1,14:00,Lille,Brest,H,H,2023/2024,1.83,9,0,1,1.0,6.0,3.71,47.06,9.42,1.89,25.0,1.91,1.25,2.1,0.8,40.0,12,13,5.23,4.25,1.88,4.19,5.12,0.5,4.75,4,6,10.75,52.94,5.0,2.05,3,0,0
2023-11-05,F1,16:05,Monaco,Brest,H,H,2023/2024,1.92,15,0,1,1.2,6.2,3.88,47.06,9.7,1.96,60.0,1.78,2.0,1.99,0.4,20.0,15,11,5.56,3.2,2.08,4.14,5.12,0.8,5.6,6,12,11.8,52.94,5.2,1.82,4,0,0
2023-11-26,F1,14:00,Montpellier,Brest,A,A,2023/2024,1.89,17,0,5,1.0,4.4,4.18,47.06,9.24,1.96,60.0,2.34,1.0,1.98,1.0,40.0,11,18,5.1,4.2,1.92,4.14,5.12,1.2,4.6,5,17,9.0,47.06,6.4,2.03,2,1,0
2023-12-10,F1,14:00,Metz,Brest,A,D,2023/2024,1.88,4,0,3,0.8,3.2,4.41,47.06,8.18,1.94,20.0,3.69,0.6,1.93,0.8,20.0,14,16,4.16,3.6,1.62,4.02,5.12,0.8,2.4,3,6,5.6,52.94,5.4,2.37,2,0,0
2023-12-17,F1,12:00,Nantes,Brest,A,D,2023/2024,1.99,14,0,8,0.8,3.0,5.12,47.06,9.62,2.04,0.0,2.84,0.6,1.98,1.2,20.0,15,8,5.35,4.6,1.65,4.27,5.12,0.6,6.6,4,12,9.6,47.06,5.0,2.34,3,0,0
2024-01-28,F1,19:45,Paris SG,Brest,D,H,2023/2024,1.97,9,1,6,1.0,2.0,4.06,47.06,9.76,2.05,100.0,1.45,3.0,2.05,1.6,40.0,12,10,5.91,4.0,2.35,3.85,5.12,1.2,5.6,4,10,7.6,82.35,5.8,1.62,3,1,0
2024-02-11,F1,14:00,Clermont,Brest,D,D,2023/2024,1.76,15,1,9,0.8,2.0,3.88,47.06,8.77,1.83,40.0,3.79,0.6,2.17,1.8,40.0,12,13,4.95,4.2,1.7,3.82,5.12,1.6,3.2,2,7,5.2,41.18,5.0,2.25,4,0,0
2024-02-24,F1,20:00,Strasbourg,Brest,A,A,2023/2024,1.77,15,0,8,0.6,2.6,5.29,47.06,8.3,1.82,100.0,2.72,1.2,2.04,1.8,40.0,21,10,4.08,4.0,1.65,4.22,5.12,2.0,4.4,2,6,7.0,64.71,3.2,2.28,0,1,0
2024-03-09,F1,20:00,Lens,Brest,H,H,2023/2024,2.09,9,0,3,0.8,3.0,3.59,47.06,9.19,2.17,40.0,2.24,1.6,2.06,1.6,40.0,13,10,5.26,5.0,1.6,3.93,5.12,1.2,4.8,2,6,7.8,41.18,3.0,2.38,2,0,0
2024-03-31,F1,12:00,Lorient,Brest,A,D,2023/2024,2.01,10,0,2,0.8,3.2,5.82,47.06,8.96,2.05,20.0,4.1,1.0,2.12,1.4,40.0,10,18,4.35,6.0,1.57,4.61,5.12,1.4,3.0,5,11,6.2,64.71,3.4,2.51,3,0,0
2024-04-14,F1,19:45,Lyon,Brest,H,H,2023/2024,1.91,22,1,7,1.2,4.6,4.06,47.06,9.33,1.97,40.0,2.03,1.4,1.88,1.6,40.0,12,7,5.02,6.0,1.86,4.31,5.12,1.4,5.2,8,16,9.8,58.82,4.0,2.07,5,1,1
2024-04-28,F1,16:05,Rennes,Brest,A,H,2023/2024,1.91,10,0,5,1.8,4.6,4.59,47.06,9.35,1.98,80.0,2.2,2.2,2.04,2.4,60.0,14,15,5.11,4.0,1.73,4.24,5.12,2.0,5.8,7,21,10.4,70.59,5.0,2.25,1,1,1
2024-05-19,F1,20:00,Toulouse,Brest,A,D,2023/2024,1.89,12,0,6,1.8,4.2,4.59,47.06,9.58,1.92,80.0,2.89,1.0,2.09,2.4,60.0,12,17,5.54,2.4,2.3,4.04,5.12,2.0,6.0,2,8,10.2,64.71,6.2,1.68,2,1,0
2024-08-25,F1,14:00,Lens,Brest,H,H,2024/2025,1.83,10,1,2,2.0,2.0,2.65,70.59,9.3,1.89,0.0,1.9,2.0,2.04,0.0,0.0,8,6,5.88,2.0,1.8,3.42,4.88,0.0,5.0,11,22,7.0,35.29,5.0,2.16,0,0,0
2024-09-14,F1,20:00,Paris SG,Brest,H,D,2024/2025,1.85,5,0,3,2.5,1.5,2.71,70.59,10.13,1.94,100.0,1.29,4.5,1.89,0.5,50.0,7,13,6.79,1.5,2.75,3.34,4.88,0.5,9.5,9,22,11.0,76.47,7.0,1.52,3,1,0
2024-09-27,F1,18:00,Auxerre,Brest,H,H,2024/2025,1.86,8,0,4,2.67,2.0,6.12,70.59,8.49,1.89,100.0,3.11,1.67,2.16,0.33,66.67,13,16,3.93,4.67,1.97,4.56,4.88,1.33,2.0,4,15,4.0,58.82,5.33,1.95,0,1,0
2024-10-26,F1,18:00,Reims,Brest,A,A,2024/2025,1.94,13,0,4,2.25,2.25,5.47,70.59,8.56,2.0,60.0,1.9,1.6,2.03,0.75,75.0,15,11,4.11,5.0,1.82,4.45,4.88,1.6,3.4,3,11,5.65,35.29,5.75,2.11,2,1,0
2024-11-10,F1,16:00,Montpellier,Brest,H,H,2024/2025,1.88,19,0,6,2.4,3.2,4.71,70.59,9.46,1.94,100.0,2.99,1.4,1.85,0.8,80.0,18,13,5.2,4.0,1.73,4.26,4.88,2.8,5.2,8,14,8.4,70.59,5.2,2.18,1,1,0
2024-11-22,F1,18:00,Monaco,Brest,H,H,2024/2025,1.99,12,0,4,2.6,4.4,3.88,70.59,8.93,2.07,60.0,1.6,1.6,1.98,1.2,100.0,7,12,4.78,3.8,2.0,4.15,4.88,1.0,4.8,4,10,9.2,58.82,4.6,1.84,2,1,0
2024-12-06,F1,18:00,Lille,Brest,H,H,2024/2025,2.0,7,0,3,2.6,4.4,3.88,70.59,9.01,2.06,60.0,1.65,2.0,2.1,1.2,100.0,13,16,4.76,4.8,1.83,4.25,4.88,1.2,4.4,6,10,8.8,58.82,3.2,2.11,1,1,0
2025-01-05,F1,14:00,Angers,Brest,H,H,2024/2025,1.95,12,0,4,2.4,4.6,5.0,70.59,8.57,2.01,80.0,3.44,1.8,2.06,1.2,80.0,14,11,3.98,5.2,1.57,4.59,4.88,2.4,3.4,2,7,8.0,47.06,3.2,2.44,1,0,0
2025-01-18,F1,18:00,Rennes,Brest,A,A,2024/2025,1.84,10,0,3,2.4,4.8,3.29,70.59,8.93,1.88,60.0,2.03,1.8,1.93,1.2,80.0,13,11,5.03,2.4,1.53,3.9,4.88,1.2,3.8,9,22,8.6,47.06,2.6,2.5,3,1,0
2025-01-26,F1,14:00,Le Havre,Brest,A,A,2024/2025,1.97,17,0,9,1.8,4.6,5.35,70.59,8.65,2.04,60.0,3.45,0.2,2.0,1.2,60.0,12,14,3.95,5.4,1.73,4.7,4.88,2.0,4.4,1,11,9.0,70.59,3.2,2.17,3,0,1
2025-02-07,F1,18:00,Nantes,Brest,A,A,2024/2025,1.79,10,0,6,1.2,3.8,6.06,70.59,9.88,1.87,20.0,2.54,0.8,2.2,1.2,40.0,15,13,5.05,5.8,1.67,4.83,4.88,1.4,6.6,2,15,10.4,35.29,5.2,2.32,2,0,1
2025-02-23,F1,16:15,Strasbourg,Brest,D,D,2024/2025,1.86,12,0,2,0.6,5.2,4.71,70.59,8.95,1.9,40.0,2.25,1.4,2.05,1.0,20.0,12,12,4.45,4.4,1.8,4.5,4.88,0.4,4.0,1,3,9.2,70.59,5.0,2.11,1,0,0
2025-03-02,F1,14:00,Lyon,Brest,H,D,2024/2025,2.02,15,0,5,0.6,5.4,4.41,70.59,9.74,2.08,60.0,1.74,1.8,2.05,1.2,40.0,16,12,5.24,5.0,2.3,4.5,4.88,0.8,4.8,4,10,10.2,64.71,5.0,1.67,1,1,0
2025-03-30,F1,14:00,Toulouse,Brest,A,A,2024/2025,1.84,10,0,5,0.8,5.2,3.24,70.59,9.31,1.88,40.0,2.04,1.0,1.89,1.6,40.0,10,18,5.34,2.8,1.8,3.97,4.88,1.8,6.2,4,17,11.4,47.06,6.2,2.12,5,1,1
2025-04-13,F1,14:00,St Etienne,Brest,D,A,2024/2025,1.77,14,0,6,1.4,5.8,6.12,70.59,9.53,1.84,80.0,3.65,1.6,2.05,2.0,60.0,21,18,4.54,5.2,2.3,4.99,4.88,3.4,3.8,4,9,9.6,52.94,6.4,1.65,4,1,1
2025-04-27,F1,19:45,Marseille,Brest,H,H,2024/2025,2.03,9,0,4,2.2,5.6,2.71,70.59,8.89,2.09,60.0,1.36,2.8,1.92,1.8,80.0,14,16,5.13,1.6,2.57,3.76,4.88,1.0,5.2,7,11,10.8,64.71,4.8,1.51,4,1,0
2025-05-17,F1,20:00,Nice,Brest,H,H,2024/2025,1.83,10,0,1,3.4,4.4,4.76,70.59,9.82,1.85,60.0,1.51,2.2,2.11,1.8,100.0,13,12,5.59,2.4,2.75,4.23,4.88,0.8,6.4,9,18,10.8,52.94,5.6,1.5,5,1,0
2025-08-24,F1,16:15,Toulouse,Brest,H,D,2025/2026,1.97,16,0,2,2.0,9.0,4.9,66.67,9.57,2.03,0.0,2.27,2.0,1.93,0.0,0.0,14,10,4.96,9.0,1.83,4.61,6.67,0.0,3.0,3,6,12.0,60.0,3.0,2.05,1,0,1
2025-08-29,F1,19:45,Lens,Brest,H,A,2025/2026,1.94,9,0,2,2.5,5.0,5.22,66.67,11.48,2.0,50.0,1.98,1.5,1.98,0.5,50.0,7,12,7.64,4.5,2.1,3.84,6.67,1.0,14.0,10,30,19.0,55.56,9.0,1.75,3,1,1
2025-09-28,F1,16:15,Angers,Brest,A,A,2025/2026,1.89,7,0,3,1.67,4.67,4.78,66.67,9.61,2.03,0.0,3.32,0.67,2.02,1.0,33.33,13,13,5.76,6.0,1.62,3.85,6.67,1.0,5.0,2,11,9.67,33.33,9.67,2.3,1,0,1
2025-10-19,F1,16:15,Lorient,Brest,D,A,2025/2026,1.75,8,0,4,2.0,4.0,5.11,66.67,8.16,1.8,100.0,2.72,2.75,1.9,1.5,50.0,13,16,4.49,4.0,1.85,3.67,6.67,2.75,3.25,7,12,7.25,55.56,8.5,2.05,2,1,0
2025-10-29,F1,18:00,Le Havre,Brest,H,D,2025/2026,1.98,8,0,2,1.8,3.4,2.78,66.67,8.66,2.05,60.0,2.98,1.6,1.85,1.2,40.0,12,11,5.8,2.4,1.62,2.86,6.67,1.2,4.2,3,13,7.6,44.44,7.8,2.3,3,0,0
2025-11-08,F1,16:00,Marseille,Brest,H,H,2025/2026,1.82,4,0,2,2.0,2.0,2.67,66.67,8.54,1.86,80.0,1.49,3.2,1.86,1.2,60.0,12,10,5.86,2.2,2.3,2.68,6.67,0.8,4.8,7,19,6.8,66.67,8.4,1.62,1,1,0
2025-11-30,F1,14:00,Strasbourg,Brest,A,H,2025/2026,4.27,7,0,4,1.6,1.8,3.22,66.67,8.17,22.0,80.0,1.84,2.4,2.05,1.4,60.0,12,14,5.28,3.2,2.2,2.89,6.67,0.8,3.4,6,14,5.2,55.56,6.4,1.7,3,1,0
2025-12-13,F1,16:00,Rennes,Brest,H,H,2025/2026,1.96,14,0,7,2.2,2.4,5.44,66.67,9.58,2.03,100.0,1.88,2.8,2.03,1.2,80.0,16,22,5.93,4.6,2.1,3.65,6.67,1.4,5.6,5,9,8.0,66.67,5.2,1.77,3,1,1
2023-08-20,F1,14:00,Reims,Clermont,H,H,2023/2024,1.96,11,0,4,2.0,10.0,5.12,58.82,10.36,2.0,0.0,1.88,2.0,2.07,0.0,0.0,9,6,5.07,10.0,2.01,5.29,6.35,0.0,3.0,4,8,13.0,47.06,3.0,1.92,0,0,1
2023-09-03,F1,12:00,Toulouse,Clermont,D,H,2023/2024,1.86,15,0,3,2.0,9.0,4.59,58.82,9.74,1.92,50.0,2.29,1.5,2.02,1.0,50.0,19,17,5.03,6.5,1.9,4.71,6.35,1.5,2.5,5,9,11.5,64.71,1.5,2.02,3,1,0
2023-09-24,F1,14:00,Le Havre,Clermont,H,H,2023/2024,1.78,11,0,4,2.0,7.0,4.12,58.82,8.52,1.82,100.0,2.56,2.0,1.85,1.0,66.67,15,17,4.45,3.33,1.53,4.07,6.35,1.0,3.67,3,9,10.67,47.06,1.33,2.66,3,1,0
2023-10-22,F1,19:45,Lyon,Clermont,A,A,2023/2024,1.84,12,0,5,1.75,6.0,4.06,58.82,9.21,1.9,80.0,1.94,1.2,2.01,1.25,75.0,16,12,5.39,2.0,1.98,3.82,6.35,2.6,6.4,6,25,12.4,58.82,3.5,1.95,6,1,1
2023-11-05,F1,14:00,Strasbourg,Clermont,D,D,2023/2024,1.83,10,1,2,1.4,6.0,5.29,58.82,8.74,1.87,40.0,2.33,1.0,1.95,1.0,60.0,11,5,4.27,5.4,1.62,4.47,6.35,1.0,2.8,5,18,8.8,64.71,3.6,2.41,0,0,0
2023-11-29,F1,18:00,Montpellier,Clermont,D,A,2023/2024,1.92,5,0,1,1.2,4.0,4.18,58.82,9.09,1.96,40.0,1.94,1.0,2.05,1.2,60.0,23,14,5.28,3.6,1.86,3.81,6.35,0.8,5.2,10,32,9.2,47.06,4.6,2.06,4,0,0
2023-12-03,F1,14:00,Brest,Clermont,H,H,2023/2024,1.83,10,0,1,1.4,2.8,3.29,58.82,9.01,1.88,40.0,1.72,1.4,2.0,0.8,60.0,11,17,5.54,3.6,1.83,3.47,6.35,0.8,6.6,7,12,9.4,29.41,5.4,2.13,2,1,0
2023-12-17,F1,16:05,Marseille,Clermont,H,H,2023/2024,1.89,5,0,2,1.4,2.4,4.88,58.82,9.44,1.96,60.0,1.49,2.0,2.18,0.8,60.0,12,14,5.55,4.2,1.95,3.89,6.35,0.2,4.2,6,15,6.6,52.94,6.0,1.96,3,1,0
2024-01-14,F1,14:00,Nantes,Clermont,A,A,2023/2024,1.89,15,1,6,1.4,2.8,5.12,58.82,9.99,1.93,20.0,1.94,0.4,2.0,0.8,60.0,10,5,5.92,5.0,1.92,4.07,6.35,1.0,8.0,9,20,10.8,47.06,6.2,2.09,1,1,1
2024-02-04,F1,14:00,Lille,Clermont,H,H,2023/2024,1.92,4,0,3,2.2,1.8,3.71,58.82,9.58,1.98,40.0,1.44,2.2,1.96,0.8,80.0,8,10,6.22,2.4,2.05,3.36,6.35,0.4,8.8,13,23,10.6,52.94,7.8,1.9,1,1,1
2024-02-18,F1,14:00,Rennes,Clermont,H,H,2023/2024,2.01,14,0,5,2.6,2.6,4.59,58.82,9.4,2.03,80.0,1.58,2.2,1.96,0.8,100.0,9,10,5.46,5.2,1.95,3.94,6.35,1.0,4.2,8,16,6.8,70.59,7.0,1.99,0,1,0
2024-02-25,F1,14:00,Nice,Clermont,D,D,2023/2024,2.05,13,0,5,2.0,2.4,2.41,58.82,9.31,2.1,40.0,1.47,1.4,1.91,0.8,80.0,8,12,6.24,2.2,2.0,3.07,6.35,0.8,7.0,4,23,9.4,35.29,7.8,2.0,1,0,0
2024-03-10,F1,14:00,Metz,Clermont,H,H,2023/2024,1.9,13,0,6,1.8,3.6,4.41,58.82,8.96,1.98,40.0,2.22,0.6,2.06,0.6,60.0,10,10,5.09,4.0,1.67,3.87,6.35,1.2,6.0,2,11,9.6,52.94,8.0,2.35,3,0,1
2024-04-06,F1,20:00,Paris SG,Clermont,D,A,2023/2024,2.04,6,0,3,1.8,3.0,4.06,58.82,10.38,2.12,60.0,1.33,1.8,2.0,0.4,40.0,11,7,6.82,2.4,2.4,3.56,6.35,1.4,8.2,7,23,11.2,82.35,9.2,1.61,0,0,1
2024-04-20,F1,20:00,Lens,Clermont,H,H,2023/2024,1.97,8,0,1,1.2,3.4,3.59,58.82,9.79,2.02,40.0,1.38,1.2,2.09,0.4,20.0,17,17,6.21,3.4,2.2,3.58,6.35,1.4,6.6,4,17,10.0,41.18,7.6,1.72,4,0,0
2024-05-04,F1,16:00,Monaco,Clermont,H,H,2023/2024,1.81,9,0,1,1.4,3.4,3.88,58.82,10.03,1.88,40.0,1.3,1.6,1.93,0.4,20.0,13,12,6.19,5.2,3.75,3.84,6.35,0.6,6.4,8,23,9.8,52.94,7.6,1.31,1,1,0
2024-05-19,F1,20:00,Lorient,Clermont,H,H,2023/2024,2.01,9,0,4,2.4,3.6,5.82,58.82,9.55,2.1,60.0,1.64,1.4,1.88,0.4,40.0,20,8,5.33,4.0,2.75,4.22,6.35,1.8,5.4,10,32,9.0,64.71,7.8,1.48,3,1,1
2023-08-13,F1,14:00,Montpellier,Le Havre,D,A,2023/2024,1.9,12,0,4,2.0,2.0,4.18,52.94,8.23,1.96,100.0,1.73,2.0,1.99,2.0,100.0,8,12,5.0,2.0,1.73,3.23,5.12,2.0,5.0,5,15,7.0,47.06,5.0,2.17,2,1,0
2023-08-27,F1,12:00,Rennes,Le Havre,D,H,2023/2024,1.86,7,0,3,2.0,2.0,4.59,52.94,8.46,1.92,100.0,1.55,3.5,2.23,2.0,100.0,5,7,5.03,3.0,1.98,3.43,5.12,1.5,5.0,8,22,7.0,70.59,5.0,1.94,2,1,0
2023-09-17,F1,19:45,Lyon,Le Havre,D,D,2023/2024,1.99,7,0,0,1.33,1.67,4.06,52.94,8.33,2.05,66.67,1.74,0.67,2.05,1.33,66.67,13,12,5.2,1.67,2.2,3.13,5.12,2.67,5.67,7,23,7.34,58.82,5.33,1.71,2,0,0
2023-10-08,F1,12:00,Marseille,Le Havre,H,H,2023/2024,2.05,7,0,1,1.75,2.0,4.88,52.94,9.1,2.17,50.0,1.48,1.75,1.9,1.0,75.0,6,16,5.3,6.0,2.1,3.8,5.12,0.25,5.75,6,14,7.75,52.94,5.0,1.77,3,1,0
2023-10-29,F1,14:00,Metz,Le Havre,D,D,2023/2024,2.05,12,0,1,1.4,2.8,4.41,52.94,7.76,2.15,40.0,2.95,0.8,1.89,0.8,60.0,13,15,4.18,4.2,1.57,3.58,5.12,1.2,3.0,3,9,5.8,52.94,5.0,2.47,2,0,1
2023-11-05,F1,14:00,Toulouse,Le Havre,A,D,2023/2024,2.01,15,0,7,1.2,3.6,4.59,52.94,9.09,2.06,60.0,2.04,1.6,1.92,0.8,60.0,9,12,5.16,6.4,1.7,3.93,5.12,1.2,3.6,5,17,7.2,64.71,4.8,2.25,2,1,0
2023-11-26,F1,14:00,Nantes,Le Havre,D,D,2023/2024,2.09,6,0,0,0.8,4.2,5.12,52.94,9.31,2.16,20.0,2.0,1.6,1.94,0.4,40.0,10,17,5.37,4.6,1.57,3.94,5.12,1.0,6.0,3,19,10.2,47.06,5.8,2.5,2,0,1
2023-12-10,F1,14:00,Strasbourg,Le Havre,H,H,2023/2024,2.02,15,0,3,1.2,4.6,5.29,52.94,8.5,2.07,40.0,2.4,0.8,1.96,0.6,60.0,14,15,4.26,6.8,1.53,4.24,5.12,1.0,4.0,3,12,8.6,64.71,5.4,2.5,1,1,0
2023-12-20,F1,20:00,Reims,Le Havre,H,H,2023/2024,1.97,4,0,1,0.8,4.4,5.12,52.94,9.28,2.03,60.0,1.77,1.0,1.95,0.6,40.0,7,6,5.38,4.0,1.95,3.9,5.12,1.4,6.4,7,22,10.8,47.06,5.8,1.99,1,0,0
2024-01-28,F1,14:00,Lorient,Le Havre,D,D,2023/2024,1.82,14,0,5,1.4,4.0,5.82,52.94,8.63,1.86,80.0,3.25,1.6,2.17,1.2,60.0,15,21,4.55,4.4,1.48,4.08,5.12,2.4,3.4,6,13,7.4,64.71,5.0,2.69,4,1,0
2024-02-04,F1,12:00,Monaco,Le Havre,D,D,2023/2024,1.79,3,0,0,1.4,3.6,3.88,52.94,9.23,1.83,20.0,1.59,1.2,1.97,1.0,40.0,16,11,5.78,3.4,2.08,3.45,5.12,1.0,7.0,5,17,10.6,52.94,6.0,1.78,2,0,1
2024-02-17,F1,16:00,Lille,Le Havre,H,H,2023/2024,1.94,6,0,2,2.0,3.2,3.71,52.94,8.67,1.99,60.0,1.51,2.6,2.11,1.0,60.0,11,17,5.36,2.8,1.73,3.31,5.12,0.2,6.8,8,17,10.0,52.94,4.2,2.18,3,1,0
2024-03-03,F1,14:00,Brest,Le Havre,H,H,2023/2024,1.79,11,0,2,1.8,3.0,3.29,52.94,7.81,1.83,20.0,1.62,1.6,1.83,0.8,40.0,21,15,4.63,2.8,1.62,3.18,5.12,0.0,2.6,4,8,5.6,29.41,3.4,2.34,1,0,0
2024-03-17,F1,14:00,Clermont,Le Havre,H,H,2023/2024,2.01,14,1,5,2.0,3.6,3.88,52.94,8.34,2.04,60.0,2.83,1.2,1.97,1.0,60.0,13,17,4.83,4.0,1.62,3.51,5.12,2.2,4.2,4,9,7.8,41.18,2.8,2.37,5,1,0
2024-04-06,F1,16:00,Lens,Le Havre,D,D,2023/2024,1.91,11,0,3,1.6,3.6,3.59,52.94,8.96,1.96,60.0,1.49,1.6,2.12,0.6,40.0,13,10,5.54,3.8,1.89,3.42,5.12,1.6,6.6,8,18,10.2,41.18,4.0,2.02,5,0,1
2024-04-27,F1,20:00,Paris SG,Le Havre,D,A,2023/2024,1.87,6,0,4,2.0,3.2,4.06,52.94,9.51,1.93,60.0,1.33,2.2,2.01,1.0,60.0,10,8,6.07,3.2,2.75,3.44,5.12,1.6,8.6,4,17,11.8,82.35,4.4,1.55,1,1,1
2024-05-10,F1,20:00,Nice,Le Havre,H,H,2023/2024,1.91,12,0,3,1.6,2.8,2.41,52.94,8.57,1.96,60.0,1.58,1.2,1.97,1.0,40.0,10,9,5.65,2.6,1.85,2.92,5.12,0.8,6.6,6,13,9.4,35.29,5.4,2.06,0,0,0
2024-08-24,F1,20:00,St Etienne,Le Havre,A,D,2024/2025,2.05,14,0,5,0.0,4.0,6.12,52.94,8.68,2.12,0.0,2.04,0.0,1.9,2.0,0.0,11,9,4.08,4.0,1.67,4.6,5.53,2.0,2.0,5,18,6.0,52.94,2.0,2.38,3,0,0
2024-09-15,F1,16:00,Toulouse,Le Havre,H,D,2024/2025,2.03,5,0,3,1.0,4.5,3.24,52.94,9.22,2.08,33.33,1.93,1.0,2.0,1.0,0.0,10,11,5.26,4.33,1.67,3.96,5.53,1.0,6.0,7,15,10.5,47.06,4.0,2.24,1,0,1
2024-09-22,F1,14:00,Monaco,Le Havre,H,D,2024/2025,1.82,9,0,2,1.67,4.33,3.88,52.94,9.24,1.88,33.33,1.43,1.67,2.05,1.0,33.33,10,17,5.07,5.0,2.2,4.17,5.53,0.67,6.0,4,14,10.33,58.82,4.67,1.72,3,1,0
2024-10-06,F1,16:00,Brest,Le Havre,H,H,2024/2025,2.03,14,1,0,1.75,5.5,4.94,52.94,8.82,2.09,50.0,1.84,2.25,2.11,0.75,25.0,19,11,4.42,3.5,1.67,4.4,5.53,1.25,4.25,3,8,9.75,52.94,3.75,2.25,0,0,0
2024-10-25,F1,19:45,Rennes,Le Havre,H,D,2024/2025,2.05,5,0,1,1.6,4.4,3.29,52.94,9.78,2.16,60.0,1.53,1.8,2.2,0.6,20.0,10,7,5.89,3.6,1.98,3.89,5.53,0.6,7.6,4,20,12.0,47.06,5.8,1.99,4,0,1
2024-11-24,F1,16:00,Nantes,Le Havre,A,A,2024/2025,1.96,7,0,5,1.6,4.0,6.06,52.94,9.95,2.02,60.0,1.94,1.0,1.98,0.6,20.0,14,12,5.33,4.4,1.57,4.62,5.53,1.8,5.8,4,18,9.8,35.29,7.2,2.46,1,0,1
2024-12-07,F1,18:00,Nice,Le Havre,H,D,2024/2025,1.83,12,0,2,1.6,4.6,4.76,52.94,10.45,1.88,80.0,1.62,1.8,1.88,0.8,40.0,10,10,5.77,7.6,2.0,4.68,5.53,1.2,5.2,5,17,9.8,52.94,7.0,2.0,2,1,1
2025-01-05,F1,19:45,Marseille,Le Havre,H,H,2024/2025,1.92,4,0,1,2.0,3.8,2.71,52.94,8.95,2.0,80.0,1.32,1.8,2.0,0.8,40.0,12,6,5.31,3.2,2.1,3.64,5.53,1.8,3.6,9,15,7.4,64.71,6.6,1.79,0,1,0
2025-01-19,F1,16:15,Reims,Le Havre,D,H,2024/2025,2.01,7,0,2,1.8,3.2,5.47,52.94,8.79,2.12,20.0,1.68,0.8,2.06,1.0,40.0,9,8,4.52,3.2,1.84,4.27,5.53,1.6,4.0,3,11,7.2,35.29,7.6,2.07,2,0,1
2025-02-02,F1,16:15,Angers,Le Havre,D,D,2024/2025,1.85,13,1,5,1.8,3.6,5.0,52.94,8.74,1.89,40.0,1.87,1.4,2.08,1.2,40.0,8,19,4.4,4.6,1.62,4.34,5.53,1.6,3.6,2,17,7.2,47.06,5.6,2.4,4,0,0
2025-02-08,F1,18:00,Lille,Le Havre,A,A,2024/2025,2.03,14,0,6,2.0,5.2,3.88,52.94,9.37,2.09,80.0,1.24,2.2,2.07,1.2,60.0,16,8,5.23,3.8,2.32,4.14,5.53,1.2,5.2,5,14,10.4,58.82,5.4,1.64,1,1,1
2025-03-01,F1,18:00,Lens,Le Havre,A,D,2024/2025,2.0,8,0,4,2.2,4.0,2.65,52.94,9.87,2.05,40.0,1.41,1.0,2.0,1.8,60.0,12,11,6.32,2.2,2.0,3.55,5.53,1.8,6.6,7,20,10.6,35.29,6.2,1.9,2,1,1
2025-03-16,F1,14:00,Lyon,Le Havre,H,A,2024/2025,1.83,14,0,5,2.0,4.2,4.41,52.94,9.75,1.89,80.0,1.26,2.4,1.95,2.0,60.0,20,12,5.54,4.2,2.75,4.21,5.53,1.2,5.0,7,16,9.2,64.71,6.2,1.5,3,1,0
2025-04-06,F1,16:15,Montpellier,Le Havre,A,A,2024/2025,1.77,13,1,4,1.8,3.4,4.71,52.94,9.66,1.81,40.0,2.58,0.2,2.11,2.2,60.0,15,7,5.44,4.4,2.0,4.22,5.53,2.8,5.2,6,14,8.6,70.59,6.0,1.99,1,0,0
2025-04-19,F1,16:00,Paris SG,Le Havre,H,H,2024/2025,1.81,9,0,1,2.0,3.6,2.71,52.94,10.06,1.88,80.0,1.16,2.8,1.91,2.2,80.0,7,10,6.5,2.6,4.0,3.56,5.53,0.8,5.4,11,18,9.0,76.47,6.6,1.25,0,1,0
2025-05-04,F1,16:15,Auxerre,Le Havre,A,D,2024/2025,2.0,11,0,5,2.0,3.4,6.12,52.94,8.98,2.07,60.0,2.45,1.2,1.82,2.2,80.0,11,10,4.26,5.8,2.1,4.72,5.53,1.2,4.0,1,4,7.4,58.82,5.0,1.82,1,1,0
2025-05-17,F1,20:00,Strasbourg,Le Havre,A,D,2024/2025,1.93,10,1,5,1.8,3.6,4.71,52.94,8.91,1.96,100.0,1.54,2.6,2.11,2.0,80.0,18,8,4.57,5.4,3.0,4.34,5.53,1.8,4.6,4,6,8.2,70.59,4.0,1.43,0,1,0
2025-08-16,F1,18:00,Monaco,Le Havre,H,H,2025/2026,1.84,9,0,4,3.0,4.0,4.1,33.33,9.13,1.9,100.0,1.24,3.0,1.85,1.0,100.0,5,14,5.17,4.0,3.0,3.96,6.56,1.0,5.0,3,13,9.0,70.0,5.0,1.44,1,1,0
2025-09-14,F1,16:15,Strasbourg,Le Havre,H,D,2025/2026,1.77,10,1,1,2.0,3.5,3.22,33.33,9.01,1.84,0.0,1.83,1.0,2.08,0.5,50.0,8,16,5.27,4.5,1.83,3.74,6.56,0.0,5.5,7,9,9.0,55.56,4.5,2.03,2,0,0
2025-09-28,F1,16:15,Metz,Le Havre,D,D,2025/2026,1.9,11,0,2,1.33,4.33,3.88,33.33,8.65,1.95,0.0,2.69,0.33,2.05,0.33,33.33,16,16,4.71,4.0,1.93,3.94,6.56,0.67,3.67,0,7,8.0,37.5,4.33,1.95,2,0,0
2025-10-18,F1,20:05,Marseille,Le Havre,H,D,2025/2026,1.85,8,0,3,2.5,3.5,2.67,33.33,8.75,1.91,75.0,1.37,4.0,2.0,0.75,50.0,17,13,5.44,1.5,2.38,3.31,6.56,1.0,5.5,11,18,9.0,66.67,3.75,1.6,1,1,0
2025-10-26,F1,16:15,Auxerre,Le Havre,A,D,2025/2026,1.97,9,0,4,2.0,3.8,4.89,33.33,10.14,2.03,40.0,2.15,0.8,2.06,0.8,40.0,21,12,5.92,4.8,1.67,4.22,6.56,1.0,5.4,3,14,9.2,44.44,5.6,2.2,2,0,1
2025-11-02,F1,16:15,Toulouse,Le Havre,D,D,2025/2026,1.85,9,0,3,1.4,3.4,4.9,33.33,9.66,1.93,80.0,1.78,2.2,1.93,0.6,20.0,12,14,5.52,4.4,1.73,4.14,6.56,2.0,5.2,2,18,8.6,60.0,6.6,2.1,2,0,1
2025-11-22,F1,20:05,Paris SG,Le Havre,H,H,2025/2026,1.96,12,0,4,1.8,3.6,2.56,33.33,10.09,2.04,40.0,1.21,2.2,2.03,0.6,40.0,10,8,6.67,2.8,2.5,3.42,6.56,0.6,6.0,11,31,9.6,55.56,7.0,1.55,1,1,0
2025-12-14,F1,14:00,Lyon,Le Havre,H,D,2025/2026,1.83,10,0,4,2.0,3.2,3.0,33.33,9.77,1.92,80.0,1.64,1.8,2.05,0.6,40.0,14,18,6.24,3.2,2.0,3.53,6.56,1.2,5.8,4,18,9.0,66.67,7.2,1.91,4,0,0
2023-08-13,F1,12:00,Brest,Lens,H,A,2023/2024,1.96,10,0,2,3.0,8.0,3.29,47.06,9.82,2.0,100.0,3.72,3.0,1.9,2.0,100.0,13,15,4.94,8.0,1.67,4.88,3.94,2.0,6.0,8,15,14.0,29.41,6.0,2.44,3,1,1
2023-08-26,F1,20:00,Paris SG,Lens,H,H,2023/2024,1.84,12,0,4,3.0,6.5,4.06,47.06,10.2,1.9,50.0,1.67,1.5,1.91,1.5,100.0,8,16,5.73,3.5,2.3,4.47,3.94,0.5,7.0,7,17,13.5,82.35,5.5,1.65,5,1,0
2023-09-02,F1,20:00,Monaco,Lens,H,H,2023/2024,2.02,12,0,1,3.0,5.0,3.88,47.06,9.35,2.11,100.0,2.03,3.0,1.97,1.0,100.0,21,16,5.17,2.5,2.3,4.18,3.94,0.0,4.5,6,11,9.5,52.94,5.33,1.67,2,1,0
2023-09-29,F1,20:00,Strasbourg,Lens,A,A,2023/2024,1.81,9,0,2,2.25,4.5,5.29,47.06,8.31,1.86,50.0,4.06,1.5,2.07,1.0,75.0,16,15,3.68,4.0,1.73,4.63,3.94,1.0,2.0,2,8,6.5,64.71,4.5,2.14,4,0,0
2023-10-20,F1,20:00,Le Havre,Lens,D,D,2023/2024,1.85,13,0,7,1.8,4.2,4.12,47.06,8.45,1.9,60.0,4.72,1.2,1.95,0.8,60.0,16,9,4.16,3.8,1.67,4.29,3.94,1.0,4.0,5,14,8.2,47.06,4.2,2.25,3,0,0
2023-11-04,F1,16:00,Lorient,Lens,D,D,2023/2024,1.92,14,0,7,1.2,3.6,5.82,47.06,9.32,1.98,80.0,4.52,1.6,1.9,0.4,40.0,10,14,4.29,7.6,1.83,5.03,3.94,1.4,5.6,2,7,9.2,64.71,3.2,2.13,3,0,0
2023-11-25,F1,16:00,Clermont,Lens,A,A,2023/2024,2.01,16,1,10,0.6,3.4,3.88,47.06,8.72,2.04,20.0,4.03,0.2,2.07,0.8,40.0,16,17,4.51,4.4,1.81,4.21,3.94,1.0,4.2,4,13,7.6,41.18,2.6,2.13,3,1,0
2023-12-08,F1,20:00,Montpellier,Lens,D,D,2023/2024,1.84,13,0,5,0.0,3.6,4.18,47.06,8.64,1.89,40.0,3.69,1.0,2.14,0.8,20.0,16,11,4.48,3.0,1.92,4.16,3.94,0.8,5.4,4,18,9.0,47.06,2.4,2.04,3,0,0
2023-12-20,F1,20:00,Nice,Lens,H,D,2023/2024,1.88,10,0,3,0.4,4.2,2.41,47.06,8.63,1.93,20.0,2.35,1.6,1.98,0.6,20.0,14,11,4.93,2.2,1.65,3.7,3.94,0.2,4.8,5,14,9.0,35.29,3.0,2.3,2,0,1
2024-01-28,F1,16:05,Toulouse,Lens,A,A,2023/2024,1.78,13,0,5,0.4,5.0,4.59,47.06,9.6,1.84,40.0,3.71,0.6,2.12,1.0,20.0,11,14,4.97,5.2,1.98,4.63,3.94,1.4,5.0,4,13,10.0,64.71,4.4,1.99,3,0,1
2024-02-03,F1,20:00,Nantes,Lens,A,D,2023/2024,1.88,12,0,4,0.4,4.6,5.12,47.06,9.63,1.94,20.0,3.73,0.4,2.15,1.2,20.0,16,11,4.99,4.4,1.83,4.64,3.94,1.0,6.4,2,7,11.0,47.06,4.6,2.13,2,0,0
2024-02-18,F1,16:05,Reims,Lens,D,D,2023/2024,1.9,9,0,1,0.6,4.2,5.12,47.06,9.43,1.95,40.0,2.23,1.2,2.02,0.8,0.0,15,9,4.93,3.4,1.82,4.5,3.94,1.0,5.8,2,11,10.0,47.06,4.8,2.08,2,0,0
2024-03-03,F1,19:45,Lyon,Lens,A,A,2023/2024,2.02,18,1,8,0.6,4.4,4.06,47.06,9.01,2.06,40.0,2.66,1.0,2.09,1.4,20.0,5,15,4.62,4.8,1.9,4.39,3.94,1.2,3.8,4,13,8.2,58.82,4.4,2.05,2,1,0
2024-03-29,F1,20:00,Lille,Lens,H,H,2023/2024,2.07,9,0,3,0.6,4.2,3.71,47.06,9.09,2.14,100.0,2.21,2.8,2.06,1.6,40.0,13,17,5.02,2.6,1.7,4.07,3.94,0.6,6.2,6,15,10.4,52.94,4.4,2.21,3,1,0
2024-04-12,F1,20:00,Metz,Lens,H,H,2023/2024,1.91,17,0,2,1.0,3.2,4.41,47.06,8.17,1.95,80.0,6.35,1.4,2.06,1.4,60.0,11,17,3.89,4.0,1.98,4.28,3.94,2.0,4.6,5,11,7.8,52.94,3.4,1.99,5,1,0
2024-04-28,F1,20:00,Marseille,Lens,H,H,2023/2024,2.06,18,0,5,1.4,4.8,4.88,47.06,9.41,2.08,60.0,2.24,2.0,2.02,1.4,80.0,8,12,4.69,5.6,2.05,4.72,3.94,1.2,4.0,6,13,8.8,52.94,3.6,1.87,2,1,1
2024-05-12,F1,20:00,Rennes,Lens,D,D,2023/2024,2.01,8,0,4,1.4,5.0,4.59,47.06,9.18,2.07,60.0,2.3,1.8,1.92,1.4,80.0,12,14,4.69,3.8,2.2,4.49,3.94,2.0,5.8,6,16,10.8,70.59,3.8,1.75,3,0,0
2024-08-18,F1,16:00,Angers,Lens,A,A,2024/2025,1.81,10,0,5,0.0,3.0,5.0,35.29,8.92,1.85,0.0,6.84,0.0,2.07,1.0,0.0,6,10,4.71,3.0,1.73,4.21,4.82,1.0,7.0,3,4,10.0,47.06,7.0,2.2,0,0,0
2024-09-01,F1,14:00,Monaco,Lens,D,D,2024/2025,1.99,12,0,4,0.5,5.0,3.88,35.29,9.5,2.06,0.0,2.08,1.0,1.91,1.0,0.0,11,21,5.12,5.5,2.2,4.38,4.82,0.5,6.0,3,14,11.0,58.82,7.0,1.71,4,0,1
2024-09-21,F1,18:00,Rennes,Lens,D,H,2024/2025,1.8,10,0,2,0.67,4.33,3.29,35.29,9.52,1.84,66.67,2.39,2.33,1.86,1.0,0.0,16,20,5.44,4.67,1.95,4.08,4.82,0.33,4.67,6,11,9.0,47.06,6.0,2.0,4,0,0
2024-10-06,F1,16:00,Strasbourg,Lens,D,A,2024/2025,2.06,12,0,5,1.0,4.5,4.71,35.29,9.08,2.13,50.0,2.7,1.75,1.99,1.25,25.0,15,18,4.54,5.5,1.99,4.54,4.82,1.0,4.75,5,8,9.25,70.59,5.25,1.93,4,1,0
2024-10-19,F1,18:00,St Etienne,Lens,A,A,2024/2025,1.89,13,0,5,0.8,5.0,6.12,35.29,9.18,1.94,25.0,5.92,1.0,1.98,1.4,20.0,12,16,4.24,5.5,2.1,4.94,4.82,1.25,2.75,1,15,7.75,52.94,4.6,1.73,2,0,0
2024-11-02,F1,16:00,Paris SG,Lens,H,H,2024/2025,1.92,13,0,2,1.0,5.2,2.71,35.29,10.2,1.98,80.0,1.42,3.4,2.1,1.2,20.0,3,20,6.32,3.2,2.5,3.88,4.82,0.8,7.4,8,18,12.6,76.47,4.6,1.55,5,0,1
2024-11-29,F1,19:45,Reims,Lens,A,A,2024/2025,1.99,11,0,6,0.8,4.0,5.47,35.29,8.41,2.04,40.0,3.25,1.4,2.05,1.4,20.0,14,12,3.98,3.0,1.87,4.43,4.82,1.6,4.2,3,16,8.2,35.29,3.8,2.04,2,0,0
2024-12-14,F1,18:00,Auxerre,Lens,D,A,2024/2025,1.97,16,0,5,1.0,4.4,6.12,35.29,8.97,2.0,60.0,4.81,1.8,2.05,1.6,40.0,10,10,3.86,7.8,2.0,5.11,4.82,0.6,3.2,3,10,7.6,58.82,3.6,1.83,1,1,0
2025-01-12,F1,14:00,Le Havre,Lens,A,D,2024/2025,1.81,25,0,7,0.8,5.0,5.35,35.29,8.72,1.87,60.0,6.61,0.4,2.01,1.6,40.0,11,14,3.9,6.2,1.95,4.82,4.82,1.8,3.6,4,8,8.6,70.59,3.6,1.99,2,1,1
2025-01-31,F1,19:45,Montpellier,Lens,A,A,2024/2025,1.83,19,0,5,0.8,4.6,4.71,35.29,9.69,1.87,80.0,4.39,1.4,1.88,1.6,40.0,12,17,5.09,6.0,2.1,4.6,4.82,2.0,5.4,2,14,10.0,70.59,4.0,1.82,3,0,0
2025-02-08,F1,16:00,Nice,Lens,H,H,2024/2025,1.81,12,0,3,1.0,4.4,4.76,35.29,9.92,1.87,60.0,2.44,2.2,1.87,1.6,40.0,6,19,5.27,6.6,2.1,4.65,4.82,0.8,5.0,8,16,9.4,52.94,4.0,1.83,4,0,0
2025-02-23,F1,14:00,Nantes,Lens,H,H,2024/2025,1.79,14,0,4,1.6,6.4,6.06,35.29,10.03,1.83,40.0,3.64,1.4,1.91,1.4,60.0,13,18,4.76,7.6,1.73,5.27,4.82,1.2,5.2,8,17,11.6,35.29,3.8,2.15,4,1,1
2025-03-08,F1,20:05,Marseille,Lens,A,D,2024/2025,1.98,3,0,2,1.2,5.4,2.71,35.29,9.13,2.05,40.0,1.51,2.2,2.12,1.2,40.0,15,12,5.35,2.0,2.2,3.78,4.82,1.0,7.8,6,15,13.2,64.71,4.6,1.7,1,0,0
2025-03-30,F1,19:45,Lille,Lens,H,H,2024/2025,1.83,5,0,2,1.2,4.2,3.88,35.29,9.24,1.87,60.0,2.09,1.8,1.85,0.8,20.0,13,15,5.09,4.0,1.82,4.15,4.82,0.8,5.8,5,11,10.0,58.82,5.2,2.15,3,0,0
2025-04-20,F1,16:15,Brest,Lens,A,A,2024/2025,1.82,17,1,9,1.4,4.4,4.94,35.29,9.13,1.87,60.0,2.53,1.4,2.15,1.0,40.0,11,11,4.52,5.8,1.99,4.61,4.82,1.2,5.0,5,11,9.4,52.94,5.8,1.92,0,1,1
2025-05-04,F1,16:15,Lyon,Lens,A,A,2024/2025,1.97,8,0,3,1.2,4.2,4.41,35.29,9.43,2.04,100.0,1.44,2.6,2.04,1.4,60.0,8,12,5.29,2.6,3.0,4.14,4.82,1.4,4.4,4,18,8.6,64.71,6.0,1.43,3,1,0
2025-05-10,F1,20:00,Toulouse,Lens,D,D,2024/2025,1.86,12,0,2,0.8,2.2,3.24,35.29,8.9,1.89,60.0,2.3,1.4,1.97,1.4,40.0,17,12,5.19,3.2,2.04,3.71,4.82,1.8,5.0,6,9,7.2,47.06,6.0,1.9,5,0,0
2025-08-24,F1,16:15,Le Havre,Lens,A,A,2025/2026,1.9,6,0,3,1.0,0.0,2.78,66.67,8.76,1.95,100.0,4.42,1.0,1.83,2.0,100.0,17,16,5.25,0.0,2.03,3.51,3.67,2.0,7.0,6,18,7.0,44.44,7.0,1.87,1,1,0
2025-09-14,F1,16:15,Paris SG,Lens,H,H,2025/2026,1.77,11,0,3,1.5,1.5,2.56,66.67,9.75,1.92,0.0,1.35,1.5,1.98,1.0,50.0,10,8,6.0,1.5,3.0,3.75,3.67,0.0,8.0,6,14,9.5,55.56,5.5,1.4,2,0,0
2025-09-28,F1,19:45,Rennes,Lens,D,D,2025/2026,1.97,13,0,2,1.0,2.33,5.44,66.67,10.27,2.03,33.33,2.61,1.33,1.9,0.67,33.33,16,9,5.2,6.67,2.1,5.07,3.67,0.33,4.67,2,14,7.0,66.67,6.33,1.73,2,0,1
2025-10-04,F1,20:05,Auxerre,Lens,A,A,2025/2026,1.91,7,0,4,1.0,2.25,4.89,66.67,9.7,1.98,50.0,3.6,1.0,2.03,1.0,50.0,10,21,4.97,4.75,2.0,4.73,3.67,1.0,3.5,2,18,5.75,44.44,5.25,1.85,7,1,0
2025-10-29,F1,18:00,Metz,Lens,H,D,2025/2026,1.8,10,1,2,1.2,2.8,3.88,66.67,8.46,1.85,20.0,6.46,0.6,2.03,0.8,40.0,15,15,3.98,4.2,2.38,4.48,3.67,1.0,3.4,7,16,6.2,37.5,4.6,1.57,2,0,0
2025-11-08,F1,20:05,Monaco,Lens,A,A,2025/2026,2.0,20,1,12,1.2,3.6,4.1,66.67,8.93,2.07,60.0,2.02,1.8,1.88,1.2,40.0,15,19,4.27,4.6,2.5,4.66,3.67,1.8,4.0,6,16,7.6,70.0,4.2,1.53,2,1,0
2025-11-30,F1,16:15,Angers,Lens,A,A,2025/2026,4.42,17,0,6,1.0,4.6,4.78,66.67,9.42,22.0,20.0,5.48,1.2,1.91,1.6,60.0,7,11,4.47,4.8,2.1,4.95,3.67,1.0,5.4,5,7,10.0,33.33,3.8,1.8,1,1,0
2025-12-06,F1,16:00,Nantes,Lens,A,D,2025/2026,1.81,20,0,6,1.2,6.2,5.78,66.67,8.55,1.88,40.0,5.17,1.0,1.88,2.0,80.0,8,13,3.07,6.0,2.1,5.48,3.67,2.4,3.2,4,10,9.4,44.44,2.4,1.8,0,1,1
2026-01-02,F1,19:45,Toulouse,Lens,A,D,2025/2026,1.95,16,1,7,1.0,7.4,4.9,66.67,9.63,2.0,40.0,2.58,0.6,2.05,2.2,80.0,16,16,4.43,4.2,1.73,5.2,3.67,1.2,5.8,2,8,13.2,60.0,2.4,2.1,3,1,0
2023-08-11,F1,20:00,Nice,Lille,D,H,2023/2024,2.01,12,0,5,1.0,3.0,2.41,41.18,8.92,2.06,0.0,2.5,1.0,2.15,1.0,0.0,13,9,4.93,3.0,1.98,3.99,4.65,1.0,3.0,3,8,6.0,35.29,3.0,1.98,2,0,0
2023-08-27,F1,16:05,Lorient,Lille,H,H,2023/2024,1.96,18,0,7,2.5,5.5,5.82,41.18,9.88,2.0,50.0,4.09,2.5,2.0,1.0,50.0,22,12,4.24,8.5,1.93,5.64,4.65,1.0,2.5,6,9,8.0,64.71,4.0,1.98,4,1,1
2023-09-16,F1,16:00,Rennes,Lille,D,A,2023/2024,2.0,10,0,6,2.33,4.33,4.59,41.18,9.48,2.06,100.0,2.11,3.0,2.1,1.33,66.67,11,16,4.85,2.67,1.9,4.63,4.65,1.67,5.0,4,7,9.33,70.59,4.33,2.06,4,1,0
2023-10-01,F1,14:00,Le Havre,Lille,A,A,2023/2024,1.99,16,0,6,1.75,4.75,4.12,41.18,9.11,2.04,75.0,4.86,1.5,2.13,1.5,50.0,18,6,4.42,4.0,1.83,4.69,4.65,1.25,4.25,0,5,9.0,47.06,4.75,2.13,0,0,1
2023-10-08,F1,16:05,Lens,Lille,D,A,2023/2024,1.93,8,0,3,1.6,4.8,3.59,41.18,10.24,1.99,25.0,2.47,1.0,1.89,1.4,40.0,14,16,5.83,2.5,1.83,4.41,4.65,1.0,9.25,5,14,14.05,41.18,5.4,2.11,4,0,1
2023-11-04,F1,20:00,Marseille,Lille,D,D,2023/2024,1.94,10,0,1,1.4,5.8,4.88,41.18,10.34,1.98,40.0,1.93,1.4,2.0,1.2,40.0,10,12,5.12,6.4,1.93,5.22,4.65,0.2,5.0,3,8,10.8,52.94,5.2,2.02,3,0,0
2023-11-26,F1,19:45,Lyon,Lille,A,A,2023/2024,2.04,15,0,8,0.6,5.2,4.06,41.18,9.74,2.12,40.0,3.02,1.0,2.14,1.4,20.0,17,5,5.02,4.0,2.05,4.72,4.65,1.6,5.6,5,11,10.8,58.82,4.8,1.88,2,0,0
2023-12-10,F1,14:00,Clermont,Lille,D,D,2023/2024,1.95,12,0,3,0.2,6.0,3.88,41.18,9.66,2.05,20.0,4.43,0.2,1.93,1.0,0.0,18,9,4.81,5.0,1.95,4.85,4.65,0.8,3.6,5,16,9.6,41.18,4.4,2.13,2,0,0
2023-12-20,F1,20:00,Strasbourg,Lille,H,D,2023/2024,1.98,9,0,2,0.6,5.8,5.29,41.18,9.53,2.01,60.0,3.9,1.2,2.13,0.8,20.0,19,10,4.12,7.2,1.85,5.41,4.65,1.0,4.8,2,9,10.6,64.71,4.4,2.13,2,1,1
2024-01-28,F1,12:00,Montpellier,Lille,D,D,2023/2024,1.99,12,0,0,0.4,5.2,4.18,41.18,9.55,2.02,20.0,3.83,0.6,2.1,0.6,20.0,13,16,4.88,3.2,1.84,4.67,4.65,1.0,6.2,7,12,11.4,47.06,3.8,2.11,3,0,0
2024-02-10,F1,20:00,Paris SG,Lille,H,H,2023/2024,1.82,10,0,3,1.0,5.2,4.06,41.18,10.46,1.86,100.0,1.83,3.0,2.09,0.8,40.0,12,10,5.62,5.2,1.95,4.84,4.65,1.4,5.0,8,16,10.2,82.35,4.6,1.99,3,1,1
2024-02-25,F1,14:00,Toulouse,Lille,H,A,2023/2024,1.92,12,0,2,1.6,5.8,4.59,41.18,10.43,1.96,60.0,3.84,1.0,2.14,0.6,60.0,20,10,5.44,4.8,1.86,4.99,4.65,1.4,7.2,4,14,13.0,64.71,5.2,2.13,0,1,1
2024-03-02,F1,16:00,Reims,Lille,A,D,2023/2024,1.89,8,0,3,1.6,5.4,5.12,41.18,10.08,1.93,20.0,2.93,0.8,1.84,0.8,60.0,12,14,5.16,3.2,2.02,4.92,4.65,1.0,5.8,3,8,11.2,47.06,5.4,1.94,2,0,0
2024-03-17,F1,12:00,Brest,Lille,D,D,2023/2024,2.09,13,0,8,1.4,5.0,3.29,41.18,9.14,2.15,0.0,2.59,1.0,1.8,0.8,40.0,9,12,4.69,3.4,1.48,4.45,4.65,0.2,3.0,4,16,8.0,29.41,4.8,2.7,0,0,0
2024-04-24,F1,20:00,Monaco,Lille,H,D,2023/2024,1.87,13,0,4,1.6,5.6,3.88,41.18,10.39,1.94,40.0,2.4,1.0,1.85,0.8,40.0,9,9,5.52,5.6,2.1,4.87,4.65,0.8,6.4,7,19,12.0,52.94,5.2,1.73,2,0,1
2024-04-28,F1,12:00,Metz,Lille,A,A,2023/2024,1.95,14,0,4,1.2,4.8,4.41,41.18,8.91,2.0,80.0,5.54,1.4,1.88,1.0,40.0,15,12,4.12,4.2,1.93,4.79,4.65,2.0,4.2,2,5,9.0,52.94,4.4,1.97,2,1,0
2024-05-12,F1,20:00,Nantes,Lille,A,A,2023/2024,1.95,12,0,3,0.8,4.0,5.12,41.18,9.97,2.0,80.0,5.16,0.6,2.1,1.2,40.0,17,7,5.03,4.8,1.88,4.94,4.65,2.6,5.4,5,9,9.4,47.06,4.2,2.07,2,1,0
2024-08-17,F1,18:00,Reims,Lille,A,A,2024/2025,1.88,21,1,6,0.0,8.0,5.47,41.18,8.71,1.96,0.0,3.03,0.0,1.85,2.0,0.0,6,13,3.09,8.0,1.73,5.62,4.47,2.0,0.0,0,2,8.0,35.29,0.0,2.21,2,0,0
2024-09-13,F1,19:45,St Etienne,Lille,H,H,2024/2025,1.94,17,0,4,0.5,7.5,6.12,41.18,9.2,2.04,0.0,5.4,0.5,1.97,1.0,0.0,12,10,3.72,5.5,1.93,5.48,4.47,1.0,2.0,5,10,9.5,52.94,1.0,1.99,1,0,0
2024-09-28,F1,18:00,Le Havre,Lille,A,A,2024/2025,2.01,18,0,10,0.33,6.67,5.35,41.18,8.52,2.07,100.0,4.41,1.33,2.02,1.67,33.33,11,9,3.36,5.0,1.75,5.16,4.47,2.67,1.67,4,7,8.34,70.59,1.0,2.23,1,1,0
2024-10-18,F1,19:45,Monaco,Lille,D,D,2024/2025,1.94,3,1,1,0.25,5.25,3.88,41.18,9.07,1.98,40.0,2.13,1.4,1.88,1.25,25.0,13,14,4.56,3.6,2.2,4.51,4.47,0.6,6.0,4,14,11.25,58.82,2.25,1.7,5,0,0
2024-10-26,F1,20:00,Lens,Lille,A,D,2024/2025,1.84,11,0,3,0.2,4.6,2.65,41.18,10.01,1.89,0.0,2.1,0.5,2.17,1.4,20.0,16,14,5.84,4.0,1.73,4.17,4.47,0.5,7.25,4,11,11.85,35.29,3.4,2.2,4,0,0
2024-11-10,F1,14:00,Nice,Lille,D,A,2024/2025,2.07,13,0,6,0.6,3.4,4.76,41.18,9.99,2.13,60.0,2.37,2.8,1.94,1.4,40.0,12,9,5.23,5.8,1.83,4.76,4.47,1.0,4.8,5,17,8.2,52.94,4.6,2.13,2,1,0
2024-12-01,F1,14:00,Montpellier,Lille,D,D,2024/2025,2.04,13,1,4,0.8,2.4,4.71,41.18,9.57,2.11,100.0,4.53,1.6,2.16,1.8,60.0,9,21,5.12,3.8,2.02,4.45,4.47,2.6,5.0,5,11,7.4,70.59,5.6,1.93,5,1,0
2024-12-14,F1,16:00,Marseille,Lille,D,H,2024/2025,1.97,10,1,5,1.0,3.0,2.71,41.18,9.1,2.03,60.0,2.1,1.0,2.14,1.4,40.0,14,9,5.09,3.8,1.98,4.01,4.47,1.8,4.6,3,9,7.6,64.71,6.0,1.95,3,0,1
2025-01-10,F1,20:05,Auxerre,Lille,D,D,2024/2025,1.95,13,1,5,1.0,4.8,6.12,41.18,9.49,2.03,40.0,5.02,1.4,2.04,1.4,40.0,7,8,4.03,8.0,1.95,5.46,4.47,0.4,3.4,3,13,8.2,58.82,6.0,1.99,4,0,1
2025-01-25,F1,18:00,Strasbourg,Lille,H,A,2024/2025,1.82,15,0,6,1.4,5.8,4.71,41.18,9.16,1.86,80.0,3.01,1.8,2.2,1.2,60.0,10,9,4.39,3.6,1.82,4.77,4.47,1.2,3.8,7,11,9.6,70.59,5.6,2.09,2,1,1
2025-02-16,F1,19:45,Rennes,Lille,A,D,2024/2025,1.95,18,1,7,1.0,7.0,3.29,41.18,9.7,1.99,40.0,3.1,1.0,2.22,1.2,40.0,9,18,5.17,3.6,1.62,4.53,4.47,1.2,3.6,0,4,10.6,47.06,5.2,2.35,1,0,1
2025-03-01,F1,20:05,Paris SG,Lille,H,H,2024/2025,2.02,6,0,2,1.4,7.2,2.71,41.18,10.44,2.11,80.0,1.35,2.8,1.97,1.0,40.0,6,10,6.17,2.2,2.38,4.27,4.47,1.0,5.8,11,26,13.0,76.47,5.6,1.6,1,1,1
2025-03-15,F1,16:00,Nantes,Lille,H,D,2024/2025,1.8,13,1,4,1.4,6.6,6.06,41.18,10.38,1.86,20.0,4.31,1.0,2.01,0.8,40.0,9,15,4.81,7.4,1.73,5.57,4.47,1.0,4.8,3,10,11.4,35.29,5.6,2.16,3,0,0
2025-04-05,F1,20:05,Lyon,Lille,H,D,2024/2025,1.87,10,0,4,1.8,5.2,4.41,41.18,9.63,1.91,100.0,2.31,2.8,1.94,1.0,60.0,15,14,4.98,3.8,2.0,4.65,4.47,1.4,3.6,4,10,8.8,64.71,4.6,1.86,2,1,0
2025-04-12,F1,18:00,Toulouse,Lille,A,A,2024/2025,1.82,6,0,3,1.6,4.2,3.24,41.18,9.16,1.85,40.0,3.31,1.0,2.05,1.2,60.0,15,11,5.0,2.8,1.73,4.16,4.47,1.8,5.8,5,10,10.0,47.06,4.2,2.16,2,1,0
2025-04-27,F1,14:00,Angers,Lille,A,A,2024/2025,2.01,9,0,5,1.6,3.0,5.0,41.18,8.88,2.1,40.0,7.57,0.4,2.11,1.2,60.0,17,10,4.16,5.2,2.01,4.72,4.47,2.2,4.6,3,6,7.6,47.06,4.8,1.99,5,0,0
2025-05-10,F1,20:00,Brest,Lille,H,H,2024/2025,1.96,18,0,2,1.2,3.8,4.94,41.18,9.02,2.03,40.0,4.97,1.2,1.91,1.0,40.0,6,14,4.11,6.4,2.2,4.91,4.47,0.8,4.0,4,12,7.8,52.94,3.6,1.82,1,0,0
2025-08-17,F1,14:00,Brest,Lille,D,A,2025/2026,1.77,10,0,6,3.0,2.0,3.67,55.56,9.11,1.93,100.0,2.71,3.0,1.78,3.0,100.0,11,13,4.55,2.0,1.8,4.56,4.11,3.0,2.0,5,18,4.0,55.56,2.0,2.1,1,1,0
2025-08-30,F1,16:00,Lorient,Lille,A,D,2025/2026,1.75,20,0,11,2.0,5.0,5.11,55.56,8.75,1.85,100.0,3.4,2.5,1.91,5.0,100.0,14,18,3.23,5.0,1.95,5.52,4.11,3.5,3.0,2,6,8.0,55.56,2.5,1.91,3,1,1
2025-09-20,F1,20:05,Lens,Lille,H,H,2025/2026,2.06,17,0,3,2.33,6.67,5.22,55.56,11.9,2.1,66.67,2.32,2.0,1.93,3.33,100.0,17,11,6.06,6.33,2.0,5.84,4.11,0.67,10.67,6,15,17.34,55.56,3.0,1.8,3,1,1
2025-10-19,F1,19:45,Nantes,Lille,A,A,2025/2026,1.99,23,0,5,1.75,7.25,5.78,55.56,9.45,2.03,25.0,5.07,0.75,1.82,3.0,75.0,12,15,3.32,7.25,2.0,6.13,4.11,1.25,3.5,3,8,10.75,44.44,3.5,1.85,4,0,1
2025-10-29,F1,18:00,Nice,Lille,H,H,2025/2026,1.93,21,0,4,1.8,8.4,6.67,55.56,11.15,2.05,40.0,4.02,2.0,1.9,2.4,60.0,11,10,4.56,8.4,2.38,6.59,4.11,0.8,4.0,4,8,12.4,33.33,3.2,1.62,3,0,1
2025-11-09,F1,16:15,Strasbourg,Lille,H,H,2025/2026,1.82,7,0,4,1.6,8.8,3.22,55.56,9.58,1.88,60.0,2.78,2.4,1.85,1.8,40.0,9,20,4.28,3.8,2.3,5.3,4.11,0.4,3.2,2,5,12.0,55.56,3.0,1.66,3,0,0
2025-11-30,F1,16:15,Le Havre,Lille,A,D,2025/2026,1.8,8,0,2,1.4,7.6,2.78,55.56,9.81,1.85,20.0,4.64,1.0,2.0,0.6,20.0,15,13,4.88,2.4,1.95,4.93,4.11,1.0,5.6,7,14,13.2,44.44,3.6,1.91,3,0,0
2025-12-14,F1,16:15,Auxerre,Lille,A,A,2025/2026,1.97,8,2,5,1.4,6.2,4.89,55.56,11.03,2.03,40.0,4.4,1.2,1.91,1.4,20.0,21,10,5.45,5.0,1.67,5.58,4.11,1.4,7.6,8,18,13.8,44.44,4.8,2.22,2,1,1
2023-08-12,F1,20:00,Paris SG,Lorient,D,D,2023/2024,1.91,4,0,0,0.0,2.0,4.06,64.71,10.01,1.98,0.0,1.44,0.0,1.98,0.0,0.0,8,6,6.65,2.0,2.0,3.36,5.41,0.0,9.0,4,20,11.0,82.35,9.0,1.83,0,0,1
2023-09-03,F1,14:00,Le Havre,Lorient,H,D,2023/2024,1.9,9,0,2,1.5,3.0,4.12,64.71,8.53,1.98,100.0,2.68,2.0,1.9,0.0,50.0,10,7,4.91,3.5,1.62,3.62,5.41,1.0,5.0,6,17,8.0,47.06,7.0,2.47,0,1,0
2023-09-23,F1,16:00,Nantes,Lorient,H,D,2023/2024,1.78,10,0,7,2.67,2.67,5.12,64.71,9.3,1.82,75.0,2.36,2.5,1.96,1.0,66.67,8,17,5.21,6.0,1.84,4.09,5.41,2.25,3.5,9,19,6.17,47.06,6.0,2.21,3,1,0
2023-10-08,F1,14:00,Lyon,Lorient,D,H,2023/2024,1.98,6,0,5,2.75,2.5,4.06,64.71,8.67,2.05,75.0,1.79,1.25,2.0,1.5,75.0,22,10,5.29,1.75,2.15,3.38,5.41,2.75,5.5,6,9,8.0,58.82,5.75,1.75,0,1,0
2023-10-28,F1,16:00,Reims,Lorient,H,D,2023/2024,1.77,9,0,1,2.4,2.8,5.12,64.71,9.43,1.81,40.0,1.76,1.4,2.0,1.2,60.0,16,7,5.29,6.4,2.05,4.14,5.41,1.0,5.2,5,12,8.0,47.06,5.4,1.9,3,0,0
2023-11-12,F1,14:00,Clermont,Lorient,H,D,2023/2024,2.02,10,0,3,2.6,3.2,3.88,64.71,8.87,2.06,0.0,2.31,0.2,2.0,1.2,60.0,15,10,5.24,4.0,1.7,3.63,5.41,0.6,5.8,6,17,9.0,41.18,4.6,2.24,2,0,0
2023-12-03,F1,14:00,Toulouse,Lorient,D,D,2023/2024,1.84,11,0,5,2.2,3.2,4.59,64.71,9.16,1.9,60.0,2.01,1.6,1.93,1.4,40.0,16,10,5.13,6.2,1.89,4.03,5.41,1.2,3.2,6,11,6.4,64.71,4.2,2.07,4,0,0
2023-12-20,F1,20:00,Brest,Lorient,H,H,2023/2024,1.81,7,0,3,2.0,2.8,3.29,64.71,8.2,1.85,60.0,1.74,2.2,2.01,0.8,40.0,8,17,4.92,2.4,1.86,3.28,5.41,1.0,4.6,7,12,7.4,29.41,3.6,2.13,2,1,0
2024-01-14,F1,12:00,Lille,Lorient,H,H,2023/2024,1.99,1,0,0,2.0,2.6,3.71,64.71,8.92,2.05,20.0,1.29,1.8,2.12,0.2,40.0,10,22,5.41,3.8,2.05,3.51,5.41,0.4,6.8,10,24,9.4,52.94,4.0,1.81,4,1,0
2024-02-04,F1,14:00,Metz,Lorient,A,D,2023/2024,1.92,12,0,4,2.0,2.4,4.41,64.71,7.99,2.0,40.0,2.1,0.8,2.24,0.6,60.0,12,13,4.37,3.4,1.5,3.62,5.41,1.2,5.2,3,10,7.6,52.94,4.0,2.72,1,1,0
2024-02-18,F1,12:00,Strasbourg,Lorient,A,A,2023/2024,1.94,13,1,6,2.0,2.4,5.29,64.71,8.49,1.99,80.0,1.73,1.4,2.0,1.2,80.0,13,12,4.45,5.4,1.75,4.04,5.41,1.6,5.8,4,18,8.2,64.71,4.8,2.24,1,1,1
2024-03-03,F1,16:05,Rennes,Lorient,A,D,2023/2024,1.87,12,0,6,2.0,2.2,4.59,64.71,8.89,1.92,80.0,1.5,1.8,2.14,1.4,100.0,12,9,5.16,4.2,2.0,3.73,5.41,1.2,5.2,6,22,7.4,70.59,5.4,1.9,2,1,0
2024-03-17,F1,14:00,Monaco,Lorient,D,D,2023/2024,1.91,11,1,6,1.6,3.8,3.88,64.71,9.84,1.96,60.0,1.37,1.0,1.94,1.8,100.0,21,8,5.95,6.0,2.7,3.89,5.41,1.6,6.8,8,23,10.6,52.94,7.2,1.5,1,1,1
2024-04-07,F1,14:00,Montpellier,Lorient,H,D,2023/2024,1.84,19,0,5,1.4,5.0,4.18,64.71,9.28,1.89,80.0,1.83,2.0,1.87,1.8,80.0,11,18,5.31,4.8,2.35,3.97,5.41,2.0,5.6,5,13,10.6,47.06,6.8,1.73,6,0,1
2024-04-19,F1,20:00,Nice,Lorient,H,H,2023/2024,1.9,9,0,4,1.8,5.0,2.41,64.71,9.18,1.94,80.0,1.57,1.4,1.96,1.4,80.0,11,7,5.86,2.8,2.03,3.32,5.41,1.4,7.0,10,19,12.0,35.29,6.4,1.94,2,1,0
2024-05-03,F1,20:00,Lens,Lorient,H,D,2023/2024,1.91,11,0,5,2.0,5.0,3.59,64.71,9.35,1.99,20.0,1.47,1.2,1.96,0.8,60.0,10,14,5.65,3.6,2.38,3.7,5.41,0.8,5.6,6,18,10.6,41.18,5.4,1.61,2,0,0
2024-05-12,F1,20:00,Marseille,Lorient,H,H,2023/2024,1.9,14,0,3,2.4,5.4,4.88,64.71,9.62,1.97,60.0,1.51,1.8,1.91,0.6,60.0,9,6,5.34,5.8,2.3,4.28,5.41,1.2,4.4,4,13,9.8,52.94,6.0,1.65,4,1,1
2025-08-17,F1,16:15,Auxerre,Lorient,H,D,2025/2026,1.77,14,0,3,1.0,5.0,4.89,33.33,9.34,1.8,0.0,2.47,1.0,2.1,0.0,0.0,18,14,5.23,5.0,1.73,4.11,5.0,0.0,4.0,3,7,9.0,44.44,4.0,2.16,2,0,0
2025-09-12,F1,19:45,Marseille,Lorient,H,H,2025/2026,1.81,4,0,1,2.5,2.5,2.67,33.33,8.48,1.87,100.0,1.36,4.5,1.86,0.0,50.0,18,5,5.57,1.0,2.2,2.91,5.0,1.0,7.5,8,15,10.0,66.67,7.0,1.67,2,1,0
2025-09-21,F1,16:15,Le Havre,Lorient,D,A,2025/2026,1.82,8,0,4,2.0,2.33,2.78,33.33,8.33,1.9,66.67,2.14,1.67,2.05,0.33,33.33,20,15,5.28,2.33,1.67,3.05,5.0,1.33,4.33,2,13,6.66,44.44,6.67,2.28,6,0,0
2025-10-03,F1,19:45,Paris FC,Lorient,H,H,2025/2026,1.85,8,0,3,2.0,3.0,4.12,33.33,9.51,1.9,66.67,1.74,2.33,1.9,0.25,25.0,19,10,5.85,4.33,2.1,3.66,5.0,1.67,6.33,2,10,9.33,62.5,5.25,1.75,2,0,0
2025-10-26,F1,16:15,Angers,Lorient,H,H,2025/2026,1.96,23,0,4,2.0,3.6,4.78,33.33,8.83,2.03,0.0,2.76,1.0,1.93,0.2,20.0,14,6,4.84,5.4,1.53,3.99,5.0,0.8,5.2,4,7,8.8,33.33,4.4,2.5,0,0,0
2025-11-02,F1,16:15,Lens,Lorient,H,H,2025/2026,1.81,12,0,3,2.4,3.8,5.22,33.33,10.38,1.87,100.0,1.59,2.6,1.97,0.2,40.0,8,10,6.24,5.6,2.2,4.14,5.0,0.6,8.2,6,9,12.0,55.56,5.0,1.68,2,1,1
2025-11-23,F1,16:15,Nantes,Lorient,D,A,2025/2026,1.92,7,0,1,1.8,4.0,5.78,33.33,7.72,1.95,40.0,3.1,1.2,2.1,0.4,20.0,17,17,3.54,4.4,1.88,4.18,5.0,2.4,3.8,1,9,7.8,44.44,3.2,2.0,1,0,0
2025-12-14,F1,16:15,Strasbourg,Lorient,D,D,2025/2026,1.86,10,0,2,1.6,4.2,3.22,33.33,8.18,1.9,60.0,1.82,2.2,2.1,0.2,20.0,6,3,4.76,3.0,1.98,3.42,5.0,0.4,4.6,2,12,8.8,55.56,4.2,1.91,0,0,1
2023-08-13,F1,19:45,Strasbourg,Lyon,H,D,2023/2024,1.95,23,0,7,2.0,6.0,5.29,58.82,8.51,2.02,100.0,2.55,2.0,2.08,1.0,100.0,8,11,3.43,6.0,2.1,5.08,4.76,1.0,1.0,2,8,7.0,64.71,1.0,1.73,2,1,0
2023-08-27,F1,19:45,Nice,Lyon,D,D,2023/2024,2.01,6,0,1,1.0,4.0,2.41,58.82,9.07,2.09,0.0,2.05,0.5,1.91,0.5,50.0,8,14,5.26,2.5,2.2,3.81,4.76,0.5,5.0,4,21,9.0,35.29,4.0,1.76,4,0,0
2023-09-23,F1,20:00,Brest,Lyon,H,D,2023/2024,1.98,6,0,3,1.0,3.0,3.29,58.82,9.46,2.02,33.33,2.73,1.33,1.98,0.33,33.33,17,16,5.31,4.67,2.02,4.15,4.76,0.67,7.67,11,27,10.67,29.41,6.0,1.92,1,0,1
2023-10-01,F1,12:00,Reims,Lyon,H,H,2023/2024,2.06,11,0,6,1.25,3.5,5.12,58.82,9.9,2.14,33.33,1.93,1.67,2.02,0.25,25.0,19,14,4.95,7.67,2.2,4.95,4.76,0.67,4.0,3,8,7.5,47.06,4.75,1.72,2,0,0
2023-11-12,F1,16:05,Rennes,Lyon,A,D,2023/2024,1.92,12,1,5,1.0,4.6,4.59,58.82,9.65,1.97,60.0,1.88,1.4,2.04,0.4,20.0,5,18,4.94,5.4,2.08,4.71,4.76,1.6,5.0,2,8,9.6,70.59,5.0,1.82,1,0,1
2023-12-02,F1,16:00,Lens,Lyon,H,D,2023/2024,1.95,12,1,7,1.2,4.6,3.59,58.82,9.83,2.02,60.0,1.76,2.2,2.02,0.6,20.0,11,14,5.49,4.2,1.98,4.34,4.76,0.8,5.6,7,10,10.2,41.18,5.4,1.99,0,1,0
2023-12-06,F1,20:00,Marseille,Lyon,H,H,2023/2024,1.96,6,0,1,1.8,4.8,4.88,58.82,9.87,2.02,40.0,1.98,1.6,2.04,0.6,40.0,14,11,5.19,4.2,2.08,4.68,4.76,0.0,4.6,5,12,9.4,52.94,6.0,1.82,2,1,1
2023-12-15,F1,20:00,Monaco,Lyon,A,D,2023/2024,1.94,5,0,2,1.6,4.8,3.88,58.82,9.86,2.0,40.0,1.78,1.8,1.96,0.8,40.0,13,12,5.55,3.0,2.35,4.31,4.76,0.8,6.4,4,19,11.2,52.94,5.2,1.63,2,0,0
2024-01-14,F1,16:05,Le Havre,Lyon,H,H,2023/2024,1.98,9,0,2,1.8,5.2,4.12,58.82,9.1,2.04,40.0,3.19,1.2,2.15,1.0,60.0,15,4,4.49,5.0,1.62,4.61,4.76,0.8,3.8,7,14,9.0,47.06,5.6,2.37,0,1,0
2024-02-11,F1,16:05,Montpellier,Lyon,A,H,2023/2024,2.01,19,0,5,2.0,4.4,4.18,58.82,9.27,2.07,20.0,2.8,0.6,1.94,1.2,80.0,11,11,4.83,4.0,1.88,4.44,4.76,0.8,4.6,8,15,9.0,47.06,4.6,2.06,2,1,0
2024-02-23,F1,20:00,Metz,Lyon,A,D,2023/2024,1.97,11,0,5,1.6,3.8,4.41,58.82,8.67,2.0,40.0,4.3,0.4,2.05,1.2,80.0,13,12,4.33,3.0,1.83,4.34,4.76,1.4,5.6,4,15,9.4,52.94,4.8,2.15,2,1,0
2024-03-09,F1,16:00,Lorient,Lyon,A,D,2023/2024,1.88,13,0,6,1.0,4.6,5.82,58.82,9.29,1.95,40.0,3.54,1.2,1.92,1.6,60.0,10,7,4.28,5.4,1.89,5.01,4.76,1.6,3.0,0,9,7.6,64.71,3.6,2.02,0,0,1
2024-03-15,F1,20:00,Toulouse,Lyon,A,A,2023/2024,1.84,18,0,6,1.4,5.0,4.59,58.82,10.06,1.89,80.0,2.85,1.6,1.92,2.0,80.0,18,12,5.37,4.8,1.86,4.69,4.76,1.8,8.0,5,13,13.0,64.71,3.4,2.06,2,1,0
2024-04-07,F1,19:45,Nantes,Lyon,A,H,2023/2024,1.95,19,0,10,1.0,4.6,5.12,58.82,9.74,2.02,40.0,3.52,0.4,1.93,2.4,80.0,8,14,4.96,4.8,1.73,4.78,4.76,2.2,4.8,6,14,9.4,47.06,3.8,2.18,2,1,0
2024-04-21,F1,20:00,Paris SG,Lyon,H,H,2023/2024,1.84,16,0,6,1.6,5.6,4.06,58.82,10.45,1.92,60.0,1.61,2.2,1.96,2.2,80.0,9,10,5.88,4.4,2.75,4.57,4.76,1.2,7.6,6,14,13.2,82.35,4.4,1.51,0,1,1
2024-05-06,F1,20:00,Lille,Lyon,A,H,2023/2024,1.93,11,0,7,2.0,5.8,3.71,58.82,9.5,1.98,80.0,2.11,2.2,2.12,2.6,80.0,14,14,5.07,3.6,2.3,4.43,4.76,1.6,4.6,5,8,10.4,52.94,4.4,1.65,1,1,0
2024-05-12,F1,20:00,Clermont,Lyon,A,D,2023/2024,1.87,6,0,2,2.0,4.8,3.88,58.82,9.53,1.96,60.0,5.02,1.4,2.07,2.4,80.0,8,12,5.14,3.8,2.75,4.39,4.76,1.4,6.0,5,18,10.8,41.18,5.0,1.48,2,0,0
2024-08-18,F1,19:45,Rennes,Lyon,H,H,2024/2025,1.81,16,0,2,3.0,7.0,3.29,64.71,10.95,1.88,100.0,2.35,3.0,1.91,0.0,100.0,13,12,5.79,7.0,1.95,5.16,4.88,0.0,7.0,8,22,14.0,47.06,7.0,1.97,1,1,1
2024-09-15,F1,19:45,Lens,Lyon,D,D,2024/2025,2.02,8,0,3,1.5,7.5,2.65,64.71,10.84,2.11,0.0,1.82,1.0,1.88,0.0,50.0,12,11,5.98,5.0,2.5,4.86,4.88,0.0,5.0,5,12,12.5,35.29,6.0,1.58,0,0,1
2024-09-29,F1,14:00,Toulouse,Lyon,A,D,2024/2025,2.06,4,0,1,1.33,6.33,3.24,64.71,9.94,2.1,50.0,2.43,1.0,1.85,0.67,66.67,12,15,5.13,4.25,2.15,4.81,4.88,1.25,5.25,4,10,11.58,47.06,5.0,1.75,2,1,0
2024-10-20,F1,14:00,Le Havre,Lyon,A,A,2024/2025,2.0,16,0,8,1.0,6.25,5.35,64.71,9.32,2.06,100.0,4.85,1.0,1.99,1.5,75.0,17,11,3.89,5.25,2.2,5.43,4.88,3.0,2.25,1,7,8.5,70.59,4.75,1.7,4,1,0
2024-11-01,F1,20:00,Lille,Lyon,D,H,2024/2025,1.94,14,0,3,1.0,6.8,3.88,64.71,9.97,2.0,60.0,2.28,1.8,1.97,1.4,60.0,12,10,4.92,4.6,2.38,5.05,4.88,1.6,4.6,2,14,11.4,58.82,4.6,1.65,1,0,1
2024-11-23,F1,20:00,Reims,Lyon,D,A,2024/2025,2.07,13,0,7,0.6,5.8,5.47,64.71,9.28,2.16,60.0,3.13,1.8,1.95,1.6,40.0,11,13,4.01,3.8,2.5,5.27,4.88,1.4,4.2,6,14,10.0,35.29,4.0,1.61,0,0,0
2024-12-07,F1,20:00,Angers,Lyon,A,A,2024/2025,1.84,16,0,10,0.6,5.6,5.0,64.71,9.33,1.87,80.0,5.29,1.6,2.11,2.2,60.0,13,13,4.02,5.6,2.3,5.31,4.88,2.6,3.6,2,10,9.2,47.06,3.4,1.65,2,1,0
2024-12-15,F1,19:45,Paris SG,Lyon,H,H,2024/2025,1.85,7,0,3,1.0,5.4,2.71,64.71,10.7,1.96,60.0,1.35,2.4,2.0,2.0,60.0,7,8,6.14,4.0,3.2,4.56,4.88,0.8,6.4,6,13,11.8,76.47,3.6,1.37,3,1,0
2025-01-11,F1,16:00,Brest,Lyon,H,H,2024/2025,1.93,10,0,3,1.4,5.6,4.94,64.71,9.29,2.0,60.0,3.7,2.0,1.88,1.4,60.0,10,10,4.13,4.2,2.03,5.16,4.88,1.0,3.2,6,11,8.8,52.94,3.6,1.9,2,1,1
2025-01-26,F1,16:15,Nantes,Lyon,D,A,2024/2025,1.83,15,0,4,1.4,5.4,6.06,64.71,10.29,1.89,40.0,4.27,1.0,1.92,1.4,60.0,14,11,4.69,6.0,2.0,5.6,4.88,1.4,4.6,5,7,10.0,35.29,3.6,2.0,1,0,1
2025-02-02,F1,19:45,Marseille,Lyon,H,D,2024/2025,1.81,10,0,4,1.8,5.4,2.71,64.71,9.55,1.85,60.0,2.1,2.4,2.14,1.6,80.0,13,10,5.07,3.2,2.1,4.48,4.88,1.2,5.4,11,20,10.8,64.71,4.0,1.74,1,1,0
2025-02-16,F1,14:00,Montpellier,Lyon,A,D,2024/2025,1.78,9,0,6,2.0,4.8,4.71,64.71,10.44,1.85,80.0,5.62,1.2,1.95,1.8,80.0,14,12,5.2,6.4,2.75,5.24,4.88,2.4,5.4,4,11,10.2,70.59,5.0,1.49,1,1,1
2025-03-09,F1,19:45,Nice,Lyon,A,D,2024/2025,1.8,8,0,5,1.4,4.6,4.76,64.71,10.74,1.85,20.0,2.16,1.8,1.82,2.0,60.0,12,11,5.65,5.0,2.1,5.09,4.88,0.8,6.6,4,18,11.2,52.94,6.0,1.78,2,0,1
2025-03-28,F1,19:45,Strasbourg,Lyon,H,D,2024/2025,1.83,16,0,11,1.8,4.2,4.71,64.71,9.69,1.86,60.0,2.71,2.0,1.93,2.2,60.0,12,15,4.65,5.0,2.2,5.04,4.88,0.8,4.6,7,14,8.8,70.59,6.4,1.7,2,1,1
2025-04-13,F1,19:45,Auxerre,Lyon,A,D,2024/2025,2.02,13,0,7,1.8,3.8,6.12,64.71,9.62,2.05,60.0,4.41,1.4,2.07,2.6,80.0,11,9,4.27,5.0,2.5,5.35,4.88,1.2,4.6,3,14,8.4,58.82,6.2,1.57,1,1,0
2025-04-20,F1,19:45,St Etienne,Lyon,H,H,2024/2025,2.0,14,0,2,1.6,4.6,6.12,64.71,10.17,2.03,100.0,5.05,2.0,2.07,2.4,80.0,12,13,4.68,5.6,2.75,5.49,4.88,3.2,5.0,6,18,9.6,52.94,6.6,1.49,4,1,1
2025-05-10,F1,20:00,Monaco,Lyon,H,D,2024/2025,2.01,9,0,4,1.8,4.8,3.88,64.71,9.63,2.05,60.0,1.85,2.0,2.09,1.6,60.0,16,18,4.9,3.4,3.2,4.73,4.88,0.2,4.8,5,11,9.6,58.82,5.8,1.42,4,0,0
2025-08-16,F1,16:00,Lens,Lyon,A,A,2025/2026,1.77,11,0,3,0.0,8.0,5.22,44.44,14.07,1.85,0.0,2.41,0.0,2.1,1.0,0.0,13,20,7.74,8.0,2.1,6.33,5.89,1.0,13.0,5,18,21.0,55.56,13.0,1.75,3,0,1
2025-09-14,F1,19:45,Rennes,Lyon,H,A,2025/2026,1.85,8,0,5,1.5,6.0,5.44,44.44,12.03,1.9,50.0,2.45,2.0,2.05,1.0,50.0,18,13,5.85,8.0,1.95,6.18,5.89,0.5,3.0,5,23,9.0,66.67,9.0,1.9,2,1,0
2025-09-28,F1,16:15,Lille,Lyon,A,A,2025/2026,1.86,5,1,2,1.0,5.33,4.89,44.44,11.56,1.9,33.33,2.35,1.0,1.88,1.0,33.33,20,24,5.95,4.33,2.1,5.61,5.89,0.67,6.0,3,14,11.33,33.33,7.0,1.75,4,0,0
2025-10-18,F1,16:00,Nice,Lyon,H,H,2025/2026,1.97,29,0,7,1.5,8.0,6.67,44.44,11.92,2.03,40.0,2.48,1.6,1.9,1.25,50.0,10,11,5.37,6.6,2.1,6.55,5.89,1.0,5.4,4,5,13.4,33.33,5.5,1.8,2,1,1
2025-10-29,F1,20:05,Paris FC,Lyon,D,A,2025/2026,1.83,7,1,4,1.8,6.8,4.12,44.44,11.52,1.88,80.0,2.77,2.2,1.87,1.6,60.0,18,16,6.05,3.4,2.1,5.47,5.89,2.0,6.2,3,11,13.0,62.5,5.2,1.75,2,1,0
2025-11-02,F1,19:45,Brest,Lyon,D,D,2025/2026,1.87,4,0,2,1.8,5.6,3.67,44.44,11.07,1.98,60.0,3.56,1.0,1.9,1.4,60.0,19,6,5.77,4.0,1.83,5.3,5.89,1.2,6.8,3,13,12.4,55.56,5.0,2.05,0,0,1
2025-11-23,F1,14:00,Auxerre,Lyon,D,D,2025/2026,1.94,16,0,7,1.2,7.0,4.89,44.44,11.59,2.0,20.0,4.06,0.4,1.98,1.2,40.0,10,11,5.75,5.0,1.88,5.84,5.89,0.8,5.6,5,12,12.6,44.44,5.4,2.1,3,0,1
2025-12-07,F1,19:45,Lorient,Lyon,H,H,2025/2026,1.84,7,0,4,1.4,7.6,5.11,44.44,9.94,1.93,40.0,3.82,1.8,2.05,1.0,40.0,12,21,3.92,5.6,1.73,6.02,5.89,1.2,3.0,6,14,10.6,55.56,5.0,2.1,2,0,0
2026-01-03,F1,16:00,Monaco,Lyon,A,D,2025/2026,2.05,13,1,9,1.0,4.8,4.1,44.44,10.31,2.12,40.0,2.12,0.8,2.05,1.2,40.0,14,12,5.04,3.4,2.2,5.27,5.89,1.6,4.2,2,6,9.0,70.0,6.2,1.68,3,1,0
2023-08-18,F1,20:00,Metz,Marseille,D,A,2023/2024,1.88,22,1,5,2.0,9.0,4.41,47.06,9.97,1.94,100.0,4.86,2.0,2.0,2.0,100.0,15,9,4.06,9.0,2.1,5.91,4.65,2.0,4.0,5,10,13.0,52.94,4.0,1.82,2,1,1
2023-09-01,F1,20:00,Nantes,Marseille,D,D,2023/2024,1.9,26,1,9,1.5,8.0,5.12,47.06,10.53,1.99,66.67,5.81,1.67,2.05,1.5,50.0,7,13,4.71,7.33,2.1,5.82,4.65,2.0,3.33,2,10,11.33,47.06,3.0,1.76,2,0,0
2023-09-24,F1,19:45,Paris SG,Marseille,H,H,2023/2024,1.81,6,0,0,2.33,6.33,4.06,47.06,10.75,1.88,75.0,1.56,2.25,2.13,1.0,66.67,11,14,5.77,3.25,2.38,4.98,4.65,1.0,6.5,5,15,12.83,82.35,4.67,1.6,3,1,1
2023-09-30,F1,20:00,Monaco,Marseille,H,D,2023/2024,1.93,8,0,4,2.5,6.25,3.88,47.06,10.09,2.0,75.0,2.51,2.25,2.15,1.25,75.0,17,15,5.16,3.25,2.38,4.93,4.65,0.75,4.0,7,10,10.25,52.94,4.0,1.6,4,1,0
2023-10-21,F1,20:00,Nice,Marseille,H,D,2023/2024,1.79,9,0,1,2.2,5.4,2.41,47.06,9.64,1.84,0.0,2.37,0.8,1.94,1.0,60.0,13,6,5.23,2.6,1.75,4.41,4.65,0.2,5.0,2,10,10.4,35.29,4.0,2.38,3,0,0
2023-11-12,F1,19:45,Lens,Marseille,H,D,2023/2024,1.9,8,0,2,2.0,4.6,3.59,47.06,10.13,1.96,40.0,2.32,1.6,1.94,0.6,40.0,19,15,5.44,3.2,1.96,4.69,4.65,0.6,6.8,3,14,11.4,41.18,4.0,1.99,2,0,0
2023-11-25,F1,20:00,Strasbourg,Marseille,D,D,2023/2024,1.97,16,0,3,2.0,5.4,5.29,47.06,9.63,2.0,40.0,4.28,0.8,1.98,0.6,40.0,14,16,4.06,7.0,1.88,5.57,4.65,1.2,3.6,7,15,9.0,64.71,5.0,2.05,2,0,1
2023-12-10,F1,19:45,Lorient,Marseille,A,A,2023/2024,2.02,18,0,8,1.6,6.0,5.82,47.06,10.27,2.08,80.0,5.07,1.2,2.0,1.4,40.0,17,17,4.49,7.2,1.85,5.78,4.65,2.2,4.8,9,15,10.8,64.71,4.2,2.09,3,1,0
2023-12-20,F1,20:00,Montpellier,Marseille,D,H,2023/2024,1.8,17,0,4,1.2,6.8,4.18,47.06,10.09,1.84,20.0,4.05,0.6,2.0,1.2,20.0,21,13,4.94,4.2,1.95,5.15,4.65,1.0,5.8,6,12,12.6,47.06,4.8,1.99,1,0,1
2024-02-04,F1,19:45,Lyon,Marseille,H,H,2023/2024,1.81,8,0,1,1.2,6.8,4.06,47.06,9.84,1.86,40.0,2.92,1.4,1.89,1.2,20.0,14,10,4.8,3.4,1.88,5.04,4.65,1.0,3.6,7,12,10.4,58.82,4.6,2.06,1,0,0
2024-02-18,F1,19:45,Brest,Marseille,H,D,2023/2024,2.09,9,1,2,1.2,6.6,3.29,47.06,9.52,2.12,20.0,2.49,1.6,1.85,1.2,20.0,14,9,4.79,2.4,1.85,4.73,4.65,0.2,3.8,5,15,10.4,29.41,5.0,2.15,1,0,0
2024-03-02,F1,20:00,Clermont,Marseille,A,A,2023/2024,1.88,17,0,11,1.2,5.2,3.88,47.06,9.85,1.92,40.0,5.51,0.8,2.18,2.0,40.0,9,13,4.93,4.2,2.2,4.92,4.65,2.0,4.2,2,7,9.4,41.18,5.0,1.8,1,1,1
2024-03-17,F1,16:05,Rennes,Marseille,H,H,2023/2024,2.07,8,0,1,1.2,5.0,4.59,47.06,9.99,2.14,60.0,2.71,2.0,1.98,1.2,20.0,9,12,4.91,4.2,2.0,5.08,4.65,0.8,5.0,4,7,10.0,70.59,5.0,1.85,3,0,0
2024-04-05,F1,20:00,Lille,Marseille,H,D,2023/2024,2.08,13,0,4,1.6,3.4,3.71,47.06,9.74,2.19,100.0,1.96,2.8,2.02,1.2,40.0,13,18,5.18,2.8,1.89,4.56,4.65,0.8,5.6,6,14,9.0,52.94,4.8,2.06,6,1,0
2024-04-21,F1,18:00,Toulouse,Marseille,D,D,2023/2024,1.86,11,0,3,1.8,3.8,4.59,47.06,10.36,1.91,80.0,2.72,1.8,2.0,1.6,60.0,11,13,5.34,4.8,1.85,5.02,4.65,1.4,5.8,3,10,9.6,64.71,5.6,2.13,2,1,1
2024-05-15,F1,20:00,Reims,Marseille,H,H,2023/2024,1.87,19,0,3,1.8,5.0,5.12,47.06,10.41,1.94,40.0,4.11,0.8,1.91,1.6,60.0,17,9,5.02,6.0,2.3,5.39,4.65,0.8,4.8,3,10,9.8,47.06,5.0,1.68,1,0,1
2024-05-19,F1,20:00,Le Havre,Marseille,A,D,2023/2024,2.01,22,0,7,1.8,4.8,4.12,47.06,9.38,2.09,40.0,4.48,0.8,2.03,1.0,60.0,11,11,4.46,4.0,2.1,4.92,4.65,1.4,4.8,6,13,9.6,47.06,4.6,1.78,0,1,0
2024-08-17,F1,16:00,Brest,Marseille,A,A,2024/2025,1.78,7,0,5,1.0,0.0,4.94,70.59,8.17,1.82,100.0,3.3,1.0,2.08,5.0,100.0,10,8,4.12,0.0,1.82,4.05,3.53,5.0,5.0,5,7,5.0,52.94,5.0,2.14,1,1,0
2024-08-31,F1,20:00,Toulouse,Marseille,A,A,2024/2025,1.91,11,1,5,1.0,1.5,3.24,70.59,8.89,1.93,50.0,3.16,0.5,2.0,4.0,100.0,10,12,4.71,4.0,2.1,4.18,3.53,1.5,6.0,2,4,7.5,47.06,3.5,1.78,2,1,0
2024-09-22,F1,19:45,Lyon,Marseille,A,D,2024/2025,1.93,6,0,5,1.33,2.0,4.41,70.59,9.61,2.0,66.67,2.87,2.0,2.17,3.67,100.0,13,7,5.12,3.67,2.3,4.49,3.53,2.67,6.33,9,18,8.33,64.71,5.67,1.66,3,1,1
2024-09-29,F1,19:45,Strasbourg,Marseille,H,H,2024/2025,2.01,10,0,3,1.25,2.25,4.71,70.59,9.16,2.06,33.33,3.18,1.67,1.97,2.75,75.0,17,7,4.37,5.67,2.2,4.79,3.53,0.67,5.33,6,14,7.58,70.59,6.25,1.68,1,0,1
2024-10-20,F1,19:45,Montpellier,Marseille,A,A,2024/2025,1.94,21,1,10,1.0,2.2,4.71,70.59,9.64,2.01,75.0,4.46,1.25,2.02,3.2,80.0,11,18,5.08,3.5,2.5,4.56,3.53,2.75,7.0,5,13,9.2,70.59,5.6,1.55,3,1,0
2024-11-03,F1,19:45,Nantes,Marseille,A,D,2024/2025,2.02,9,0,4,1.0,3.2,6.06,70.59,9.78,2.05,60.0,3.54,1.4,1.9,2.6,80.0,16,6,4.49,6.4,1.99,5.29,3.53,1.4,4.6,3,7,7.8,35.29,5.0,1.94,1,1,0
2024-11-23,F1,16:00,Lens,Marseille,A,D,2024/2025,1.86,7,0,4,1.0,2.6,2.65,70.59,9.88,1.92,40.0,2.35,0.8,1.97,2.6,80.0,17,9,5.84,3.0,1.98,4.04,3.53,1.4,7.2,7,16,9.8,35.29,5.8,1.93,3,1,0
2024-12-08,F1,19:45,St Etienne,Marseille,A,A,2024/2025,1.83,21,0,10,0.6,3.8,6.12,70.59,9.25,1.86,20.0,6.0,1.2,2.04,2.4,60.0,13,10,3.84,6.8,2.1,5.41,3.53,1.0,2.8,2,3,6.6,52.94,3.8,1.78,1,0,0
2025-01-11,F1,20:05,Rennes,Marseille,A,D,2024/2025,2.04,13,0,7,0.6,3.8,3.29,70.59,9.07,2.09,40.0,3.28,1.8,2.04,2.8,80.0,11,13,4.89,1.6,1.85,4.18,3.53,0.8,5.8,4,5,9.6,47.06,2.6,2.09,2,1,0
2025-01-26,F1,19:45,Nice,Marseille,H,H,2024/2025,2.06,18,0,6,1.0,5.8,4.76,70.59,10.08,2.14,80.0,2.75,2.2,1.98,1.8,60.0,12,9,4.85,6.4,2.02,5.23,3.53,1.2,4.8,5,14,10.6,52.94,3.2,1.92,1,0,1
2025-02-09,F1,19:45,Angers,Marseille,A,D,2024/2025,1.78,18,0,10,0.8,6.2,5.0,70.59,8.67,1.82,20.0,5.86,1.0,2.06,1.8,40.0,10,8,3.54,4.4,2.1,5.13,3.53,1.2,2.6,0,5,8.8,47.06,3.0,1.78,2,0,0
2025-02-22,F1,20:05,Auxerre,Marseille,H,H,2024/2025,1.9,8,0,2,1.2,7.2,6.12,70.59,9.07,1.94,60.0,5.83,1.6,1.98,1.2,40.0,9,13,3.42,5.8,2.25,5.65,3.53,1.0,3.4,5,9,10.6,58.82,2.2,1.69,3,1,0
2025-03-16,F1,19:45,Paris SG,Marseille,H,H,2024/2025,1.93,11,0,2,1.8,6.4,2.71,70.59,10.11,2.0,80.0,1.33,2.8,1.97,1.0,60.0,7,9,5.72,2.6,2.63,4.39,3.53,1.0,6.0,5,16,12.4,76.47,3.2,1.52,0,1,0
2025-03-29,F1,16:00,Reims,Marseille,H,H,2024/2025,2.0,20,0,8,2.2,8.2,5.47,70.59,9.32,2.03,40.0,5.52,1.0,1.86,0.8,60.0,6,9,3.58,7.4,2.0,5.74,3.53,1.4,4.4,5,7,12.6,35.29,2.8,1.9,0,1,1
2025-04-12,F1,16:00,Monaco,Marseille,H,H,2024/2025,1.82,8,0,4,2.4,6.6,3.88,70.59,9.13,1.87,100.0,1.93,3.8,2.01,0.8,80.0,6,18,4.38,3.0,2.7,4.75,3.53,0.8,6.4,10,15,13.0,58.82,2.4,1.48,1,1,0
2025-05-04,F1,19:45,Lille,Marseille,D,D,2024/2025,1.84,13,0,6,2.6,6.2,3.88,70.59,9.18,1.89,40.0,2.44,1.6,1.84,0.6,80.0,9,8,4.41,3.6,2.02,4.77,3.53,0.6,4.8,1,5,11.0,58.82,2.6,1.89,2,0,0
2025-05-10,F1,20:00,Le Havre,Marseille,A,D,2024/2025,1.79,22,0,5,2.2,7.0,5.35,70.59,8.87,1.83,60.0,6.54,1.4,1.86,1.2,80.0,12,12,3.46,5.6,2.3,5.41,3.53,2.4,3.4,4,10,10.4,70.59,2.6,1.7,2,1,1
2025-08-15,F1,19:45,Rennes,Marseille,H,D,2025/2026,2.0,24,1,2,1.0,12.0,5.44,55.56,11.24,2.07,0.0,3.99,1.0,1.97,0.0,0.0,8,11,4.55,12.0,2.0,6.69,4.67,0.0,1.0,5,12,13.0,66.67,1.0,1.81,3,0,1
2025-08-31,F1,19:45,Lyon,Marseille,H,D,2025/2026,1.8,5,0,2,1.0,8.0,3.0,55.56,10.45,1.85,50.0,2.99,2.0,2.08,0.0,0.0,16,11,5.62,3.5,2.05,4.83,4.67,0.0,6.5,5,17,14.5,66.67,5.0,1.75,2,0,1
2025-09-26,F1,19:45,Strasbourg,Marseille,A,D,2025/2026,1.97,16,0,9,1.0,6.67,3.22,55.56,9.67,2.03,33.33,3.39,1.0,1.93,0.67,33.33,13,15,4.83,4.33,2.1,4.84,4.67,0.67,5.33,1,9,12.0,55.56,5.0,1.75,4,1,0
2025-10-04,F1,16:00,Metz,Marseille,A,D,2025/2026,2.0,21,0,9,0.75,6.0,3.88,55.56,9.18,2.05,25.0,6.51,0.25,2.2,1.25,50.0,8,7,4.28,4.0,2.1,4.9,4.67,1.25,3.75,1,4,9.75,37.5,4.75,1.73,0,1,0
2025-10-25,F1,20:05,Lens,Marseille,H,D,2025/2026,1.78,17,0,3,1.0,6.4,5.22,55.56,11.72,1.83,80.0,2.6,2.0,2.0,1.2,60.0,12,9,6.24,6.0,2.1,5.48,4.67,0.8,9.4,5,8,15.8,55.56,4.6,1.75,2,1,1
2025-11-01,F1,20:05,Auxerre,Marseille,A,A,2025/2026,1.82,6,1,2,0.8,4.6,4.89,55.56,10.42,1.86,40.0,5.07,0.6,1.86,1.4,60.0,12,14,5.37,4.4,1.9,5.05,4.67,1.2,5.2,4,9,9.8,44.44,5.0,1.95,4,0,0
2025-11-21,F1,19:45,Nice,Marseille,A,A,2025/2026,1.89,13,0,11,0.8,5.0,6.67,55.56,10.9,1.93,40.0,3.78,1.6,1.98,2.4,80.0,9,10,4.92,8.8,2.1,5.98,4.67,1.6,4.6,7,15,9.6,33.33,4.8,1.75,2,1,1
2025-12-05,F1,20:00,Lille,Marseille,H,H,2025/2026,1.78,6,0,2,0.8,5.2,4.89,55.56,10.52,1.85,40.0,2.42,2.6,1.82,2.0,60.0,9,11,5.37,4.8,2.1,5.15,4.67,0.8,6.0,2,5,11.2,33.33,4.2,1.75,1,0,0
2023-08-13,F1,16:05,Rennes,Metz,H,D,2023/2024,1.91,9,0,3,5.0,4.0,4.59,52.94,9.49,1.96,100.0,1.69,5.0,2.15,1.0,100.0,7,10,5.34,4.0,2.1,4.15,6.35,1.0,5.0,14,29,9.0,70.59,5.0,1.82,2,1,0
2023-08-27,F1,14:00,Clermont,Metz,A,D,2023/2024,1.96,10,0,5,2.5,3.0,3.88,52.94,9.66,2.0,50.0,1.94,1.0,2.0,1.0,50.0,8,10,5.99,2.0,1.93,3.67,6.35,2.5,8.0,4,16,11.0,41.18,7.5,2.02,1,0,1
2023-09-16,F1,20:00,Lens,Metz,A,A,2023/2024,2.04,2,0,2,1.67,2.33,3.59,52.94,9.97,2.12,0.0,1.53,0.5,2.2,1.0,33.33,12,12,6.59,0.5,2.2,3.38,6.35,1.0,10.0,10,31,12.33,41.18,8.0,1.74,2,0,0
2023-10-01,F1,14:00,Toulouse,Metz,H,H,2023/2024,2.02,8,0,3,2.0,3.25,4.59,52.94,9.94,2.09,66.67,1.87,2.0,2.06,0.75,50.0,10,7,5.63,6.33,1.93,4.31,6.35,1.0,3.0,10,15,6.25,64.71,7.0,2.06,0,1,0
2023-10-22,F1,16:05,Monaco,Metz,H,D,2023/2024,1.93,8,0,4,2.0,3.0,3.88,52.94,9.84,1.97,80.0,1.32,2.2,2.09,0.8,60.0,12,11,6.07,3.0,2.88,3.77,6.35,0.8,5.2,13,27,8.2,52.94,7.6,1.46,3,1,1
2023-11-05,F1,12:00,Lyon,Metz,D,D,2023/2024,2.01,10,0,5,1.2,4.0,4.06,52.94,9.69,2.07,60.0,1.67,1.2,1.88,0.8,40.0,16,14,5.74,3.4,2.02,3.95,6.35,2.0,6.0,4,15,10.0,58.82,7.4,1.9,1,0,1
2023-11-26,F1,14:00,Lorient,Metz,A,H,2023/2024,1.88,14,0,5,1.6,4.8,5.82,52.94,10.06,1.94,80.0,2.1,1.2,1.88,1.2,60.0,10,17,5.21,7.2,1.65,4.85,6.35,1.8,5.6,5,11,10.4,64.71,6.4,2.33,1,1,1
2023-12-03,F1,16:05,Lille,Metz,H,H,2023/2024,1.87,7,0,4,2.0,4.8,3.71,52.94,9.61,2.0,20.0,1.44,1.4,1.98,1.0,60.0,8,11,5.66,3.4,2.04,3.95,6.35,0.6,5.2,6,16,10.0,52.94,5.8,1.9,0,0,0
2023-12-20,F1,20:00,Paris SG,Metz,H,D,2023/2024,1.92,3,0,1,2.0,4.6,4.06,52.94,10.32,1.99,100.0,1.12,3.2,2.05,1.2,60.0,6,9,6.12,5.2,2.88,4.2,6.35,0.8,4.4,5,13,9.0,82.35,6.0,1.45,1,1,0
2024-01-27,F1,16:00,Nice,Metz,H,D,2023/2024,1.85,2,0,1,1.8,4.6,2.41,52.94,9.24,1.9,20.0,1.45,1.6,2.15,1.0,40.0,10,13,5.76,2.2,1.6,3.48,6.35,0.2,5.0,9,15,9.6,35.29,5.0,2.4,1,0,0
2024-02-09,F1,20:00,Marseille,Metz,D,D,2023/2024,1.85,7,1,3,1.8,3.4,4.88,52.94,9.79,1.91,60.0,1.43,1.8,1.92,1.0,40.0,12,16,5.79,2.4,1.99,4.0,6.35,1.0,7.2,6,18,10.6,52.94,5.4,1.99,0,0,0
2024-02-18,F1,14:00,Montpellier,Metz,H,H,2023/2024,1.84,14,0,4,2.0,3.0,4.18,52.94,9.35,1.89,40.0,1.67,1.0,2.12,0.4,40.0,17,13,5.32,4.8,1.82,4.03,6.35,0.6,4.4,7,21,7.4,47.06,5.8,2.19,3,1,1
2024-03-03,F1,14:00,Nantes,Metz,A,D,2023/2024,1.8,13,0,4,1.6,3.4,5.12,52.94,10.02,1.87,20.0,1.88,0.2,2.04,0.8,40.0,7,11,5.76,4.4,1.5,4.26,6.35,1.8,6.0,2,9,9.4,47.06,6.6,2.62,2,0,1
2024-03-17,F1,14:00,Reims,Metz,H,D,2023/2024,1.86,12,0,4,1.4,3.8,5.12,52.94,10.05,1.91,40.0,1.76,1.0,1.93,0.8,40.0,17,10,5.77,4.2,1.95,4.28,6.35,1.2,6.0,7,17,9.8,47.06,7.0,2.02,4,1,1
2024-04-07,F1,12:00,Brest,Metz,H,H,2023/2024,1.93,8,0,6,2.0,4.4,3.29,52.94,9.34,1.98,20.0,1.51,1.4,2.08,1.4,60.0,11,17,5.5,3.8,1.73,3.84,6.35,0.8,4.0,10,24,8.4,29.41,7.6,2.17,1,1,1
2024-04-21,F1,14:00,Le Havre,Metz,A,D,2023/2024,1.98,9,0,2,1.8,4.2,4.12,52.94,9.26,2.04,20.0,2.25,0.4,2.04,1.4,60.0,9,19,5.15,4.6,1.53,4.11,6.35,1.2,4.8,4,16,9.0,47.06,7.2,2.58,3,0,0
2024-05-12,F1,20:00,Strasbourg,Metz,H,D,2023/2024,1.94,11,0,2,1.6,4.6,5.29,52.94,9.15,1.99,60.0,2.18,1.6,2.07,1.6,60.0,10,10,4.65,5.2,1.95,4.5,6.35,1.2,3.8,2,10,8.4,64.71,6.4,1.96,2,1,0
2025-08-23,F1,20:05,Lyon,Metz,H,H,2025/2026,1.91,11,0,2,3.0,3.0,3.0,80.0,9.07,2.0,100.0,1.43,3.0,2.05,0.0,100.0,13,15,5.63,3.0,2.5,3.44,6.1,0.0,4.0,8,13,7.0,66.67,4.0,1.53,2,1,0
2025-08-31,F1,16:15,Paris FC,Metz,H,D,2025/2026,1.96,14,0,2,3.0,4.5,4.12,80.0,11.43,2.05,100.0,1.76,3.0,1.88,1.0,100.0,4,8,7.26,6.0,2.0,4.17,6.1,2.0,14.0,9,24,18.5,62.5,9.0,1.92,1,1,1
2025-09-21,F1,16:15,Monaco,Metz,H,D,2025/2026,1.92,8,0,3,3.67,4.67,4.1,80.0,9.34,1.98,100.0,1.33,3.67,2.03,1.33,100.0,15,6,5.29,4.67,2.75,4.05,6.1,1.67,5.0,6,16,9.67,70.0,7.33,1.45,0,1,0
2025-10-19,F1,16:15,Toulouse,Metz,H,H,2025/2026,1.79,2,0,2,3.75,3.75,4.9,80.0,9.46,1.83,75.0,1.59,2.75,2.0,1.0,100.0,14,11,5.24,5.25,2.2,4.22,6.1,2.0,3.5,7,16,7.25,60.0,6.75,1.77,1,1,0
2025-10-26,F1,14:00,Lille,Metz,H,H,2025/2026,1.88,10,0,4,4.2,4.6,4.89,80.0,10.23,1.95,40.0,1.23,2.0,2.05,1.0,100.0,18,12,5.94,5.2,2.75,4.29,6.1,0.8,5.6,12,23,10.2,33.33,6.8,1.48,2,1,1
2025-11-02,F1,16:15,Nantes,Metz,A,D,2025/2026,1.92,14,0,7,3.6,5.0,5.78,80.0,8.93,2.0,40.0,2.14,1.2,2.04,1.4,80.0,8,8,4.29,6.0,2.1,4.64,6.1,2.2,4.2,4,16,9.2,44.44,7.6,1.82,3,0,1
2025-11-23,F1,16:15,Brest,Metz,H,D,2025/2026,2.01,7,0,3,3.6,4.2,3.67,80.0,9.77,2.05,60.0,1.85,1.4,2.07,1.4,80.0,11,8,5.92,4.2,2.1,3.85,6.1,1.2,6.8,7,20,11.0,55.56,6.0,1.8,3,1,0
2025-12-07,F1,16:15,Auxerre,Metz,H,H,2025/2026,1.81,5,0,3,3.2,3.8,4.89,80.0,10.09,1.86,40.0,2.06,0.8,1.91,1.2,80.0,10,12,5.92,4.8,1.8,4.17,6.1,1.0,6.0,7,14,9.8,44.44,6.2,2.0,1,1,0
2026-01-04,F1,16:15,Lorient,Metz,D,A,2025/2026,2.04,8,0,2,2.6,4.4,5.11,80.0,8.47,2.15,20.0,1.84,1.4,2.15,1.4,60.0,9,8,4.06,6.0,1.98,4.41,6.1,0.8,2.8,5,16,7.2,55.56,6.0,1.91,2,0,0
2023-08-13,F1,14:00,Clermont,Monaco,A,A,2023/2024,2.04,14,0,8,2.0,2.0,3.88,70.59,9.46,2.1,100.0,3.06,2.0,2.12,4.0,100.0,7,16,5.37,2.0,2.0,4.09,5.29,4.0,6.0,7,15,8.0,41.18,6.0,1.85,4,1,0
2023-08-25,F1,20:00,Nantes,Monaco,D,H,2023/2024,1.98,27,0,10,2.5,6.0,5.12,70.59,10.33,2.03,100.0,4.38,2.0,2.16,3.5,100.0,8,7,4.98,7.5,2.2,5.35,5.29,2.5,4.0,3,3,10.0,47.06,3.5,1.7,2,1,1
2023-09-17,F1,12:00,Lorient,Monaco,D,D,2023/2024,1.87,20,0,7,2.33,6.0,5.82,70.59,10.22,1.93,66.67,4.78,2.33,1.96,3.0,100.0,13,14,4.68,7.67,2.3,5.54,5.29,1.33,4.33,3,10,10.33,64.71,5.0,1.66,1,1,1
2023-10-07,F1,20:00,Reims,Monaco,A,A,2023/2024,1.89,11,0,4,2.0,5.75,5.12,70.59,10.65,1.94,50.0,2.73,1.5,1.98,3.0,100.0,10,14,5.38,7.0,2.4,5.27,5.29,1.25,5.5,4,11,11.25,47.06,6.25,1.58,3,1,1
2023-10-29,F1,14:00,Lille,Monaco,H,H,2023/2024,1.86,16,0,6,2.0,6.2,3.71,70.59,10.02,1.93,20.0,2.5,1.4,1.84,2.4,80.0,17,13,5.26,5.0,2.3,4.76,5.29,0.4,4.2,5,7,10.4,52.94,5.4,1.65,2,0,0
2023-11-11,F1,20:00,Le Havre,Monaco,D,D,2023/2024,1.97,10,0,4,1.6,6.6,4.12,70.59,9.29,2.03,40.0,4.8,1.0,1.98,1.6,60.0,10,18,4.48,4.0,2.1,4.81,5.29,0.6,3.4,5,9,10.0,47.06,4.6,1.79,3,0,0
2023-11-24,F1,20:00,Paris SG,Monaco,H,H,2023/2024,1.89,14,0,7,2.0,6.6,4.06,70.59,10.65,1.96,100.0,1.48,3.4,1.94,1.4,60.0,9,19,5.78,4.8,3.4,4.87,5.29,1.0,4.8,11,16,11.4,82.35,4.8,1.37,1,1,1
2023-12-09,F1,16:00,Rennes,Monaco,A,D,2023/2024,1.99,12,0,5,1.8,6.4,4.59,70.59,10.07,2.04,60.0,2.86,1.2,1.91,1.4,60.0,9,22,4.89,6.8,2.2,5.18,5.29,1.6,4.0,5,15,10.4,70.59,4.2,1.75,6,1,0
2023-12-20,F1,20:00,Toulouse,Monaco,A,A,2023/2024,1.99,12,0,4,1.8,6.4,4.59,70.59,10.08,2.06,40.0,3.92,0.8,1.93,1.2,60.0,17,10,5.06,5.2,2.4,5.02,5.29,1.2,4.0,5,20,10.4,64.71,3.0,1.76,3,1,0
2024-01-27,F1,20:00,Marseille,Monaco,D,A,2023/2024,1.78,6,0,5,1.8,5.0,4.88,70.59,10.08,1.83,60.0,2.38,2.0,1.88,1.6,80.0,11,12,5.34,3.0,2.1,4.74,5.29,0.8,6.2,9,22,11.2,52.94,4.6,1.77,3,1,1
2024-02-11,F1,19:45,Nice,Monaco,A,D,2023/2024,1.84,9,1,5,2.2,4.6,2.41,70.59,9.71,1.9,40.0,2.43,1.6,1.89,2.2,100.0,17,14,5.69,2.4,1.65,4.02,5.29,0.8,6.2,5,15,10.8,35.29,5.8,2.34,4,1,0
2024-02-25,F1,12:00,Lens,Monaco,A,A,2023/2024,1.79,15,0,9,1.6,3.2,3.59,70.59,10.21,1.87,60.0,2.28,2.0,1.98,2.4,100.0,10,13,5.74,5.4,2.05,4.47,5.29,1.6,5.0,10,20,8.2,41.18,7.2,1.81,3,1,1
2024-03-10,F1,14:00,Strasbourg,Monaco,A,D,2023/2024,2.03,17,0,6,1.4,3.8,5.29,70.59,9.46,2.06,80.0,3.48,0.8,2.12,2.2,80.0,9,15,4.54,5.0,2.35,4.92,5.29,2.0,4.6,1,8,8.4,64.71,7.2,1.68,3,0,1
2024-03-30,F1,16:00,Metz,Monaco,A,A,2023/2024,2.05,17,0,7,1.6,3.8,4.41,70.59,9.22,2.13,60.0,5.53,1.0,2.16,2.8,80.0,8,8,4.62,4.0,2.25,4.6,5.29,2.0,4.6,7,13,8.4,52.94,7.4,1.74,0,1,0
2024-04-21,F1,16:05,Brest,Monaco,A,A,2023/2024,1.88,8,0,3,1.2,4.4,3.29,70.59,9.57,1.94,20.0,2.7,1.4,2.02,2.8,60.0,8,9,5.23,3.6,2.0,4.34,5.29,1.2,4.8,2,12,9.2,29.41,6.8,1.85,2,0,1
2024-04-28,F1,18:00,Lyon,Monaco,H,H,2023/2024,1.93,13,0,5,1.4,4.6,4.06,70.59,10.05,1.98,60.0,2.26,1.8,1.95,2.6,60.0,15,14,5.24,6.2,3.2,4.81,5.29,1.8,5.2,4,15,9.8,58.82,5.8,1.38,3,1,0
2024-05-12,F1,20:00,Montpellier,Monaco,A,D,2023/2024,2.02,19,0,9,1.0,4.6,4.18,70.59,9.72,2.1,40.0,4.28,1.4,1.91,2.4,40.0,20,10,5.02,4.8,3.5,4.7,5.29,2.2,5.2,3,14,9.8,47.06,4.6,1.32,1,0,0
2024-08-24,F1,16:00,Lyon,Monaco,A,D,2024/2025,1.97,15,0,4,0.0,6.0,4.41,70.59,9.45,2.0,0.0,2.79,0.0,1.87,2.0,0.0,10,7,3.81,6.0,2.63,5.64,3.06,2.0,0.0,1,2,6.0,64.71,0.0,1.54,0,0,0
2024-09-14,F1,18:00,Auxerre,Monaco,A,A,2024/2025,1.88,19,0,9,0.0,6.0,6.12,70.59,9.0,1.91,100.0,4.58,1.0,2.07,2.5,50.0,13,16,2.99,5.5,2.38,6.01,3.06,2.0,2.0,3,13,8.0,58.82,0.5,1.61,0,1,0
2024-10-05,F1,20:00,Rennes,Monaco,A,A,2024/2025,1.87,5,0,2,0.33,5.33,3.29,70.59,10.04,1.91,75.0,2.76,2.0,1.92,2.33,66.67,9,16,4.9,4.5,2.1,5.14,3.06,0.75,6.0,3,14,11.33,47.06,3.67,1.83,4,1,1
2024-10-27,F1,16:00,Nice,Monaco,H,D,2024/2025,1.91,11,0,5,0.75,5.5,4.76,70.59,10.56,1.97,50.0,4.04,3.0,1.99,2.0,75.0,16,11,4.81,6.75,2.0,5.75,3.06,0.75,4.5,9,17,10.0,52.94,4.25,1.84,5,1,1
2024-11-09,F1,16:00,Strasbourg,Monaco,A,H,2024/2025,2.03,19,0,8,0.8,4.8,4.71,70.59,9.37,2.08,60.0,4.04,1.6,2.01,2.2,80.0,16,18,3.92,4.6,2.2,5.45,3.06,1.4,4.6,2,5,9.4,70.59,3.6,1.71,2,1,0
2024-12-01,F1,19:45,Marseille,Monaco,H,A,2024/2025,1.91,7,0,4,1.2,4.2,2.71,70.59,9.24,1.94,60.0,2.65,1.2,2.02,2.0,100.0,15,16,4.55,2.6,2.1,4.69,3.06,1.6,4.2,4,9,8.4,64.71,4.6,1.75,1,1,0
2024-12-14,F1,20:00,Reims,Monaco,D,D,2024/2025,2.02,14,0,3,1.2,3.8,5.47,70.59,8.94,2.06,40.0,3.47,1.2,1.96,1.4,80.0,15,22,3.58,2.8,2.03,5.36,3.06,1.4,3.8,0,8,7.6,35.29,4.6,1.99,3,0,0
2025-01-10,F1,18:00,Nantes,Monaco,D,H,2024/2025,1.93,15,0,7,1.4,5.2,6.06,70.59,10.17,2.01,40.0,3.84,1.0,2.15,1.4,80.0,17,14,4.2,6.0,1.73,5.97,3.06,1.4,4.6,4,10,9.8,35.29,3.2,2.19,0,1,1
2025-01-17,F1,18:00,Montpellier,Monaco,H,A,2024/2025,1.89,26,0,11,1.4,7.2,4.71,70.59,10.38,1.93,100.0,5.38,2.0,2.03,1.4,80.0,7,9,4.51,6.4,2.63,5.87,3.06,1.8,5.2,4,12,12.4,70.59,2.8,1.51,2,1,1
2025-02-07,F1,20:05,Paris SG,Monaco,H,D,2024/2025,1.86,9,0,3,2.0,7.0,2.71,70.59,10.47,1.91,60.0,1.45,2.2,2.09,1.0,80.0,9,11,5.54,2.2,3.75,4.93,3.06,1.0,5.8,7,16,12.8,76.47,2.8,1.32,0,1,0
2025-02-22,F1,16:00,Lille,Monaco,H,H,2024/2025,1.94,13,0,3,2.0,7.6,3.88,70.59,9.79,1.98,80.0,2.48,2.0,1.99,1.0,80.0,11,18,4.25,4.8,2.2,5.54,3.06,1.2,5.0,6,9,12.6,58.82,2.0,1.73,2,1,0
2025-03-07,F1,19:45,Toulouse,Monaco,D,A,2024/2025,1.83,13,0,3,2.2,7.8,3.24,70.59,9.55,1.9,40.0,3.3,0.8,1.98,1.2,80.0,16,17,4.37,2.6,2.0,5.18,3.06,1.4,4.8,3,8,12.6,47.06,2.4,1.82,3,0,0
2025-03-15,F1,18:00,Angers,Monaco,A,D,2024/2025,1.91,16,0,5,1.8,7.4,5.0,70.59,9.21,1.98,20.0,8.01,0.6,2.13,1.2,60.0,12,11,3.31,5.8,2.63,5.9,3.06,1.8,2.6,2,6,10.0,47.06,1.8,1.54,2,0,0
2025-04-05,F1,18:00,Brest,Monaco,H,H,2024/2025,1.94,10,0,3,1.8,6.0,4.94,70.59,9.35,1.98,60.0,4.57,1.6,2.06,1.2,60.0,13,16,3.58,6.0,2.38,5.77,3.06,1.6,4.4,4,13,10.4,52.94,1.4,1.61,2,1,1
2025-04-26,F1,18:00,Le Havre,Monaco,D,H,2024/2025,1.86,19,0,7,1.2,7.0,5.35,70.59,9.13,1.93,60.0,8.11,1.4,2.06,1.2,40.0,12,13,3.32,4.4,2.63,5.81,3.06,2.6,4.0,3,9,11.0,70.59,1.8,1.53,0,0,0
2025-05-03,F1,20:05,St Etienne,Monaco,A,A,2024/2025,2.02,12,0,6,1.0,6.8,6.12,70.59,10.02,2.12,100.0,6.33,1.6,1.93,1.6,40.0,15,12,3.88,6.0,3.4,6.14,3.06,3.2,5.4,1,11,12.2,52.94,2.8,1.35,0,1,1
2025-05-17,F1,20:00,Lens,Monaco,H,H,2024/2025,1.83,6,0,4,1.6,6.6,2.65,70.59,10.34,1.88,40.0,2.7,1.2,1.91,1.4,60.0,14,9,5.4,2.8,2.75,4.94,3.06,1.2,6.6,5,15,13.2,35.29,3.2,1.45,1,1,0
2025-08-24,F1,19:45,Lille,Monaco,H,D,2025/2026,1.85,6,0,1,1.0,3.0,4.89,50.0,10.23,1.98,0.0,3.52,1.0,1.88,0.0,0.0,7,14,5.87,3.0,2.15,4.36,4.38,0.0,8.0,1,18,11.0,33.33,8.0,1.68,2,0,1
2025-09-13,F1,20:05,Auxerre,Monaco,A,A,2025/2026,1.97,13,1,3,1.0,5.5,4.89,50.0,10.33,2.0,50.0,4.95,1.0,1.94,1.0,50.0,12,19,5.37,6.5,2.75,4.96,4.38,1.0,4.5,2,9,10.0,44.44,6.5,1.47,6,1,1
2025-09-27,F1,16:00,Lorient,Monaco,H,H,2025/2026,1.95,5,0,2,1.67,5.0,5.11,50.0,8.3,2.0,100.0,4.04,2.67,2.05,1.0,66.67,10,11,3.51,4.67,2.2,4.79,4.38,2.67,2.67,8,19,7.67,55.56,5.0,1.67,3,1,0
2025-10-18,F1,18:00,Angers,Monaco,D,D,2025/2026,1.98,11,0,4,1.5,4.5,4.78,50.0,9.68,2.03,0.0,5.22,0.75,1.76,1.0,50.0,15,14,4.97,5.25,2.0,4.71,4.38,1.0,6.25,3,16,10.75,33.33,6.25,1.8,2,0,1
2025-10-29,F1,20:05,Nantes,Monaco,A,D,2025/2026,1.82,19,0,9,1.8,4.2,5.78,50.0,8.55,1.88,40.0,4.89,1.2,1.9,1.8,60.0,13,17,3.5,6.4,2.2,5.05,4.38,2.0,3.0,5,18,7.2,44.44,5.2,1.71,5,1,0
2025-11-22,F1,18:00,Rennes,Monaco,H,H,2025/2026,1.81,13,0,3,2.4,4.8,5.44,50.0,10.11,1.85,80.0,2.47,2.2,2.08,2.0,80.0,3,13,5.33,4.0,2.5,4.78,4.38,1.2,6.2,9,17,11.0,66.67,4.4,1.53,1,1,0
2025-12-05,F1,18:00,Brest,Monaco,H,H,2025/2026,1.96,10,1,2,2.4,3.8,3.67,50.0,9.45,2.03,40.0,3.55,0.8,2.0,1.6,60.0,17,15,5.27,3.4,2.5,4.18,4.38,1.0,6.8,4,12,10.6,55.56,3.8,1.55,4,0,0
2025-12-14,F1,19:45,Marseille,Monaco,H,D,2025/2026,1.93,18,0,7,2.0,4.4,2.67,50.0,8.76,2.0,80.0,2.09,2.8,1.83,1.4,40.0,11,11,4.79,3.2,2.1,3.97,4.38,1.2,4.2,8,18,8.6,66.67,4.0,1.73,1,0,0
2023-08-19,F1,18:00,Lyon,Montpellier,A,A,2023/2024,1.97,14,1,8,1.0,2.0,4.06,58.82,8.73,2.02,100.0,1.93,1.0,2.06,4.0,100.0,20,10,5.53,2.0,2.63,3.2,6.06,4.0,6.0,3,7,8.0,58.82,6.0,1.53,1,1,0
2023-09-03,F1,14:00,Lille,Montpellier,H,H,2023/2024,1.85,9,0,5,1.0,3.5,3.71,58.82,9.2,1.91,0.0,1.92,1.5,2.04,2.0,50.0,15,14,5.64,5.0,2.2,3.56,6.06,0.0,6.0,6,15,9.5,52.94,5.5,1.74,1,0,0
2023-09-17,F1,14:00,Strasbourg,Montpellier,D,A,2023/2024,1.83,11,0,4,1.33,3.67,5.29,58.82,8.09,1.9,66.67,3.1,2.0,2.2,2.0,66.67,17,17,4.19,4.33,1.97,3.9,6.06,1.0,2.0,7,14,5.67,64.71,4.33,2.03,6,1,0
2023-10-01,F1,16:05,Lorient,Montpellier,A,A,2023/2024,2.04,14,0,8,1.0,3.5,5.82,58.82,9.23,2.11,75.0,3.24,1.75,2.04,2.25,75.0,13,6,4.99,6.5,1.99,4.24,6.06,1.75,5.25,3,14,8.75,64.71,5.25,1.98,1,1,1
2023-10-22,F1,14:00,Nantes,Montpellier,H,H,2023/2024,2.03,11,0,6,1.2,3.4,5.12,58.82,9.22,2.12,60.0,3.16,2.4,2.08,1.8,60.0,16,13,5.28,5.4,2.08,3.94,6.06,1.8,3.6,5,14,7.0,47.06,5.0,1.84,1,0,0
2023-11-03,F1,20:00,Paris SG,Montpellier,H,H,2023/2024,1.98,7,0,2,1.6,3.4,4.06,58.82,9.63,2.05,100.0,1.26,3.0,2.09,1.0,60.0,10,13,6.11,3.8,3.5,3.52,6.06,0.8,5.4,10,21,8.8,82.35,5.6,1.36,0,1,1
2023-12-03,F1,14:00,Monaco,Montpellier,H,H,2023/2024,1.79,9,0,4,1.8,2.8,3.88,58.82,9.31,1.89,40.0,1.61,1.8,1.94,1.0,60.0,15,13,5.96,3.2,2.4,3.35,6.06,0.8,6.2,9,27,9.0,52.94,6.2,1.62,3,0,0
2023-12-17,F1,14:00,Metz,Montpellier,A,A,2023/2024,1.96,6,0,3,1.4,3.0,4.41,58.82,8.52,2.02,20.0,3.31,0.6,2.05,0.8,40.0,15,14,4.9,4.4,1.7,3.62,6.06,0.8,4.6,4,19,7.6,52.94,8.2,2.24,2,0,1
2024-01-14,F1,14:00,Brest,Montpellier,H,D,2023/2024,2.0,9,0,4,1.8,3.0,3.29,58.82,8.54,2.04,60.0,1.82,2.4,1.88,0.2,20.0,6,7,5.44,2.0,1.85,3.1,6.06,0.8,4.6,9,26,7.6,29.41,7.2,2.1,2,0,0
2024-02-03,F1,16:00,Rennes,Montpellier,H,H,2023/2024,2.07,17,0,9,1.8,3.0,4.59,58.82,9.31,2.13,60.0,1.54,1.6,2.02,0.4,40.0,17,12,5.46,6.2,1.92,3.85,6.06,1.0,4.6,3,9,7.6,70.59,7.4,2.07,3,1,0
2024-02-25,F1,19:45,Marseille,Montpellier,H,H,2023/2024,1.93,9,0,4,2.0,3.4,4.88,58.82,9.42,2.01,60.0,1.7,2.0,2.04,0.6,40.0,8,12,5.82,2.6,2.1,3.6,6.06,1.2,6.6,6,16,10.0,52.94,7.0,1.8,4,1,1
2024-03-08,F1,20:00,Nice,Montpellier,A,A,2023/2024,1.84,7,0,2,1.8,4.0,2.41,58.82,9.16,1.91,40.0,1.81,1.2,1.93,1.0,60.0,13,11,6.06,3.2,2.06,3.1,6.06,1.0,6.8,5,19,10.8,35.29,7.0,1.93,2,1,1
2024-03-31,F1,14:00,Le Havre,Montpellier,A,D,2023/2024,2.01,14,0,5,1.8,4.2,4.12,58.82,8.56,2.06,40.0,2.92,1.0,1.98,1.2,60.0,10,12,4.89,4.4,1.73,3.67,6.06,1.2,4.4,3,14,8.6,47.06,5.8,2.18,2,0,1
2024-04-14,F1,14:00,Clermont,Montpellier,D,H,2023/2024,1.84,14,0,6,1.6,4.4,3.88,58.82,9.07,1.89,60.0,3.32,1.0,1.93,1.4,60.0,12,14,5.48,4.0,2.3,3.59,6.06,2.2,5.4,2,10,9.8,41.18,5.8,1.72,1,0,0
2024-04-21,F1,14:00,Reims,Montpellier,A,A,2023/2024,1.87,12,0,5,1.4,4.6,5.12,58.82,9.48,1.91,40.0,2.24,0.8,2.02,1.6,60.0,15,10,5.52,4.4,2.3,3.96,6.06,1.0,4.8,4,22,9.4,47.06,6.4,1.67,3,1,1
2024-05-03,F1,18:00,Toulouse,Montpellier,A,D,2023/2024,2.04,5,1,3,0.8,3.8,4.59,58.82,9.47,2.1,80.0,2.04,1.4,1.88,1.8,60.0,17,14,5.84,3.2,2.3,3.63,6.06,1.6,6.2,5,15,10.0,64.71,6.6,1.65,4,1,0
2024-05-19,F1,20:00,Lens,Montpellier,D,H,2023/2024,1.93,11,0,2,1.0,2.8,3.59,58.82,9.02,1.99,40.0,1.3,1.4,2.16,1.8,60.0,10,13,5.78,2.8,3.2,3.24,6.06,1.2,5.4,13,27,8.2,41.18,5.2,1.37,1,1,0
2024-08-23,F1,19:45,Paris SG,Montpellier,H,H,2024/2025,1.85,6,0,3,6.0,2.0,2.71,41.18,10.67,1.88,100.0,1.23,6.0,1.94,0.0,100.0,9,16,7.39,2.0,3.2,3.28,5.88,0.0,10.0,10,21,12.0,76.47,10.0,1.36,4,1,1
2024-09-15,F1,14:00,Rennes,Montpellier,H,H,2024/2025,1.81,12,0,4,4.5,3.0,3.29,41.18,9.66,1.85,100.0,1.44,3.0,2.06,0.0,100.0,10,7,5.79,5.5,2.75,3.87,5.88,0.0,5.0,6,11,8.0,47.06,6.5,1.52,3,1,0
2024-09-28,F1,20:00,Monaco,Montpellier,H,D,2024/2025,1.92,9,0,4,3.67,2.67,3.88,41.18,9.18,2.01,50.0,1.29,1.75,2.09,0.33,100.0,17,17,5.32,4.25,3.5,3.86,5.88,0.75,6.0,7,21,8.67,58.82,6.33,1.35,3,1,0
2024-10-06,F1,16:00,Reims,Montpellier,H,H,2024/2025,2.05,10,0,3,3.75,3.0,5.47,41.18,8.69,2.11,50.0,1.67,1.75,2.11,0.75,100.0,15,13,4.27,5.5,2.38,4.42,5.88,1.5,2.5,5,18,5.5,35.29,5.75,1.61,5,1,0
2024-11-03,F1,16:00,Le Havre,Montpellier,H,D,2024/2025,1.93,15,0,1,3.2,4.4,5.35,41.18,8.76,1.99,80.0,2.3,1.0,1.97,0.6,80.0,11,13,4.16,6.2,1.88,4.6,5.88,2.4,2.2,4,12,6.6,70.59,5.0,2.07,1,0,1
2024-11-23,F1,18:00,St Etienne,Montpellier,H,D,2024/2025,1.82,11,0,3,2.2,6.2,6.12,41.18,9.48,1.88,20.0,2.47,1.4,1.89,0.6,60.0,19,11,4.49,6.4,2.04,4.99,5.88,0.6,3.2,4,11,9.4,52.94,4.0,1.92,5,0,1
2024-12-08,F1,14:00,Lens,Montpellier,H,H,2024/2025,1.82,7,0,4,2.0,6.0,2.65,41.18,9.99,1.89,40.0,1.41,1.2,2.05,0.6,40.0,15,7,6.33,2.0,2.2,3.66,5.88,1.4,7.4,4,18,13.4,35.29,4.6,1.73,3,0,0
2025-01-04,F1,20:00,Lyon,Montpellier,H,D,2024/2025,1.95,16,0,6,1.8,6.6,4.41,41.18,9.95,2.0,40.0,1.36,2.0,2.06,0.4,20.0,8,10,5.43,5.6,3.2,4.52,5.88,0.6,5.2,2,12,11.8,64.71,4.0,1.38,2,0,0
2025-01-26,F1,16:15,Toulouse,Montpellier,A,D,2024/2025,2.06,6,0,4,1.2,6.2,3.24,41.18,9.2,2.13,60.0,1.7,1.4,2.07,0.4,20.0,9,15,5.25,3.2,2.0,3.95,5.88,1.0,4.6,6,15,10.8,47.06,4.4,1.82,2,1,0
2025-02-09,F1,16:15,Strasbourg,Montpellier,H,H,2024/2025,1.81,11,0,2,1.4,4.6,4.71,41.18,8.88,1.85,60.0,1.66,1.6,2.13,0.4,20.0,12,12,4.72,3.2,2.2,4.16,5.88,1.0,4.0,6,22,8.6,70.59,5.2,1.75,4,0,0
2025-02-23,F1,16:15,Nice,Montpellier,H,H,2024/2025,1.83,13,0,1,1.6,3.4,4.76,41.18,10.15,1.88,40.0,1.35,2.2,1.95,0.4,20.0,17,15,5.8,6.2,2.38,4.35,5.88,0.6,5.8,6,16,9.2,52.94,5.8,1.61,1,0,1
2025-03-08,F1,18:00,Lille,Montpellier,H,D,2024/2025,1.96,10,0,3,1.4,3.0,3.88,41.18,9.42,2.0,80.0,1.42,2.0,2.04,0.4,20.0,11,12,5.45,5.0,2.15,3.97,5.88,1.0,6.0,8,18,9.0,58.82,6.0,1.7,3,0,0
2025-03-30,F1,16:15,Auxerre,Montpellier,H,D,2024/2025,1.87,12,0,1,1.4,3.2,6.12,41.18,9.15,1.91,40.0,1.86,1.4,1.92,0.4,20.0,14,14,4.64,4.6,2.1,4.51,5.88,0.8,4.6,6,21,7.8,58.82,7.4,1.82,1,0,1
2025-04-13,F1,16:15,Angers,Montpellier,H,H,2024/2025,1.91,4,0,1,1.6,3.0,5.0,41.18,9.02,1.95,40.0,1.93,0.4,2.0,0.0,0.0,12,13,4.65,6.2,1.86,4.37,5.88,2.2,3.4,4,10,6.4,47.06,7.4,2.06,2,0,0
2025-04-19,F1,20:05,Marseille,Montpellier,H,H,2024/2025,1.83,6,0,1,2.2,3.0,2.71,41.18,9.2,1.89,60.0,1.16,3.0,2.02,0.2,20.0,11,11,5.86,1.6,3.5,3.34,5.88,1.0,7.2,8,18,10.2,64.71,7.6,1.35,2,1,0
2025-05-04,F1,16:15,Brest,Montpellier,H,H,2024/2025,1.82,6,0,1,2.0,3.2,4.94,41.18,9.22,1.88,40.0,1.35,1.2,1.93,0.2,20.0,14,18,4.84,6.2,2.5,4.38,5.88,0.8,4.6,5,16,7.8,52.94,6.8,1.61,2,0,0
2025-05-17,F1,20:00,Nantes,Montpellier,H,H,2024/2025,1.96,9,0,0,2.4,3.4,6.06,41.18,9.72,1.99,20.0,1.57,1.0,2.01,0.2,40.0,14,9,5.22,4.4,2.03,4.5,5.88,0.4,4.2,6,18,7.6,35.29,6.8,1.9,1,1,0
2023-08-20,F1,12:00,Lille,Nantes,H,D,2023/2024,1.92,14,1,4,2.0,5.0,3.71,47.06,10.04,1.98,0.0,1.47,2.0,2.0,0.0,0.0,8,15,5.69,5.0,2.2,4.35,5.24,0.0,7.0,8,18,12.0,52.94,7.0,1.7,2,0,1
2023-09-17,F1,14:00,Clermont,Nantes,A,D,2023/2024,1.86,8,0,5,1.0,4.0,3.88,47.06,9.57,1.91,33.33,1.88,0.67,2.09,0.5,0.0,16,16,5.54,2.33,1.87,4.03,5.24,2.0,7.33,3,16,11.33,41.18,6.5,2.05,2,0,0
2023-10-01,F1,19:45,Rennes,Nantes,H,D,2023/2024,2.01,10,0,3,1.67,4.0,4.59,47.06,9.49,2.06,100.0,1.68,3.0,1.97,0.67,33.33,11,17,5.22,3.0,1.96,4.27,5.24,1.5,5.25,5,16,9.25,70.59,6.33,1.94,6,1,0
2023-10-06,F1,20:00,Strasbourg,Nantes,A,D,2023/2024,1.94,16,0,7,1.5,5.75,5.29,47.06,8.98,2.03,60.0,2.37,1.4,1.96,1.0,50.0,15,12,4.12,5.4,1.65,4.86,5.24,1.2,2.2,3,11,7.95,64.71,5.5,2.32,0,1,1
2023-10-28,F1,20:00,Lens,Nantes,H,H,2023/2024,1.88,11,0,1,2.0,4.8,3.59,47.06,9.87,1.94,40.0,1.63,1.6,1.89,0.8,60.0,12,17,5.85,2.2,2.1,4.02,5.24,0.8,8.2,7,11,13.0,41.18,5.2,1.82,2,1,0
2023-11-12,F1,14:00,Metz,Nantes,H,H,2023/2024,1.78,16,0,3,2.2,4.8,4.41,47.06,8.44,1.81,40.0,3.47,1.0,2.0,1.0,80.0,7,9,4.09,3.4,1.7,4.35,5.24,1.0,2.6,4,9,7.4,52.94,4.2,2.33,0,1,0
2023-12-09,F1,20:00,Paris SG,Nantes,H,H,2023/2024,1.8,10,0,4,2.6,4.8,4.06,47.06,10.1,1.84,100.0,1.29,3.4,2.05,1.0,100.0,9,12,5.7,4.8,2.7,4.4,5.24,0.6,5.0,6,16,9.8,82.35,4.0,1.45,3,1,0
2023-12-20,F1,20:00,Lyon,Nantes,H,D,2023/2024,1.98,7,1,0,2.2,5.4,4.06,47.06,9.55,2.04,40.0,1.94,1.2,2.1,0.8,80.0,8,14,5.07,5.0,1.88,4.48,5.24,1.0,5.2,7,8,10.6,58.82,4.2,2.02,2,0,1
2024-01-28,F1,14:00,Reims,Nantes,D,D,2023/2024,2.03,7,0,5,2.0,3.6,5.12,47.06,9.64,2.09,40.0,1.98,0.8,1.97,0.4,60.0,8,16,5.23,3.4,1.83,4.41,5.24,0.8,5.6,1,10,9.2,47.06,4.8,2.13,2,0,0
2024-02-11,F1,14:00,Toulouse,Nantes,A,A,2023/2024,1.95,5,0,2,1.4,3.4,4.59,47.06,9.96,2.03,40.0,2.11,0.6,2.16,0.8,60.0,10,13,5.65,4.0,1.85,4.31,5.24,1.4,6.6,3,16,10.0,64.71,6.4,2.13,1,1,1
2024-02-24,F1,16:00,Lorient,Nantes,A,D,2023/2024,2.05,7,0,6,0.8,4.0,5.82,47.06,9.5,2.09,60.0,3.1,1.6,1.91,0.8,40.0,11,11,4.7,5.2,1.53,4.8,5.24,2.0,3.0,1,6,7.0,64.71,6.6,2.51,2,0,1
2024-03-10,F1,19:45,Marseille,Nantes,H,H,2023/2024,2.04,10,0,3,0.8,5.0,4.88,47.06,10.02,2.1,40.0,1.51,2.0,2.1,0.6,20.0,11,16,5.47,4.0,1.83,4.55,5.24,1.0,6.2,4,12,11.2,52.94,6.0,2.09,3,0,0
2024-03-31,F1,14:00,Nice,Nantes,A,A,2023/2024,1.86,13,0,4,0.8,4.2,2.41,47.06,9.59,1.92,60.0,1.83,1.0,1.83,1.0,40.0,7,19,5.88,2.6,1.57,3.71,5.24,1.4,7.6,3,12,11.8,35.29,6.4,2.47,5,1,1
2024-04-14,F1,12:00,Le Havre,Nantes,A,D,2023/2024,1.73,12,0,4,0.8,5.2,4.12,47.06,9.23,1.81,20.0,2.48,0.4,1.85,1.2,40.0,14,12,4.81,4.4,1.44,4.42,5.24,1.2,5.0,1,10,10.2,47.06,6.4,2.85,2,0,1
2024-04-26,F1,20:00,Montpellier,Nantes,D,D,2023/2024,1.87,15,2,5,0.8,6.4,4.18,47.06,9.7,1.9,60.0,2.07,2.0,1.9,1.0,20.0,11,14,5.09,5.0,1.89,4.61,5.24,1.8,6.0,1,8,12.4,47.06,4.6,2.02,1,0,0
2024-05-04,F1,20:00,Brest,Nantes,D,D,2023/2024,1.88,9,0,1,0.8,4.8,3.29,47.06,9.07,1.93,20.0,1.74,1.2,1.99,0.8,20.0,6,14,5.06,2.8,1.73,4.01,5.24,1.2,4.8,2,9,9.6,29.41,5.2,2.2,2,0,0
2024-05-19,F1,20:00,Monaco,Nantes,H,H,2023/2024,1.82,6,0,3,1.2,3.6,3.88,47.06,9.81,1.87,60.0,1.58,2.4,2.2,0.8,40.0,14,23,5.61,4.4,3.0,4.2,5.24,0.6,5.8,6,10,9.4,52.94,5.2,1.42,2,1,0
2024-08-18,F1,16:00,Toulouse,Nantes,D,D,2024/2025,2.07,6,0,2,0.0,5.0,3.24,52.94,10.22,2.15,0.0,2.12,0.0,2.16,0.0,0.0,10,8,6.47,5.0,1.73,3.75,6.35,0.0,10.0,3,7,15.0,47.06,10.0,2.25,3,0,1
2024-08-31,F1,18:00,Montpellier,Nantes,A,A,2024/2025,1.89,10,0,5,0.5,4.0,4.71,52.94,10.0,1.94,50.0,2.31,1.0,1.94,1.5,50.0,11,13,6.13,3.5,2.05,3.87,6.35,2.0,7.0,5,11,11.0,70.59,9.0,1.9,2,1,1
2024-09-22,F1,16:00,Angers,Nantes,D,D,2024/2025,1.99,9,0,3,0.67,4.67,5.0,52.94,9.05,2.07,33.33,3.19,0.67,2.17,1.33,33.33,13,16,4.86,5.33,1.62,4.19,6.35,2.0,4.67,1,4,9.34,47.06,7.0,2.39,4,0,0
2024-10-06,F1,14:00,Lyon,Nantes,H,H,2024/2025,1.84,11,0,6,1.0,5.75,4.41,52.94,10.05,1.9,50.0,1.68,2.0,2.12,1.0,25.0,10,5,5.93,5.0,2.2,4.12,6.35,2.0,6.25,6,17,12.0,64.71,6.75,1.75,2,0,1
2024-10-27,F1,16:00,Strasbourg,Nantes,H,H,2024/2025,1.99,8,0,6,1.4,5.4,4.71,52.94,9.22,2.06,60.0,2.0,2.0,1.92,1.0,40.0,15,17,5.04,5.2,1.95,4.18,6.35,1.0,4.8,5,9,10.2,70.59,6.4,1.99,3,1,0
2024-11-09,F1,18:00,Lens,Nantes,H,D,2024/2025,1.8,9,0,3,2.0,4.6,2.65,52.94,9.91,1.83,20.0,1.62,1.0,2.13,1.4,60.0,14,8,6.51,3.4,1.73,3.4,6.35,0.8,7.0,3,15,11.6,35.29,5.6,2.16,0,1,0
2024-11-30,F1,20:00,Paris SG,Nantes,D,D,2024/2025,1.83,5,0,2,2.0,4.6,2.71,52.94,10.26,1.89,60.0,1.16,2.4,2.09,1.0,40.0,3,6,6.76,4.2,2.75,3.5,6.35,0.8,6.8,10,24,11.4,76.47,5.8,1.52,0,0,1
2024-12-15,F1,16:00,Brest,Nantes,H,H,2024/2025,2.05,16,0,7,2.6,4.4,4.94,52.94,8.68,2.13,40.0,2.33,2.0,2.01,1.0,60.0,10,14,4.6,4.6,1.53,4.08,6.35,0.8,2.6,8,13,7.0,52.94,5.2,2.55,3,1,0
2025-01-04,F1,18:00,Lille,Nantes,D,H,2024/2025,1.93,6,0,2,2.4,2.6,3.88,52.94,8.66,2.03,40.0,1.52,1.6,2.1,1.2,60.0,6,10,5.11,3.8,1.92,3.55,6.35,0.8,3.0,3,13,5.6,58.82,4.4,2.02,2,0,0
2025-01-19,F1,14:00,St Etienne,Nantes,D,A,2024/2025,2.06,8,0,4,2.0,3.2,6.12,52.94,9.34,2.09,20.0,3.1,1.4,2.2,1.2,40.0,9,11,4.77,7.8,1.8,4.57,6.35,0.8,4.0,2,12,7.2,52.94,4.8,2.14,1,0,1
2025-02-02,F1,16:15,Reims,Nantes,A,D,2024/2025,1.98,11,1,6,1.6,3.6,5.47,52.94,8.61,2.04,40.0,2.29,0.8,1.99,1.2,40.0,14,10,4.6,3.4,1.67,4.01,6.35,1.8,5.0,2,13,8.6,35.29,5.4,2.38,3,1,1
2025-02-15,F1,18:00,Monaco,Nantes,H,H,2024/2025,1.92,6,0,2,2.8,3.2,3.88,52.94,8.78,2.01,80.0,1.52,3.6,2.13,1.2,60.0,18,9,5.17,3.8,2.3,3.61,6.35,1.8,4.2,11,22,7.4,58.82,5.4,1.62,1,1,0
2025-03-02,F1,19:45,Marseille,Nantes,H,D,2024/2025,1.97,8,0,2,2.4,2.6,2.71,52.94,8.9,2.04,60.0,1.34,3.2,1.94,1.0,40.0,14,15,5.82,2.0,2.38,3.08,6.35,1.0,7.2,5,21,9.8,64.71,6.0,1.61,2,0,0
2025-03-30,F1,16:15,Le Havre,Nantes,H,H,2024/2025,1.98,7,0,2,2.8,3.4,5.35,52.94,8.72,2.12,60.0,3.19,1.2,2.13,1.2,60.0,16,9,4.68,4.2,1.67,4.04,6.35,2.2,5.0,5,16,8.4,70.59,6.2,2.35,2,1,0
2025-04-04,F1,19:45,Nice,Nantes,A,A,2024/2025,2.0,8,0,4,2.8,2.4,4.76,52.94,9.97,2.06,20.0,1.5,1.2,2.12,1.4,80.0,9,14,6.3,3.0,2.1,3.67,6.35,1.0,8.4,9,21,10.8,52.94,7.0,1.74,1,1,1
2025-04-18,F1,19:45,Rennes,Nantes,H,H,2024/2025,1.79,4,0,1,3.0,2.2,3.29,52.94,9.52,1.83,40.0,1.88,0.8,2.15,1.2,80.0,24,13,6.16,3.8,2.01,3.36,6.35,1.6,6.8,5,19,9.0,47.06,7.2,1.92,5,1,1
2025-05-10,F1,20:00,Auxerre,Nantes,D,H,2024/2025,1.78,7,0,2,1.8,2.6,6.12,52.94,9.01,1.83,40.0,2.87,0.8,1.89,1.2,60.0,15,16,4.74,5.4,1.8,4.27,6.35,1.4,5.0,3,9,7.6,58.82,6.8,2.13,1,0,0
2025-08-24,F1,16:15,Strasbourg,Nantes,H,D,2025/2026,1.76,9,0,2,1.0,6.0,3.22,44.44,9.47,1.86,0.0,1.79,1.0,1.94,0.0,0.0,11,9,5.75,6.0,1.8,3.72,6.89,0.0,7.0,4,15,13.0,55.56,7.0,2.07,2,0,1
2025-09-13,F1,16:00,Nice,Nantes,H,D,2025/2026,1.95,14,0,3,1.0,5.0,6.67,44.44,10.21,2.02,33.33,1.57,1.33,1.98,0.0,0.0,16,13,5.93,4.0,2.1,4.28,6.89,0.67,7.0,8,19,12.0,33.33,7.0,1.77,0,0,1
2025-09-27,F1,18:00,Toulouse,Nantes,D,A,2025/2026,1.91,12,0,2,1.33,4.67,4.9,44.44,9.29,1.95,66.67,1.85,2.33,2.05,0.67,33.33,18,12,5.22,6.67,1.73,4.07,6.89,2.67,3.0,7,20,7.67,60.0,5.0,2.1,3,1,0
2025-10-04,F1,18:00,Brest,Nantes,D,D,2025/2026,1.92,6,0,0,1.0,4.25,3.67,44.44,9.45,1.98,75.0,1.98,2.0,1.95,0.5,25.0,11,12,6.07,3.25,1.85,3.38,6.89,1.5,5.5,5,17,9.75,55.56,6.75,2.0,1,0,1
2025-10-24,F1,19:45,Paris FC,Nantes,A,A,2025/2026,2.01,11,0,3,1.0,3.8,4.12,44.44,10.04,2.05,75.0,1.58,2.0,1.9,0.8,40.0,10,13,6.54,3.75,2.0,3.5,6.89,1.75,6.75,3,14,10.55,62.5,7.0,1.8,2,1,0
2025-11-08,F1,18:00,Le Havre,Nantes,D,A,2025/2026,1.9,5,0,2,1.0,3.2,2.78,44.44,8.84,1.98,40.0,1.9,1.6,1.98,1.0,40.0,15,13,5.81,3.0,1.73,3.03,6.89,1.0,4.4,4,17,7.6,44.44,7.2,2.17,3,0,1
2025-11-30,F1,19:45,Lyon,Nantes,H,D,2025/2026,4.31,6,0,2,1.4,2.4,3.0,44.44,9.38,22.0,80.0,1.42,1.8,2.06,1.0,60.0,14,9,6.36,3.2,2.1,3.02,6.89,1.2,6.2,8,20,8.6,66.67,7.2,1.73,2,1,0
2025-12-12,F1,19:45,Angers,Nantes,H,H,2025/2026,1.99,7,0,4,1.8,2.2,4.78,44.44,9.2,2.05,40.0,2.2,2.0,2.0,0.8,60.0,17,13,5.61,4.6,1.57,3.59,6.89,0.8,4.4,9,20,6.6,33.33,8.2,2.38,2,1,0
2026-01-04,F1,14:00,Marseille,Nantes,A,A,2025/2026,1.97,15,2,9,1.8,2.2,2.67,44.44,8.75,2.02,60.0,1.27,1.6,1.93,1.2,60.0,17,20,5.79,3.6,2.75,2.96,6.89,1.2,5.0,4,11,7.2,66.67,7.0,1.47,3,0,0
2023-08-20,F1,14:00,Lorient,Nice,D,D,2023/2024,1.87,21,0,8,1.0,9.0,5.82,41.18,9.39,1.92,0.0,3.4,1.0,2.02,1.0,0.0,8,10,3.35,9.0,1.73,6.04,3.71,1.0,0.0,2,9,9.0,64.71,0.0,2.25,1,0,0
2023-09-15,F1,20:00,Paris SG,Nice,A,D,2023/2024,1.96,14,0,8,1.5,6.0,4.06,41.18,9.95,2.02,66.67,1.65,1.67,2.0,2.0,50.0,8,17,5.22,3.33,2.5,4.73,3.71,1.33,6.0,3,12,12.0,82.35,2.0,1.66,5,1,0
2023-09-22,F1,20:00,Monaco,Nice,A,D,2023/2024,1.94,13,0,7,1.0,4.67,3.88,41.18,9.35,2.0,66.67,2.46,2.0,1.91,1.67,33.33,13,15,4.9,2.33,2.1,4.45,3.71,0.33,4.67,3,9,9.34,52.94,3.0,1.78,1,0,0
2023-10-07,F1,16:00,Metz,Nice,A,A,2023/2024,1.91,7,0,4,0.75,4.5,4.41,41.18,8.24,1.97,50.0,6.41,1.0,2.14,1.5,25.0,9,10,3.53,3.75,1.87,4.71,3.71,1.5,2.5,3,10,7.0,52.94,2.5,2.05,1,0,0
2023-10-27,F1,20:00,Clermont,Nice,A,D,2023/2024,1.94,11,0,5,0.6,4.0,3.88,41.18,9.13,1.96,20.0,3.81,0.4,2.21,1.4,20.0,14,12,4.62,3.6,1.6,4.51,3.71,1.4,6.0,3,8,10.0,41.18,2.4,2.41,2,0,0
2023-11-10,F1,20:00,Montpellier,Nice,D,D,2023/2024,1.83,15,0,4,0.4,3.6,4.18,41.18,8.95,1.88,60.0,3.69,1.2,1.88,1.2,20.0,11,15,4.32,4.4,1.75,4.63,3.71,1.0,3.8,1,9,7.4,47.06,3.0,2.25,4,0,0
2023-12-02,F1,20:00,Nantes,Nice,H,H,2023/2024,2.03,13,0,6,0.2,4.2,5.12,41.18,9.74,2.06,20.0,3.81,1.6,1.87,0.6,0.0,15,18,4.82,4.4,1.62,4.92,3.71,0.8,6.6,4,13,10.8,47.06,3.2,2.45,0,0,1
2023-12-16,F1,16:00,Le Havre,Nice,H,H,2023/2024,1.95,13,1,6,0.8,5.6,4.12,41.18,8.84,1.99,20.0,4.14,0.6,1.84,0.6,20.0,13,9,3.99,4.8,1.44,4.85,3.71,1.0,4.4,5,9,10.0,47.06,2.6,2.86,2,1,1
2024-01-13,F1,20:00,Rennes,Nice,H,H,2023/2024,1.84,9,0,2,1.2,6.0,4.59,41.18,9.73,1.91,40.0,2.47,1.4,1.91,0.4,20.0,13,11,4.54,6.6,1.62,5.19,3.71,1.0,5.0,5,15,11.0,70.59,3.6,2.39,0,0,1
2024-02-04,F1,16:05,Brest,Nice,D,D,2023/2024,1.76,13,0,1,1.2,6.6,3.29,41.18,8.87,1.82,40.0,2.98,2.0,2.05,0.2,20.0,12,12,4.4,2.0,1.4,4.47,3.71,0.2,3.4,2,17,10.0,29.41,3.8,3.1,1,0,0
2024-02-16,F1,20:00,Lyon,Nice,H,H,2023/2024,2.01,20,0,6,1.4,7.0,4.06,41.18,9.44,2.05,40.0,2.8,1.6,1.96,0.2,20.0,8,12,4.52,4.2,1.67,4.92,3.71,0.6,3.8,1,9,10.8,58.82,4.0,2.33,1,0,1
2024-03-03,F1,12:00,Toulouse,Nice,H,A,2023/2024,1.94,9,0,6,1.6,7.0,4.59,41.18,10.34,2.0,80.0,3.59,1.4,2.02,0.4,40.0,16,10,5.19,5.2,1.62,5.15,3.71,1.6,7.8,6,17,14.8,64.71,4.4,2.36,2,1,1
2024-03-16,F1,20:00,Lens,Nice,A,A,2023/2024,1.84,7,0,3,1.2,5.8,3.59,41.18,10.05,1.88,60.0,1.99,1.4,1.95,0.8,40.0,9,12,5.37,4.2,1.82,4.68,3.71,1.8,6.2,4,20,12.0,41.18,6.2,2.19,3,1,1
2024-04-07,F1,14:00,Reims,Nice,D,D,2023/2024,1.76,18,0,3,0.8,5.6,5.12,41.18,9.97,1.83,40.0,2.73,1.0,2.16,0.8,40.0,15,15,4.87,4.8,1.73,5.1,3.71,1.2,5.2,3,10,10.8,47.06,5.4,2.2,1,0,0
2024-04-24,F1,20:00,Marseille,Nice,D,D,2023/2024,1.92,10,1,4,1.2,5.0,4.88,41.18,9.77,1.99,40.0,2.25,1.8,2.03,1.2,60.0,10,14,4.87,4.0,1.62,4.9,3.71,1.2,4.6,4,11,9.6,52.94,5.4,2.38,3,1,0
2024-04-28,F1,14:00,Strasbourg,Nice,A,D,2023/2024,2.0,8,0,4,1.2,3.8,5.29,41.18,8.76,2.08,60.0,3.52,1.2,2.03,1.8,80.0,11,14,3.79,4.8,1.67,4.97,3.71,1.6,3.2,5,13,7.0,64.71,5.0,2.35,3,1,0
2024-05-19,F1,20:00,Lille,Nice,D,A,2023/2024,2.03,10,1,4,1.2,3.6,3.71,41.18,9.19,2.13,80.0,1.51,2.2,2.12,2.0,80.0,9,9,4.72,4.0,2.2,4.47,3.71,1.6,4.0,3,12,7.6,52.94,4.2,1.72,3,1,0
2024-08-18,F1,14:00,Auxerre,Nice,H,D,2024/2025,2.02,9,0,2,2.0,5.0,6.12,64.71,8.89,2.09,100.0,3.0,2.0,2.17,1.0,100.0,11,17,4.03,5.0,1.92,4.86,5.82,1.0,3.0,7,16,8.0,58.82,3.0,2.11,0,1,0
2024-09-01,F1,16:00,Angers,Nice,A,A,2024/2025,1.99,12,0,9,1.5,6.0,5.0,64.71,9.14,2.06,50.0,4.51,0.5,1.98,2.5,100.0,14,13,4.46,5.0,1.62,4.68,5.82,2.5,5.5,7,12,11.5,47.06,3.5,2.39,4,1,1
2024-09-14,F1,16:00,Marseille,Nice,H,H,2024/2025,1.89,12,1,4,1.67,4.67,2.71,64.71,8.56,1.96,50.0,1.88,2.0,2.04,1.67,66.67,18,4,4.78,3.0,1.91,3.78,5.82,1.0,1.5,5,10,6.17,64.71,2.67,2.0,2,0,0
2024-09-28,F1,16:00,Lens,Nice,D,D,2024/2025,1.82,15,1,4,1.25,4.5,2.65,64.71,10.2,1.85,0.0,1.94,0.67,1.99,1.25,50.0,16,7,6.29,4.67,1.73,3.91,5.82,0.0,7.0,7,22,11.5,35.29,4.75,2.16,2,0,1
2024-10-20,F1,16:00,Nantes,Nice,D,D,2024/2025,2.02,13,0,7,1.2,5.2,6.06,64.71,10.13,2.09,50.0,2.94,1.5,1.88,1.2,40.0,10,11,5.09,6.75,1.73,5.04,5.82,1.25,5.25,7,11,10.45,35.29,4.6,2.2,1,0,1
2024-11-02,F1,18:00,Brest,Nice,A,A,2024/2025,1.99,12,0,3,0.8,4.6,4.94,64.71,9.04,2.04,20.0,3.05,1.8,1.83,1.2,20.0,9,4,4.61,4.0,1.62,4.43,5.82,0.4,4.0,6,16,8.6,52.94,5.2,2.38,2,0,0
2024-12-01,F1,16:00,Lyon,Nice,H,H,2024/2025,1.92,16,0,7,1.4,4.0,4.41,64.71,10.05,1.98,60.0,1.71,2.2,2.06,0.6,20.0,11,11,5.7,5.2,2.57,4.35,5.82,1.2,6.6,8,16,10.6,64.71,5.4,1.56,2,1,0
2024-12-15,F1,14:00,Montpellier,Nice,D,A,2024/2025,2.02,18,0,6,1.4,4.4,4.71,64.71,9.87,2.1,100.0,2.86,1.4,2.17,1.0,40.0,15,13,5.56,3.6,2.38,4.31,5.82,2.6,4.6,8,20,9.0,70.59,7.0,1.73,2,1,1
2025-01-11,F1,18:00,Reims,Nice,A,A,2024/2025,1.92,15,0,10,1.8,4.2,5.47,64.71,8.83,1.95,40.0,2.93,0.8,1.85,1.8,60.0,12,7,4.45,2.6,2.0,4.38,5.82,1.8,4.2,3,12,8.4,35.29,6.0,1.94,2,1,0
2025-01-17,F1,20:05,Lille,Nice,H,A,2024/2025,1.81,11,0,3,2.0,4.0,3.88,64.71,9.36,1.86,40.0,1.97,1.6,1.95,1.8,80.0,13,13,5.26,4.0,1.88,4.1,5.82,0.8,3.6,4,11,7.6,58.82,6.6,2.04,3,1,1
2025-02-02,F1,14:00,Toulouse,Nice,D,A,2024/2025,2.04,13,0,3,2.2,4.0,3.24,64.71,9.26,2.12,60.0,3.11,1.4,2.16,1.8,80.0,20,20,5.5,2.2,1.95,3.76,5.82,1.2,4.8,4,15,8.8,47.06,6.8,1.99,2,0,0
2025-02-16,F1,16:15,Le Havre,Nice,A,A,2024/2025,1.82,9,0,3,1.6,3.6,5.35,64.71,9.0,1.85,60.0,5.75,0.4,2.11,2.2,80.0,14,16,4.53,4.4,2.1,4.47,5.82,2.0,4.0,4,14,7.6,70.59,7.0,1.83,2,1,0
2025-03-01,F1,16:00,St Etienne,Nice,A,D,2024/2025,1.86,16,0,9,1.4,3.6,6.12,64.71,9.53,1.93,60.0,5.18,1.6,1.87,2.4,80.0,10,11,4.77,5.4,2.3,4.76,5.82,2.0,4.4,3,12,8.0,52.94,5.8,1.68,1,1,0
2025-03-29,F1,20:05,Monaco,Nice,H,A,2024/2025,1.94,9,0,4,1.4,3.8,3.88,64.71,9.25,1.97,100.0,1.92,3.8,2.07,1.8,80.0,17,14,5.31,2.6,2.3,3.94,5.82,1.2,6.4,6,17,10.2,58.82,6.0,1.68,4,1,1
2025-04-12,F1,20:05,Strasbourg,Nice,D,A,2024/2025,2.03,23,0,6,1.4,4.2,4.71,64.71,9.14,2.08,60.0,2.95,2.0,2.19,2.0,80.0,5,8,4.67,5.4,2.0,4.47,5.82,1.0,3.8,4,11,8.0,70.59,5.0,1.83,2,1,1
2025-04-25,F1,19:45,Paris SG,Nice,A,D,2024/2025,1.97,7,0,3,1.4,3.8,2.71,64.71,10.56,2.01,80.0,1.53,2.2,2.13,2.4,100.0,9,11,6.93,2.4,2.75,3.63,5.82,1.2,8.6,13,32,12.4,76.47,7.0,1.45,1,1,1
2025-05-10,F1,20:00,Rennes,Nice,H,H,2024/2025,1.98,14,0,6,1.6,4.4,3.29,64.71,9.75,2.02,40.0,3.23,1.2,1.9,1.8,80.0,5,13,5.84,3.2,2.63,3.91,5.82,1.2,6.2,4,10,10.6,47.06,6.0,1.64,1,0,0
2025-08-31,F1,16:15,Le Havre,Nice,H,H,2025/2026,2.0,7,0,3,3.0,5.0,2.78,77.78,8.68,2.05,100.0,3.47,2.0,1.98,1.0,100.0,13,16,4.48,2.5,1.9,4.2,4.78,1.5,3.5,8,12,8.5,44.44,0.0,2.05,4,1,0
2025-09-20,F1,18:00,Brest,Nice,H,H,2025/2026,1.85,21,0,4,3.5,6.0,3.67,77.78,9.35,1.9,100.0,3.24,2.67,2.0,1.0,100.0,17,11,4.75,3.33,2.2,4.6,4.78,2.0,3.33,5,11,9.33,55.56,1.0,1.74,3,1,0
2025-10-05,F1,16:15,Monaco,Nice,D,A,2025/2026,1.91,9,0,2,3.0,6.33,4.1,77.78,9.45,1.95,100.0,2.05,3.25,1.9,1.33,100.0,10,9,4.52,5.25,2.5,4.93,4.78,1.75,5.25,6,20,11.58,70.0,2.67,1.55,3,1,1
2025-10-26,F1,16:15,Rennes,Nice,A,A,2025/2026,1.91,8,0,3,2.5,5.5,5.44,77.78,10.45,1.95,60.0,2.11,1.4,1.85,1.5,100.0,13,22,5.29,5.0,2.2,5.16,4.78,1.0,5.4,7,19,10.9,66.67,3.75,1.72,2,1,0
2025-11-01,F1,16:00,Paris SG,Nice,H,D,2025/2026,1.94,5,0,2,2.2,4.6,2.56,77.78,10.21,1.98,20.0,1.19,1.8,1.9,1.2,80.0,12,5,6.16,2.0,3.2,4.05,4.78,0.6,7.2,8,28,11.8,55.56,5.2,1.36,1,0,1
2025-11-09,F1,16:15,Metz,Nice,H,A,2025/2026,2.0,11,0,4,2.0,4.2,3.88,77.78,9.06,2.08,40.0,3.06,1.0,2.0,1.2,80.0,12,19,4.5,4.2,2.2,4.56,4.78,1.0,4.0,2,9,8.2,37.5,6.4,1.68,4,1,0
2025-11-30,F1,16:15,Lorient,Nice,H,H,2025/2026,4.25,9,0,2,1.8,4.2,5.11,77.78,8.77,22.0,60.0,2.44,2.2,1.8,1.2,80.0,7,11,3.82,5.0,2.0,4.95,4.78,1.4,3.2,7,18,7.4,55.56,6.6,1.83,2,1,0
2025-12-14,F1,16:15,Lens,Nice,H,H,2025/2026,1.79,8,0,4,1.8,3.8,5.22,77.78,10.87,1.83,60.0,1.56,2.0,2.12,0.8,60.0,17,13,5.98,4.6,2.63,4.89,4.78,0.4,5.4,5,15,9.2,55.56,5.8,1.53,2,0,0
2025-08-17,F1,16:15,Angers,Paris FC,H,H,2025/2026,1.93,17,1,7,1.0,7.0,4.78,60.0,8.84,1.98,0.0,3.24,1.0,2.05,0.0,0.0,14,10,4.65,7.0,1.85,4.19,5.7,0.0,3.0,2,8,10.0,33.33,3.0,2.0,1,0,0
2025-08-23,F1,16:00,Marseille,Paris FC,H,H,2025/2026,1.74,8,0,4,3.0,4.5,2.67,60.0,8.11,1.8,100.0,1.42,5.0,2.02,1.0,50.0,9,12,5.2,2.0,2.4,2.91,5.7,2.0,5.0,7,12,9.5,66.67,4.0,1.57,0,1,0
2025-09-14,F1,16:15,Brest,Paris FC,A,A,2025/2026,1.88,7,0,4,2.33,3.33,3.67,60.0,8.41,2.0,100.0,2.53,2.0,1.91,1.33,66.67,11,10,5.41,1.5,2.0,3.0,5.7,2.5,4.0,8,23,7.33,55.56,4.67,1.81,2,1,0
2025-09-28,F1,14:00,Nice,Paris FC,D,H,2025/2026,1.93,13,0,3,2.0,3.75,6.67,60.0,9.42,2.0,25.0,1.91,1.25,2.25,1.25,50.0,14,14,5.36,4.25,2.1,4.06,5.7,0.75,6.5,5,11,10.25,33.33,4.75,1.75,1,0,0
2025-10-19,F1,14:00,Lens,Paris FC,H,D,2025/2026,1.94,9,0,3,2.0,3.6,5.22,60.0,10.58,2.0,75.0,1.84,2.0,2.05,1.2,60.0,11,8,6.77,5.5,2.3,3.81,5.7,0.75,10.75,3,11,14.35,55.56,6.0,1.68,2,1,1
2025-11-01,F1,18:00,Monaco,Paris FC,A,D,2025/2026,1.94,9,0,1,1.8,2.6,4.1,60.0,8.33,2.0,60.0,1.67,2.2,2.06,1.4,60.0,10,12,4.97,4.8,2.63,3.36,5.7,1.4,4.2,1,10,6.8,70.0,6.0,1.56,2,0,0
2025-11-23,F1,19:45,Lille,Paris FC,H,D,2025/2026,1.77,6,0,3,1.6,3.0,4.89,60.0,9.48,1.82,40.0,1.7,2.4,2.0,1.4,60.0,9,12,5.9,4.6,2.1,3.58,5.7,1.0,6.2,10,17,9.2,33.33,6.8,1.77,2,1,1
2025-12-07,F1,16:15,Le Havre,Paris FC,D,D,2025/2026,1.88,13,0,2,1.4,3.2,2.78,60.0,8.49,1.93,20.0,2.97,0.8,1.85,1.0,40.0,10,13,5.64,2.4,1.73,2.85,5.7,0.8,5.8,2,13,9.0,44.44,7.0,2.1,2,0,0
2026-01-04,F1,19:45,Paris SG,Paris FC,H,H,2025/2026,1.78,6,0,3,1.6,2.4,2.56,60.0,9.34,1.85,80.0,1.15,2.8,1.88,1.0,60.0,7,4,6.61,2.6,3.75,2.73,5.7,0.8,7.2,6,20,9.6,55.56,7.4,1.29,0,1,0
2023-08-19,F1,20:00,Toulouse,Paris SG,D,D,2023/2024,1.82,16,0,3,1.0,5.0,4.59,47.06,10.48,1.89,0.0,4.82,1.0,1.99,1.0,0.0,8,11,5.36,5.0,2.2,5.12,5.29,1.0,5.0,2,8,10.0,64.71,5.0,1.7,3,0,0
2023-09-03,F1,19:45,Lyon,Paris SG,A,A,2023/2024,2.01,22,0,8,1.0,3.5,4.06,47.06,9.73,2.06,100.0,4.96,1.0,2.16,2.5,50.0,9,5,5.19,2.0,2.38,4.54,5.29,4.0,5.5,8,19,9.0,58.82,5.0,1.62,2,1,0
2023-09-30,F1,16:00,Clermont,Paris SG,D,D,2023/2024,1.99,21,0,10,0.67,5.33,3.88,47.06,10.28,2.06,25.0,8.76,0.5,1.94,1.67,33.33,11,16,5.4,4.0,2.38,4.88,5.29,1.5,7.0,3,12,12.33,41.18,5.33,1.66,3,0,1
2023-10-08,F1,19:45,Rennes,Paris SG,A,A,2023/2024,1.79,17,0,7,0.75,5.75,4.59,47.06,10.02,1.84,100.0,4.21,2.6,2.13,2.0,50.0,12,15,4.94,3.8,2.3,5.08,5.29,1.8,4.4,4,14,10.15,70.59,4.25,1.66,0,1,0
2023-10-29,F1,12:00,Brest,Paris SG,A,A,2023/2024,1.86,17,0,10,1.0,5.6,3.29,47.06,10.13,1.91,40.0,5.51,1.4,2.03,2.2,60.0,14,10,5.29,4.8,2.15,4.84,5.29,1.2,7.0,5,20,12.6,29.41,5.2,1.7,4,1,1
2023-11-11,F1,16:00,Reims,Paris SG,A,A,2023/2024,1.99,14,0,6,0.8,5.4,5.12,47.06,10.72,2.03,60.0,4.98,1.0,2.13,2.6,80.0,14,6,5.4,5.2,2.35,5.32,5.29,1.6,6.2,6,19,11.6,47.06,5.8,1.61,0,1,1
2023-12-03,F1,12:00,Le Havre,Paris SG,A,A,2023/2024,1.87,9,0,5,0.6,5.4,4.12,47.06,9.67,1.92,20.0,8.76,0.4,2.11,2.2,60.0,11,9,4.76,3.6,2.35,4.91,5.29,1.0,4.2,7,22,9.6,47.06,6.6,1.61,1,0,1
2023-12-17,F1,19:45,Lille,Paris SG,D,D,2023/2024,1.84,10,0,2,0.8,5.2,3.71,47.06,10.48,1.87,0.0,3.94,1.4,1.98,2.4,60.0,9,19,5.6,4.6,2.3,4.88,5.29,0.4,6.0,3,15,11.2,52.94,7.0,1.62,1,0,1
2024-01-14,F1,19:45,Lens,Paris SG,A,A,2023/2024,1.91,15,1,7,0.6,5.0,3.59,47.06,10.57,1.96,40.0,3.83,2.0,2.02,2.2,40.0,10,8,5.7,5.0,2.2,4.87,5.29,0.8,4.0,5,17,9.0,41.18,7.8,1.7,1,0,1
2024-02-02,F1,20:00,Strasbourg,Paris SG,A,A,2023/2024,2.07,9,0,5,0.4,4.8,5.29,47.06,9.86,2.12,60.0,6.02,1.2,1.97,2.0,40.0,12,13,4.5,5.8,2.35,5.36,5.29,1.0,4.8,8,20,9.6,64.71,6.6,1.65,1,1,0
2024-02-17,F1,20:00,Nantes,Paris SG,A,D,2023/2024,2.04,12,0,2,0.4,5.6,5.12,47.06,10.61,2.11,20.0,7.89,0.4,2.12,1.8,20.0,10,12,5.29,5.0,2.04,5.32,5.29,1.4,5.0,7,12,10.6,47.06,5.6,1.9,0,0,1
2024-03-01,F1,20:00,Monaco,Paris SG,D,D,2023/2024,2.03,14,0,7,0.4,6.4,3.88,47.06,10.65,2.09,40.0,3.49,0.6,2.13,1.4,20.0,10,13,5.6,4.6,2.88,5.05,5.29,1.4,6.0,6,14,12.4,52.94,4.8,1.5,0,0,1
2024-03-17,F1,19:45,Montpellier,Paris SG,A,D,2023/2024,1.85,16,0,9,0.6,5.6,4.18,47.06,10.02,1.89,80.0,7.1,1.6,1.95,2.4,40.0,9,13,5.06,3.8,2.7,4.96,5.29,2.0,5.6,7,12,11.2,47.06,4.6,1.46,3,1,1
2024-03-31,F1,19:45,Marseille,Paris SG,A,D,2023/2024,1.8,8,0,3,0.6,5.0,4.88,47.06,10.4,1.85,40.0,3.76,1.8,2.05,2.4,40.0,10,8,5.32,3.8,2.1,5.08,5.29,1.2,6.0,10,22,11.0,52.94,4.6,1.75,4,0,0
2024-04-24,F1,18:00,Lorient,Paris SG,A,A,2023/2024,2.04,15,0,7,0.6,5.4,5.82,47.06,10.16,2.09,20.0,6.68,0.6,2.0,2.8,40.0,8,7,4.55,6.4,2.75,5.61,5.29,1.6,3.4,6,11,8.8,64.71,4.6,1.5,1,1,0
2024-05-15,F1,20:00,Nice,Paris SG,A,A,2023/2024,2.04,11,1,4,0.8,4.2,2.41,47.06,9.95,2.12,80.0,2.09,1.4,2.13,2.8,60.0,13,10,5.67,2.8,2.2,4.28,5.29,1.2,6.4,4,12,10.6,35.29,5.4,1.7,3,1,0
2024-05-19,F1,20:00,Metz,Paris SG,A,A,2023/2024,1.95,20,0,8,0.8,5.2,4.41,47.06,9.32,2.0,80.0,4.47,1.4,2.05,3.2,60.0,6,9,4.18,5.4,2.5,5.14,5.29,2.6,3.0,2,10,8.2,52.94,4.6,1.56,1,0,1
2024-08-16,F1,19:45,Le Havre,Paris SG,A,A,2024/2025,1.92,14,0,9,1.0,8.0,5.35,70.59,9.34,1.98,100.0,7.8,1.0,2.02,4.0,100.0,9,9,3.33,8.0,2.2,6.01,3.82,4.0,2.0,2,5,10.0,70.59,2.0,1.75,0,1,0
2024-09-01,F1,19:45,Lille,Paris SG,A,A,2024/2025,1.87,10,0,7,1.0,4.5,3.88,70.59,8.93,1.92,50.0,4.53,1.5,2.06,3.5,100.0,7,5,4.29,1.5,2.1,4.64,3.82,1.5,3.0,4,10,7.5,58.82,2.5,1.75,2,1,0
2024-09-21,F1,20:00,Reims,Paris SG,D,H,2024/2025,1.92,11,0,4,1.0,4.67,5.47,70.59,8.91,1.99,33.33,7.69,1.0,1.88,2.67,66.67,11,6,3.4,6.0,2.63,5.51,3.82,1.33,2.0,1,8,6.67,35.29,2.67,1.53,1,0,0
2024-10-06,F1,19:45,Nice,Paris SG,D,H,2024/2025,1.86,19,0,9,1.0,7.25,4.76,70.59,10.54,1.91,33.33,5.57,3.33,2.04,2.25,50.0,7,9,4.85,7.0,2.3,5.69,3.82,0.67,4.0,3,9,11.25,52.94,3.25,1.67,2,0,1
2024-10-27,F1,19:45,Marseille,Paris SG,A,A,2024/2025,1.94,19,1,8,0.8,6.2,2.71,70.59,9.12,1.99,50.0,4.14,1.25,1.88,2.4,60.0,4,7,4.47,2.75,2.5,4.65,3.82,1.5,3.25,1,5,9.45,64.71,2.8,1.59,0,1,0
2024-11-09,F1,20:00,Angers,Paris SG,A,A,2024/2025,1.84,26,0,12,1.0,6.2,5.0,70.59,9.32,1.91,80.0,11.43,1.8,2.04,2.4,60.0,5,16,3.82,5.6,2.63,5.5,3.82,2.8,4.0,3,10,10.2,47.06,3.6,1.51,3,1,1
2024-12-06,F1,20:00,Auxerre,Paris SG,D,D,2024/2025,2.02,25,0,11,0.8,9.0,6.12,70.59,9.83,2.09,60.0,9.79,2.0,2.0,1.8,40.0,8,7,3.59,7.4,3.0,6.24,3.82,0.2,3.0,2,6,12.0,58.82,3.6,1.42,1,0,1
2024-12-18,F1,20:00,Monaco,Paris SG,A,A,2024/2025,1.89,17,0,12,1.0,9.8,3.88,70.59,9.71,1.93,40.0,4.43,1.4,2.05,2.4,60.0,11,11,4.19,5.0,2.5,5.52,3.82,1.4,3.0,5,15,12.8,58.82,3.2,1.62,0,1,0
2025-01-18,F1,16:00,Lens,Paris SG,A,H,2024/2025,1.88,9,0,7,1.0,7.0,2.65,70.59,10.13,1.95,60.0,4.05,1.4,1.95,2.6,80.0,12,8,5.57,1.2,2.3,4.56,3.82,1.6,6.2,5,10,13.2,35.29,3.4,1.65,2,1,0
2025-02-01,F1,16:00,Brest,Paris SG,A,A,2024/2025,1.94,14,0,7,1.4,8.0,4.94,70.59,9.54,2.0,80.0,8.86,2.2,1.97,3.0,80.0,9,12,3.95,4.8,2.75,5.59,3.82,1.8,3.6,7,14,11.6,52.94,4.0,1.47,0,1,1
2025-02-15,F1,20:05,Toulouse,Paris SG,A,D,2024/2025,2.04,20,0,6,1.0,6.8,3.24,70.59,9.46,2.12,60.0,5.98,1.0,1.97,2.4,60.0,9,6,4.68,2.2,2.3,4.78,3.82,1.4,4.6,4,14,11.4,47.06,3.8,1.66,0,0,0
2025-02-23,F1,19:45,Lyon,Paris SG,A,D,2024/2025,1.89,15,0,8,1.4,4.6,4.41,70.59,10.08,1.94,60.0,5.99,2.2,2.11,3.0,80.0,12,8,4.96,4.8,3.0,5.12,3.82,0.8,5.4,7,14,10.0,64.71,4.2,1.44,1,1,0
2025-03-08,F1,16:00,Rennes,Paris SG,A,A,2024/2025,1.9,19,0,9,1.2,3.2,3.29,70.59,9.68,1.96,40.0,4.92,0.8,1.88,3.0,80.0,11,6,5.1,3.6,2.63,4.58,3.82,1.6,5.2,3,13,8.4,47.06,4.6,1.61,3,1,0
2025-03-29,F1,18:00,St Etienne,Paris SG,A,D,2024/2025,1.95,22,0,10,1.2,4.2,6.12,70.59,9.53,2.06,60.0,10.42,1.2,2.07,3.8,80.0,9,12,4.03,4.8,4.0,5.5,3.82,3.0,3.8,2,11,8.0,52.94,4.0,1.26,0,1,0
2025-04-22,F1,19:45,Nantes,Paris SG,D,A,2024/2025,1.84,10,0,5,1.0,3.6,6.06,70.59,10.1,1.88,20.0,7.59,1.0,2.07,3.0,60.0,5,9,4.49,6.6,2.75,5.61,3.82,1.0,4.8,2,8,8.4,35.29,4.0,1.48,0,0,0
2025-05-03,F1,16:00,Strasbourg,Paris SG,H,H,2024/2025,1.98,20,0,4,1.4,3.6,4.71,70.59,9.32,2.03,100.0,2.38,2.6,1.85,3.0,80.0,14,13,4.17,5.4,2.75,5.15,3.82,1.4,4.6,2,9,8.2,70.59,4.2,1.51,2,1,0
2025-05-10,F1,20:00,Montpellier,Paris SG,A,A,2024/2025,2.0,10,0,8,1.2,3.6,4.71,70.59,9.87,2.06,40.0,6.61,0.2,2.06,3.2,80.0,14,11,4.82,4.4,3.5,5.05,3.82,2.4,5.0,4,9,8.6,70.59,4.2,1.32,1,1,0
2025-08-17,F1,19:45,Nantes,Paris SG,A,D,2025/2026,1.87,18,0,4,0.0,7.0,5.78,44.44,8.72,1.98,0.0,11.14,0.0,2.05,1.0,0.0,6,6,2.82,7.0,2.75,5.9,3.33,1.0,2.0,0,6,9.0,44.44,2.0,1.5,1,0,0
2025-08-30,F1,20:05,Toulouse,Paris SG,A,A,2025/2026,1.95,13,0,8,1.5,7.0,4.9,44.44,10.06,2.02,50.0,8.84,2.5,1.96,3.5,50.0,7,11,4.28,8.0,2.5,5.78,3.33,3.0,4.0,6,14,11.0,60.0,3.5,1.55,0,1,1
2025-09-22,F1,22:00,Marseille,Paris SG,H,H,2025/2026,1.86,12,0,5,1.33,5.67,2.67,44.44,9.23,1.9,66.67,4.26,3.33,1.85,2.33,33.33,16,7,4.77,1.67,2.2,4.46,3.33,0.67,6.67,2,9,12.34,66.67,4.0,1.67,0,0,0
2025-10-05,F1,19:45,Lille,Paris SG,D,D,2025/2026,1.92,17,0,5,1.25,5.5,4.89,44.44,10.19,1.98,25.0,4.27,1.0,1.83,2.0,25.0,11,12,4.91,4.5,2.2,5.28,3.33,0.75,5.25,3,9,10.75,33.33,3.75,1.68,1,0,0
2025-10-25,F1,16:00,Brest,Paris SG,A,A,2025/2026,1.87,18,0,8,1.0,5.8,3.67,44.44,9.73,1.93,80.0,8.21,1.6,1.93,2.2,40.0,10,10,4.77,4.0,2.75,4.96,3.33,1.8,4.8,2,8,10.6,55.56,3.4,1.45,1,1,0
2025-10-29,F1,18:00,Lorient,Paris SG,D,D,2025/2026,1.86,15,0,8,1.2,6.0,5.11,44.44,8.46,1.93,80.0,9.63,2.4,2.03,2.2,40.0,5,13,3.04,4.8,2.75,5.42,3.33,2.4,2.6,2,5,8.6,55.56,3.0,1.46,2,0,0
2025-11-09,F1,19:45,Lyon,Paris SG,A,A,2025/2026,1.98,9,1,4,1.0,5.6,3.0,44.44,9.86,2.03,60.0,5.94,1.4,2.0,1.6,40.0,10,8,5.09,4.0,2.0,4.77,3.33,1.2,6.6,2,9,12.2,66.67,3.0,1.8,2,1,0
2025-11-29,F1,16:00,Monaco,Paris SG,H,D,2025/2026,4.11,17,1,4,1.0,5.8,4.1,44.44,9.14,22.0,40.0,4.62,1.0,1.88,1.6,40.0,10,13,4.04,4.4,2.75,5.1,3.33,1.4,4.0,5,10,9.8,70.0,2.8,1.44,1,0,0
2025-12-13,F1,18:00,Metz,Paris SG,A,A,2025/2026,1.8,14,0,9,1.2,5.6,3.88,44.44,8.81,1.88,60.0,10.63,1.2,1.88,2.0,60.0,10,10,3.84,3.8,3.2,4.97,3.33,1.6,4.4,5,9,10.0,37.5,3.0,1.37,1,1,0
2023-08-12,F1,16:00,Marseille,Reims,H,D,2023/2024,1.96,11,0,4,2.0,10.0,4.88,64.71,12.25,2.01,100.0,2.01,2.0,2.11,1.0,100.0,7,16,6.28,10.0,2.05,5.97,5.35,1.0,10.0,4,14,20.0,52.94,10.0,1.99,3,1,1
2023-08-27,F1,14:00,Montpellier,Reims,A,A,2023/2024,1.8,12,0,6,1.5,6.5,4.18,64.71,10.0,1.87,100.0,2.29,1.5,1.98,2.0,100.0,9,19,5.3,2.5,2.1,4.7,5.35,2.5,5.0,3,19,11.5,47.06,7.5,1.82,1,1,0
2023-09-03,F1,14:00,Metz,Reims,D,D,2023/2024,1.91,12,0,2,1.67,4.67,4.41,64.71,9.29,1.93,100.0,4.82,2.0,2.04,2.0,100.0,10,17,4.47,5.0,2.1,4.82,5.35,2.0,4.0,4,12,8.67,52.94,6.33,1.92,4,1,0
2023-09-26,F1,20:00,Lille,Reims,A,A,2023/2024,1.92,4,0,4,1.5,4.0,3.71,64.71,9.9,1.97,33.33,1.9,1.33,2.04,2.0,100.0,4,19,5.42,4.0,2.1,4.48,5.35,0.67,5.33,3,14,9.33,52.94,5.75,1.8,2,1,0
2023-10-22,F1,14:00,Toulouse,Reims,D,D,2023/2024,2.04,15,0,4,1.4,4.6,4.59,64.71,10.3,2.14,50.0,2.73,1.75,1.99,1.8,80.0,18,15,5.29,6.5,1.94,5.01,5.35,1.0,3.5,5,11,8.1,64.71,5.6,1.98,0,0,1
2023-11-05,F1,14:00,Nantes,Reims,A,D,2023/2024,1.81,7,0,4,1.0,3.8,5.12,64.71,10.2,1.84,40.0,2.93,2.2,1.88,1.8,60.0,5,11,5.23,5.6,1.85,4.97,5.35,1.6,4.2,4,17,8.0,47.06,5.6,2.13,2,0,1
2023-11-26,F1,16:05,Rennes,Reims,H,D,2023/2024,1.87,15,0,5,1.4,4.8,4.59,64.71,10.03,1.93,60.0,2.13,1.6,2.09,1.4,60.0,10,18,4.99,6.6,2.05,5.04,5.35,1.4,4.2,5,10,9.0,70.59,4.8,1.92,2,1,0
2023-12-10,F1,12:00,Nice,Reims,H,D,2023/2024,1.99,9,0,2,1.4,4.6,2.41,64.71,9.58,2.03,20.0,1.99,1.2,1.94,1.2,60.0,13,6,5.59,1.8,1.65,3.99,5.35,0.2,5.0,5,15,9.6,35.29,5.8,2.35,3,1,0
2023-12-16,F1,20:00,Lens,Reims,H,H,2023/2024,1.98,14,0,3,1.6,5.6,3.59,64.71,10.27,2.02,40.0,2.41,2.2,1.89,0.8,40.0,9,10,5.58,4.8,1.87,4.69,5.35,0.6,4.6,2,7,10.2,41.18,5.8,2.03,1,0,1
2024-01-13,F1,16:00,Monaco,Reims,A,A,2023/2024,1.91,12,0,5,1.6,5.4,3.88,64.71,10.42,1.95,40.0,1.71,1.4,2.06,1.2,60.0,11,9,5.86,3.0,2.25,4.56,5.35,1.0,7.2,5,9,12.6,52.94,6.0,1.68,2,1,1
2024-02-11,F1,14:00,Lorient,Reims,H,D,2023/2024,2.05,23,0,6,2.0,5.6,5.82,64.71,9.76,2.09,80.0,4.18,2.0,1.94,1.0,60.0,9,14,4.52,4.8,2.01,5.24,5.35,2.4,3.4,5,17,9.0,64.71,4.2,2.06,1,0,0
2024-02-25,F1,14:00,Le Havre,Reims,A,D,2023/2024,2.05,16,0,5,1.6,5.0,4.12,64.71,9.44,2.15,60.0,3.4,1.4,1.98,1.2,60.0,11,13,4.68,4.8,1.84,4.76,5.35,1.4,4.8,4,18,9.8,47.06,5.0,2.15,3,1,0
2024-03-10,F1,12:00,Paris SG,Reims,D,D,2023/2024,2.01,8,0,3,1.6,5.4,4.06,64.71,10.47,2.09,80.0,1.49,2.2,1.88,1.4,60.0,10,12,5.87,3.0,2.35,4.6,5.35,1.4,5.8,6,19,11.2,82.35,4.6,1.61,2,1,0
2024-03-30,F1,20:00,Lyon,Reims,D,D,2023/2024,2.02,17,0,5,1.4,5.6,4.06,64.71,9.87,2.07,40.0,2.08,1.0,1.86,1.6,60.0,7,10,5.05,5.0,2.2,4.82,5.35,1.4,3.8,3,16,9.4,58.82,5.2,1.71,3,0,1
2024-04-13,F1,16:00,Strasbourg,Reims,H,D,2023/2024,1.99,8,0,2,1.8,5.2,5.29,64.71,9.43,2.05,60.0,2.54,1.2,1.8,1.2,60.0,9,18,4.34,5.0,1.92,5.09,5.35,1.6,4.6,6,13,9.8,64.71,5.0,1.99,3,1,0
2024-04-28,F1,14:00,Clermont,Reims,H,D,2023/2024,2.06,10,0,3,2.2,4.8,3.88,64.71,9.99,2.1,80.0,3.52,1.6,1.85,1.4,80.0,9,12,5.37,4.2,2.3,4.62,5.35,2.2,6.0,6,12,10.8,41.18,5.8,1.73,3,1,0
2024-05-10,F1,20:00,Brest,Reims,D,D,2023/2024,1.99,8,0,2,2.2,4.6,3.29,64.71,9.52,2.05,20.0,1.64,1.2,1.88,1.2,60.0,12,12,5.17,3.2,2.2,4.35,5.35,1.4,5.4,5,16,10.0,29.41,5.4,1.73,3,0,0
2024-08-25,F1,19:45,Marseille,Reims,D,H,2024/2025,1.96,12,0,3,2.0,4.0,2.71,52.94,8.68,2.02,100.0,1.38,2.0,1.94,2.0,100.0,10,13,4.84,4.0,2.38,3.84,6.12,2.0,2.0,10,16,6.0,64.71,2.0,1.61,1,1,0
2024-09-15,F1,16:00,Nantes,Reims,A,D,2024/2025,1.8,11,0,4,1.5,3.5,6.06,52.94,10.0,1.85,50.0,2.52,1.5,1.86,2.0,100.0,14,5,5.03,7.5,1.73,4.97,6.12,1.0,4.5,6,18,8.0,35.29,4.0,2.24,1,1,0
2024-09-29,F1,16:00,Angers,Reims,A,A,2024/2025,1.87,21,0,10,1.33,3.67,5.0,52.94,9.02,1.92,50.0,3.78,0.75,1.89,2.33,100.0,7,11,4.54,5.0,1.73,4.48,6.12,2.25,4.75,3,14,8.42,47.06,4.33,2.17,3,1,0
2024-10-20,F1,16:00,Auxerre,Reims,H,H,2024/2025,1.91,15,0,3,1.5,5.0,6.12,52.94,9.19,1.94,100.0,3.37,1.75,2.0,2.0,100.0,6,10,4.23,5.75,2.1,4.96,6.12,1.25,2.75,8,10,7.75,58.82,4.5,1.82,3,1,1
2024-11-03,F1,14:00,Toulouse,Reims,H,D,2024/2025,2.05,13,0,2,1.4,5.4,3.24,52.94,9.52,2.13,40.0,1.93,1.2,2.06,1.6,80.0,16,15,5.39,4.2,1.89,4.13,6.12,1.2,5.0,6,13,10.4,47.06,4.8,2.06,3,0,1
2024-11-10,F1,16:00,Le Havre,Reims,A,A,2024/2025,1.93,18,0,7,1.0,6.0,5.35,52.94,9.34,2.0,80.0,3.57,0.8,2.03,1.8,80.0,10,17,4.44,6.0,1.67,4.9,6.12,2.2,3.4,3,10,9.4,70.59,6.0,2.37,4,1,1
2024-12-08,F1,16:00,Strasbourg,Reims,D,D,2024/2025,1.8,11,0,3,0.8,5.8,4.71,52.94,9.24,1.83,60.0,2.5,1.4,2.17,1.4,60.0,13,16,4.8,3.2,2.05,4.44,6.12,1.2,4.0,2,7,9.8,70.59,5.4,1.87,2,0,0
2025-01-04,F1,16:00,St Etienne,Reims,H,A,2024/2025,1.82,11,0,1,1.2,6.8,6.12,52.94,10.04,1.87,20.0,3.58,1.2,1.89,1.0,60.0,19,10,4.69,7.8,2.06,5.35,6.12,1.0,3.0,4,14,9.8,52.94,5.6,1.9,1,1,1
2025-01-25,F1,20:05,Paris SG,Reims,D,D,2024/2025,1.93,6,0,3,1.0,5.2,2.71,52.94,10.63,1.98,60.0,1.2,2.0,1.89,1.0,40.0,13,13,6.77,3.0,4.33,3.86,6.12,0.8,7.0,7,18,12.2,76.47,6.2,1.34,2,0,0
2025-02-09,F1,14:00,Lyon,Reims,H,H,2024/2025,2.01,9,0,2,1.6,5.0,4.41,52.94,10.25,2.06,40.0,1.53,2.0,2.13,1.0,60.0,10,12,5.77,5.2,2.3,4.48,6.12,0.2,5.8,9,15,10.8,64.71,6.2,1.62,0,1,1
2025-02-21,F1,19:45,Rennes,Reims,H,H,2024/2025,2.01,3,0,0,1.8,4.0,3.29,52.94,9.8,2.1,40.0,2.23,0.8,2.05,0.4,40.0,15,7,5.84,3.8,1.86,3.96,6.12,1.2,5.0,5,26,9.0,47.06,6.4,2.08,2,0,1
2025-02-28,F1,19:45,Monaco,Reims,H,H,2024/2025,1.85,9,0,5,2.4,4.0,3.88,52.94,9.48,1.9,100.0,1.38,3.8,1.95,0.4,60.0,7,7,5.39,3.6,2.75,4.09,6.12,1.8,5.2,9,23,9.2,58.82,7.2,1.5,0,1,0
2025-03-16,F1,16:15,Brest,Reims,D,D,2024/2025,1.95,12,1,2,1.8,3.0,4.94,52.94,9.37,2.01,60.0,1.68,1.6,2.07,0.2,40.0,9,13,4.92,5.6,1.85,4.45,6.12,1.6,4.8,0,11,7.8,52.94,6.8,2.13,3,0,0
2025-04-11,F1,19:45,Lens,Reims,A,A,2024/2025,1.95,10,0,2,1.6,3.2,2.65,52.94,10.23,2.01,20.0,1.61,1.0,1.89,0.4,40.0,9,7,6.61,2.8,2.1,3.62,6.12,1.6,7.2,14,37,10.4,35.29,7.0,1.9,0,0,1
2025-04-27,F1,16:15,Montpellier,Reims,D,D,2024/2025,2.01,8,0,3,0.8,3.0,4.71,52.94,9.97,2.07,40.0,4.23,0.2,1.92,0.4,20.0,17,13,5.69,4.4,2.1,4.28,6.12,2.4,5.4,2,12,8.4,70.59,6.8,1.82,3,0,0
2025-05-02,F1,19:45,Nice,Reims,H,H,2024/2025,1.94,16,0,3,0.8,3.2,4.76,52.94,10.13,2.05,40.0,1.38,1.0,2.1,0.4,20.0,14,21,6.02,2.4,2.5,4.11,6.12,1.2,7.2,2,8,10.4,52.94,6.0,1.56,2,0,0
2025-05-17,F1,20:00,Lille,Reims,H,H,2024/2025,1.95,5,0,2,0.6,3.4,3.88,52.94,9.6,2.0,40.0,1.38,1.6,1.84,0.6,20.0,11,7,5.63,3.0,2.1,3.97,6.12,0.6,6.6,5,21,10.0,58.82,6.6,1.82,1,1,1
2023-08-20,F1,19:45,Lens,Rennes,D,H,2023/2024,1.77,10,0,5,1.0,0.0,3.59,41.18,9.73,1.84,0.0,2.45,1.0,1.9,1.0,0.0,15,10,6.47,0.0,1.96,3.26,4.29,1.0,11.0,4,15,11.0,41.18,11.0,1.99,1,0,1
2023-09-02,F1,16:00,Brest,Rennes,D,D,2023/2024,1.85,6,0,3,0.5,2.5,3.29,41.18,9.45,1.89,50.0,3.65,1.5,1.85,0.5,0.0,12,12,5.37,6.5,2.0,4.08,4.29,1.0,6.5,2,13,9.0,29.41,9.0,1.93,1,0,1
2023-09-24,F1,16:05,Montpellier,Rennes,D,D,2023/2024,1.9,18,0,6,0.33,3.67,4.18,41.18,9.06,1.96,66.67,2.77,1.0,1.97,0.33,0.0,10,15,4.92,3.67,2.11,4.14,4.29,1.67,4.33,4,13,8.0,47.06,7.0,1.86,1,0,0
2023-10-22,F1,12:00,Lorient,Rennes,H,H,2023/2024,1.89,20,0,6,0.75,6.75,5.82,41.18,10.04,1.93,80.0,4.29,1.8,1.91,0.5,25.0,5,14,4.71,8.4,1.98,5.33,4.29,1.6,5.4,4,5,12.15,64.71,6.75,1.95,2,1,1
2023-11-05,F1,19:45,Nice,Rennes,H,H,2023/2024,2.04,11,1,4,1.0,5.6,2.41,41.18,9.04,2.13,0.0,2.15,1.0,2.13,0.4,20.0,7,12,5.3,2.2,1.65,3.74,4.29,0.0,4.8,4,16,10.4,35.29,5.8,2.32,2,0,0
2023-12-03,F1,19:45,Marseille,Rennes,H,H,2023/2024,1.95,10,1,0,1.2,6.8,4.88,41.18,9.54,1.99,20.0,1.93,1.4,2.0,0.2,20.0,9,15,4.72,5.6,1.97,4.82,4.29,0.0,3.2,2,5,10.0,52.94,3.8,2.12,3,0,0
2023-12-17,F1,14:00,Toulouse,Rennes,D,D,2023/2024,1.92,11,0,4,1.2,6.6,4.59,41.18,9.54,1.99,40.0,3.43,1.2,1.98,0.2,20.0,17,14,4.83,5.4,1.75,4.71,4.29,0.8,4.0,6,15,10.6,64.71,3.2,2.24,2,0,0
2023-12-20,F1,20:00,Clermont,Rennes,A,H,2023/2024,1.88,25,1,11,1.4,6.4,3.88,41.18,8.97,1.93,40.0,3.26,0.4,2.2,0.8,40.0,8,11,4.58,4.2,1.57,4.39,4.29,1.4,3.2,6,14,9.6,41.18,3.4,2.47,3,1,0
2024-01-26,F1,20:00,Lyon,Rennes,A,A,2023/2024,2.05,11,0,5,1.4,3.6,4.06,41.18,8.76,2.09,40.0,2.62,1.4,2.15,1.2,40.0,15,12,4.55,4.8,1.89,4.21,4.29,1.2,3.8,6,12,7.4,58.82,2.8,2.13,2,1,0
2024-02-11,F1,12:00,Le Havre,Rennes,A,D,2023/2024,1.84,11,0,2,1.0,3.6,4.12,41.18,8.4,1.89,40.0,4.08,1.2,2.11,1.4,40.0,14,7,4.19,4.6,1.62,4.21,4.29,1.0,4.2,5,13,7.8,47.06,3.4,2.36,1,0,0
2024-02-25,F1,16:05,Paris SG,Rennes,D,A,2023/2024,1.85,3,0,1,0.8,2.4,4.06,41.18,9.44,1.92,80.0,1.34,2.2,2.06,1.6,40.0,13,16,5.51,3.2,2.88,3.93,4.29,1.2,5.4,3,15,7.8,82.35,4.0,1.48,3,0,0
2024-03-10,F1,16:05,Lille,Rennes,D,A,2023/2024,1.82,11,0,3,1.2,2.2,3.71,41.18,9.0,1.86,80.0,1.92,2.6,2.0,2.0,60.0,17,20,5.17,3.2,1.7,3.83,4.29,0.6,6.8,8,15,9.0,52.94,4.4,2.23,2,1,0
2024-03-31,F1,16:05,Strasbourg,Rennes,H,D,2023/2024,1.97,12,0,0,1.4,2.2,5.29,41.18,8.37,2.04,60.0,3.26,0.8,2.04,1.4,40.0,10,17,3.97,5.0,1.89,4.4,4.29,1.8,4.2,7,14,6.4,64.71,4.4,2.13,2,0,0
2024-04-07,F1,16:05,Monaco,Rennes,H,H,2023/2024,2.04,12,1,7,1.2,2.4,3.88,41.18,9.56,2.09,40.0,1.82,1.0,1.9,0.8,20.0,16,17,5.45,5.4,2.6,4.11,4.29,1.0,6.8,5,16,9.2,52.94,5.0,1.54,1,0,0
2024-04-20,F1,16:00,Nantes,Rennes,A,D,2023/2024,2.04,14,0,5,1.2,3.6,5.12,41.18,9.5,2.1,60.0,3.27,0.4,2.11,1.2,40.0,16,11,4.94,5.6,1.62,4.56,4.29,2.6,5.0,4,6,8.6,47.06,4.6,2.36,4,1,0
2024-05-04,F1,18:00,Metz,Rennes,A,H,2023/2024,2.05,21,1,9,1.4,4.6,4.41,41.18,8.35,2.09,80.0,3.95,1.6,2.0,1.6,60.0,15,14,3.97,4.6,1.99,4.38,4.29,2.2,3.8,4,7,8.4,52.94,4.2,1.94,3,1,0
2024-05-19,F1,20:00,Reims,Rennes,H,D,2023/2024,1.81,15,0,5,1.4,4.8,5.12,41.18,9.45,1.85,60.0,3.15,1.2,2.1,1.4,60.0,11,17,4.73,6.0,2.5,4.72,4.29,0.8,4.4,4,6,9.2,47.06,3.4,1.56,1,1,0
2024-08-25,F1,16:00,Strasbourg,Rennes,H,H,2024/2025,1.93,13,0,5,3.0,5.0,4.71,70.59,8.27,2.0,100.0,3.39,3.0,2.04,1.0,100.0,7,19,3.79,5.0,1.73,4.48,4.24,1.0,2.0,5,9,7.0,70.59,2.0,2.24,4,1,0
2024-09-01,F1,16:00,Reims,Rennes,H,D,2024/2025,2.05,13,0,5,2.5,5.0,5.47,70.59,8.25,2.11,50.0,3.36,1.0,1.98,1.0,100.0,9,12,3.43,6.5,2.04,4.82,4.24,1.5,1.5,7,11,6.5,35.29,2.5,1.89,1,1,0
2024-09-27,F1,20:00,Paris SG,Rennes,H,H,2024/2025,2.01,13,0,5,2.67,4.67,2.71,70.59,9.86,2.09,100.0,1.43,4.0,2.05,1.0,100.0,9,11,6.18,2.33,2.3,3.68,4.24,0.67,8.33,7,22,13.0,76.47,3.67,1.63,3,1,0
2024-10-19,F1,16:00,Brest,Rennes,D,D,2024/2025,1.81,6,0,4,2.25,4.5,4.94,70.59,8.34,1.85,40.0,2.73,2.0,2.02,1.0,75.0,18,15,4.0,3.6,1.73,4.34,4.24,1.2,3.8,2,12,8.3,52.94,3.25,2.16,2,0,0
2024-11-03,F1,16:00,Auxerre,Rennes,H,H,2024/2025,1.8,7,0,4,2.6,5.2,6.12,70.59,8.6,1.85,100.0,3.53,2.2,1.91,0.8,80.0,11,15,3.63,6.2,2.0,4.97,4.24,1.0,2.8,8,16,8.0,58.82,3.2,1.9,2,1,1
2024-11-24,F1,14:00,Lille,Rennes,H,H,2024/2025,1.92,4,0,1,2.2,4.8,3.88,70.59,8.87,1.98,60.0,1.95,1.6,2.01,0.6,60.0,19,16,4.64,4.8,1.73,4.23,4.24,1.6,4.6,2,5,9.4,58.82,3.4,2.19,2,0,0
2024-12-08,F1,16:00,Nantes,Rennes,H,D,2024/2025,2.08,5,0,3,2.0,4.6,6.06,70.59,9.38,2.14,40.0,3.31,1.0,2.14,0.4,40.0,15,9,4.65,4.6,1.53,4.73,4.24,1.4,5.6,2,14,10.2,35.29,3.8,2.61,1,0,0
2025-01-03,F1,20:00,Nice,Rennes,H,H,2024/2025,1.95,10,1,5,2.0,4.4,4.76,70.59,9.48,2.02,100.0,2.42,2.2,1.89,0.6,40.0,11,14,5.03,5.2,1.73,4.45,4.24,1.4,4.8,6,9,9.2,52.94,3.2,2.24,3,1,0
2025-01-25,F1,16:00,Monaco,Rennes,H,D,2024/2025,1.91,14,0,5,2.4,4.0,3.88,70.59,8.49,1.98,60.0,1.73,2.0,2.02,0.8,60.0,12,16,4.3,5.2,2.0,4.19,4.24,1.8,2.6,10,20,6.6,58.82,3.6,1.93,3,1,0
2025-02-08,F1,20:05,St Etienne,Rennes,A,A,2024/2025,1.87,21,0,9,1.6,3.2,6.12,70.59,9.05,1.93,20.0,3.09,1.0,2.08,1.2,40.0,13,6,4.1,8.0,2.02,4.95,4.24,1.2,4.0,3,9,7.2,52.94,3.4,1.96,5,0,0
2025-03-02,F1,16:15,Montpellier,Rennes,A,A,2024/2025,1.78,15,0,9,1.4,3.6,4.71,70.59,9.38,1.84,80.0,3.94,0.8,2.06,2.0,60.0,15,15,4.88,6.6,1.95,4.5,4.24,2.8,4.8,5,16,8.4,70.59,4.0,2.0,1,1,1
2025-03-15,F1,20:05,Lens,Rennes,H,D,2024/2025,2.06,12,0,5,1.4,3.6,2.65,70.59,9.34,2.12,40.0,2.05,1.2,1.88,2.0,60.0,17,14,5.74,2.8,1.82,3.6,4.24,1.6,6.2,4,9,9.8,35.29,4.0,2.08,1,0,0
2025-03-30,F1,16:15,Angers,Rennes,A,A,2024/2025,1.91,14,0,6,0.8,4.0,5.0,70.59,8.51,1.95,40.0,4.07,0.2,2.15,2.2,60.0,10,16,3.92,6.4,1.73,4.59,4.24,2.4,3.0,4,9,7.0,47.06,4.6,2.16,0,1,1
2025-04-13,F1,16:15,Le Havre,Rennes,A,A,2024/2025,1.76,10,0,6,0.4,4.2,5.35,70.59,8.37,1.85,80.0,3.84,1.4,2.1,2.8,60.0,16,11,3.95,3.6,1.92,4.42,4.24,3.0,4.6,2,11,8.8,70.59,4.6,2.01,3,1,0
2025-04-26,F1,20:05,Lyon,Rennes,H,H,2024/2025,1.87,10,0,4,1.2,3.8,4.41,70.59,9.12,1.92,100.0,1.64,2.8,1.87,2.6,80.0,12,9,5.04,3.0,2.63,4.08,4.24,1.6,3.8,8,14,7.6,64.71,5.6,1.53,0,1,0
2025-05-03,F1,18:00,Toulouse,Rennes,H,H,2024/2025,1.99,15,0,6,1.6,3.8,3.24,70.59,8.89,2.03,60.0,2.19,1.2,2.09,2.0,80.0,7,15,5.06,3.4,2.1,3.83,4.24,1.8,5.6,3,9,9.4,47.06,5.6,1.82,2,1,1
2025-05-17,F1,20:00,Marseille,Rennes,H,H,2024/2025,1.84,9,0,3,2.2,4.0,2.71,70.59,8.69,1.88,80.0,1.6,3.2,1.97,2.4,100.0,8,12,5.09,2.2,2.75,3.6,4.24,1.4,5.6,10,17,9.6,64.71,5.6,1.48,3,1,0
2025-08-24,F1,14:00,Lorient,Rennes,H,H,2025/2026,1.82,5,0,1,4.0,2.0,5.11,55.56,8.16,1.85,100.0,2.8,4.0,1.86,0.0,100.0,18,7,3.42,2.0,1.85,4.74,4.67,0.0,3.0,7,22,5.0,55.56,3.0,2.01,0,1,0
2025-08-31,F1,14:00,Angers,Rennes,D,A,2025/2026,1.74,15,0,7,2.5,4.5,4.78,55.56,9.6,1.83,0.0,4.31,1.0,2.07,0.5,50.0,9,11,4.2,7.0,1.93,5.4,4.67,0.5,2.0,7,10,6.5,33.33,2.0,2.04,2,0,0
2025-09-20,F1,16:00,Nantes,Rennes,D,A,2025/2026,1.76,8,0,4,2.33,4.33,5.78,55.56,8.92,1.86,33.33,3.56,1.0,2.0,1.0,66.67,14,18,3.32,6.67,1.83,5.6,4.67,1.0,3.0,4,16,7.33,44.44,2.67,2.05,1,1,0
2025-10-05,F1,16:15,Le Havre,Rennes,D,A,2025/2026,1.89,9,0,3,2.25,4.25,2.78,55.56,9.22,2.03,75.0,3.31,1.75,1.98,1.25,75.0,13,9,4.77,2.75,1.85,4.45,4.67,1.5,4.0,2,10,8.25,44.44,2.75,2.0,2,1,0
2025-10-29,F1,20:05,Toulouse,Rennes,D,D,2025/2026,1.95,11,0,5,2.2,5.0,4.9,55.56,9.92,1.98,80.0,2.01,2.6,1.88,1.4,80.0,9,12,4.56,5.8,1.98,5.36,4.67,2.0,3.8,4,15,8.8,60.0,3.2,1.91,3,1,1
2025-11-07,F1,19:45,Paris FC,Rennes,A,D,2025/2026,1.89,10,0,3,1.4,6.4,4.12,55.56,10.65,1.93,60.0,2.35,1.6,1.91,1.6,60.0,9,13,5.52,4.0,2.1,5.13,4.67,1.8,5.0,4,19,11.4,62.5,4.2,1.73,2,0,1
2025-11-28,F1,19:45,Metz,Rennes,A,A,2025/2026,1.87,9,0,2,1.2,5.6,3.88,55.56,9.4,1.96,40.0,3.76,0.8,1.96,1.6,60.0,9,8,4.39,4.2,2.38,5.01,4.67,1.0,4.4,5,16,10.0,37.5,5.2,1.66,0,0,0
2025-12-06,F1,20:05,Paris SG,Rennes,H,H,2025/2026,2.01,6,0,2,1.8,6.0,2.56,55.56,10.82,2.06,60.0,1.3,2.8,1.97,1.2,60.0,9,5,6.18,3.4,3.4,4.64,4.67,0.6,6.8,9,20,12.8,55.56,6.0,1.33,3,1,1
2026-01-03,F1,20:05,Lille,Rennes,A,D,2025/2026,1.93,18,1,4,1.4,6.6,4.89,55.56,11.05,1.98,40.0,1.76,2.4,1.93,1.2,40.0,4,14,5.59,5.2,2.2,5.46,4.67,1.0,6.2,3,13,12.8,33.33,6.2,1.68,1,0,1
2024-08-17,F1,20:00,Monaco,St Etienne,H,H,2024/2025,2.08,7,0,4,1.0,4.0,3.88,58.82,8.86,2.1,0.0,1.38,1.0,2.01,0.0,0.0,13,14,5.02,4.0,2.75,3.84,5.59,0.0,5.0,6,13,9.0,58.82,5.0,1.48,1,0,0
2024-08-31,F1,16:00,Brest,St Etienne,H,H,2024/2025,1.79,3,0,0,2.5,3.0,4.94,58.82,8.53,1.86,100.0,1.76,2.5,1.95,0.0,50.0,12,28,4.83,1.0,2.0,3.7,5.59,2.5,6.0,7,17,9.0,52.94,6.0,2.01,5,1,0
2024-09-20,F1,19:45,Nice,St Etienne,H,H,2024/2025,1.94,8,0,2,4.33,2.67,4.76,58.82,9.24,2.01,50.0,1.49,4.5,2.16,0.0,66.67,7,13,5.42,3.0,2.04,3.82,5.59,0.5,3.5,12,18,6.17,52.94,5.0,1.9,1,1,0
2024-09-29,F1,16:00,Nantes,St Etienne,D,H,2024/2025,1.85,5,1,3,3.75,3.0,6.06,58.82,9.71,1.92,66.67,1.78,1.67,1.95,0.5,75.0,11,12,5.19,6.33,1.73,4.52,5.59,1.33,5.67,3,16,8.67,35.29,5.75,2.12,2,1,1
2024-10-26,F1,16:00,Angers,St Etienne,H,H,2024/2025,1.79,19,0,7,3.8,3.0,5.0,58.82,8.5,1.84,60.0,2.29,1.4,1.98,0.8,80.0,10,13,4.42,4.6,1.85,4.08,5.59,2.2,4.2,8,13,7.2,47.06,5.0,2.02,3,1,0
2024-11-10,F1,19:45,Lyon,St Etienne,H,H,2024/2025,1.92,10,0,6,3.8,3.4,4.41,58.82,9.71,2.0,60.0,1.34,2.2,2.08,0.8,80.0,11,13,5.72,4.8,3.0,3.99,5.59,1.6,7.4,7,17,10.8,64.71,5.4,1.43,2,0,1
2024-11-30,F1,16:00,Rennes,St Etienne,H,H,2024/2025,2.08,2,0,0,4.0,3.2,3.29,58.82,9.3,2.13,40.0,1.59,1.6,1.9,0.8,80.0,14,12,5.87,2.2,1.89,3.43,5.59,1.0,7.8,9,18,11.0,47.06,5.2,2.04,1,1,0
2024-12-13,F1,19:45,Toulouse,St Etienne,H,D,2024/2025,1.99,3,0,2,2.8,3.4,3.24,58.82,8.86,2.08,40.0,1.46,1.4,2.09,1.0,80.0,16,15,5.28,3.6,2.0,3.58,5.59,0.8,5.0,4,11,8.4,47.06,5.0,1.9,4,1,0
2025-01-12,F1,19:45,Paris SG,St Etienne,H,H,2024/2025,1.87,8,0,3,2.8,3.2,2.71,58.82,9.9,1.94,60.0,1.11,2.0,2.03,0.8,80.0,16,11,6.47,3.6,4.5,3.43,5.59,0.6,6.8,9,25,10.0,76.47,4.8,1.22,2,1,0
2025-01-24,F1,19:45,Auxerre,St Etienne,D,D,2024/2025,1.91,8,0,3,2.2,3.4,6.12,58.82,8.87,1.96,20.0,1.97,0.8,1.96,0.6,60.0,15,13,4.21,7.2,1.98,4.66,5.59,0.6,3.4,5,11,6.8,58.82,5.0,2.0,0,0,0
2025-02-01,F1,20:05,Lille,St Etienne,H,D,2024/2025,1.9,9,0,2,2.8,2.4,3.88,58.82,8.62,1.97,60.0,1.51,2.2,2.12,0.8,80.0,11,12,5.1,2.4,2.1,3.52,5.59,0.8,4.2,13,29,6.6,58.82,5.0,1.82,1,1,0
2025-02-15,F1,16:00,Marseille,St Etienne,H,H,2024/2025,1.86,7,0,2,2.8,2.8,2.71,58.82,9.04,1.91,60.0,1.23,3.0,1.89,1.0,80.0,14,9,5.69,3.2,3.2,3.35,5.59,1.2,7.2,14,28,10.0,64.71,6.6,1.39,1,1,1
2025-03-09,F1,16:15,Le Havre,St Etienne,D,D,2024/2025,1.81,12,0,3,2.6,3.4,5.35,58.82,8.84,1.85,60.0,2.48,0.8,1.91,1.0,60.0,9,17,4.59,5.0,1.97,4.25,5.59,2.2,5.0,7,13,8.4,70.59,7.2,1.99,3,0,1
2025-03-16,F1,16:15,Montpellier,St Etienne,A,A,2024/2025,1.91,11,0,6,2.2,4.0,4.71,58.82,9.87,1.98,60.0,2.3,0.6,1.91,1.2,40.0,4,7,5.5,7.2,2.2,4.37,5.59,2.6,5.0,3,13,9.0,70.59,6.6,1.73,3,0,0
2025-04-06,F1,14:00,Lens,St Etienne,H,D,2024/2025,1.95,8,0,3,2.2,3.8,2.65,58.82,9.83,2.0,20.0,1.6,1.2,1.94,1.0,40.0,14,20,6.4,3.2,2.5,3.43,5.59,1.2,6.2,5,20,10.0,35.29,7.2,1.6,2,0,0
2025-04-26,F1,16:00,Strasbourg,St Etienne,H,D,2024/2025,1.83,17,0,6,2.0,5.2,4.71,58.82,9.2,1.89,80.0,1.56,2.2,2.07,1.0,40.0,10,7,4.77,6.6,2.63,4.43,5.59,1.2,3.6,7,18,8.8,70.59,6.8,1.51,0,1,1
2025-05-10,F1,20:00,Reims,St Etienne,A,A,2024/2025,2.01,9,0,4,1.0,5.6,5.47,58.82,9.03,2.07,20.0,2.23,0.8,2.06,1.2,20.0,13,12,4.13,9.0,2.1,4.9,5.59,1.2,2.8,3,19,8.4,35.29,4.8,1.82,0,0,0
2023-08-20,F1,16:05,Monaco,Strasbourg,H,H,2023/2024,1.83,4,0,1,3.0,3.0,3.88,52.94,8.48,1.91,100.0,1.8,3.0,1.93,0.0,100.0,19,16,5.16,3.0,2.38,3.32,4.65,0.0,4.0,4,9,7.0,52.94,4.0,1.62,1,1,0
2023-09-03,F1,16:05,Nice,Strasbourg,H,H,2023/2024,1.89,4,0,0,2.5,2.5,2.41,52.94,8.11,1.93,0.0,1.85,1.0,2.08,0.0,50.0,7,12,5.28,2.33,1.73,2.83,4.65,0.33,5.0,6,16,7.5,35.29,4.5,2.21,1,0,0
2023-09-24,F1,12:00,Metz,Strasbourg,A,D,2023/2024,1.79,4,0,1,1.67,2.0,4.41,52.94,7.32,1.84,66.67,2.92,1.33,2.3,0.33,33.33,16,15,3.9,3.67,1.67,3.42,4.65,1.67,3.0,1,13,5.0,52.94,3.33,2.27,0,0,0
2023-10-21,F1,16:00,Paris SG,Strasbourg,H,H,2023/2024,2.01,7,0,1,2.0,3.0,4.06,52.94,8.91,2.07,80.0,1.22,2.4,2.11,0.25,50.0,11,10,5.47,3.8,2.7,3.44,4.65,0.8,5.4,4,8,8.4,82.35,2.75,1.51,0,1,0
2023-10-29,F1,16:05,Rennes,Strasbourg,D,H,2023/2024,1.83,11,0,3,1.8,3.4,4.59,52.94,8.39,1.87,80.0,1.5,1.8,1.87,0.4,40.0,14,16,4.75,4.0,2.02,3.64,4.65,1.8,4.8,3,20,8.2,70.59,3.6,1.92,2,0,1
2023-12-01,F1,20:00,Reims,Strasbourg,H,H,2023/2024,1.91,10,0,3,1.6,3.8,5.12,52.94,8.81,1.98,60.0,1.74,1.2,2.0,0.6,40.0,7,7,4.94,4.6,1.97,3.87,4.65,1.4,5.4,4,13,9.2,47.06,3.6,1.99,1,1,0
2023-12-07,F1,19:30,Brest,Strasbourg,D,H,2023/2024,2.04,9,0,5,1.4,3.4,3.29,52.94,8.1,2.09,40.0,1.9,1.6,2.1,0.8,40.0,11,18,4.93,2.6,1.67,3.17,4.65,1.0,6.4,3,13,9.8,29.41,3.8,2.25,0,0,0
2023-12-17,F1,14:00,Lorient,Strasbourg,A,A,2023/2024,2.06,12,0,9,1.6,3.4,5.82,52.94,8.73,2.16,80.0,2.44,1.4,1.85,1.0,60.0,14,12,4.51,6.8,1.65,4.22,4.65,2.0,4.4,1,7,7.8,64.71,4.8,2.35,2,1,0
2024-01-12,F1,20:00,Marseille,Strasbourg,D,H,2023/2024,1.8,18,0,4,1.2,3.0,4.88,52.94,8.85,1.84,40.0,1.67,1.6,2.09,1.2,40.0,11,10,5.14,4.4,1.75,3.71,4.65,0.4,4.6,2,8,7.6,52.94,5.8,2.17,2,0,0
2024-01-28,F1,14:00,Clermont,Strasbourg,D,A,2023/2024,1.87,6,0,2,1.2,2.4,3.88,52.94,8.31,1.92,40.0,3.15,0.6,2.12,1.2,40.0,12,16,4.93,4.2,1.73,3.38,4.65,1.4,3.8,6,14,6.2,41.18,5.4,2.24,3,0,0
2024-02-10,F1,16:00,Lens,Strasbourg,H,H,2023/2024,2.04,19,0,5,1.4,2.4,3.59,52.94,8.77,2.12,40.0,1.7,1.8,2.05,1.2,40.0,14,14,5.3,5.8,1.95,3.47,4.65,1.0,4.0,6,10,6.4,41.18,5.4,1.98,1,1,0
2024-03-03,F1,14:00,Montpellier,Strasbourg,D,D,2023/2024,1.83,12,0,4,1.6,3.2,4.18,52.94,8.59,1.87,60.0,2.04,1.4,1.93,1.4,60.0,12,17,4.98,5.0,2.08,3.61,4.65,1.0,5.2,7,21,8.4,47.06,5.8,1.9,3,1,1
2024-03-16,F1,16:00,Nantes,Strasbourg,A,D,2023/2024,1.92,11,0,6,1.6,4.0,5.12,52.94,9.12,1.99,40.0,2.14,0.4,2.21,1.6,60.0,16,15,5.21,4.8,1.65,3.91,4.65,2.0,6.0,2,11,10.0,47.06,5.4,2.29,3,1,0
2024-04-07,F1,14:00,Toulouse,Strasbourg,D,D,2023/2024,2.06,8,0,1,1.4,3.8,4.59,52.94,9.06,2.14,80.0,2.24,1.6,2.06,1.4,60.0,16,17,5.38,4.0,1.86,3.68,4.65,1.4,6.8,2,11,10.6,64.71,5.0,2.13,0,0,0
2024-04-21,F1,14:00,Lille,Strasbourg,H,H,2023/2024,1.81,8,0,2,1.4,4.2,3.71,52.94,8.46,1.85,80.0,1.61,2.2,1.88,1.2,60.0,11,19,5.02,3.4,1.89,3.44,4.65,0.8,4.0,2,6,8.2,52.94,4.8,2.02,3,0,0
2024-05-04,F1,14:00,Le Havre,Strasbourg,H,H,2023/2024,1.82,5,0,3,1.4,3.6,4.12,52.94,7.96,1.88,20.0,2.61,0.8,2.14,1.2,60.0,6,13,4.42,4.0,1.62,3.54,4.65,1.0,4.4,7,15,8.0,47.06,4.6,2.42,1,1,0
2024-05-19,F1,20:00,Lyon,Strasbourg,H,H,2023/2024,1.99,10,0,4,1.4,3.2,4.06,52.94,8.56,2.06,80.0,1.35,2.0,2.07,1.0,60.0,7,10,5.0,4.8,3.0,3.56,4.65,2.0,5.8,6,15,9.0,58.82,4.4,1.45,0,1,0
2024-08-18,F1,16:00,Montpellier,Strasbourg,D,D,2024/2025,1.8,11,0,4,1.0,4.0,4.71,47.06,9.56,1.84,0.0,2.1,1.0,2.14,1.0,0.0,20,18,5.38,4.0,2.1,4.18,4.94,1.0,6.0,5,7,10.0,70.59,6.0,1.85,3,0,0
2024-08-30,F1,19:45,Lyon,Strasbourg,H,D,2024/2025,2.0,14,0,7,2.5,3.0,4.41,47.06,9.48,2.05,50.0,2.12,2.0,1.9,2.0,50.0,10,6,5.48,4.0,2.1,4.0,4.94,2.5,4.5,13,22,7.5,64.71,7.5,1.82,2,1,1
2024-09-21,F1,16:00,Lille,Strasbourg,D,D,2024/2025,1.92,12,0,9,2.67,3.67,3.88,47.06,9.12,2.0,66.67,1.56,2.0,2.0,2.33,66.67,16,12,5.32,2.67,2.1,3.8,4.94,2.0,5.0,7,15,8.67,58.82,8.0,1.82,2,1,1
2024-10-19,F1,20:00,Paris SG,Strasbourg,H,H,2024/2025,1.92,16,0,8,3.0,4.0,2.71,47.06,10.21,1.98,100.0,1.3,4.0,1.96,2.25,75.0,10,12,6.63,3.0,3.4,3.58,4.94,1.0,7.5,10,18,11.5,76.47,7.25,1.36,2,1,0
2024-11-02,F1,20:00,St Etienne,Strasbourg,H,D,2024/2025,1.96,9,0,3,2.8,3.8,6.12,47.06,9.02,1.99,20.0,2.49,1.2,2.67,1.8,60.0,9,4,4.41,5.0,2.2,4.61,4.94,1.0,2.6,3,13,6.4,52.94,6.2,1.78,1,0,0
2024-11-24,F1,19:45,Nice,Strasbourg,H,A,2024/2025,1.82,10,0,3,3.0,4.4,4.76,47.06,9.93,1.89,80.0,1.81,3.0,1.91,1.8,80.0,16,8,5.46,6.4,2.2,4.47,4.94,1.0,4.8,5,15,9.2,52.94,5.8,1.76,0,1,1
2024-11-30,F1,18:00,Brest,Strasbourg,H,H,2024/2025,1.9,12,0,4,2.8,4.6,4.94,47.06,8.61,1.95,20.0,2.13,1.6,2.1,1.4,80.0,15,8,4.29,4.2,1.9,4.32,4.94,0.6,3.4,8,11,8.0,52.94,4.8,2.02,2,1,0
2024-12-15,F1,16:00,Le Havre,Strasbourg,A,A,2024/2025,2.07,9,0,5,2.2,4.0,5.35,47.06,8.47,2.17,60.0,3.54,0.2,1.99,1.4,80.0,11,7,3.95,5.8,1.73,4.52,4.94,2.2,3.8,1,11,7.8,70.59,3.6,2.14,1,1,0
2025-01-12,F1,16:15,Toulouse,Strasbourg,A,A,2024/2025,1.86,8,0,2,1.6,3.4,3.24,47.06,8.61,1.92,40.0,2.01,1.4,1.95,1.4,80.0,12,14,4.94,3.2,1.92,3.67,4.94,0.8,5.0,5,19,8.4,47.06,3.2,2.0,4,1,0
2025-01-19,F1,19:45,Marseille,Strasbourg,D,A,2024/2025,1.89,7,0,3,1.4,3.4,2.71,47.06,8.68,1.95,60.0,1.61,2.0,1.91,1.6,80.0,13,14,5.12,3.4,2.3,3.56,4.94,1.4,5.2,3,18,8.6,64.71,4.6,1.62,3,0,1
2025-02-02,F1,16:15,Rennes,Strasbourg,H,D,2024/2025,2.05,7,0,3,1.2,2.4,3.29,47.06,8.78,2.1,60.0,1.95,2.0,1.97,1.4,60.0,14,10,5.3,2.2,1.85,3.48,4.94,0.8,4.0,3,13,6.4,47.06,5.0,2.09,3,0,0
2025-02-16,F1,16:15,Lens,Strasbourg,A,D,2024/2025,1.87,13,1,5,0.6,2.4,2.65,47.06,9.39,1.92,20.0,1.87,0.8,2.06,1.6,40.0,12,15,6.05,2.4,2.1,3.34,4.94,1.0,6.0,0,7,8.4,35.29,5.6,1.82,2,0,0
2025-03-02,F1,16:15,Auxerre,Strasbourg,A,D,2024/2025,1.83,6,0,3,0.6,2.6,6.12,47.06,8.72,1.87,40.0,3.17,1.2,2.11,1.2,20.0,10,10,4.19,5.4,2.02,4.53,4.94,0.8,3.8,5,14,6.4,58.82,6.0,1.97,3,0,0
2025-03-09,F1,16:15,Nantes,Strasbourg,A,D,2024/2025,1.99,9,0,1,0.4,4.0,6.06,47.06,9.95,2.02,40.0,3.02,1.2,2.16,1.0,0.0,12,17,4.97,8.6,1.98,4.98,4.94,1.4,4.8,2,11,8.8,35.29,6.0,1.92,1,0,1
2025-04-06,F1,16:15,Reims,Strasbourg,A,A,2024/2025,1.81,13,1,4,0.2,4.8,5.47,47.06,8.92,1.89,40.0,3.55,0.8,1.87,1.0,0.0,11,9,4.11,7.6,1.98,4.81,4.94,1.4,4.0,7,14,8.8,35.29,5.0,1.99,2,0,1
2025-04-19,F1,18:00,Monaco,Strasbourg,D,D,2024/2025,1.94,5,0,2,0.0,4.8,3.88,47.06,8.8,1.98,80.0,1.51,3.0,1.9,1.0,0.0,18,10,4.89,2.6,2.75,3.91,4.94,0.4,6.0,4,12,10.8,58.82,4.4,1.45,3,0,0
2025-05-10,F1,20:00,Angers,Strasbourg,H,D,2024/2025,2.04,15,0,3,0.4,5.4,5.0,47.06,8.55,2.13,40.0,4.54,0.8,1.87,0.8,20.0,6,10,4.1,4.6,2.03,4.45,4.94,1.6,4.2,2,5,9.6,47.06,3.4,1.9,2,1,0
2025-08-17,F1,16:15,Metz,Strasbourg,A,D,2025/2026,1.85,9,0,4,0.0,3.0,3.88,55.56,7.15,1.98,0.0,3.52,0.0,2.03,1.0,0.0,16,13,3.87,3.0,1.98,3.28,4.0,1.0,3.0,0,2,6.0,37.5,3.0,1.91,2,0,0
2025-08-31,F1,16:15,Monaco,Strasbourg,H,H,2025/2026,1.89,12,0,4,1.5,4.0,4.1,55.56,8.12,1.95,100.0,1.55,3.0,1.96,1.5,50.0,13,12,4.53,4.5,2.75,3.59,4.0,1.5,5.5,4,12,9.5,70.0,4.5,1.53,1,1,1
2025-09-21,F1,14:00,Paris FC,Strasbourg,A,A,2025/2026,1.75,8,0,4,1.67,3.33,4.12,55.56,9.24,1.8,100.0,2.39,2.5,1.8,2.0,66.67,11,10,5.77,4.0,2.0,3.47,4.0,2.5,9.0,6,18,12.33,62.5,4.33,1.83,5,1,0
2025-10-17,F1,19:45,Paris SG,Strasbourg,D,A,2025/2026,1.98,12,0,7,2.0,2.75,2.56,55.56,8.63,2.06,25.0,1.4,2.0,2.08,2.25,75.0,12,15,5.78,2.25,2.75,2.85,4.0,0.75,6.25,9,21,9.0,55.56,4.25,1.46,1,1,0
2025-10-26,F1,19:45,Lyon,Strasbourg,H,D,2025/2026,1.74,7,0,2,2.0,2.6,3.0,55.56,8.44,1.83,60.0,1.95,1.6,1.93,2.0,80.0,15,19,5.36,3.6,2.2,3.08,4.0,0.6,6.4,3,8,9.0,66.67,4.2,1.68,4,1,0
2025-11-02,F1,14:00,Rennes,Strasbourg,H,H,2025/2026,1.8,20,0,2,2.8,3.0,5.44,55.56,9.03,1.83,80.0,2.83,2.0,1.85,2.0,100.0,15,9,5.3,3.6,2.2,3.73,4.0,1.2,6.4,6,13,9.4,66.67,4.8,1.72,1,1,1
2025-11-22,F1,16:00,Lens,Strasbourg,H,D,2025/2026,2.04,7,1,1,2.4,2.2,5.22,55.56,9.47,2.1,80.0,2.19,2.2,2.04,1.6,80.0,13,13,5.67,5.6,2.2,3.8,4.0,0.4,5.8,5,13,8.0,55.56,4.2,1.67,3,0,0
2025-12-06,F1,18:00,Toulouse,Strasbourg,H,H,2025/2026,1.96,3,0,0,2.2,2.2,4.9,55.56,8.14,2.03,40.0,2.65,1.4,2.0,1.0,60.0,21,13,4.7,2.8,1.8,3.44,4.0,0.6,6.4,3,6,8.6,60.0,3.6,2.0,3,0,0
2026-01-03,F1,18:00,Nice,Strasbourg,D,A,2025/2026,1.81,8,0,5,1.8,3.4,6.67,55.56,9.17,1.88,40.0,3.44,1.4,1.98,0.6,40.0,12,12,4.59,8.6,2.03,4.58,4.0,1.8,4.0,6,19,7.4,33.33,3.8,1.83,2,0,1
2023-08-13,F1,14:00,Nantes,Toulouse,A,H,2023/2024,1.99,9,0,5,1.0,5.0,5.12,58.82,9.88,2.07,100.0,3.09,1.0,2.1,2.0,100.0,14,14,5.76,5.0,1.98,4.12,5.82,2.0,7.0,4,9,12.0,47.06,7.0,1.95,2,1,1
2023-08-27,F1,14:00,Strasbourg,Toulouse,H,D,2023/2024,1.98,7,0,1,1.5,4.0,5.29,58.82,8.21,2.06,50.0,2.17,2.0,2.07,1.0,50.0,16,17,4.2,4.5,1.83,4.01,5.82,0.5,2.0,3,11,6.0,64.71,5.0,2.09,3,0,0
2023-09-17,F1,16:05,Marseille,Toulouse,D,D,2023/2024,1.83,10,0,3,1.0,3.0,4.88,58.82,9.62,1.88,33.33,1.44,1.33,1.98,0.67,33.33,9,11,5.56,7.0,2.38,4.06,5.82,0.33,6.33,6,24,9.33,52.94,5.33,1.62,5,0,0
2023-09-24,F1,14:00,Lens,Toulouse,H,D,2023/2024,1.95,7,0,2,1.25,3.25,3.59,58.82,9.48,1.99,33.33,1.45,1.0,1.93,0.75,50.0,16,15,6.25,1.67,2.0,3.23,5.82,1.0,9.67,7,27,12.92,41.18,6.25,1.9,1,1,1
2023-10-08,F1,14:00,Brest,Toulouse,D,A,2023/2024,1.8,9,0,3,1.2,3.6,3.29,58.82,8.92,1.85,25.0,1.73,1.25,2.04,0.8,40.0,18,18,5.42,4.75,1.84,3.5,5.82,0.75,6.5,2,13,10.1,29.41,5.6,2.07,2,0,0
2023-10-29,F1,14:00,Montpellier,Toulouse,H,H,2023/2024,1.88,16,0,5,1.6,3.4,4.18,58.82,8.65,1.93,75.0,1.88,1.5,2.09,0.4,40.0,13,15,5.05,3.75,2.06,3.6,5.82,1.25,4.0,6,19,7.4,47.06,4.8,1.9,3,1,0
2023-11-12,F1,14:00,Lille,Toulouse,D,H,2023/2024,1.89,2,0,1,1.4,3.0,3.71,58.82,9.06,1.96,20.0,1.58,1.2,2.1,0.6,40.0,12,16,5.57,4.2,2.04,3.49,5.82,0.6,5.0,6,13,8.0,52.94,6.4,1.9,4,0,1
2023-11-26,F1,12:00,Nice,Toulouse,H,D,2023/2024,1.96,19,0,3,1.6,3.2,2.41,58.82,8.63,2.02,0.0,1.53,1.2,2.07,0.6,40.0,9,19,5.64,2.2,1.94,2.99,5.82,0.0,4.2,3,8,7.4,35.29,6.0,2.04,4,0,0
2023-12-10,F1,16:05,Lyon,Toulouse,H,H,2023/2024,1.86,16,0,6,1.8,2.6,4.06,58.82,8.73,1.93,60.0,1.76,1.6,1.98,0.4,40.0,15,15,5.21,4.0,2.15,3.52,5.82,1.6,4.8,7,15,7.4,58.82,4.6,1.74,3,1,0
2024-01-14,F1,14:00,Metz,Toulouse,A,A,2023/2024,2.11,4,1,2,1.6,2.0,4.41,58.82,8.15,2.19,20.0,3.0,0.6,1.87,0.4,40.0,20,18,4.6,4.0,1.6,3.55,5.82,0.8,5.4,2,14,7.4,52.94,5.0,2.45,2,0,0
2024-02-04,F1,14:00,Reims,Toulouse,A,A,2023/2024,1.84,9,0,4,1.4,2.4,5.12,58.82,9.4,1.9,60.0,1.85,1.0,2.11,1.0,40.0,13,16,5.66,3.8,1.91,3.74,5.82,1.4,6.8,5,17,9.2,47.06,6.4,2.03,3,1,1
2024-02-18,F1,14:00,Monaco,Toulouse,A,A,2023/2024,2.02,14,0,7,1.4,3.4,3.88,58.82,9.35,2.06,40.0,1.61,1.0,2.0,1.2,60.0,18,12,5.82,3.8,2.05,3.53,5.82,1.4,6.6,5,22,10.0,52.94,5.0,1.83,3,1,0
2024-03-10,F1,14:00,Le Havre,Toulouse,H,D,2023/2024,1.89,5,0,0,1.4,3.6,4.12,58.82,8.38,1.96,60.0,2.98,1.6,1.88,1.2,60.0,12,17,4.65,5.0,1.57,3.73,5.82,1.0,3.6,4,12,7.2,47.06,4.8,2.47,1,0,0
2024-03-31,F1,14:00,Clermont,Toulouse,A,A,2023/2024,1.99,11,0,5,0.8,4.0,3.88,58.82,9.13,2.05,60.0,3.97,1.0,2.08,1.8,60.0,15,12,5.56,3.6,1.92,3.57,5.82,2.2,5.8,5,15,9.8,41.18,6.8,2.01,1,1,1
2024-04-13,F1,20:00,Rennes,Toulouse,A,A,2023/2024,2.03,10,0,3,1.0,4.4,4.59,58.82,9.29,2.1,80.0,1.86,1.8,2.08,2.0,80.0,20,18,5.48,3.8,1.92,3.81,5.82,1.2,5.4,4,19,9.8,70.59,7.4,2.02,3,1,1
2024-04-28,F1,14:00,Lorient,Toulouse,A,H,2023/2024,1.94,14,0,5,0.8,3.4,5.82,58.82,9.1,2.0,40.0,2.46,0.4,2.2,1.8,80.0,14,17,4.94,5.2,1.98,4.16,5.82,2.0,4.2,5,15,7.6,64.71,6.4,1.95,3,1,0
2024-05-12,F1,20:00,Paris SG,Toulouse,A,D,2023/2024,1.84,18,0,5,0.8,3.4,4.06,58.82,10.09,1.89,80.0,1.37,2.2,2.03,2.0,80.0,12,8,6.45,4.4,3.5,3.64,5.82,2.0,8.6,3,15,12.0,82.35,6.4,1.38,0,1,0
2024-08-25,F1,16:00,Nice,Toulouse,D,D,2024/2025,2.01,15,0,3,1.0,4.0,4.76,52.94,9.42,2.07,0.0,2.16,1.0,2.14,1.0,0.0,11,21,5.04,4.0,1.57,4.38,4.29,1.0,4.0,4,10,8.0,52.94,4.0,2.47,1,0,0
2024-09-22,F1,16:00,Brest,Toulouse,H,H,2024/2025,1.99,10,0,1,1.5,3.5,4.94,52.94,8.38,2.06,66.67,2.93,2.33,1.91,0.5,0.0,15,18,4.24,1.67,1.67,4.14,4.29,1.67,5.33,5,9,8.83,52.94,4.0,2.25,1,0,0
2024-10-05,F1,18:00,Lille,Toulouse,H,A,2024/2025,1.89,9,0,3,1.67,4.33,3.88,52.94,8.88,1.95,75.0,1.79,2.0,1.91,0.67,33.33,13,8,4.73,3.5,1.92,4.15,4.29,1.75,4.75,3,10,9.08,58.82,4.0,2.0,2,1,0
2024-10-27,F1,16:00,Montpellier,Toulouse,A,A,2024/2025,1.9,15,1,6,1.25,4.0,4.71,52.94,9.23,1.96,80.0,3.44,1.0,1.89,1.25,50.0,8,20,4.92,3.4,2.2,4.31,4.29,2.8,5.8,2,9,9.8,70.59,3.25,1.71,2,1,0
2024-11-10,F1,16:00,Rennes,Toulouse,A,A,2024/2025,1.97,9,0,2,1.0,3.8,3.29,52.94,9.19,2.04,40.0,2.35,1.2,1.94,1.4,40.0,16,16,5.32,2.8,1.85,3.87,4.29,1.0,7.2,1,7,11.0,47.06,3.6,2.13,1,0,0
2024-11-22,F1,20:00,Paris SG,Toulouse,H,H,2024/2025,1.85,11,0,2,1.4,4.0,2.71,52.94,9.94,1.89,80.0,1.39,2.8,2.11,1.2,60.0,11,14,6.09,3.8,3.0,3.85,4.29,0.8,6.8,8,17,10.8,76.47,4.2,1.54,2,1,1
2024-12-07,F1,16:00,Monaco,Toulouse,H,D,2024/2025,1.95,6,0,3,1.4,4.0,3.88,52.94,8.59,1.99,40.0,1.89,1.4,2.03,1.2,60.0,15,16,4.47,3.6,2.0,4.12,4.29,0.8,4.0,5,19,8.0,58.82,3.8,1.83,2,0,0
2025-01-05,F1,14:00,Lens,Toulouse,A,D,2024/2025,1.9,8,1,4,1.0,3.0,2.65,52.94,9.33,1.92,40.0,2.02,1.2,1.9,1.2,40.0,20,12,5.83,1.4,1.95,3.5,4.29,1.6,6.6,1,14,9.6,35.29,4.4,1.99,2,0,0
2025-01-18,F1,20:05,Lyon,Toulouse,D,D,2024/2025,1.99,13,0,4,1.0,3.4,4.41,52.94,9.56,2.06,40.0,1.79,1.6,1.91,0.6,20.0,8,8,5.25,4.8,2.2,4.31,4.29,0.6,5.6,3,11,9.0,64.71,5.8,1.75,0,0,1
2025-02-09,F1,16:15,Auxerre,Toulouse,D,D,2024/2025,2.0,7,0,3,1.4,3.8,6.12,52.94,9.03,2.13,40.0,2.99,1.0,2.2,0.6,40.0,11,9,3.95,7.8,1.73,5.08,4.29,1.0,3.6,3,9,7.4,58.82,5.4,2.14,1,1,0
2025-02-23,F1,16:15,Le Havre,Toulouse,A,A,2024/2025,1.97,11,1,5,1.0,3.4,5.35,52.94,8.5,2.01,80.0,3.82,0.6,2.16,1.4,40.0,11,13,4.01,4.2,1.67,4.49,4.29,2.6,4.6,3,11,8.0,70.59,5.0,2.33,2,1,0
2025-03-02,F1,16:15,Angers,Toulouse,A,D,2024/2025,1.94,19,0,13,0.6,4.6,5.0,52.94,8.59,2.03,20.0,4.09,1.0,2.12,2.2,60.0,13,9,4.01,4.8,1.62,4.58,4.29,1.4,3.0,1,5,7.6,47.06,5.4,2.42,3,1,1
2025-03-16,F1,16:15,Strasbourg,Toulouse,H,A,2024/2025,1.85,11,0,7,1.0,5.0,4.71,52.94,8.83,1.93,60.0,2.63,1.8,2.06,2.2,80.0,10,14,4.3,4.6,1.8,4.53,4.29,0.6,4.2,3,10,9.2,70.59,4.8,2.14,2,1,0
2025-04-06,F1,19:45,Marseille,Toulouse,H,D,2024/2025,1.86,8,0,3,1.6,4.2,2.71,52.94,8.75,1.9,60.0,1.75,2.6,2.04,2.6,100.0,11,15,5.1,1.6,2.2,3.65,4.29,1.2,7.0,4,9,11.2,64.71,4.2,1.71,3,1,0
2025-04-20,F1,16:15,Reims,Toulouse,H,H,2024/2025,1.89,18,0,6,1.4,5.0,5.47,52.94,8.77,1.99,20.0,3.99,0.8,2.15,2.2,80.0,11,12,3.63,8.8,2.04,5.14,4.29,1.0,2.2,2,8,7.2,35.29,3.6,1.88,0,0,0
2025-04-27,F1,16:15,Nantes,Toulouse,D,D,2024/2025,1.77,6,0,3,1.2,5.4,6.06,52.94,9.47,1.81,20.0,3.03,1.0,1.86,1.4,60.0,13,11,4.34,6.8,1.67,5.13,4.29,0.6,3.0,3,11,8.4,35.29,3.2,2.35,3,0,0
2025-05-17,F1,20:00,St Etienne,Toulouse,A,A,2024/2025,1.81,17,0,9,1.6,4.8,6.12,52.94,9.41,1.89,100.0,2.46,1.8,1.87,1.2,60.0,10,7,4.37,6.4,2.38,5.04,4.29,3.2,6.2,7,18,11.0,52.94,3.8,1.61,2,1,1
2025-08-16,F1,20:05,Nice,Toulouse,A,D,2025/2026,1.98,10,0,2,0.0,4.0,6.67,50.0,10.94,2.05,0.0,2.15,0.0,1.93,1.0,0.0,12,13,6.21,4.0,1.85,4.73,6.38,1.0,9.0,2,13,13.0,33.33,9.0,2.06,3,0,1
2025-09-14,F1,14:00,Lille,Toulouse,H,D,2025/2026,1.82,9,0,4,1.0,5.0,4.89,50.0,10.76,1.85,50.0,1.88,1.5,2.03,1.0,50.0,12,10,6.32,4.5,1.88,4.44,6.38,0.5,7.5,5,20,12.5,33.33,8.0,2.0,3,1,1
2025-09-21,F1,16:15,Auxerre,Toulouse,H,H,2025/2026,1.86,13,1,3,1.0,4.67,4.89,50.0,10.33,1.9,33.33,3.6,1.0,1.93,0.67,33.33,12,20,5.81,5.67,1.8,4.52,6.38,0.67,4.0,1,6,8.67,44.44,6.33,2.22,6,0,0
2025-10-05,F1,14:00,Lyon,Toulouse,A,H,2025/2026,1.91,14,0,4,1.0,4.75,3.0,50.0,10.16,1.98,50.0,2.0,1.5,1.88,1.0,50.0,13,17,6.27,4.0,1.85,3.89,6.38,0.5,7.0,3,13,11.75,66.67,6.75,2.0,3,1,1
2025-10-25,F1,18:00,Monaco,Toulouse,H,H,2025/2026,1.99,10,0,2,1.0,4.8,4.1,50.0,9.45,2.07,80.0,2.16,2.8,2.1,0.8,40.0,15,18,5.16,5.2,2.2,4.29,6.38,1.4,4.6,5,14,9.4,70.0,5.8,1.68,4,0,0
2025-11-09,F1,14:00,Lorient,Toulouse,D,H,2025/2026,1.98,6,0,2,1.2,4.8,5.11,50.0,8.63,2.1,60.0,3.26,1.8,2.05,0.8,40.0,6,18,4.09,5.2,1.73,4.54,6.38,2.6,3.2,2,10,8.0,55.56,5.2,2.15,4,0,0
2025-11-29,F1,20:05,Marseille,Toulouse,D,A,2025/2026,4.04,6,0,4,1.2,3.8,2.67,50.0,9.04,22.0,80.0,1.68,2.8,2.05,1.0,40.0,7,10,5.49,2.4,2.1,3.55,6.38,1.2,4.6,5,20,8.4,66.67,5.6,1.76,1,1,0
2025-12-13,F1,20:05,Paris FC,Toulouse,A,A,2025/2026,1.75,7,0,4,1.0,3.8,4.12,50.0,10.37,1.78,60.0,2.78,1.0,1.9,1.6,60.0,12,14,6.29,4.0,1.67,4.08,6.38,2.0,6.2,2,9,10.0,62.5,6.4,2.2,1,1,1
