Date,Div,Time,HomeTeam,AwayTeam,FTR,HTR,Season,Last5AwayOver2.5Perc,AvgLast5HomeCornersConceded,AvgAwayGoalsScored,AvgHomeGoalsConceded,AvgLast5HomeGoalsScored,PredictedHomeCorners,HS,MaxC_lt_2.5,PredictedTotalCorners,AvgC_gt_2.5,AST,HY,AF,AwayOver2.5Perc,AvgLast5AwayGoalsScored,HF,HST,PredictedAwayCorners,PredictedTotalCorners_Last5,AvgAHA,AvgAwayCornersConceded,AvgLast5HomeCorners,AvgLast5AwayCorners,Last5HomeOver2.5Perc,AvgAwayGoalsConceded,AvgLast5HomeGoalsConceded,HomeOver2.5Perc,AvgLast5AwayCornersConceded,AS,AvgLast5AwayGoalsConceded,Over2.5,OverUnder10.5Corners
2023-08-20,I1,17:30,Sassuolo,Atalanta,A,D,2023/2024,0.0,7.0,1.58,1.79,0.0,5.33,11,2.43,10.46,1.67,6,0,13,63.16,2.0,9,3,5.13,14.0,1.84,4.16,7.0,7.0,0.0,1.37,2.0,47.37,7.0,16,0.0,0,1
2023-08-26,I1,17:30,Frosinone,Atalanta,H,H,2023/2024,50.0,6.5,1.58,1.68,1.5,5.45,13,2.21,10.51,1.73,6,1,10,63.16,1.5,10,5,5.06,10.5,1.84,4.16,3.5,7.0,100.0,1.37,2.0,73.68,5.0,18,1.0,1,0
2023-09-17,I1,17:00,Fiorentina,Atalanta,H,H,2023/2024,66.67,3.5,1.58,1.16,2.5,4.9,15,2.03,9.2,1.87,4,1,14,63.16,1.67,8,8,4.3,9.0,2.06,4.16,3.0,6.0,100.0,1.37,2.0,68.42,4.33,11,1.67,1,0
2023-09-27,I1,17:30,Verona,Atalanta,A,A,2023/2024,50.0,5.67,1.58,1.37,0.67,4.22,11,1.97,9.26,1.99,2,2,25,63.16,1.5,10,2,5.04,7.42,1.82,4.16,2.67,4.75,33.33,1.37,0.67,57.89,4.25,8,1.25,0,0
2023-10-08,I1,14:00,Lazio,Atalanta,H,H,2023/2024,60.0,3.0,1.58,0.74,1.5,5.04,12,1.83,9.26,2.11,4,1,10,63.16,1.6,7,4,4.22,11.0,1.85,4.16,6.0,5.0,25.0,1.37,1.0,26.32,4.2,12,1.6,1,0
2023-10-30,I1,17:30,Empoli,Atalanta,A,A,2023/2024,80.0,5.6,1.58,1.21,0.2,4.38,9,2.23,9.4,1.71,6,4,13,63.16,1.8,10,2,5.02,9.6,1.87,4.16,4.8,4.8,20.0,1.37,1.2,31.58,3.4,18,1.6,1,0
2023-11-12,I1,14:00,Udinese,Atalanta,D,H,2023/2024,60.0,4.4,1.58,1.53,0.8,4.63,13,1.96,9.48,1.95,2,2,13,63.16,1.8,13,4,4.85,10.2,2.04,4.16,5.4,4.8,20.0,1.37,1.2,47.37,4.2,8,1.4,0,1
2023-12-04,I1,19:45,Torino,Atalanta,H,H,2023/2024,60.0,2.2,1.58,0.47,1.2,5.3,9,1.71,9.34,2.24,4,2,14,63.16,1.4,12,5,4.04,11.0,2.09,4.16,6.4,4.6,60.0,1.37,1.0,26.32,4.4,10,1.4,1,0
2023-12-23,I1,14:00,Bologna,Atalanta,H,D,2023/2024,60.0,4.0,1.58,0.63,1.6,4.44,9,1.63,8.73,2.42,2,2,14,63.16,1.2,10,1,4.29,7.2,1.95,4.16,2.2,5.0,20.0,1.37,0.2,36.84,4.0,12,1.6,0,0
2024-01-07,I1,19:45,Roma,Atalanta,D,D,2023/2024,40.0,2.8,1.58,1.0,1.8,4.63,16,1.69,8.98,2.3,2,1,14,63.16,1.0,14,6,4.35,9.4,1.84,4.16,4.6,4.8,40.0,1.37,0.8,52.63,4.4,8,1.2,0,1
2024-02-11,I1,17:00,Genoa,Atalanta,A,A,2023/2024,40.0,5.2,1.58,1.16,1.0,4.83,15,1.73,9.52,2.25,9,3,13,63.16,1.2,8,6,4.69,10.8,2.09,4.16,6.4,4.4,40.0,1.37,1.4,42.11,5.2,14,1.4,1,1
2024-02-25,I1,19:45,Milan,Atalanta,D,D,2023/2024,40.0,3.2,1.58,0.89,1.6,4.95,20,2.13,9.09,1.77,3,1,16,63.16,1.2,12,7,4.14,7.2,1.81,4.16,3.6,3.6,40.0,1.37,0.8,52.63,4.8,8,1.4,0,0
2024-02-28,I1,19:45,Inter,Atalanta,H,H,2023/2024,40.0,1.4,1.58,0.58,2.6,6.59,15,2.21,10.29,1.73,1,2,15,63.16,1.2,10,7,3.7,13.4,2.07,4.16,10.2,3.2,60.0,1.37,0.2,52.63,4.8,6,1.6,1,0
2024-03-10,I1,17:00,Juventus,Atalanta,D,A,2023/2024,60.0,3.8,1.58,0.58,1.8,5.54,18,1.67,9.68,2.28,3,0,10,63.16,1.6,12,5,4.14,9.4,1.9,4.16,6.2,3.2,60.0,1.37,1.2,26.32,5.2,7,1.8,1,0
2024-03-30,I1,11:30,Napoli,Atalanta,A,A,2023/2024,80.0,3.4,1.58,1.42,1.2,6.45,20,2.02,10.43,1.87,6,2,13,63.16,2.0,6,6,3.98,10.8,2.03,4.16,7.6,3.2,60.0,1.37,1.4,63.16,5.4,12,1.6,1,1
2024-04-07,I1,17:00,Cagliari,Atalanta,H,D,2023/2024,80.0,4.2,1.58,1.68,1.8,4.87,11,2.04,9.45,1.84,2,3,19,63.16,1.4,16,3,4.58,8.6,1.9,4.16,5.4,3.2,60.0,1.37,1.6,63.16,4.8,7,1.8,1,0
2024-04-21,I1,19:45,Monza,Atalanta,A,A,2023/2024,100.0,5.4,1.58,1.37,1.8,4.53,17,2.12,9.1,1.84,6,3,13,63.16,1.6,8,2,4.57,8.0,1.9,4.16,3.8,4.2,80.0,1.37,2.4,42.11,4.2,12,1.8,1,0
2024-05-06,I1,17:00,Salernitana,Atalanta,A,H,2023/2024,100.0,6.6,1.58,2.0,0.6,4.45,9,2.84,9.63,1.48,4,1,10,63.16,2.0,12,2,5.18,9.6,1.99,4.16,4.2,5.4,40.0,1.37,1.8,68.42,3.6,17,1.2,1,0
2024-05-18,I1,17:00,Lecce,Atalanta,A,D,2023/2024,80.0,3.8,1.58,1.42,0.4,4.79,11,2.03,9.34,1.88,9,0,20,63.16,2.0,7,3,4.55,11.4,1.98,4.16,5.6,5.8,0.0,1.37,1.0,36.84,3.2,19,0.8,0,0
2024-08-19,I1,17:30,Lecce,Atalanta,A,A,2024/2025,100.0,3.0,2.21,1.63,0.0,4.73,19,1.88,9.11,2.02,6,0,24,57.89,4.0,10,5,4.38,8.0,1.87,3.58,5.0,3.0,100.0,0.68,4.0,42.11,5.0,10,0.0,1,0
2024-08-25,I1,17:30,Torino,Atalanta,H,D,2024/2025,100.0,6.0,2.21,0.95,2.0,4.26,13,1.87,8.8,2.04,8,3,13,57.89,2.5,8,6,4.54,8.5,1.99,3.58,4.0,4.5,100.0,0.68,1.0,15.79,4.5,24,1.0,1,0
2024-08-30,I1,19:45,Inter,Atalanta,H,H,2024/2025,100.0,5.0,2.21,1.11,3.0,5.8,13,2.39,9.96,1.64,1,0,15,57.89,1.67,6,5,4.16,10.83,1.92,3.58,6.5,4.33,50.0,0.68,0.0,63.16,4.0,11,2.0,1,0
2024-09-28,I1,19:45,Bologna,Atalanta,D,D,2024/2025,75.0,5.67,2.21,0.95,1.0,5.28,5,1.79,9.68,2.17,5,3,12,57.89,1.5,16,1,4.4,10.5,2.08,3.58,5.0,5.5,0.0,0.68,1.0,47.37,3.5,23,1.75,0,1
2024-10-20,I1,14:00,Venezia,Atalanta,A,A,2024/2025,60.0,4.0,2.21,1.16,0.67,3.68,12,2.51,8.49,1.58,7,1,6,57.89,1.6,12,4,4.81,8.07,1.78,3.58,2.67,5.4,0.0,0.68,1.0,31.58,3.2,16,1.4,0,0
2024-11-03,I1,11:30,Napoli,Atalanta,A,A,2024/2025,60.0,3.2,2.21,0.68,1.6,5.58,13,1.92,9.76,2.0,3,1,8,57.89,1.4,10,3,4.18,11.6,2.05,3.58,6.2,5.4,60.0,0.68,1.0,47.37,3.0,12,1.4,1,0
2024-11-23,I1,19:45,Parma,Atalanta,A,A,2024/2025,60.0,4.8,2.21,1.47,1.2,3.86,9,2.69,8.69,1.51,6,0,8,57.89,1.8,6,3,4.83,10.0,2.06,3.58,4.8,5.2,60.0,0.68,2.2,52.63,2.6,15,1.2,1,0
2024-12-02,I1,19:45,Roma,Atalanta,A,D,2024/2025,40.0,3.6,2.21,0.79,1.0,3.9,5,2.0,8.14,1.91,7,2,13,57.89,2.2,17,1,4.24,8.8,1.92,3.58,3.6,5.2,40.0,0.68,1.4,52.63,2.4,18,0.4,0,0
2024-12-14,I1,14:00,Cagliari,Atalanta,A,D,2024/2025,40.0,4.6,2.21,1.47,1.4,4.91,12,2.25,9.51,1.72,2,3,10,57.89,2.2,16,8,4.6,10.6,1.9,3.58,6.2,4.4,40.0,0.68,1.6,57.89,2.4,12,0.2,0,0
2024-12-28,I1,19:45,Lazio,Atalanta,D,H,2024/2025,40.0,3.2,2.21,1.37,1.8,4.97,11,1.93,9.2,1.98,4,2,11,57.89,2.0,6,5,4.23,8.4,2.06,3.58,3.6,4.8,80.0,0.68,1.6,63.16,2.4,14,0.4,0,0
2025-01-11,I1,14:00,Udinese,Atalanta,D,D,2024/2025,20.0,4.4,2.21,1.42,0.6,4.38,12,2.01,9.01,1.93,2,1,16,57.89,1.4,4,3,4.63,10.4,1.81,3.58,5.6,4.8,40.0,0.68,1.8,52.63,2.6,4,0.4,0,0
2025-01-25,I1,14:00,Como,Atalanta,A,H,2024/2025,20.0,4.0,2.21,1.37,2.0,4.32,15,2.15,8.56,1.78,3,2,10,57.89,1.2,15,5,4.24,8.6,1.87,3.58,3.8,4.8,60.0,0.68,1.0,47.37,3.0,5,0.4,1,0
2025-02-08,I1,14:00,Verona,Atalanta,A,A,2024/2025,40.0,5.4,2.21,1.89,0.2,4.47,18,2.22,8.99,1.77,7,2,6,57.89,1.8,10,7,4.52,9.8,1.9,3.58,5.4,4.4,60.0,0.68,2.6,57.89,4.0,17,0.4,1,0
2025-02-23,I1,17:00,Empoli,Atalanta,A,A,2024/2025,60.0,4.0,2.21,1.37,0.6,4.21,10,2.32,8.68,1.7,8,0,17,57.89,2.6,4,1,4.47,8.8,1.95,3.58,4.6,4.2,60.0,0.68,2.6,36.84,4.2,14,0.4,1,0
2025-03-09,I1,19:45,Juventus,Atalanta,A,A,2024/2025,80.0,4.2,2.21,0.79,1.8,5.09,9,1.82,9.28,2.11,9,1,11,57.89,3.2,12,2,4.19,9.4,2.05,3.58,5.6,3.8,40.0,0.68,1.0,42.11,4.2,19,0.2,1,0
2025-03-30,I1,14:00,Fiorentina,Atalanta,H,H,2024/2025,80.0,4.2,2.21,0.95,1.6,3.68,12,2.01,7.99,1.88,0,0,16,57.89,3.2,7,4,4.31,6.2,2.04,3.58,2.2,4.0,40.0,0.68,0.4,63.16,3.6,9,0.4,0,0
2025-04-20,I1,19:45,Milan,Atalanta,A,D,2024/2025,60.0,5.2,2.21,0.84,1.2,5.16,12,2.51,9.64,1.59,2,0,7,57.89,3.0,8,1,4.48,9.4,1.99,3.58,5.4,4.0,60.0,0.68,1.2,47.37,4.2,11,0.2,0,1
2025-05-04,I1,14:00,Monza,Atalanta,A,A,2024/2025,60.0,4.6,2.21,1.63,0.4,3.65,13,2.84,8.21,1.44,5,1,10,57.89,2.8,9,7,4.56,8.6,1.83,3.58,3.6,5.0,40.0,0.68,2.2,47.37,3.4,15,0.2,1,0
2025-05-17,I1,19:45,Genoa,Atalanta,A,H,2024/2025,60.0,4.0,2.21,1.32,1.2,4.36,12,1.98,8.89,1.98,6,0,14,57.89,2.4,10,5,4.53,9.2,1.97,3.58,5.0,4.2,60.0,0.68,1.6,42.11,4.2,13,0.6,1,0
2025-08-30,I1,17:30,Parma,Atalanta,D,D,2025/2026,0.0,2.0,1.2,1.18,1.0,3.53,7,2.1,7.6,1.78,3,2,15,30.0,1.0,8,3,4.07,3.0,1.92,5.5,1.0,2.0,0.0,1.1,1.0,27.27,1.0,11,1.0,0,0
2025-09-21,I1,14:00,Torino,Atalanta,A,A,2025/2026,50.0,1.5,1.2,1.82,0.0,4.17,11,1.86,7.86,1.99,5,0,9,30.0,2.0,11,5,3.69,5.0,1.78,5.5,4.0,1.0,50.0,1.1,1.5,63.64,1.0,9,0.5,1,0
2025-09-27,I1,17:00,Juventus,Atalanta,D,A,2025/2026,33.33,6.67,1.2,0.8,2.33,6.15,24,1.83,10.63,1.97,2,0,7,30.0,1.67,6,10,4.48,10.66,1.94,5.5,8.33,2.33,33.33,1.1,1.33,50.0,5.33,12,0.67,0,1
2025-10-25,I1,19:45,Cremonese,Atalanta,D,D,2025/2026,25.0,5.25,1.2,1.3,1.25,3.9,9,2.4,8.73,1.59,6,3,8,30.0,1.5,6,5,4.83,8.0,1.76,5.5,3.75,4.25,25.0,1.1,1.0,40.0,4.5,20,0.75,0,1
2025-11-01,I1,14:00,Udinese,Atalanta,H,H,2025/2026,20.0,4.0,1.2,1.45,1.2,4.57,11,2.06,8.96,1.78,0,1,11,30.0,1.2,14,5,4.39,8.6,2.02,5.5,4.4,4.2,40.0,1.1,1.4,45.45,4.6,5,0.8,0,0
2025-11-22,I1,19:45,Napoli,Atalanta,H,H,2025/2026,40.0,3.4,1.2,0.8,2.2,5.76,11,1.7,9.64,2.15,3,1,12,30.0,1.2,11,6,3.88,8.8,1.93,5.5,4.4,4.4,80.0,1.1,1.0,60.0,5.4,14,1.2,1,0
2025-12-06,I1,19:45,Verona,Atalanta,H,H,2025/2026,40.0,4.2,1.2,1.6,1.4,4.87,12,1.91,9.31,1.91,5,2,7,30.0,0.8,14,7,4.44,9.4,1.82,5.5,4.0,5.4,80.0,1.1,1.6,60.0,6.2,12,1.8,1,0
2025-12-21,I1,19:45,Genoa,Atalanta,A,D,2025/2026,40.0,5.8,1.2,1.18,1.0,4.11,6,1.67,9.0,2.19,4,1,19,30.0,0.8,11,3,4.89,10.2,1.89,5.5,3.8,6.4,60.0,1.1,1.6,45.45,4.6,16,1.6,0,1
2026-01-07,I1,17:30,Bologna,Atalanta,A,A,2025/2026,40.0,5.0,1.2,1.0,0.8,5.58,11,1.83,10.09,1.97,5,0,15,30.0,1.0,16,2,4.51,11.4,1.84,5.5,5.8,5.6,20.0,1.1,1.4,40.0,5.4,11,1.4,0,1
2023-08-27,I1,17:30,Juventus,Bologna,D,A,2023/2024,0.0,1.0,1.11,0.58,1.0,5.68,14,2.03,8.69,1.98,4,2,13,47.37,1.0,14,3,3.01,6.0,2.05,5.26,5.0,1.0,0.0,1.05,1.0,26.32,5.0,9,1.0,0,0
2023-09-18,I1,19:45,Verona,Bologna,D,D,2023/2024,0.0,8.0,1.11,1.37,1.0,4.41,9,2.02,8.82,1.97,4,4,10,47.37,0.5,18,1,4.41,4.5,2.09,5.26,2.0,2.5,50.0,1.05,0.5,57.89,4.0,11,0.5,0,0
2023-09-28,I1,17:30,Monza,Bologna,D,D,2023/2024,0.0,3.67,1.11,1.37,1.0,5.27,12,2.03,8.95,1.93,5,5,13,47.37,0.33,9,3,3.68,11.0,1.79,5.26,7.67,3.33,0.0,1.05,0.33,42.11,5.0,7,0.33,0,1
2023-10-07,I1,14:00,Inter,Bologna,D,H,2023/2024,25.0,3.4,1.11,0.58,2.8,6.5,14,2.6,9.88,1.6,3,2,9,47.37,0.75,11,5,3.38,10.05,2.0,5.26,5.8,4.25,80.0,1.05,1.0,52.63,5.5,8,0.75,1,1
2023-10-28,I1,14:00,Sassuolo,Bologna,D,D,2023/2024,20.0,3.4,1.11,1.79,1.6,5.45,17,2.26,9.27,1.75,5,1,10,47.37,0.8,11,6,3.82,10.6,1.92,5.26,6.8,3.8,40.0,1.05,1.4,47.37,5.6,9,0.8,0,0
2023-11-12,I1,14:00,Fiorentina,Bologna,H,D,2023/2024,40.0,2.8,1.11,1.16,1.6,5.48,12,1.78,8.9,2.11,4,2,15,47.37,0.8,19,4,3.42,10.0,1.81,5.26,5.8,4.2,60.0,1.05,1.2,68.42,4.6,11,1.0,1,0
2023-12-03,I1,11:30,Lecce,Bologna,D,D,2023/2024,40.0,2.8,1.11,1.42,0.8,5.1,14,1.61,8.73,2.49,4,3,18,47.37,1.0,12,4,3.63,8.0,2.11,5.26,4.0,4.0,40.0,1.05,1.8,36.84,5.2,11,1.2,0,0
2023-12-10,I1,17:00,Salernitana,Bologna,A,A,2023/2024,60.0,5.4,1.11,2.0,1.0,4.99,9,1.75,9.2,2.2,5,7,15,47.37,1.4,20,2,4.21,8.8,1.78,5.26,5.6,3.2,80.0,1.05,2.2,68.42,4.8,10,1.4,1,0
2023-12-30,I1,14:00,Udinese,Bologna,H,H,2023/2024,60.0,7.4,1.11,1.53,2.0,4.87,15,1.62,9.23,2.46,5,2,14,47.37,1.0,15,7,4.36,7.6,1.91,5.26,4.4,3.2,60.0,1.05,1.4,47.37,4.8,14,1.6,1,1
2024-01-14,I1,14:00,Cagliari,Bologna,H,D,2023/2024,80.0,5.4,1.11,1.68,1.4,5.15,4,1.56,9.27,2.56,4,3,8,47.37,1.0,12,2,4.12,10.0,2.11,5.26,6.2,3.8,60.0,1.05,0.8,63.16,4.0,11,1.8,1,0
2024-01-27,I1,19:45,Milan,Bologna,D,D,2023/2024,80.0,4.6,1.11,0.89,2.4,5.3,14,1.83,8.92,2.14,4,5,12,47.37,1.2,16,4,3.62,7.8,1.93,5.26,4.4,3.4,80.0,1.05,0.8,52.63,4.8,15,1.8,1,0
2024-02-18,I1,11:30,Lazio,Bologna,A,D,2023/2024,100.0,4.0,1.11,0.74,1.0,5.38,12,1.56,8.9,2.57,3,2,11,47.37,1.4,5,7,3.52,9.0,1.87,5.26,5.6,3.4,40.0,1.05,1.0,26.32,5.2,11,1.8,1,1
2024-03-03,I1,17:00,Atalanta,Bologna,A,H,2023/2024,100.0,2.8,1.11,0.84,2.8,6.0,11,1.9,9.46,2.0,6,3,12,47.37,1.4,11,2,3.46,10.6,1.9,5.26,7.0,3.6,80.0,1.05,0.6,68.42,5.4,11,1.8,1,0
2024-03-15,I1,19:45,Empoli,Bologna,A,D,2023/2024,80.0,4.8,1.11,1.21,0.8,4.83,10,1.66,9.0,2.35,9,4,12,47.37,1.6,19,1,4.17,8.0,2.05,5.26,4.6,3.4,20.0,1.05,0.6,31.58,5.4,20,1.2,0,1
2024-04-07,I1,11:30,Frosinone,Bologna,D,D,2023/2024,60.0,4.0,1.11,1.68,1.0,6.23,12,1.94,9.98,1.97,5,1,14,47.37,1.4,10,5,3.75,10.4,1.91,5.26,7.6,2.8,60.0,1.05,2.0,73.68,6.0,13,0.8,0,0
2024-04-22,I1,17:30,Roma,Bologna,A,A,2023/2024,60.0,5.4,1.11,1.0,1.6,5.04,14,1.55,8.83,2.59,3,5,12,47.37,1.6,8,5,3.79,6.6,1.82,5.26,3.6,3.0,60.0,1.05,1.8,52.63,6.8,11,0.6,1,0
2024-05-03,I1,19:45,Torino,Bologna,D,D,2023/2024,40.0,3.4,1.11,0.47,0.2,5.56,8,1.5,8.95,2.71,1,2,11,47.37,1.2,14,1,3.39,8.2,1.93,5.26,5.0,3.2,0.0,1.05,0.0,26.32,5.6,5,0.4,0,0
2024-05-11,I1,17:00,Napoli,Bologna,A,A,2023/2024,20.0,3.8,1.11,1.42,1.0,6.92,16,1.97,10.33,1.95,4,2,12,47.37,1.2,15,6,3.41,12.2,2.01,5.26,8.8,3.4,60.0,1.05,2.0,63.16,6.2,11,0.2,0,1
2024-05-24,I1,19:45,Genoa,Bologna,H,H,2023/2024,20.0,6.8,1.11,1.16,1.6,4.75,14,1.97,8.87,1.94,1,1,11,47.37,1.0,11,3,4.12,6.0,1.86,5.26,2.6,3.4,40.0,1.05,0.6,42.11,5.4,11,0.6,0,0
2024-08-25,I1,19:45,Napoli,Bologna,H,H,2024/2025,100.0,5.0,1.26,0.68,3.0,5.96,16,1.8,9.73,2.12,2,2,17,57.89,0.0,11,5,3.77,12.0,1.94,3.21,7.0,5.0,100.0,1.53,0.0,47.37,7.0,9,3.0,1,1
2024-09-14,I1,14:00,Como,Bologna,D,H,2024/2025,100.0,3.0,1.26,1.37,2.0,4.5,14,1.62,8.01,2.44,4,2,12,57.89,1.0,17,4,3.51,8.0,1.77,3.21,4.0,4.0,100.0,1.53,2.0,47.37,5.5,14,2.5,1,0
2024-09-22,I1,14:00,Monza,Bologna,A,D,2024/2025,100.0,4.33,1.26,1.63,0.67,3.66,6,1.58,7.47,2.62,8,3,16,57.89,1.33,20,3,3.81,7.0,2.0,3.21,3.67,3.33,33.33,1.53,1.33,47.37,4.33,15,2.0,1,0
2024-10-19,I1,14:00,Genoa,Bologna,D,A,2024/2025,100.0,4.0,1.26,1.32,1.0,3.98,10,1.72,7.97,2.24,7,2,12,57.89,1.5,20,4,3.99,7.05,1.83,3.21,2.8,4.25,60.0,1.53,2.0,42.11,3.5,12,2.0,1,0
2024-10-29,I1,17:30,Cagliari,Bologna,A,A,2024/2025,80.0,5.6,1.26,1.47,0.8,5.14,14,1.92,9.23,1.99,4,2,18,57.89,1.6,17,2,4.09,11.4,2.04,3.21,7.6,3.8,40.0,1.53,2.2,57.89,4.2,11,1.6,0,0
2024-11-10,I1,14:00,Roma,Bologna,A,A,2024/2025,80.0,3.0,1.26,0.79,1.6,3.93,15,1.66,7.38,2.31,4,2,21,57.89,2.2,16,5,3.45,7.0,2.04,3.21,3.6,3.4,60.0,1.53,1.0,52.63,3.6,15,1.4,1,0
2024-11-24,I1,19:45,Lazio,Bologna,H,D,2024/2025,80.0,3.2,1.26,1.37,2.4,5.14,13,1.87,8.62,2.01,1,3,14,57.89,1.8,14,4,3.48,8.0,1.95,3.21,5.2,2.8,100.0,1.53,0.6,63.16,3.4,3,1.6,1,0
2024-12-07,I1,17:00,Juventus,Bologna,D,A,2024/2025,80.0,3.8,1.26,0.79,1.6,4.95,10,1.6,8.49,2.55,4,3,14,57.89,1.8,18,3,3.54,9.4,1.93,3.21,6.2,3.2,40.0,1.53,1.0,42.11,3.2,10,1.8,1,0
2024-12-21,I1,14:00,Torino,Bologna,A,D,2024/2025,60.0,3.2,1.26,0.95,0.4,4.04,6,1.54,7.48,2.62,5,0,17,57.89,1.8,11,0,3.44,5.2,2.05,3.21,3.4,1.8,0.0,1.53,1.0,15.79,3.8,8,1.4,0,0
2025-01-15,I1,19:45,Inter,Bologna,D,H,2024/2025,80.0,2.0,1.26,1.11,1.8,5.61,12,2.04,8.69,1.84,6,0,13,57.89,1.8,19,6,3.08,8.6,1.78,3.21,6.6,2.0,40.0,1.53,0.8,63.16,3.0,14,1.8,1,0
2025-01-25,I1,19:45,Empoli,Bologna,D,D,2024/2025,60.0,4.2,1.26,1.37,0.8,4.11,5,1.63,7.85,2.38,8,0,13,57.89,1.4,25,1,3.74,8.4,1.76,3.21,6.2,2.2,40.0,1.53,1.6,36.84,2.6,9,1.6,0,0
2025-02-09,I1,17:00,Lecce,Bologna,D,D,2024/2025,40.0,4.4,1.26,1.63,0.6,4.56,6,1.7,8.55,2.34,2,0,16,57.89,1.4,14,1,3.99,9.2,1.9,3.21,6.0,3.2,60.0,1.53,1.4,42.11,3.2,8,1.0,0,1
2025-02-22,I1,14:00,Parma,Bologna,H,H,2024/2025,20.0,4.8,1.26,1.47,1.2,3.65,4,2.01,7.73,1.95,1,2,13,57.89,1.0,14,3,4.08,6.4,1.91,3.21,3.2,3.2,40.0,1.53,1.2,52.63,3.0,16,1.0,0,0
2025-03-09,I1,11:30,Verona,Bologna,A,A,2024/2025,40.0,3.0,1.26,1.89,0.4,4.16,7,1.73,7.83,2.26,6,2,11,57.89,1.0,23,2,3.67,8.6,2.02,3.21,4.8,3.8,60.0,1.53,2.0,57.89,2.4,12,1.2,1,0
2025-03-29,I1,14:00,Venezia,Bologna,A,D,2024/2025,20.0,6.4,1.26,1.16,0.2,3.66,6,1.8,8.0,2.15,4,4,21,57.89,0.8,14,3,4.34,8.2,1.81,3.21,4.4,3.8,0.0,1.53,0.6,31.58,2.2,13,0.8,0,0
2025-04-13,I1,11:30,Atalanta,Bologna,H,H,2024/2025,20.0,3.8,1.26,1.26,0.4,4.72,4,2.01,8.18,1.92,5,4,12,57.89,0.6,17,2,3.46,9.6,1.84,3.21,5.6,4.0,0.0,1.53,0.6,52.63,2.6,12,1.0,0,0
2025-04-28,I1,17:30,Udinese,Bologna,D,D,2024/2025,20.0,5.2,1.26,1.42,0.8,4.26,13,1.66,8.36,2.32,1,3,10,57.89,0.6,21,4,4.1,9.8,1.86,3.21,5.6,4.2,40.0,1.53,1.0,52.63,2.4,12,1.0,0,1
2025-05-09,I1,19:45,Milan,Bologna,H,D,2024/2025,40.0,4.6,1.26,0.84,1.6,4.8,10,1.97,8.69,1.91,4,2,14,57.89,0.8,5,5,3.89,8.2,1.83,3.21,4.0,4.2,80.0,1.53,1.4,47.37,3.0,10,1.2,1,0
2025-05-18,I1,19:45,Fiorentina,Bologna,H,H,2024/2025,40.0,4.4,1.26,0.95,1.8,3.48,6,1.63,7.3,2.32,3,4,17,57.89,0.8,21,5,3.82,6.0,1.91,3.21,1.6,4.4,60.0,1.53,0.6,63.16,3.2,15,1.6,1,0
2025-08-23,I1,19:45,Roma,Bologna,H,D,2025/2026,0.0,4.0,1.64,0.5,1.0,4.48,14,1.68,8.38,2.17,2,1,13,54.55,0.0,15,4,3.9,6.0,1.96,4.45,2.0,4.0,0.0,1.27,0.0,20.0,2.0,10,1.0,0,0
2025-09-14,I1,19:45,Milan,Bologna,H,D,2025/2026,0.0,3.0,1.64,0.82,1.0,5.76,14,1.79,9.75,2.02,0,3,16,54.55,0.0,17,3,3.99,12.0,1.9,4.45,8.0,4.0,50.0,1.27,1.0,54.55,4.5,5,1.0,0,1
2025-09-28,I1,17:00,Lecce,Bologna,D,D,2025/2026,33.33,7.0,1.64,1.36,1.0,4.58,12,1.62,9.38,2.28,5,4,13,54.55,0.67,13,4,4.8,9.34,2.03,4.45,3.67,5.67,66.67,1.27,2.0,45.45,4.0,14,1.33,1,1
2025-10-19,I1,14:00,Cagliari,Bologna,A,A,2025/2026,25.0,4.5,1.64,1.3,0.75,3.88,4,1.67,8.8,2.2,7,1,22,54.55,1.0,15,3,4.92,9.25,1.75,4.45,3.25,6.0,0.0,1.27,1.25,30.0,3.5,10,1.0,0,0
2025-10-26,I1,17:00,Fiorentina,Bologna,D,A,2025/2026,40.0,5.25,1.64,1.5,1.25,4.91,19,1.53,9.53,2.48,3,3,20,54.55,1.2,13,7,4.62,10.5,1.89,4.45,4.5,6.0,100.0,1.27,2.25,60.0,3.8,6,1.2,1,1
2025-11-02,I1,17:00,Parma,Bologna,A,D,2025/2026,60.0,4.4,1.64,1.18,0.8,3.68,7,1.5,8.28,2.54,6,3,15,54.55,1.8,16,1,4.6,8.8,1.98,4.45,2.6,6.2,40.0,1.27,1.2,27.27,3.6,22,1.2,1,0
2025-11-22,I1,14:00,Udinese,Bologna,A,D,2025/2026,80.0,4.2,1.64,1.45,1.0,4.25,12,1.55,8.69,2.45,5,0,16,54.55,2.4,19,3,4.44,10.6,1.7,4.45,4.8,5.8,60.0,1.27,1.8,45.45,3.6,10,1.0,1,0
2025-12-07,I1,17:00,Lazio,Bologna,D,D,2025/2026,60.0,4.0,1.64,1.09,1.8,4.79,16,1.8,8.89,2.04,6,4,18,54.55,2.2,13,9,4.1,10.0,1.98,4.45,5.4,4.6,20.0,1.27,0.8,36.36,4.4,13,0.8,0,0
2026-01-04,I1,19:45,Inter,Bologna,H,H,2025/2026,80.0,2.4,1.64,0.73,2.4,6.73,19,2.3,10.32,1.66,2,3,21,54.55,2.0,20,10,3.59,10.2,1.9,4.45,6.8,3.4,60.0,1.27,0.4,72.73,5.4,6,1.4,1,0
2026-01-10,I1,14:00,Como,Bologna,D,D,2025/2026,60.0,2.2,1.64,0.7,1.4,4.49,12,1.75,8.04,2.09,2,3,3,54.55,1.8,14,3,3.55,7.0,1.84,4.45,4.4,2.6,20.0,1.27,0.4,20.0,5.2,7,1.2,0,0
2026-01-15,I1,17:30,Verona,Bologna,A,A,2025/2026,60.0,4.4,1.64,1.6,1.2,4.55,15,1.65,8.6,2.25,5,1,14,54.55,1.8,13,5,4.05,6.4,1.8,4.45,3.8,2.6,80.0,1.27,2.0,60.0,5.8,14,1.4,1,0
2023-08-21,I1,17:30,Torino,Cagliari,D,D,2023/2024,0.0,3.0,0.74,0.47,0.0,6.38,11,1.81,10.0,2.15,2,1,12,52.63,0.0,8,2,3.62,11.0,1.97,6.37,8.0,3.0,0.0,1.89,0.0,26.32,8.0,8,0.0,0,1
2023-09-02,I1,17:30,Bologna,Cagliari,H,A,2023/2024,50.0,4.0,0.74,0.63,1.0,5.42,16,2.12,9.11,1.87,1,1,13,52.63,0.5,9,7,3.69,6.5,1.93,6.37,4.0,2.5,50.0,1.89,1.5,36.84,6.5,7,1.0,1,0
2023-09-24,I1,14:00,Atalanta,Cagliari,H,H,2023/2024,33.33,5.0,0.74,0.84,2.5,6.4,10,2.21,10.41,1.74,1,1,11,52.63,0.33,6,6,4.01,11.0,1.96,6.37,7.0,4.0,50.0,1.89,0.0,68.42,6.67,11,1.33,0,1
2023-10-02,I1,19:45,Fiorentina,Cagliari,H,H,2023/2024,50.0,3.0,0.74,1.16,2.67,5.65,14,2.07,9.31,1.91,4,1,10,52.63,0.25,10,2,3.66,6.83,2.06,6.37,3.33,3.5,100.0,1.89,1.33,68.42,6.0,6,1.75,1,0
2023-10-22,I1,14:00,Salernitana,Cagliari,D,D,2023/2024,60.0,4.2,0.74,2.0,0.8,5.41,13,1.93,9.84,2.04,6,3,12,52.63,0.6,11,2,4.43,9.2,1.88,6.37,5.4,3.8,60.0,1.89,2.2,68.42,6.4,13,1.8,1,1
2023-11-11,I1,17:00,Juventus,Cagliari,H,D,2023/2024,80.0,3.6,0.74,0.58,1.8,6.39,18,1.97,10.25,1.95,2,3,8,52.63,0.8,14,4,3.86,11.2,1.99,6.37,7.2,4.0,40.0,1.89,0.4,26.32,7.2,11,2.2,1,1
2023-12-02,I1,17:00,Lazio,Cagliari,H,H,2023/2024,60.0,3.2,0.74,0.74,1.4,5.59,10,1.91,9.4,1.98,2,0,12,52.63,0.6,11,5,3.81,7.4,2.07,6.37,3.2,4.2,20.0,1.89,0.4,26.32,7.0,9,2.0,0,0
2023-12-16,I1,17:00,Napoli,Cagliari,H,D,2023/2024,80.0,3.6,0.74,1.42,1.0,6.98,21,2.55,10.66,1.56,3,5,10,52.63,0.8,9,5,3.68,9.6,1.91,6.37,6.2,3.4,80.0,1.89,2.0,63.16,6.6,9,2.0,1,0
2023-12-23,I1,17:00,Verona,Cagliari,H,D,2023/2024,60.0,6.0,0.74,1.37,1.4,5.34,13,1.76,10.03,2.15,3,3,19,52.63,0.8,8,5,4.69,9.0,1.83,6.37,4.6,4.4,60.0,1.89,1.8,57.89,8.0,12,1.8,0,1
2024-01-06,I1,17:00,Lecce,Cagliari,D,H,2023/2024,40.0,2.8,0.74,1.42,1.2,5.72,15,1.75,9.7,2.17,2,1,14,52.63,0.6,20,2,3.98,9.4,1.95,6.37,4.8,4.6,40.0,1.89,1.2,36.84,7.8,14,1.6,0,1
2024-01-21,I1,11:30,Frosinone,Cagliari,H,A,2023/2024,40.0,4.6,0.74,1.68,1.6,6.41,17,2.07,10.69,1.88,4,3,18,52.63,0.6,11,7,4.28,10.2,1.82,6.37,5.6,4.6,80.0,1.89,1.4,73.68,7.0,9,1.8,1,1
2024-02-05,I1,19:45,Roma,Cagliari,H,H,2023/2024,60.0,3.6,0.74,1.0,2.0,5.42,20,2.1,9.52,1.81,3,1,12,52.63,0.6,8,6,4.1,8.8,2.09,6.37,3.8,5.0,40.0,1.89,0.6,52.63,7.6,12,2.4,1,1
2024-02-18,I1,14:00,Udinese,Cagliari,D,D,2023/2024,40.0,5.2,0.74,1.53,1.4,5.47,17,1.87,10.09,2.06,2,3,10,52.63,0.6,14,3,4.62,10.4,1.97,6.37,5.2,5.2,60.0,1.89,1.2,47.37,7.2,5,2.2,0,0
2024-03-03,I1,14:00,Empoli,Cagliari,A,D,2023/2024,40.0,4.8,0.74,1.21,0.8,5.23,16,1.83,9.77,2.06,4,0,15,52.63,0.8,11,3,4.54,8.6,2.02,6.37,4.4,4.2,40.0,1.89,1.0,31.58,6.8,8,1.8,0,1
2024-03-16,I1,14:00,Monza,Cagliari,H,H,2023/2024,40.0,4.0,0.74,1.37,1.4,5.38,15,2.04,9.49,1.9,0,2,9,52.63,0.6,11,3,4.11,9.4,1.81,6.37,5.0,4.4,40.0,1.89,1.2,42.11,6.0,10,1.8,0,0
2024-04-14,I1,19:45,Inter,Cagliari,D,H,2023/2024,40.0,3.8,0.74,0.58,2.2,6.79,12,2.63,10.43,1.52,6,0,10,52.63,0.8,5,7,3.64,9.2,1.96,6.37,5.6,3.6,60.0,1.89,0.8,52.63,5.8,11,1.6,1,0
2024-04-29,I1,19:45,Genoa,Cagliari,H,H,2023/2024,40.0,5.0,0.74,1.16,1.6,5.21,12,1.72,9.43,2.22,1,0,14,52.63,0.8,12,5,4.22,8.4,1.91,6.37,5.0,3.4,40.0,1.89,1.0,42.11,4.8,12,1.4,1,0
2024-05-11,I1,19:45,Milan,Cagliari,H,H,2023/2024,60.0,2.4,0.74,0.89,2.6,5.88,17,2.47,9.55,1.64,7,2,9,52.63,0.8,11,10,3.67,10.0,1.93,6.37,6.8,3.2,80.0,1.89,1.2,52.63,5.4,13,2.2,1,0
2024-05-19,I1,11:30,Sassuolo,Cagliari,A,D,2023/2024,60.0,4.4,0.74,1.79,1.0,5.51,7,1.95,9.73,1.95,3,4,9,52.63,1.0,14,0,4.22,9.6,1.81,6.37,5.6,4.0,40.0,1.89,1.8,47.37,4.6,13,2.2,0,1
2024-08-31,I1,17:30,Lecce,Cagliari,H,H,2024/2025,0.0,6.5,0.84,1.63,0.5,5.43,17,1.66,10.45,2.31,2,1,13,42.11,0.0,10,4,5.02,16.0,1.91,5.16,6.0,10.0,50.0,1.47,2.0,42.11,7.0,21,1.0,0,1
2024-09-30,I1,19:45,Parma,Cagliari,A,A,2024/2025,50.0,6.75,0.84,1.47,1.75,4.54,18,2.2,9.29,1.75,4,3,16,42.11,1.5,10,4,4.75,10.75,2.0,5.16,4.25,6.5,75.0,1.47,2.0,52.63,6.0,11,1.5,1,0
2024-10-06,I1,11:30,Juventus,Cagliari,D,H,2024/2025,33.33,2.5,0.84,0.79,1.0,5.69,21,2.0,9.45,1.9,2,5,10,42.11,1.33,13,9,3.76,10.58,1.95,5.16,5.25,5.33,25.0,1.47,0.25,42.11,6.67,9,1.33,0,1
2024-10-25,I1,17:30,Udinese,Cagliari,H,H,2024/2025,25.0,5.2,0.84,1.42,1.6,4.94,13,1.79,9.27,2.14,0,2,9,42.11,1.0,13,4,4.33,9.4,1.94,5.16,4.4,5.0,40.0,1.47,0.8,52.63,5.5,3,1.5,0,0
2024-11-04,I1,19:45,Lazio,Cagliari,H,D,2024/2025,40.0,4.6,0.84,1.37,2.2,5.81,20,2.25,9.75,1.75,1,3,17,42.11,1.0,12,5,3.94,10.2,1.99,5.16,5.6,4.6,100.0,1.47,1.0,63.16,4.8,6,1.6,1,0
2024-11-24,I1,11:30,Genoa,Cagliari,D,D,2024/2025,60.0,5.4,0.84,1.32,1.0,4.78,20,1.9,9.05,2.01,6,2,7,42.11,1.4,11,6,4.27,9.0,2.02,5.16,4.8,4.2,60.0,1.47,1.8,42.11,4.6,17,1.8,1,1
2024-12-08,I1,11:30,Fiorentina,Cagliari,H,H,2024/2025,40.0,5.2,0.84,0.95,2.6,4.43,8,2.29,8.47,1.71,1,3,20,42.11,0.8,9,3,4.04,9.0,2.01,5.16,4.6,4.4,80.0,1.47,0.8,63.16,4.8,8,1.6,0,0
2024-12-22,I1,14:00,Venezia,Cagliari,H,H,2024/2025,60.0,6.2,0.84,1.16,1.6,4.35,12,1.95,8.98,1.95,7,1,11,42.11,0.8,6,6,4.63,10.0,2.07,5.16,4.6,5.4,80.0,1.47,1.6,31.58,4.0,14,1.8,1,1
2025-01-05,I1,11:30,Monza,Cagliari,A,D,2024/2025,80.0,4.4,0.84,1.63,0.6,4.19,6,1.88,8.34,2.07,4,2,19,42.11,1.2,16,2,4.15,9.8,1.76,5.16,4.6,5.2,60.0,1.47,1.6,47.37,3.8,13,1.6,1,0
2025-01-11,I1,19:45,Milan,Cagliari,D,D,2024/2025,60.0,3.0,0.84,0.84,1.0,5.77,24,2.62,9.7,1.54,2,1,11,42.11,1.2,9,11,3.93,11.4,1.88,5.16,6.6,4.8,20.0,1.47,0.4,47.37,5.2,6,1.4,0,0
2025-01-24,I1,19:45,Torino,Cagliari,H,H,2024/2025,40.0,3.6,0.84,0.95,0.6,4.95,18,1.65,8.77,2.32,1,0,10,42.11,0.8,11,6,3.82,10.0,1.94,5.16,6.2,3.8,0.0,1.47,0.8,15.79,5.2,6,1.4,0,0
2025-02-15,I1,14:00,Atalanta,Cagliari,D,D,2024/2025,40.0,1.8,0.84,1.26,1.4,5.51,9,2.22,8.85,1.76,0,1,11,42.11,0.8,7,2,3.34,9.0,1.88,5.16,5.6,3.4,40.0,1.47,1.4,52.63,5.6,3,1.2,0,0
2025-03-02,I1,14:00,Bologna,Cagliari,H,A,2024/2025,40.0,2.0,0.84,0.95,2.4,5.86,15,1.75,9.13,2.19,1,1,24,42.11,0.8,15,5,3.27,6.8,1.84,5.16,4.8,2.0,80.0,1.47,1.0,47.37,5.6,2,1.2,1,0
2025-03-16,I1,15:00,Roma,Cagliari,H,D,2024/2025,20.0,2.6,0.84,0.79,2.2,4.79,13,1.99,8.2,1.93,5,0,12,42.11,0.4,4,1,3.41,6.0,1.88,5.16,4.0,2.0,60.0,1.47,0.6,52.63,7.0,11,1.2,0,1
2025-04-06,I1,14:00,Empoli,Cagliari,D,D,2024/2025,20.0,5.2,0.84,1.37,0.2,4.48,7,1.69,8.48,2.31,1,0,15,42.11,0.2,9,1,4.0,4.4,2.1,5.16,2.0,2.4,20.0,1.47,1.8,36.84,5.6,7,1.0,0,0
2025-04-12,I1,17:00,Inter,Cagliari,H,H,2024/2025,40.0,3.8,0.84,1.11,2.2,6.36,13,2.33,9.86,1.67,4,0,12,42.11,0.4,6,4,3.5,9.8,1.85,5.16,6.8,3.0,80.0,1.47,1.0,63.16,5.4,8,1.2,1,1
2025-04-28,I1,19:45,Verona,Cagliari,A,A,2024/2025,40.0,2.8,0.84,1.89,0.4,4.7,6,1.62,8.44,2.46,4,2,9,42.11,0.8,14,2,3.74,6.8,1.72,5.16,3.6,3.2,20.0,1.47,0.8,57.89,4.2,6,1.2,0,0
2025-05-10,I1,14:00,Como,Cagliari,H,H,2024/2025,40.0,2.8,0.84,1.37,1.4,4.98,19,2.25,8.53,1.7,3,1,15,42.11,0.8,9,5,3.55,8.2,1.86,5.16,5.0,3.2,20.0,1.47,0.6,47.37,4.4,9,1.4,1,0
2025-05-23,I1,19:45,Napoli,Cagliari,H,H,2024/2025,40.0,3.8,0.84,0.68,2.2,5.99,18,2.63,9.6,1.52,1,2,14,42.11,0.8,14,6,3.61,8.2,1.83,5.16,5.0,3.2,60.0,1.47,0.6,47.37,4.4,4,1.6,0,1
2025-08-30,I1,19:45,Napoli,Cagliari,H,D,2025/2026,0.0,0.0,1.0,0.8,1.0,7.37,20,1.74,9.69,2.12,1,2,12,63.64,0.0,16,6,2.32,13.0,1.86,5.45,13.0,0.0,0.0,1.55,0.0,60.0,13.0,10,1.0,0,1
2025-09-19,I1,19:45,Lecce,Cagliari,A,D,2025/2026,50.0,6.0,1.0,1.36,0.5,5.31,11,1.55,9.15,2.52,6,2,19,63.64,1.0,10,5,3.84,7.5,1.89,5.45,4.0,3.5,50.0,1.55,2.0,45.45,8.5,15,1.0,1,1
2025-10-05,I1,11:30,Udinese,Cagliari,D,A,2025/2026,33.33,2.33,1.0,1.45,0.67,4.89,23,1.7,8.22,2.21,2,1,16,63.64,1.0,14,4,3.33,7.33,1.95,5.45,4.33,3.0,33.33,1.55,1.67,45.45,8.0,8,1.0,0,0
2025-10-26,I1,14:00,Verona,Cagliari,D,H,2025/2026,50.0,2.0,1.0,1.6,0.75,5.06,10,1.6,8.23,2.39,3,3,12,63.64,1.25,16,6,3.17,8.25,1.89,5.45,5.5,2.75,25.0,1.55,1.0,60.0,6.75,7,1.25,1,0
2025-11-03,I1,19:45,Lazio,Cagliari,H,D,2025/2026,40.0,4.4,1.0,1.09,2.0,5.2,8,1.73,8.55,2.07,5,0,18,63.64,1.0,8,3,3.35,7.8,1.85,5.45,4.6,3.2,40.0,1.55,0.8,36.36,6.8,17,1.4,0,1
2025-11-08,I1,14:00,Como,Cagliari,D,D,2025/2026,40.0,3.0,1.0,0.7,1.4,4.78,10,1.83,7.82,1.96,2,3,15,63.64,1.0,21,6,3.04,7.0,2.0,5.45,3.8,3.2,20.0,1.55,0.6,20.0,6.2,4,1.2,0,0
2025-11-29,I1,17:00,Juventus,Cagliari,H,H,2025/2026,40.0,3.4,1.0,0.8,1.2,6.03,14,2.4,9.47,1.58,3,1,16,63.64,0.8,16,6,3.44,10.0,1.78,5.45,7.0,3.0,40.0,1.55,0.6,50.0,5.6,5,1.4,1,0
2025-12-13,I1,19:45,Atalanta,Cagliari,H,H,2025/2026,60.0,3.0,1.0,0.82,1.0,6.01,17,2.2,9.31,1.7,1,1,15,63.64,0.8,13,8,3.3,9.2,1.79,5.45,5.8,3.4,40.0,1.55,1.0,27.27,5.2,8,1.6,1,0
2025-12-27,I1,14:00,Torino,Cagliari,A,D,2025/2026,60.0,3.6,1.0,1.82,1.4,4.66,19,1.67,8.02,2.19,4,3,13,63.64,0.8,14,10,3.36,7.6,1.83,5.45,4.2,3.4,80.0,1.55,2.4,63.64,5.8,9,1.4,1,0
2026-01-08,I1,17:30,Cremonese,Cagliari,D,H,2025/2026,80.0,5.4,1.0,1.3,1.2,3.81,12,1.5,7.77,2.59,5,2,12,63.64,1.2,16,5,3.96,5.8,1.78,5.45,2.6,3.2,60.0,1.55,1.8,40.0,4.8,21,1.4,1,0
2026-01-12,I1,17:30,Genoa,Cagliari,H,H,2025/2026,100.0,5.8,1.0,1.18,1.4,3.84,11,1.5,7.69,2.62,3,2,20,63.64,1.2,17,7,3.85,6.4,1.72,5.45,2.6,3.8,60.0,1.55,1.0,45.45,3.2,15,2.0,1,0
2024-08-19,I1,19:45,Juventus,Como,H,H,2024/2025,100.0,0.0,1.11,0.79,3.0,4.88,12,2.0,7.86,1.96,1,2,6,42.11,0.0,12,9,2.98,3.0,1.83,4.26,3.0,0.0,100.0,1.37,0.0,42.11,3.0,1,3.0,1,0
2024-08-26,I1,17:30,Cagliari,Como,D,H,2024/2025,50.0,4.5,1.11,1.47,0.5,5.12,11,1.8,9.16,2.08,4,2,10,42.11,0.5,12,5,4.04,8.0,2.03,4.26,5.0,3.0,0.0,1.37,0.5,57.89,4.0,13,2.0,0,1
2024-09-01,I1,19:45,Udinese,Como,H,H,2024/2025,33.33,9.5,1.11,1.42,1.5,4.53,10,1.74,9.19,2.17,4,3,9,42.11,0.33,16,3,4.66,8.0,1.82,4.26,4.0,4.0,50.0,1.37,0.5,52.63,4.0,21,1.67,0,0
2024-09-24,I1,19:45,Atalanta,Como,A,H,2024/2025,50.0,2.0,1.11,1.26,2.5,5.11,8,2.28,8.48,1.69,7,1,17,42.11,1.0,12,5,3.37,8.5,1.82,4.26,5.0,3.5,100.0,1.37,2.5,52.63,4.5,14,1.75,1,0
2024-10-04,I1,17:30,Napoli,Como,H,D,2024/2025,60.0,3.25,1.11,0.68,2.5,5.72,9,2.2,9.26,1.74,2,1,10,42.11,1.0,7,6,3.54,7.5,1.84,4.26,4.5,3.0,75.0,1.37,0.5,47.37,4.4,11,2.0,1,0
2024-10-25,I1,19:45,Torino,Como,H,D,2024/2025,40.0,4.25,1.11,0.95,1.25,4.23,8,1.72,8.1,2.24,6,3,12,42.11,1.0,13,2,3.87,6.1,2.03,4.26,2.5,3.6,50.0,1.37,1.0,15.79,4.0,20,1.6,0,0
2024-11-04,I1,17:30,Empoli,Como,H,D,2024/2025,40.0,5.8,1.11,1.37,0.2,4.2,9,1.57,8.38,2.55,2,1,9,42.11,0.8,17,4,4.18,7.0,1.92,4.26,3.4,3.6,20.0,1.37,0.8,36.84,3.6,12,1.6,0,0
2024-11-07,I1,19:45,Genoa,Como,D,A,2024/2025,40.0,4.8,1.11,1.32,0.8,4.49,8,1.66,8.62,2.32,8,4,15,42.11,1.0,17,4,4.13,7.8,1.76,4.26,4.4,3.4,40.0,1.37,1.6,42.11,4.4,18,1.6,0,1
2024-12-08,I1,17:00,Venezia,Como,D,H,2024/2025,40.0,5.6,1.11,1.16,1.2,4.11,8,2.01,8.62,1.9,4,1,10,42.11,0.8,12,4,4.51,9.0,1.86,4.26,4.2,4.8,60.0,1.37,1.8,31.58,4.2,10,1.6,1,1
2024-12-23,I1,19:45,Inter,Como,H,D,2024/2025,20.0,2.4,1.11,1.11,2.2,6.26,17,2.44,9.8,1.62,4,2,15,42.11,0.6,13,5,3.54,13.4,1.96,4.26,8.6,4.8,40.0,1.37,1.2,63.16,4.8,8,1.4,0,0
2025-01-10,I1,19:45,Lazio,Como,D,H,2024/2025,20.0,3.8,1.11,1.37,1.4,5.5,12,2.0,9.46,1.96,4,4,15,42.11,0.8,14,4,3.96,9.2,1.91,4.26,3.6,5.6,60.0,1.37,1.8,63.16,6.0,17,1.4,0,1
2025-02-01,I1,19:45,Bologna,Como,H,H,2024/2025,20.0,2.8,1.11,0.95,2.0,5.72,15,1.88,9.35,2.03,1,3,18,42.11,0.8,16,4,3.63,9.8,1.96,4.26,5.0,4.8,60.0,1.37,1.2,47.37,6.2,8,1.6,0,0
2025-02-16,I1,11:30,Fiorentina,Como,A,A,2024/2025,20.0,4.2,1.11,0.95,1.2,4.11,5,1.81,8.01,2.1,4,3,24,42.11,1.0,14,3,3.9,7.4,1.83,4.26,3.4,4.0,60.0,1.37,1.4,63.16,5.0,8,1.4,0,0
2025-03-02,I1,17:00,Roma,Como,H,A,2024/2025,20.0,4.0,1.11,0.79,2.4,4.19,11,1.81,7.8,2.13,3,2,18,42.11,0.8,6,4,3.61,5.6,1.93,4.26,3.0,2.6,60.0,1.37,0.6,52.63,4.2,10,1.4,1,0
2025-03-15,I1,17:00,Milan,Como,H,A,2024/2025,40.0,6.4,1.11,0.84,1.6,5.2,9,2.26,9.33,1.7,6,3,7,42.11,1.0,21,3,4.13,9.0,1.83,4.26,5.6,3.4,60.0,1.37,1.2,47.37,2.8,15,1.4,1,0
2025-04-05,I1,14:00,Monza,Como,A,A,2024/2025,60.0,3.8,1.11,1.63,0.4,3.68,8,2.04,7.49,1.89,7,2,21,42.11,1.4,19,4,3.81,6.2,1.86,4.26,3.8,2.4,20.0,1.37,1.4,47.37,1.8,17,1.4,1,0
2025-04-19,I1,14:00,Lecce,Como,A,A,2024/2025,80.0,5.6,1.11,1.63,0.6,4.9,14,2.03,9.11,1.88,6,3,14,42.11,2.0,18,7,4.21,10.0,2.07,4.26,7.2,2.8,40.0,1.37,1.8,42.11,2.8,11,1.0,1,1
2025-05-03,I1,14:00,Parma,Como,A,D,2024/2025,80.0,5.2,1.11,1.47,1.4,3.99,13,2.17,8.3,1.77,4,1,14,42.11,1.8,16,3,4.31,7.2,1.94,4.26,3.6,3.6,40.0,1.37,1.0,52.63,3.4,13,1.0,0,0
2025-05-18,I1,19:45,Verona,Como,D,A,2024/2025,60.0,4.2,1.11,1.89,0.4,4.54,16,1.65,8.52,2.32,5,2,10,42.11,1.8,13,3,3.98,8.4,1.8,4.26,4.2,4.2,0.0,1.37,0.8,57.89,4.2,12,0.8,0,0
2025-08-30,I1,17:30,Bologna,Como,H,D,2025/2026,0.0,4.0,1.55,1.0,1.0,5.57,15,1.73,9.4,2.17,2,4,19,54.55,0.0,13,2,3.83,11.0,1.76,4.36,7.0,4.0,0.0,0.82,0.0,40.0,7.0,13,1.0,0,1
2025-09-21,I1,17:00,Fiorentina,Como,A,H,2025/2026,50.0,5.5,1.55,1.5,1.0,5.01,8,1.88,9.26,1.98,7,4,19,54.55,1.0,16,1,4.25,10.0,1.98,4.36,5.0,5.0,100.0,0.82,2.5,60.0,4.5,19,1.0,1,0
2025-10-04,I1,19:45,Atalanta,Como,D,D,2025/2026,33.33,3.0,1.55,0.82,2.0,6.07,16,2.1,9.81,1.78,4,1,19,54.55,1.0,10,4,3.74,13.0,1.9,4.36,8.67,4.33,33.33,0.82,1.0,27.27,5.67,12,1.0,0,1
2025-10-25,I1,14:00,Parma,Como,D,D,2025/2026,25.0,4.25,1.55,1.18,0.75,3.84,10,1.65,7.9,2.27,2,0,14,54.55,0.75,7,3,4.06,7.0,1.93,4.36,3.0,4.0,25.0,0.82,0.75,27.27,5.0,6,0.75,0,0
2025-11-01,I1,17:00,Napoli,Como,D,D,2025/2026,20.0,2.8,1.55,0.8,1.8,5.58,13,1.75,8.9,2.08,2,3,16,54.55,0.6,15,8,3.32,9.6,1.86,4.36,6.0,3.6,60.0,0.82,0.8,60.0,4.8,13,0.6,0,0
2025-11-24,I1,17:30,Torino,Como,A,D,2025/2026,40.0,3.6,1.55,1.82,1.2,4.19,10,1.6,7.92,2.37,7,0,9,54.55,1.6,6,2,3.73,7.6,1.79,4.36,4.0,3.6,80.0,0.82,2.2,63.64,4.0,15,0.6,1,0
2025-12-06,I1,17:00,Inter,Como,H,H,2025/2026,40.0,2.4,1.55,0.73,2.6,6.79,11,2.2,10.06,1.68,3,1,13,54.55,1.2,16,7,3.27,11.2,1.91,4.36,8.0,3.2,60.0,0.82,0.4,72.73,5.0,15,1.2,1,1
2025-12-15,I1,19:45,Roma,Como,H,D,2025/2026,40.0,3.2,1.55,0.5,1.0,5.04,14,1.68,8.48,2.23,1,3,8,54.55,1.0,16,4,3.44,8.4,1.96,4.36,5.2,3.2,20.0,0.82,0.6,20.0,4.6,13,1.2,0,0
2025-12-27,I1,14:00,Lecce,Como,A,A,2025/2026,60.0,4.0,1.55,1.36,0.6,4.91,11,1.63,8.93,2.27,6,2,23,54.55,1.6,10,5,4.02,10.2,1.79,4.36,6.4,3.8,40.0,0.82,1.0,45.45,4.8,12,1.2,1,0
2026-01-06,I1,14:00,Pisa,Como,A,D,2025/2026,80.0,4.8,1.55,1.0,0.2,4.15,10,1.77,8.38,2.12,7,2,13,54.55,2.2,9,4,4.23,7.8,1.93,4.36,3.4,4.4,20.0,0.82,1.6,9.09,4.2,15,1.2,1,0
2025-08-23,I1,19:45,Milan,Cremonese,A,D,2025/2026,100.0,2.0,0.82,0.82,1.0,7.02,24,2.18,10.16,1.7,3,1,14,36.36,2.0,10,6,3.14,11.0,1.81,7.27,9.0,2.0,100.0,1.36,2.0,54.55,9.0,4,1.0,1,1
2025-09-15,I1,17:30,Verona,Cremonese,D,D,2025/2026,50.0,1.0,0.82,1.6,0.0,6.24,20,1.62,9.29,2.34,2,2,3,36.36,1.0,18,9,3.05,11.5,1.79,7.27,10.0,1.5,0.0,1.36,0.0,60.0,9.5,6,0.5,0,1
2025-09-27,I1,14:00,Como,Cremonese,D,H,2025/2026,33.33,3.67,0.82,0.7,1.33,5.34,14,2.0,8.43,1.81,2,3,17,36.36,1.0,16,6,3.09,5.33,1.81,7.27,3.33,2.0,0.0,1.36,0.67,20.0,7.67,9,0.67,0,0
2025-10-04,I1,17:00,Inter,Cremonese,H,H,2025/2026,50.0,2.75,0.82,0.73,3.0,8.09,27,2.48,11.0,1.54,2,1,8,36.36,1.0,9,9,2.91,11.5,1.88,7.27,9.75,1.75,100.0,1.36,1.0,72.73,9.0,3,1.5,1,1
2025-10-29,I1,19:45,Genoa,Cremonese,A,A,2025/2026,40.0,2.8,0.82,1.18,0.0,5.02,16,1.67,8.49,2.23,4,3,13,36.36,1.2,16,1,3.47,6.4,1.94,7.27,4.4,2.0,20.0,1.36,1.2,45.45,8.6,12,1.2,0,0
2025-11-07,I1,19:45,Pisa,Cremonese,H,D,2025/2026,20.0,5.2,0.82,1.0,0.2,5.32,14,1.55,9.15,2.43,3,4,17,36.36,0.8,11,6,3.83,7.0,1.88,7.27,4.4,2.6,0.0,1.36,0.2,9.09,7.6,13,1.2,0,0
2025-12-01,I1,19:45,Bologna,Cremonese,A,A,2025/2026,40.0,3.8,0.82,1.0,1.8,6.34,29,2.0,9.89,1.83,5,0,12,36.36,1.4,13,7,3.55,10.2,4.24,7.27,6.2,4.0,60.0,1.36,0.8,40.0,8.2,10,1.4,1,1
2025-12-13,I1,14:00,Torino,Cremonese,H,H,2025/2026,40.0,3.4,0.82,1.82,1.6,5.46,18,1.91,9.02,1.93,3,1,13,36.36,1.2,20,6,3.56,9.4,1.8,7.27,4.8,4.6,80.0,1.36,2.2,63.64,8.6,10,1.4,0,1
2025-12-20,I1,17:00,Lazio,Cremonese,D,D,2025/2026,20.0,3.0,0.82,1.09,1.2,5.72,8,1.83,9.15,1.97,2,4,21,36.36,1.0,13,2,3.43,9.8,2.0,7.27,5.4,4.4,0.0,1.36,0.2,36.36,6.6,9,0.6,0,0
2026-01-04,I1,14:00,Fiorentina,Cremonese,H,D,2025/2026,20.0,3.6,0.82,1.5,1.6,6.01,22,2.0,9.76,1.85,2,1,19,36.36,0.6,10,8,3.75,10.0,2.01,7.27,5.6,4.4,40.0,1.36,1.0,60.0,6.6,6,0.8,0,0
2026-01-12,I1,19:45,Juventus,Cremonese,H,H,2025/2026,40.0,3.6,0.82,0.8,2.0,6.35,18,2.3,10.05,1.64,2,0,8,36.36,0.6,16,11,3.7,9.0,1.84,7.27,4.6,4.4,60.0,1.36,0.6,50.0,6.6,9,1.6,1,0
2023-08-26,I1,17:30,Monza,Empoli,H,H,2023/2024,0.0,5.0,0.74,1.37,2.0,5.56,20,2.09,10.17,1.84,6,1,7,31.58,0.0,14,5,4.61,11.0,1.92,6.68,6.0,5.0,0.0,1.63,0.0,42.11,6.0,18,2.0,0,1
2023-09-17,I1,19:45,Roma,Empoli,H,H,2023/2024,50.0,4.0,0.74,1.0,3.33,5.23,14,2.14,9.77,1.81,2,2,5,31.58,0.0,15,9,4.54,10.17,1.85,6.68,4.67,5.5,100.0,1.63,1.33,52.63,4.0,8,4.5,1,0
2023-10-01,I1,11:30,Bologna,Empoli,H,H,2023/2024,66.67,4.75,0.74,0.63,1.25,5.16,21,2.12,9.59,1.86,4,2,16,31.58,0.0,11,9,4.43,9.42,2.02,6.68,3.75,5.67,50.0,1.63,0.75,36.84,3.33,12,4.0,1,0
2023-10-23,I1,19:45,Fiorentina,Empoli,A,A,2023/2024,50.0,3.0,0.74,1.16,2.0,5.94,19,2.41,10.09,1.62,3,1,17,31.58,0.5,13,7,4.15,10.75,1.89,6.68,5.75,5.0,75.0,1.63,1.5,68.42,5.75,7,3.0,0,1
2023-11-06,I1,17:30,Frosinone,Empoli,H,D,2023/2024,60.0,5.8,0.74,1.68,2.2,6.41,17,2.2,11.14,1.8,2,3,9,31.58,0.6,7,5,4.73,9.8,2.02,6.68,5.4,4.4,80.0,1.63,1.2,73.68,6.4,10,2.8,1,1
2023-11-12,I1,11:30,Napoli,Empoli,A,D,2023/2024,60.0,3.4,0.74,1.42,1.6,7.16,18,3.0,11.22,1.43,3,1,13,31.58,0.8,11,7,4.06,11.0,2.02,6.68,7.0,4.0,80.0,1.63,1.8,63.16,6.8,8,2.4,0,1
2023-12-02,I1,14:00,Genoa,Empoli,D,H,2023/2024,40.0,3.8,0.74,1.16,1.4,5.48,21,1.69,9.93,2.29,1,3,19,31.58,1.0,15,1,4.45,7.8,1.91,6.68,4.4,3.4,20.0,1.63,0.6,42.11,7.4,9,1.2,0,0
2023-12-16,I1,19:45,Torino,Empoli,H,H,2023/2024,20.0,2.8,0.74,0.47,1.2,6.29,10,1.87,10.23,2.04,2,4,10,31.58,1.0,15,3,3.94,9.2,1.81,6.68,6.2,3.0,60.0,1.63,0.8,26.32,8.2,7,0.8,0,0
2023-12-30,I1,14:00,Cagliari,Empoli,D,D,2023/2024,20.0,5.8,0.74,1.68,1.8,5.88,15,2.07,10.66,1.84,1,1,18,31.58,0.6,18,3,4.78,10.4,2.08,6.68,6.8,3.6,60.0,1.63,1.2,63.16,7.2,5,0.8,0,1
2024-01-13,I1,17:00,Verona,Empoli,H,H,2023/2024,20.0,6.2,0.74,1.37,1.4,5.36,12,1.8,10.47,2.12,1,4,17,31.58,0.6,20,7,5.11,10.6,1.98,6.68,5.6,5.0,40.0,1.63,1.0,57.89,6.4,14,0.8,1,1
2024-01-27,I1,17:00,Juventus,Empoli,D,D,2023/2024,20.0,3.4,0.74,0.58,1.4,5.97,9,2.03,10.33,1.87,5,1,6,31.58,0.6,11,3,4.36,9.2,1.9,6.68,3.4,5.8,20.0,1.63,0.4,26.32,6.0,16,1.0,0,1
2024-02-09,I1,19:45,Salernitana,Empoli,A,A,2023/2024,40.0,5.6,0.74,2.0,1.2,5.32,13,1.68,10.54,2.3,3,3,17,31.58,1.0,10,4,5.22,11.2,1.83,6.68,4.4,6.8,100.0,1.63,2.2,68.42,5.8,17,1.0,1,1
2024-02-24,I1,14:00,Sassuolo,Empoli,A,A,2023/2024,60.0,6.0,0.74,1.79,1.2,5.38,19,1.96,10.33,1.97,6,1,14,31.58,1.6,12,5,4.95,9.0,1.92,6.68,2.8,6.2,60.0,1.63,1.6,47.37,5.4,14,1.2,1,0
2024-03-10,I1,14:00,Milan,Empoli,H,H,2023/2024,60.0,3.0,0.74,0.89,1.6,5.8,15,2.05,10.14,1.84,2,1,13,31.58,1.6,18,5,4.34,10.4,1.85,6.68,4.6,5.8,40.0,1.63,0.8,52.63,6.0,5,1.4,0,1
2024-04-01,I1,19:45,Inter,Empoli,H,H,2023/2024,40.0,3.8,0.74,0.58,2.6,7.16,19,2.92,11.3,1.45,3,0,16,31.58,1.4,14,7,4.14,13.0,2.05,6.68,7.8,5.2,60.0,1.63,0.4,52.63,6.6,14,1.4,0,1
2024-04-13,I1,14:00,Lecce,Empoli,H,D,2023/2024,40.0,5.2,0.74,1.42,0.8,6.02,14,1.62,10.57,2.44,0,1,15,31.58,1.2,18,7,4.55,11.8,1.94,6.68,7.4,4.4,40.0,1.63,1.4,36.84,7.4,3,1.4,0,1
2024-04-28,I1,17:00,Atalanta,Empoli,H,H,2023/2024,20.0,2.6,0.74,0.84,2.2,6.65,17,2.18,10.67,1.76,2,1,14,31.58,0.6,19,5,4.02,10.2,1.85,6.68,7.2,3.0,80.0,1.63,1.0,68.42,8.2,11,1.6,0,0
2024-05-12,I1,11:30,Lazio,Empoli,H,H,2023/2024,0.0,3.2,0.74,0.74,1.8,6.25,11,1.97,10.41,1.97,3,3,15,31.58,0.0,18,5,4.16,11.4,1.81,6.68,7.2,4.2,40.0,1.63,0.6,26.32,8.8,16,1.6,0,1
2024-05-19,I1,14:00,Udinese,Empoli,D,D,2023/2024,0.0,6.0,0.74,1.53,0.8,5.46,8,1.63,10.43,2.43,1,1,18,31.58,0.2,14,2,4.97,8.4,1.83,6.68,4.0,4.4,40.0,1.63,1.6,47.37,7.6,4,1.6,0,0
2024-08-25,I1,19:45,Roma,Empoli,A,A,2024/2025,100.0,5.0,1.21,0.79,1.0,5.4,17,2.01,9.76,1.87,3,0,9,57.89,2.0,10,6,4.36,13.0,2.01,5.58,8.0,5.0,100.0,1.74,2.0,52.63,8.0,10,1.0,1,1
2024-08-31,I1,17:30,Bologna,Empoli,D,D,2024/2025,50.0,4.0,1.21,0.95,1.0,6.28,14,1.71,10.36,2.24,2,0,18,57.89,1.5,15,3,4.08,10.5,2.01,5.58,6.5,4.0,0.0,1.74,1.0,47.37,7.0,4,1.0,0,0
2024-09-20,I1,17:30,Cagliari,Empoli,A,A,2024/2025,33.33,4.25,1.21,1.47,0.25,6.03,21,1.69,10.56,2.24,4,1,21,57.89,1.67,15,2,4.53,10.75,2.0,5.58,6.75,4.0,25.0,1.74,1.75,57.89,8.0,9,0.67,0,1
2024-10-06,I1,14:00,Lazio,Empoli,H,D,2024/2025,50.0,4.75,1.21,1.37,2.25,6.22,16,1.89,10.5,2.01,2,2,17,57.89,1.5,10,6,4.28,10.0,1.84,5.58,6.25,3.75,100.0,1.74,1.25,63.16,7.25,7,1.0,1,0
2024-10-27,I1,11:30,Parma,Empoli,D,A,2024/2025,40.0,6.0,1.21,1.47,1.6,4.9,17,2.1,9.69,1.84,2,4,17,57.89,1.4,12,4,4.79,8.8,1.96,5.58,5.2,3.6,60.0,1.74,1.8,52.63,7.6,6,1.0,0,1
2024-11-08,I1,19:45,Lecce,Empoli,D,A,2024/2025,20.0,6.4,1.21,1.63,1.0,5.25,18,1.47,9.99,2.91,6,0,24,57.89,1.2,7,3,4.74,6.6,1.83,5.58,3.4,3.2,40.0,1.74,1.8,42.11,6.8,11,1.0,0,0
2024-11-30,I1,17:00,Milan,Empoli,H,H,2024/2025,40.0,3.8,1.21,0.84,1.4,5.92,20,2.14,10.18,1.8,0,2,16,57.89,1.0,12,4,4.26,8.4,2.0,5.58,5.2,3.2,40.0,1.74,0.4,47.37,7.0,9,1.4,1,0
2024-12-08,I1,14:00,Verona,Empoli,A,A,2024/2025,60.0,4.8,1.21,1.89,1.2,5.29,12,1.59,9.71,2.47,5,2,16,57.89,1.4,15,3,4.42,10.6,1.74,5.58,6.6,4.0,100.0,1.74,3.0,57.89,6.0,15,1.6,1,1
2024-12-22,I1,17:00,Atalanta,Empoli,H,H,2024/2025,60.0,2.2,1.21,1.26,3.0,5.63,16,2.62,9.48,1.55,3,1,15,57.89,1.6,11,7,3.85,9.2,2.0,5.58,5.2,4.0,80.0,1.74,1.0,52.63,6.2,7,1.8,1,0
2025-01-04,I1,14:00,Venezia,Empoli,D,D,2024/2025,60.0,6.6,1.21,1.16,1.2,4.54,8,1.67,9.57,2.27,6,1,14,57.89,1.6,15,3,5.03,9.6,1.86,5.58,4.6,5.0,60.0,1.74,1.4,31.58,4.8,18,1.8,0,0
2025-01-19,I1,19:45,Inter,Empoli,H,D,2024/2025,80.0,2.0,1.21,1.11,2.2,6.41,18,2.34,10.34,1.65,1,0,9,57.89,1.6,11,7,3.93,11.2,1.93,5.58,6.2,5.0,60.0,1.74,1.0,63.16,5.4,5,2.2,1,0
2025-02-02,I1,11:30,Juventus,Empoli,H,A,2024/2025,80.0,4.2,1.21,0.79,2.4,5.73,23,2.21,10.1,1.77,3,0,13,57.89,1.8,14,8,4.37,11.2,1.95,5.58,5.6,5.6,80.0,1.74,1.4,42.11,5.6,10,2.4,1,1
2025-02-16,I1,14:00,Udinese,Empoli,H,H,2024/2025,80.0,4.4,1.21,1.42,1.8,5.16,17,1.8,9.81,2.16,4,0,17,57.89,1.0,12,9,4.65,9.6,2.04,5.58,4.6,5.0,80.0,1.74,1.2,52.63,6.4,16,2.8,1,1
2025-03-02,I1,14:00,Genoa,Empoli,D,A,2024/2025,60.0,6.4,1.21,1.32,1.4,5.06,5,1.66,9.97,2.33,1,1,18,57.89,0.8,12,1,4.91,11.0,1.89,5.58,5.4,5.6,20.0,1.74,0.6,42.11,5.8,7,2.4,0,0
2025-03-15,I1,19:45,Torino,Empoli,H,D,2024/2025,60.0,4.4,1.21,0.95,1.4,5.11,13,1.73,9.54,2.22,2,1,12,57.89,0.6,9,3,4.43,10.6,2.01,5.58,5.6,5.0,20.0,1.74,0.6,15.79,6.4,16,2.4,0,0
2025-03-29,I1,14:00,Como,Empoli,D,D,2024/2025,40.0,3.6,1.21,1.37,1.2,5.2,16,1.96,9.38,1.97,4,2,22,57.89,0.6,5,5,4.18,9.4,1.85,5.58,4.8,4.6,60.0,1.74,1.4,47.37,5.8,14,2.0,0,0
2025-04-14,I1,19:45,Napoli,Empoli,H,H,2024/2025,40.0,4.8,1.21,0.68,1.8,6.26,17,1.93,10.5,2.0,1,1,15,57.89,0.4,8,6,4.24,10.2,1.81,5.58,5.8,4.4,60.0,1.74,0.8,47.37,5.2,12,1.8,1,0
2025-04-27,I1,14:00,Fiorentina,Empoli,H,H,2024/2025,40.0,4.0,1.21,0.95,1.4,4.18,6,1.64,8.53,2.36,5,3,18,57.89,0.6,16,3,4.35,6.8,2.02,5.58,2.2,4.6,40.0,1.74,0.2,63.16,3.6,8,1.6,1,0
2025-05-18,I1,19:45,Monza,Empoli,A,H,2024/2025,60.0,5.0,1.21,1.63,0.6,4.17,12,1.77,8.73,2.16,4,0,16,57.89,1.0,8,4,4.56,8.4,1.96,5.58,3.8,4.6,60.0,1.74,2.4,47.37,3.4,9,1.6,1,0
2023-08-19,I1,19:45,Genoa,Fiorentina,A,A,2023/2024,100.0,4.0,1.26,1.16,1.0,3.98,4,1.81,8.57,2.12,5,2,13,36.84,4.0,14,2,4.59,7.0,1.88,3.0,3.0,4.0,100.0,1.26,4.0,42.11,3.0,9,1.0,1,0
2023-09-03,I1,17:30,Inter,Fiorentina,H,H,2023/2024,100.0,2.0,1.26,0.58,3.0,5.45,21,2.28,9.2,1.73,2,1,12,36.84,2.0,13,11,3.75,7.0,2.03,3.0,4.5,2.5,50.0,1.26,0.0,52.63,2.0,6,2.5,1,0
2023-09-24,I1,14:00,Udinese,Fiorentina,A,A,2023/2024,66.67,3.67,1.26,1.53,0.0,4.52,20,1.82,9.14,2.09,2,0,11,36.84,2.0,13,8,4.62,9.34,1.98,3.0,6.67,2.67,33.33,1.26,1.67,47.37,4.67,6,1.67,0,1
2023-09-28,I1,17:30,Frosinone,Fiorentina,D,A,2023/2024,50.0,7.25,1.26,1.68,2.0,5.36,11,2.12,10.3,1.85,6,3,11,36.84,1.75,6,3,4.94,9.5,2.0,3.0,5.0,4.5,75.0,1.26,1.75,73.68,5.5,19,1.5,0,1
2023-10-08,I1,19:45,Napoli,Fiorentina,A,D,2023/2024,60.0,3.5,1.26,1.42,2.0,6.24,16,2.45,10.41,1.61,3,2,14,36.84,2.0,4,4,4.17,12.65,1.83,3.0,8.25,4.4,75.0,1.26,1.5,63.16,5.6,12,1.4,1,0
2023-10-30,I1,19:45,Lazio,Fiorentina,H,D,2023/2024,40.0,3.2,1.26,0.74,1.4,4.71,11,1.99,8.95,1.96,5,3,17,36.84,1.2,12,4,4.24,9.2,1.88,3.0,4.8,4.4,20.0,1.26,0.8,26.32,5.0,9,1.4,0,0
2023-11-25,I1,19:45,Milan,Fiorentina,H,H,2023/2024,20.0,4.6,1.26,0.89,0.8,4.94,9,1.82,9.56,2.13,4,1,10,36.84,1.2,9,6,4.62,12.2,2.04,3.0,5.8,6.4,0.0,1.26,0.4,52.63,5.4,20,0.8,0,1
2023-12-10,I1,19:45,Roma,Fiorentina,D,H,2023/2024,20.0,3.4,1.26,1.0,1.8,4.36,4,1.81,9.05,2.15,8,5,14,36.84,1.0,14,1,4.69,12.6,2.04,3.0,5.6,7.0,40.0,1.26,0.6,52.63,3.6,14,1.0,0,0
2023-12-22,I1,19:45,Monza,Fiorentina,A,A,2023/2024,20.0,2.8,1.26,1.37,0.8,4.12,7,1.9,8.65,2.03,5,3,16,36.84,1.0,12,2,4.53,10.4,1.83,3.0,4.6,5.8,20.0,1.26,1.0,42.11,2.2,14,0.8,0,0
2024-01-06,I1,19:45,Sassuolo,Fiorentina,H,H,2023/2024,0.0,5.4,1.26,1.79,1.2,4.2,7,2.16,9.19,1.76,3,3,14,36.84,0.4,10,1,4.99,11.0,1.89,3.0,4.4,6.6,60.0,1.26,1.4,47.37,1.2,9,0.8,0,0
2024-02-02,I1,19:45,Lecce,Fiorentina,H,H,2023/2024,20.0,4.2,1.26,1.42,1.4,4.24,16,1.73,8.95,2.25,3,3,14,36.84,0.8,13,8,4.71,11.2,1.81,3.0,4.8,6.4,60.0,1.26,1.6,36.84,1.4,10,1.2,1,0
2024-02-14,I1,18:00,Bologna,Fiorentina,H,H,2023/2024,20.0,3.0,1.26,0.63,2.4,4.17,18,1.66,8.4,2.41,3,2,8,36.84,0.8,11,7,4.23,10.0,1.84,3.0,5.2,4.8,40.0,1.26,0.6,36.84,1.2,12,1.4,0,0
2024-02-18,I1,14:00,Empoli,Fiorentina,D,A,2023/2024,20.0,6.2,1.26,1.21,0.8,3.79,5,1.8,8.87,2.17,4,3,14,36.84,0.8,15,4,5.08,8.4,1.79,3.0,4.2,4.2,40.0,1.26,1.2,31.58,1.0,9,1.4,0,0
2024-03-02,I1,19:45,Torino,Fiorentina,D,D,2023/2024,20.0,4.0,1.26,0.47,1.0,4.65,8,1.65,8.91,2.41,3,2,13,36.84,0.6,13,2,4.26,10.0,2.02,3.0,5.6,4.4,20.0,1.26,0.4,26.32,1.6,14,1.4,0,0
2024-04-07,I1,19:45,Juventus,Fiorentina,H,H,2023/2024,20.0,3.6,1.26,0.58,1.2,5.09,7,1.83,9.35,2.08,2,2,8,36.84,0.6,16,2,4.26,11.4,2.02,3.0,7.4,4.0,40.0,1.26,1.0,26.32,2.4,13,1.4,0,1
2024-04-21,I1,17:00,Salernitana,Fiorentina,A,D,2023/2024,0.0,6.8,1.26,2.0,0.6,4.12,5,2.2,9.28,1.74,7,2,11,36.84,0.6,13,1,5.16,9.2,1.85,3.0,4.8,4.4,40.0,1.26,2.0,68.42,2.6,12,0.8,0,0
2024-05-05,I1,14:00,Verona,Fiorentina,H,D,2023/2024,20.0,5.2,1.26,1.37,1.2,3.9,9,1.73,8.89,2.18,4,2,11,36.84,0.8,12,4,4.99,8.4,2.0,3.0,4.2,4.2,60.0,1.26,1.2,57.89,2.4,13,0.8,1,0
2024-05-23,I1,19:45,Cagliari,Fiorentina,A,A,2023/2024,40.0,4.8,1.26,1.68,1.6,4.32,14,2.24,9.16,1.72,5,2,14,36.84,1.2,13,6,4.84,9.0,1.82,3.0,4.4,4.6,60.0,1.26,1.6,63.16,3.2,11,1.0,1,0
2024-06-02,I1,17:00,Atalanta,Fiorentina,A,A,2023/2024,60.0,3.0,1.26,0.84,2.2,5.01,12,2.65,9.27,1.52,4,0,9,36.84,1.8,5,3,4.26,9.4,1.83,3.0,5.0,4.4,80.0,1.26,1.2,68.42,3.2,8,1.4,1,0
2024-08-17,I1,17:30,Parma,Fiorentina,D,H,2024/2025,0.0,9.0,1.47,1.47,1.0,4.08,13,2.05,9.28,1.88,7,3,9,57.89,1.0,15,5,5.2,13.0,1.9,4.21,4.0,9.0,0.0,1.21,1.0,52.63,4.0,14,1.0,0,1
2024-09-15,I1,14:00,Atalanta,Fiorentina,H,H,2024/2025,50.0,2.0,1.47,1.26,3.0,4.95,13,2.05,8.49,1.87,5,2,15,57.89,1.5,16,7,3.54,9.5,1.79,4.21,4.0,5.5,100.0,1.21,2.0,52.63,4.0,13,2.0,1,0
2024-09-29,I1,17:00,Empoli,Fiorentina,D,D,2024/2025,33.33,5.0,1.47,1.37,0.0,4.25,8,1.81,8.46,2.11,0,0,12,57.89,1.0,15,1,4.21,9.33,1.89,4.21,4.33,5.0,0.0,1.21,0.0,36.84,3.33,13,1.33,0,0
2024-10-20,I1,14:00,Lecce,Fiorentina,A,A,2024/2025,50.0,7.0,1.47,1.63,0.75,4.54,5,1.77,9.04,2.2,11,0,14,57.89,2.25,8,2,4.5,8.25,1.99,4.21,3.75,4.5,75.0,1.21,3.0,42.11,2.75,19,1.0,1,0
2024-10-31,I1,17:30,Genoa,Fiorentina,A,D,2024/2025,40.0,4.0,1.47,1.32,0.6,4.24,14,1.89,8.36,2.01,4,4,10,57.89,2.0,13,4,4.12,7.8,2.03,4.21,3.4,4.4,40.0,1.21,1.8,42.11,3.0,12,0.8,0,0
2024-11-03,I1,14:00,Torino,Fiorentina,A,A,2024/2025,40.0,4.0,1.47,0.95,1.0,4.03,9,1.75,7.81,2.25,3,2,12,57.89,2.0,16,1,3.78,5.4,1.96,4.21,2.2,3.2,40.0,1.21,1.0,15.79,2.4,8,0.6,0,0
2024-11-24,I1,14:00,Como,Fiorentina,A,A,2024/2025,20.0,3.4,1.47,1.37,1.4,4.54,10,1.98,8.16,1.93,4,2,15,57.89,2.0,11,4,3.62,8.8,1.99,4.21,5.2,3.6,60.0,1.21,2.4,47.37,2.2,8,0.0,0,0
2024-12-15,I1,14:00,Bologna,Fiorentina,H,D,2024/2025,20.0,3.8,1.47,0.95,1.2,5.3,16,1.72,8.87,2.21,4,2,10,57.89,2.0,16,6,3.57,8.6,1.96,4.21,5.2,3.4,20.0,1.21,0.2,47.37,2.0,10,0.2,0,0
2024-12-29,I1,17:00,Juventus,Fiorentina,D,D,2024/2025,20.0,4.2,1.47,0.79,2.0,5.18,15,1.79,8.87,2.15,4,3,9,57.89,1.2,14,5,3.69,9.2,1.9,4.21,6.0,3.2,80.0,1.21,1.6,42.11,3.2,11,0.6,1,0
2025-01-13,I1,19:45,Monza,Fiorentina,H,H,2024/2025,40.0,4.2,1.47,1.63,1.0,3.83,10,1.87,7.73,2.03,2,4,9,57.89,1.2,26,3,3.9,7.6,1.87,4.21,4.4,3.2,80.0,1.21,1.6,47.37,2.8,11,1.0,1,0
2025-01-26,I1,19:45,Lazio,Fiorentina,A,A,2024/2025,60.0,3.6,1.47,1.37,1.2,5.67,22,2.02,9.32,1.91,3,1,12,57.89,1.4,9,3,3.65,9.0,1.84,4.21,6.0,3.0,60.0,1.21,2.0,63.16,5.4,7,1.2,1,1
2025-02-10,I1,19:45,Inter,Fiorentina,H,D,2024/2025,80.0,1.8,1.47,1.11,2.4,6.24,22,2.3,9.45,1.74,2,4,15,57.89,1.2,16,8,3.21,9.4,1.8,4.21,7.0,2.4,80.0,1.21,1.0,63.16,6.4,7,1.6,1,0
2025-02-23,I1,14:00,Verona,Fiorentina,H,D,2024/2025,80.0,4.0,1.47,1.89,0.2,4.91,7,1.83,8.62,2.21,3,3,8,57.89,1.2,19,3,3.71,7.2,1.89,4.21,5.2,2.0,40.0,1.21,1.8,57.89,7.0,8,1.6,0,0
2025-03-09,I1,14:00,Napoli,Fiorentina,H,H,2024/2025,80.0,3.0,1.47,0.68,1.6,6.23,19,1.76,9.66,2.2,2,1,5,57.89,1.0,10,11,3.43,10.2,1.86,4.21,7.8,2.4,40.0,1.21,0.8,47.37,6.4,7,1.6,1,0
2025-04-05,I1,19:45,Milan,Fiorentina,D,A,2024/2025,80.0,6.4,1.47,0.84,1.4,5.65,19,2.02,9.65,1.88,8,4,12,57.89,1.2,12,6,4.0,8.0,1.94,4.21,5.6,2.4,60.0,1.21,1.2,47.37,7.4,15,1.6,1,1
2025-04-23,I1,17:30,Cagliari,Fiorentina,A,D,2024/2025,80.0,5.0,1.47,1.47,1.4,5.15,8,1.68,9.2,2.27,4,2,15,57.89,1.2,15,2,4.05,6.8,2.02,4.21,4.0,2.8,60.0,1.21,1.0,57.89,5.4,8,1.6,1,0
2025-05-04,I1,17:00,Roma,Fiorentina,H,H,2024/2025,60.0,3.8,1.47,0.79,1.2,4.46,12,1.89,8.1,2.02,5,2,8,57.89,1.0,9,4,3.64,8.2,2.0,4.21,4.8,3.4,20.0,1.21,0.4,52.63,5.2,13,1.4,0,1
2025-05-12,I1,17:30,Venezia,Fiorentina,H,D,2024/2025,80.0,4.4,1.47,1.16,0.6,4.03,4,1.66,8.33,2.3,1,1,17,57.89,1.2,21,4,4.3,7.4,2.01,4.21,3.2,4.2,20.0,1.21,0.8,31.58,4.6,5,1.6,1,0
2025-05-25,I1,19:45,Udinese,Fiorentina,A,H,2024/2025,80.0,4.4,1.47,1.42,0.6,4.55,12,2.11,8.77,1.85,11,3,6,57.89,1.6,15,3,4.22,9.2,1.97,4.21,4.2,5.0,60.0,1.21,2.0,52.63,4.2,25,1.6,1,0
2025-08-24,I1,17:30,Cagliari,Fiorentina,D,D,2025/2026,0.0,2.0,0.82,1.3,1.0,3.98,14,1.66,7.91,2.24,1,4,14,54.55,1.0,18,6,3.93,5.0,1.8,5.18,3.0,2.0,0.0,1.55,1.0,30.0,3.0,4,1.0,0,0
2025-08-31,I1,17:30,Torino,Fiorentina,D,D,2025/2026,0.0,3.0,0.82,1.82,0.0,4.79,7,1.67,8.3,2.22,4,2,13,54.55,0.5,21,4,3.51,9.5,1.9,5.18,7.0,2.5,0.0,1.55,0.0,63.64,5.0,16,0.5,0,0
2025-09-28,I1,14:00,Pisa,Fiorentina,D,D,2025/2026,0.0,6.33,0.82,1.0,0.0,4.49,11,1.75,8.75,2.13,2,0,15,54.55,0.33,15,1,4.26,8.0,1.83,5.18,4.33,3.67,0.0,1.55,0.67,9.09,4.67,14,0.33,0,0
2025-10-19,I1,19:45,Milan,Fiorentina,H,D,2025/2026,25.0,4.0,0.82,0.82,1.5,5.52,14,1.75,9.21,2.06,1,3,12,54.55,0.5,14,4,3.69,8.0,1.89,5.18,4.5,3.5,75.0,1.55,1.0,54.55,3.75,5,0.75,1,0
2025-10-29,I1,19:45,Inter,Fiorentina,H,D,2025/2026,40.0,3.2,0.82,0.73,3.0,7.1,22,2.5,10.46,1.55,2,1,16,54.55,0.4,11,8,3.36,13.2,1.95,5.18,9.4,3.8,100.0,1.55,0.8,72.73,4.6,10,1.2,1,1
2025-11-09,I1,14:00,Genoa,Fiorentina,D,D,2025/2026,60.0,2.8,0.82,1.18,0.4,4.09,10,1.45,8.04,2.78,3,2,15,54.55,0.6,20,6,3.95,9.2,1.88,5.18,4.4,4.8,40.0,1.55,1.6,45.45,4.6,7,1.4,1,0
2025-11-30,I1,17:00,Atalanta,Fiorentina,H,H,2025/2026,60.0,2.8,0.82,0.82,0.8,5.88,21,2.0,9.64,1.84,3,1,10,54.55,0.6,15,9,3.76,11.6,4.39,5.18,6.4,5.2,20.0,1.55,1.0,27.27,4.0,15,1.8,0,0
2025-12-06,I1,14:00,Sassuolo,Fiorentina,H,H,2025/2026,80.0,4.2,0.82,1.4,1.8,4.23,13,1.78,8.25,2.07,1,2,15,54.55,0.8,15,5,4.02,8.6,1.75,5.18,4.4,4.2,80.0,1.55,1.4,50.0,4.6,9,2.4,1,0
2025-12-27,I1,11:30,Parma,Fiorentina,H,D,2025/2026,60.0,5.4,0.82,1.18,0.8,4.17,13,1.85,8.38,1.99,4,2,15,54.55,0.6,10,2,4.21,8.6,1.86,5.18,3.8,4.8,40.0,1.55,1.6,27.27,5.4,23,2.2,0,1
2026-01-07,I1,19:45,Lazio,Fiorentina,D,D,2025/2026,60.0,2.6,0.82,1.09,1.0,5.1,17,1.66,8.67,2.27,5,3,15,54.55,1.0,11,9,3.57,9.8,1.76,5.18,5.6,4.2,20.0,1.55,1.0,36.36,5.4,8,2.0,1,0
2023-09-02,I1,17:30,Udinese,Frosinone,D,D,2023/2024,0.0,4.0,0.84,1.53,0.0,4.67,12,1.91,9.53,2.02,2,2,9,47.37,0.0,14,6,4.86,10.0,1.82,4.95,5.0,5.0,50.0,1.95,1.5,47.37,3.0,12,0.0,0,0
2023-09-22,I1,17:30,Salernitana,Frosinone,D,A,2023/2024,0.0,4.33,0.84,2.0,0.67,4.96,19,1.9,9.96,2.11,3,2,12,47.37,0.5,12,6,5.0,10.83,2.09,4.95,5.33,5.5,33.33,1.95,1.67,68.42,5.5,9,0.5,0,1
2023-10-01,I1,19:45,Roma,Frosinone,H,H,2023/2024,0.0,3.75,0.84,1.0,3.0,5.05,11,2.23,9.51,1.73,0,1,11,47.37,0.33,12,5,4.46,9.92,1.8,4.95,5.25,4.67,75.0,1.95,1.0,52.63,6.0,8,1.0,0,0
2023-10-22,I1,14:00,Bologna,Frosinone,H,H,2023/2024,25.0,4.8,0.84,0.63,1.4,4.94,12,2.08,9.32,1.82,5,2,14,47.37,0.5,10,6,4.38,8.55,1.89,4.95,3.8,4.75,60.0,1.95,0.8,36.84,5.5,12,1.25,1,0
2023-10-29,I1,11:30,Cagliari,Frosinone,H,A,2023/2024,40.0,5.6,0.84,1.68,1.2,4.99,24,2.03,9.94,1.89,6,1,7,47.37,1.0,8,6,4.95,9.2,1.86,4.95,4.0,5.2,60.0,1.95,2.4,63.16,5.4,10,1.8,1,1
2023-11-12,I1,19:45,Inter,Frosinone,H,H,2023/2024,40.0,3.4,0.84,0.58,2.2,6.69,21,3.4,10.81,1.36,3,0,16,47.37,1.0,7,6,4.12,12.4,1.98,4.95,7.4,5.0,60.0,1.95,1.0,52.63,6.6,12,2.2,0,1
2023-12-02,I1,19:45,Milan,Frosinone,H,H,2023/2024,60.0,5.4,0.84,0.89,1.2,5.59,10,2.45,10.14,1.65,3,1,6,47.37,1.0,11,3,4.55,11.8,1.86,4.95,6.6,5.2,20.0,1.95,0.6,52.63,6.2,15,2.6,1,1
2023-12-16,I1,14:00,Lecce,Frosinone,H,D,2023/2024,80.0,2.2,0.84,1.42,1.2,5.12,18,1.82,9.5,2.13,5,1,14,47.37,1.2,8,6,4.38,9.8,2.01,4.95,4.4,5.4,40.0,1.95,1.2,36.84,5.8,11,2.6,1,0
2023-12-29,I1,19:45,Lazio,Frosinone,H,D,2023/2024,80.0,3.4,0.84,0.74,1.0,5.28,13,2.03,9.55,1.92,2,3,15,47.37,1.2,18,5,4.27,9.2,2.01,4.95,4.4,4.8,20.0,1.95,0.6,26.32,6.2,11,2.8,1,0
2024-01-15,I1,19:45,Atalanta,Frosinone,H,H,2023/2024,80.0,4.6,0.84,0.84,2.8,6.04,21,2.49,10.37,1.6,5,0,8,47.37,0.6,11,9,4.33,10.6,1.89,4.95,6.8,3.8,80.0,1.95,1.0,68.42,6.8,8,3.0,1,0
2024-01-28,I1,14:00,Verona,Frosinone,D,H,2023/2024,80.0,7.6,0.84,1.37,1.2,4.75,15,1.83,10.02,2.09,6,2,12,47.37,0.8,17,5,5.27,9.8,1.78,4.95,5.0,4.8,20.0,1.95,0.8,57.89,5.2,11,2.8,0,0
2024-02-11,I1,11:30,Fiorentina,Frosinone,H,H,2023/2024,80.0,4.6,0.84,1.16,1.8,5.16,18,2.36,9.44,1.65,3,3,8,47.37,0.8,16,7,4.28,8.0,1.98,4.95,3.6,4.4,40.0,1.95,0.8,68.42,4.4,11,3.2,1,0
2024-02-25,I1,11:30,Juventus,Frosinone,H,D,2023/2024,80.0,3.6,0.84,0.58,1.6,5.68,22,2.34,9.93,1.65,3,2,6,47.37,1.0,12,5,4.25,10.0,1.9,4.95,5.8,4.2,40.0,1.95,0.8,26.32,5.0,7,3.4,1,1
2024-03-09,I1,14:00,Sassuolo,Frosinone,H,D,2023/2024,60.0,5.0,0.84,1.79,1.2,4.85,10,2.25,9.53,1.72,1,3,9,47.37,0.8,14,4,4.68,7.4,1.9,4.95,3.2,4.2,40.0,1.95,2.0,47.37,4.0,11,3.0,0,0
2024-03-30,I1,14:00,Genoa,Frosinone,D,D,2023/2024,40.0,4.8,0.84,1.16,1.6,4.79,9,1.89,9.57,2.0,3,2,11,47.37,1.0,16,3,4.78,11.6,1.91,4.95,6.2,5.4,60.0,1.95,1.8,42.11,3.0,15,2.2,0,1
2024-04-14,I1,11:30,Napoli,Frosinone,D,H,2023/2024,60.0,3.4,0.84,1.42,1.2,6.45,20,2.88,10.55,1.45,6,3,14,47.37,1.2,11,9,4.1,11.0,1.89,4.95,7.0,4.0,60.0,1.95,1.6,63.16,4.0,13,2.4,1,0
2024-04-21,I1,14:00,Torino,Frosinone,D,D,2023/2024,40.0,3.4,0.84,0.47,0.2,5.5,13,1.87,9.62,2.02,3,2,17,47.37,1.0,10,2,4.12,9.8,1.97,4.95,6.0,3.8,0.0,1.95,0.4,26.32,4.8,12,1.4,0,0
2024-05-05,I1,14:00,Empoli,Frosinone,D,D,2023/2024,20.0,6.2,0.84,1.21,0.8,4.58,7,1.86,9.69,2.03,5,2,11,47.37,0.6,15,1,5.11,9.2,1.8,4.95,4.4,4.8,20.0,1.95,0.8,31.58,3.8,17,0.8,0,1
2024-05-19,I1,14:00,Monza,Frosinone,A,A,2023/2024,20.0,5.8,0.84,1.37,1.2,4.63,14,2.31,9.38,1.68,5,1,13,47.37,0.8,14,2,4.75,8.0,2.01,4.95,2.8,5.2,60.0,1.95,1.8,42.11,4.2,16,0.6,0,0
2023-08-27,I1,19:45,Lazio,Genoa,A,A,2023/2024,0.0,1.0,0.95,0.74,0.0,7.49,16,2.04,10.01,1.91,3,4,16,42.11,1.0,9,2,2.52,16.0,1.84,6.05,15.0,1.0,0.0,1.21,1.0,26.32,15.0,5,0.0,0,1
2023-09-03,I1,17:30,Torino,Genoa,H,D,2023/2024,0.0,1.5,0.95,0.47,0.5,6.25,10,1.69,8.71,2.35,2,2,7,42.11,0.5,13,3,2.46,6.5,1.82,6.05,6.0,0.5,0.0,1.21,0.0,26.32,9.5,7,0.5,0,0
2023-09-22,I1,19:45,Lecce,Genoa,H,D,2023/2024,0.0,3.33,0.95,1.42,1.67,5.64,18,1.69,8.59,2.28,1,1,10,42.11,0.33,12,3,2.95,6.33,1.79,6.05,5.0,1.33,33.33,1.21,0.33,36.84,7.67,8,0.67,0,0
2023-10-01,I1,14:00,Udinese,Genoa,D,A,2023/2024,25.0,2.75,0.95,1.53,0.5,5.47,11,1.75,8.67,2.17,4,2,12,42.11,0.75,12,2,3.2,7.25,1.84,6.05,6.25,1.0,50.0,1.21,1.75,47.37,7.0,8,1.0,1,0
2023-10-22,I1,17:00,Atalanta,Genoa,H,D,2023/2024,20.0,4.0,0.95,0.84,1.75,6.35,13,2.07,9.27,1.85,4,4,9,42.11,0.6,17,8,2.92,8.35,1.91,6.05,6.75,1.6,25.0,1.21,0.0,68.42,7.2,15,1.2,0,1
2023-11-05,I1,14:00,Cagliari,Genoa,H,D,2023/2024,40.0,4.4,0.95,1.68,1.6,5.1,12,1.67,8.44,2.37,2,4,11,42.11,0.6,14,4,3.34,5.0,1.93,6.05,3.4,1.6,80.0,1.21,2.2,63.16,4.4,8,1.6,1,0
2023-11-26,I1,14:00,Frosinone,Genoa,H,D,2023/2024,60.0,4.8,0.95,1.68,2.2,6.07,9,1.74,9.36,2.2,3,2,14,42.11,0.8,5,5,3.29,7.6,1.76,6.05,5.6,2.0,80.0,1.21,1.2,73.68,4.4,13,1.8,1,0
2023-12-10,I1,14:00,Monza,Genoa,H,D,2023/2024,60.0,3.4,0.95,1.37,1.4,5.18,6,1.71,8.23,2.24,1,1,13,42.11,0.8,11,3,3.05,7.8,2.0,6.05,5.8,2.0,40.0,1.21,0.8,42.11,4.0,16,1.8,0,0
2023-12-22,I1,17:30,Sassuolo,Genoa,A,H,2023/2024,60.0,5.2,0.95,1.79,1.0,5.29,12,1.89,8.76,2.13,5,2,9,42.11,0.8,11,3,3.47,8.4,1.89,6.05,5.2,3.2,60.0,1.21,1.8,47.37,3.6,14,1.6,1,0
2024-01-05,I1,19:45,Bologna,Genoa,D,A,2023/2024,60.0,3.4,0.95,0.63,1.4,5.07,21,1.51,7.98,2.66,1,3,10,42.11,1.0,8,8,2.91,6.4,1.82,6.05,3.6,2.8,0.0,1.21,0.2,36.84,4.2,3,1.4,0,1
2024-01-21,I1,17:00,Salernitana,Genoa,A,D,2023/2024,60.0,5.8,0.95,2.0,1.4,5.09,11,1.52,8.91,2.63,5,0,15,42.11,1.2,7,2,3.82,8.0,1.83,6.05,4.4,3.6,100.0,1.21,1.8,68.42,5.0,5,1.2,1,0
2024-02-03,I1,14:00,Empoli,Genoa,D,D,2023/2024,40.0,6.2,0.95,1.21,0.8,5.15,15,1.54,9.09,2.65,2,2,12,42.11,1.0,11,4,3.94,10.2,1.81,6.05,5.8,4.4,40.0,1.21,1.2,31.58,5.4,10,0.8,0,1
2024-02-17,I1,14:00,Napoli,Genoa,D,D,2023/2024,40.0,2.2,0.95,1.42,1.4,7.04,25,1.81,9.9,2.12,4,3,13,42.11,1.2,9,7,2.86,12.0,2.07,6.05,7.8,4.2,60.0,1.21,0.8,63.16,6.4,6,0.8,0,0
2024-03-04,I1,19:45,Inter,Genoa,H,H,2023/2024,40.0,2.0,0.95,0.58,2.6,7.01,16,2.21,9.75,1.72,2,2,17,42.11,1.0,5,5,2.74,11.8,1.77,6.05,7.8,4.0,80.0,1.21,0.4,52.63,6.6,10,1.0,1,0
2024-03-17,I1,11:30,Juventus,Genoa,D,D,2023/2024,40.0,3.8,0.95,0.58,1.2,6.31,17,1.86,9.43,2.07,2,4,11,42.11,0.8,11,2,3.12,11.6,1.94,6.05,7.6,4.0,40.0,1.21,1.2,26.32,6.8,5,0.8,0,1
2024-04-07,I1,17:00,Verona,Genoa,A,D,2023/2024,40.0,6.2,0.95,1.37,1.2,5.0,12,1.5,8.87,2.66,5,3,15,42.11,0.8,14,3,3.87,6.8,2.0,6.05,3.2,3.6,60.0,1.21,1.6,57.89,6.8,11,0.8,1,0
2024-04-15,I1,17:30,Fiorentina,Genoa,D,A,2023/2024,40.0,3.2,0.95,1.16,2.2,6.04,20,1.74,8.89,2.18,3,1,19,42.11,1.0,8,3,2.85,10.0,1.97,6.05,7.2,2.8,80.0,1.21,1.4,68.42,6.8,7,1.0,0,0
2024-05-05,I1,17:00,Milan,Genoa,D,D,2023/2024,60.0,2.4,0.95,0.89,1.8,5.92,26,2.47,8.78,1.58,2,1,10,42.11,1.4,8,7,2.86,9.2,1.81,6.05,6.6,2.6,60.0,1.21,1.2,52.63,6.8,6,1.4,1,0
2024-05-19,I1,19:45,Roma,Genoa,H,D,2023/2024,40.0,4.8,0.95,1.0,1.0,5.52,21,2.19,8.71,1.74,4,3,10,42.11,1.2,10,6,3.19,8.2,2.03,6.05,6.0,2.2,20.0,1.21,0.8,52.63,7.2,11,1.2,0,0
2024-08-24,I1,19:45,Monza,Genoa,A,A,2024/2025,0.0,3.0,0.84,1.63,0.0,5.09,9,1.66,8.74,2.35,1,2,17,36.84,1.0,6,2,3.65,11.0,2.04,5.74,8.0,3.0,0.0,1.26,1.0,47.37,8.0,11,0.0,0,1
2024-09-21,I1,14:00,Venezia,Genoa,H,D,2024/2025,0.0,3.5,0.84,1.16,1.0,4.49,12,1.72,8.51,2.23,0,2,12,36.84,0.5,9,4,4.02,6.5,2.0,5.74,3.0,3.5,0.0,1.26,0.5,31.58,5.5,9,1.0,0,0
2024-10-05,I1,17:00,Atalanta,Genoa,H,H,2024/2025,33.33,2.0,0.84,1.26,3.33,5.5,23,2.47,8.68,1.65,2,0,15,36.84,0.67,9,8,3.18,7.67,1.8,5.74,4.67,3.0,100.0,1.26,2.0,52.63,5.0,7,2.33,1,0
2024-10-27,I1,14:00,Lazio,Genoa,H,H,2024/2025,50.0,4.6,0.84,1.37,2.4,6.1,18,2.08,9.76,1.81,2,3,6,36.84,0.5,12,4,3.66,9.65,1.95,5.74,6.4,3.25,100.0,1.26,1.0,63.16,5.5,6,2.5,1,1
2024-11-04,I1,17:30,Parma,Genoa,A,D,2024/2025,40.0,5.6,0.84,1.47,1.4,4.66,13,2.2,8.9,1.76,7,2,18,36.84,0.6,5,0,4.24,9.0,1.97,5.74,5.0,4.0,60.0,1.26,1.8,52.63,5.0,15,2.0,0,0
2024-12-01,I1,11:30,Udinese,Genoa,A,A,2024/2025,40.0,2.8,0.84,1.42,1.0,5.16,4,1.8,9.02,2.17,5,2,11,36.84,0.8,13,2,3.86,10.2,1.84,5.74,6.0,4.2,20.0,1.26,1.4,52.63,4.6,15,2.0,0,0
2024-12-15,I1,19:45,Milan,Genoa,D,D,2024/2025,40.0,2.8,0.84,0.84,0.8,5.94,22,1.98,9.61,1.93,0,0,12,36.84,0.8,11,4,3.67,10.0,1.84,5.74,6.2,3.8,20.0,1.26,0.4,47.37,5.8,5,1.6,0,1
2024-12-28,I1,14:00,Empoli,Genoa,A,D,2024/2025,40.0,5.0,0.84,1.37,0.6,4.99,12,1.55,9.01,2.6,5,1,13,36.84,1.0,16,8,4.02,9.0,1.74,5.74,4.8,4.2,40.0,1.26,1.4,36.84,6.4,14,0.8,1,1
2025-01-05,I1,14:00,Lecce,Genoa,D,D,2024/2025,20.0,5.4,0.84,1.63,1.0,5.41,10,1.58,9.6,2.48,1,0,15,36.84,1.0,11,3,4.19,8.8,2.02,5.74,4.6,4.2,40.0,1.26,1.0,42.11,6.8,4,0.2,0,1
2025-01-17,I1,19:45,Roma,Genoa,H,D,2024/2025,40.0,3.8,0.84,0.79,2.8,4.94,16,1.92,8.45,1.96,3,1,12,36.84,1.0,12,7,3.51,7.4,2.0,5.74,4.2,3.2,60.0,1.26,0.8,52.63,6.8,7,0.8,1,0
2025-02-02,I1,14:00,Fiorentina,Genoa,H,H,2024/2025,60.0,3.6,0.84,0.95,1.0,4.82,7,1.93,8.52,1.97,3,3,14,36.84,0.8,17,6,3.7,10.0,1.98,5.74,6.0,4.0,60.0,1.26,1.4,63.16,5.8,17,1.2,1,0
2025-02-08,I1,19:45,Torino,Genoa,D,H,2024/2025,60.0,2.6,0.84,0.95,0.8,5.05,10,1.52,8.65,2.69,2,2,10,36.84,1.0,11,3,3.6,10.2,1.93,5.74,6.2,4.0,0.0,1.26,0.8,15.79,4.8,6,1.4,0,0
2025-02-22,I1,19:45,Inter,Genoa,H,D,2024/2025,40.0,3.0,0.84,1.11,2.0,6.36,18,2.21,9.8,1.78,2,0,14,36.84,0.6,7,5,3.44,10.8,2.03,5.74,6.2,4.6,60.0,1.26,0.8,63.16,4.6,11,1.4,0,1
2025-03-07,I1,19:45,Cagliari,Genoa,D,H,2024/2025,40.0,4.6,0.84,1.47,1.6,5.41,9,1.59,9.5,2.5,2,2,15,36.84,0.8,16,1,4.09,9.8,1.79,5.74,5.0,4.8,60.0,1.26,1.2,57.89,3.2,8,1.6,0,0
2025-03-29,I1,17:00,Juventus,Genoa,H,H,2024/2025,20.0,3.8,0.84,0.79,1.6,5.53,9,1.66,9.25,2.35,3,3,11,36.84,0.6,13,6,3.72,10.4,1.9,5.74,5.4,5.0,40.0,1.26,1.0,42.11,3.4,9,1.2,0,0
2025-04-13,I1,14:00,Verona,Genoa,D,D,2024/2025,0.0,2.6,0.84,1.89,0.4,4.97,14,1.45,8.6,2.87,1,3,11,36.84,0.4,19,2,3.63,8.4,1.83,5.74,4.6,3.8,40.0,1.26,1.4,57.89,4.4,4,0.8,0,0
2025-04-27,I1,11:30,Como,Genoa,H,D,2024/2025,0.0,3.8,0.84,1.37,1.2,5.15,14,1.91,8.74,1.99,1,2,15,36.84,0.2,19,3,3.59,8.8,1.99,5.74,4.8,4.0,20.0,1.26,0.6,47.37,4.8,4,0.8,0,0
2025-05-11,I1,19:45,Napoli,Genoa,D,D,2024/2025,20.0,4.0,0.84,0.68,2.2,6.14,22,2.19,9.57,1.77,2,1,14,36.84,0.6,12,11,3.43,6.8,1.86,5.74,4.2,2.6,80.0,1.26,0.8,47.37,5.2,8,1.0,1,0
2025-05-24,I1,17:00,Bologna,Genoa,A,A,2024/2025,40.0,2.8,0.84,0.95,1.8,6.57,16,1.93,9.76,1.98,3,5,23,36.84,1.0,13,5,3.19,10.4,2.01,5.74,8.6,1.8,40.0,1.26,1.0,47.37,7.4,5,1.0,1,1
2025-09-15,I1,19:45,Como,Genoa,D,H,2025/2026,0.0,4.0,1.3,0.7,1.5,4.32,13,1.67,7.96,2.17,6,2,17,70.0,1.0,13,4,3.64,11.0,1.95,6.4,3.0,8.0,0.0,1.6,0.5,20.0,0.0,13,1.0,0,0
2025-09-20,I1,14:00,Bologna,Genoa,H,D,2025/2026,50.0,3.0,1.3,1.0,1.5,5.83,14,1.54,9.32,2.6,4,1,15,70.0,1.0,12,6,3.49,12.5,1.95,6.4,7.5,5.0,50.0,1.6,0.5,40.0,4.0,7,1.5,1,0
2025-10-05,I1,17:00,Napoli,Genoa,H,A,2025/2026,66.67,2.67,1.3,0.8,2.0,6.34,12,1.65,9.44,2.23,1,1,15,70.0,1.0,16,5,3.1,13.33,1.95,6.4,8.33,5.0,66.67,1.6,1.0,60.0,5.0,6,1.67,1,1
2025-10-26,I1,11:30,Torino,Genoa,H,A,2025/2026,75.0,3.75,1.3,1.82,0.75,5.0,13,1.45,8.44,2.7,3,2,9,70.0,1.0,14,6,3.44,9.0,1.85,6.4,5.0,4.0,50.0,1.6,1.0,63.64,6.0,11,1.75,1,0
2025-11-03,I1,17:30,Sassuolo,Genoa,A,A,2025/2026,80.0,5.4,1.3,1.4,1.0,4.46,13,1.48,8.34,2.66,5,1,13,70.0,1.2,13,4,3.88,7.4,1.75,6.4,2.8,4.6,40.0,1.6,1.2,50.0,5.4,16,1.6,1,0
2025-11-22,I1,14:00,Cagliari,Genoa,D,D,2025/2026,100.0,5.0,1.3,1.3,1.2,4.79,11,1.4,8.87,3.04,8,4,16,70.0,1.6,22,5,4.08,7.8,1.84,6.4,4.4,3.4,40.0,1.6,1.8,30.0,6.6,13,2.0,1,0
2025-12-08,I1,17:00,Udinese,Genoa,A,A,2025/2026,100.0,3.8,1.3,1.45,1.2,5.1,23,1.44,8.62,2.79,6,1,12,70.0,1.8,16,6,3.52,9.2,1.74,6.4,5.8,3.4,60.0,1.6,1.6,45.45,6.2,12,1.8,1,0
2025-12-29,I1,19:45,Roma,Genoa,H,H,2025/2026,100.0,2.4,1.3,0.5,1.6,5.73,16,1.67,8.69,2.21,2,0,13,70.0,1.8,13,8,2.96,8.2,2.02,6.4,5.6,2.6,40.0,1.6,0.6,20.0,6.0,10,2.0,1,0
2026-01-08,I1,19:45,Milan,Genoa,D,A,2025/2026,80.0,3.8,1.3,0.82,1.6,6.34,32,1.7,9.63,2.15,2,4,8,70.0,1.8,12,8,3.29,9.4,1.8,6.4,6.8,2.6,40.0,1.6,0.6,54.55,6.6,7,1.8,0,1
2023-08-28,I1,19:45,Cagliari,Inter,A,A,2023/2024,0.0,7.0,2.37,1.68,0.0,4.83,12,2.33,10.04,1.7,3,1,10,57.89,2.0,9,2,5.21,11.0,2.0,4.89,4.0,7.0,0.0,0.58,2.0,63.16,4.0,17,0.0,0,1
2023-09-24,I1,11:30,Empoli,Inter,A,D,2023/2024,0.0,5.67,2.37,1.21,0.0,4.36,7,2.65,9.53,1.54,6,2,11,57.89,1.5,15,1,5.17,9.17,1.96,4.89,2.67,6.5,0.0,0.58,1.33,31.58,3.5,23,0.0,0,0
2023-09-30,I1,19:45,Salernitana,Inter,A,D,2023/2024,33.33,4.0,2.37,2.0,0.5,4.66,12,2.33,9.55,1.69,6,2,10,57.89,2.33,12,3,4.89,10.08,1.91,4.89,4.75,5.33,50.0,0.58,2.25,68.42,3.33,16,0.0,1,0
2023-10-21,I1,17:00,Torino,Inter,A,D,2023/2024,50.0,1.8,2.37,0.47,0.4,5.33,7,1.86,9.35,2.02,4,1,8,57.89,2.5,13,3,4.02,11.2,1.93,4.89,6.2,5.0,20.0,0.58,0.8,26.32,3.0,14,0.0,1,0
2023-11-04,I1,17:00,Atalanta,Inter,A,A,2023/2024,60.0,3.4,2.37,0.84,1.6,5.69,14,2.05,9.88,1.86,4,4,9,57.89,2.4,13,4,4.19,10.8,1.85,4.89,6.6,4.2,40.0,0.58,0.4,68.42,3.6,10,0.2,1,0
2023-11-26,I1,19:45,Juventus,Inter,D,D,2023/2024,60.0,1.8,2.37,0.58,1.4,5.48,4,1.69,9.35,2.3,4,2,13,57.89,2.2,12,1,3.87,8.8,1.92,4.89,6.0,2.8,20.0,0.58,0.4,26.32,3.0,8,0.4,0,0
2023-12-03,I1,19:45,Napoli,Inter,A,A,2023/2024,80.0,3.8,2.37,1.42,1.4,6.37,15,2.15,10.29,1.79,4,2,13,57.89,2.6,2,4,3.92,9.2,2.07,4.89,6.8,2.4,80.0,0.58,2.0,63.16,3.6,11,0.4,1,0
2023-12-17,I1,19:45,Lazio,Inter,A,A,2023/2024,60.0,4.2,2.37,0.74,1.0,5.06,13,1.85,9.19,2.12,4,1,15,57.89,2.2,13,4,4.13,7.2,1.97,4.89,4.0,3.2,20.0,0.58,0.8,26.32,4.6,12,0.4,0,1
2023-12-29,I1,19:45,Genoa,Inter,D,D,2023/2024,40.0,4.0,2.37,1.16,1.0,5.08,13,1.7,9.46,2.33,6,2,15,57.89,1.8,13,4,4.38,9.2,1.84,4.89,6.4,2.8,0.0,0.58,0.6,42.11,5.8,16,0.6,0,0
2024-01-13,I1,19:45,Monza,Inter,A,A,2023/2024,40.0,3.2,2.37,1.37,0.8,4.79,9,2.34,9.06,1.67,7,2,12,57.89,2.4,6,2,4.27,7.0,1.83,4.89,3.4,3.6,40.0,0.58,1.8,42.11,5.4,20,0.6,1,0
2024-01-28,I1,19:45,Fiorentina,Inter,A,A,2023/2024,40.0,4.0,2.37,1.16,1.4,5.39,14,1.75,9.59,2.17,4,2,12,57.89,2.4,6,4,4.2,8.6,1.9,4.89,3.8,4.8,40.0,0.58,0.6,68.42,6.6,8,0.4,0,1
2024-02-10,I1,17:00,Roma,Inter,A,H,2023/2024,40.0,4.0,2.37,1.0,2.2,4.93,8,1.98,9.45,1.94,6,2,14,57.89,2.6,9,3,4.52,9.8,1.9,4.89,4.2,5.6,60.0,0.58,1.2,52.63,6.0,10,0.8,1,1
2024-02-25,I1,17:00,Lecce,Inter,A,A,2023/2024,60.0,5.6,2.37,1.42,1.2,5.17,14,2.04,9.91,1.87,7,1,6,57.89,3.0,13,2,4.74,11.2,1.97,4.89,5.0,6.2,80.0,0.58,2.2,36.84,5.8,11,0.8,1,1
2024-03-09,I1,17:00,Bologna,Inter,A,A,2023/2024,60.0,2.6,2.37,0.63,2.4,5.18,19,1.75,9.42,2.24,4,2,12,57.89,3.0,17,3,4.24,12.4,1.88,4.89,6.2,6.2,40.0,0.58,0.6,36.84,5.6,5,0.6,0,0
2024-04-08,I1,19:45,Udinese,Inter,A,H,2023/2024,60.0,5.2,2.37,1.53,0.6,4.7,3,2.31,9.8,1.7,6,1,11,57.89,2.4,11,1,5.1,10.4,1.77,4.89,3.6,6.8,20.0,0.58,1.2,47.37,4.8,23,0.6,1,0
2024-04-22,I1,19:45,Milan,Inter,A,A,2023/2024,80.0,2.6,2.37,0.89,1.4,5.27,15,2.06,9.58,1.82,3,3,10,57.89,2.6,19,6,4.31,11.6,1.98,4.89,5.4,6.2,40.0,0.58,0.6,52.63,4.4,11,0.8,1,0
2024-05-04,I1,19:45,Sassuolo,Inter,H,H,2023/2024,60.0,3.6,2.37,1.79,1.2,5.02,6,2.63,9.64,1.53,1,1,10,57.89,1.8,10,2,4.62,10.4,2.03,4.89,4.8,5.6,40.0,0.58,1.4,47.37,4.2,14,0.6,0,0
2024-05-10,I1,19:45,Frosinone,Inter,A,A,2023/2024,60.0,4.2,2.37,1.68,1.2,6.04,17,2.26,10.58,1.7,5,0,8,57.89,2.0,4,8,4.54,12.6,1.91,4.89,8.2,4.4,60.0,0.58,1.8,73.68,4.4,14,0.6,1,1
2024-05-26,I1,19:45,Verona,Inter,D,D,2023/2024,80.0,3.6,2.37,1.37,1.4,4.83,18,2.82,9.62,1.47,11,1,8,57.89,2.2,17,8,4.79,11.0,1.91,4.89,6.4,4.6,80.0,0.58,1.4,57.89,4.8,15,1.0,1,1
2024-08-17,I1,17:30,Genoa,Inter,D,D,2024/2025,100.0,4.0,2.05,1.32,2.0,3.85,10,2.02,8.42,1.87,9,1,14,47.37,2.0,15,6,4.57,5.0,1.92,4.42,1.0,4.0,100.0,0.74,2.0,42.11,1.0,14,2.0,1,0
2024-09-15,I1,19:45,Monza,Inter,D,D,2024/2025,50.0,5.5,2.05,1.63,0.5,3.71,5,2.12,8.51,1.79,2,1,19,47.37,1.5,11,2,4.8,10.5,1.89,4.42,4.5,6.0,0.0,0.74,1.0,47.37,1.0,16,1.5,0,0
2024-09-28,I1,14:00,Udinese,Inter,A,A,2024/2025,66.67,7.33,2.05,1.42,1.67,4.57,10,2.31,9.57,1.73,7,1,6,47.37,2.0,13,3,5.0,10.0,1.8,4.42,5.0,5.0,66.67,0.74,1.33,52.63,3.0,16,1.67,1,0
2024-10-20,I1,19:45,Roma,Inter,A,D,2024/2025,50.0,3.0,2.05,0.79,1.5,4.28,14,2.1,8.44,1.82,6,2,13,47.37,1.75,12,3,4.16,9.25,1.83,4.42,4.75,4.5,75.0,0.74,1.0,52.63,3.0,11,1.25,0,0
2024-10-30,I1,17:30,Empoli,Inter,A,D,2024/2025,60.0,5.2,2.05,1.37,0.0,4.22,6,2.1,8.88,1.83,5,1,13,47.37,2.0,12,1,4.66,8.6,2.01,4.42,4.2,4.4,20.0,0.74,0.8,36.84,2.6,15,1.0,1,0
2024-11-23,I1,14:00,Verona,Inter,A,A,2024/2025,60.0,4.4,2.05,1.89,1.4,4.72,9,2.22,9.16,1.85,7,2,5,47.37,2.6,14,2,4.44,10.6,2.04,4.42,6.6,4.0,100.0,0.74,2.8,57.89,3.2,12,0.6,1,0
2024-12-16,I1,19:45,Lazio,Inter,A,A,2024/2025,80.0,2.4,2.05,1.37,2.0,5.38,9,1.89,9.38,2.02,7,2,14,47.37,3.6,7,2,4.0,7.0,1.81,4.42,4.2,2.8,100.0,0.74,1.6,63.16,3.8,12,0.4,1,0
2024-12-28,I1,17:00,Cagliari,Inter,A,D,2024/2025,80.0,3.6,2.05,1.47,0.8,5.14,5,2.33,9.62,1.65,5,0,5,47.37,3.6,14,1,4.48,9.0,1.96,4.42,5.4,3.6,40.0,0.74,1.8,57.89,3.4,20,0.0,1,1
2025-01-12,I1,14:00,Venezia,Inter,A,A,2024/2025,80.0,6.4,2.05,1.16,1.0,4.08,7,2.41,9.05,1.62,6,4,11,47.37,3.6,12,2,4.97,8.2,1.81,4.42,4.2,4.0,40.0,0.74,1.2,31.58,3.6,17,0.0,0,0
2025-01-26,I1,17:00,Lecce,Inter,A,A,2024/2025,80.0,4.8,2.05,1.63,0.8,4.94,17,2.22,9.58,1.72,5,0,12,47.37,3.8,13,4,4.64,8.4,1.95,4.42,5.2,3.2,60.0,0.74,1.6,42.11,4.8,9,0.0,1,0
2025-02-02,I1,17:00,Milan,Inter,D,H,2024/2025,60.0,4.6,2.05,0.84,1.2,5.74,10,2.1,10.31,1.83,6,0,9,47.37,3.0,5,4,4.57,12.8,1.94,4.42,7.8,5.0,20.0,0.74,1.0,47.37,5.6,16,0.2,0,1
2025-02-06,I1,17:00,Fiorentina,Inter,H,D,2024/2025,60.0,4.4,2.05,0.95,1.4,4.3,10,1.97,8.91,1.92,2,0,10,47.37,1.8,11,6,4.61,11.2,2.03,4.42,5.0,6.2,80.0,0.74,1.4,63.16,5.0,11,0.8,1,0
2025-02-16,I1,19:45,Juventus,Inter,H,D,2024/2025,40.0,4.4,2.05,0.79,2.2,5.54,16,1.88,10.0,2.04,2,1,10,47.37,1.2,17,8,4.46,12.6,1.9,4.42,6.8,5.8,60.0,0.74,1.0,42.11,5.4,17,1.0,0,1
2025-03-01,I1,17:00,Napoli,Inter,D,A,2024/2025,40.0,3.0,2.05,0.68,1.4,6.55,19,1.8,10.77,2.14,1,1,15,47.37,1.2,7,4,4.22,15.2,1.99,4.42,9.8,5.4,20.0,0.74,0.6,47.37,7.0,6,1.2,0,1
2025-03-16,I1,19:45,Atalanta,Inter,A,D,2024/2025,20.0,2.2,2.05,1.26,0.6,5.28,16,2.04,9.44,1.92,5,3,14,47.37,0.8,11,3,4.16,11.4,2.01,4.42,4.8,6.6,20.0,0.74,1.2,52.63,6.0,14,1.2,0,0
2025-04-05,I1,17:00,Parma,Inter,D,A,2024/2025,40.0,4.8,2.05,1.47,1.4,4.07,8,2.19,8.96,1.74,4,2,7,47.37,1.0,9,4,4.89,7.8,1.8,4.42,2.6,5.2,60.0,0.74,1.6,52.63,4.8,20,1.4,1,0
2025-04-20,I1,17:00,Bologna,Inter,H,D,2024/2025,20.0,3.2,2.05,0.95,2.2,5.76,12,1.8,9.9,2.12,1,2,21,47.37,1.0,12,3,4.14,10.4,1.94,4.42,5.6,4.8,60.0,0.74,0.6,47.37,5.6,8,1.0,0,1
2025-05-11,I1,17:00,Torino,Inter,A,A,2024/2025,20.0,4.2,2.05,0.95,1.0,4.78,17,1.82,9.19,2.1,7,1,6,47.37,1.4,14,3,4.41,10.0,1.98,4.42,5.6,4.4,0.0,0.74,0.8,15.79,6.0,12,0.8,0,1
2025-05-23,I1,19:45,Como,Inter,A,A,2024/2025,20.0,2.6,2.05,1.37,1.2,4.69,18,2.51,8.82,1.57,7,1,9,47.37,1.6,10,4,4.13,9.2,1.8,4.42,4.6,4.6,20.0,0.74,0.8,47.37,3.8,11,0.6,0,0
2025-09-13,I1,17:00,Juventus,Inter,H,H,2025/2026,100.0,7.5,1.7,0.8,3.0,5.21,12,1.67,11.05,2.21,4,2,10,40.0,3.0,14,4,5.84,14.5,1.91,3.0,5.5,9.0,50.0,0.9,1.5,50.0,5.0,18,4.0,1,1
2025-09-27,I1,19:45,Cagliari,Inter,A,A,2025/2026,50.0,3.67,1.7,1.3,1.0,3.66,6,2.0,9.29,1.85,5,0,14,40.0,2.5,13,0,5.63,10.17,1.91,3.0,3.67,6.5,0.0,0.9,1.0,30.0,4.5,20,2.0,0,0
2025-10-18,I1,19:45,Roma,Inter,A,A,2025/2026,33.33,3.5,1.7,0.5,0.75,4.68,15,1.78,9.46,2.03,3,4,29,40.0,2.0,18,5,4.78,11.25,1.88,3.0,5.25,6.0,0.0,0.9,0.5,20.0,4.33,12,1.33,0,0
2025-10-25,I1,17:00,Napoli,Inter,H,H,2025/2026,50.0,3.0,1.7,0.8,2.25,5.16,7,1.91,9.72,1.95,3,2,10,40.0,1.75,15,3,4.56,12.0,1.7,3.0,6.5,5.5,75.0,0.9,1.0,60.0,3.5,15,1.75,1,0
2025-11-02,I1,11:30,Verona,Inter,A,D,2025/2026,60.0,3.2,1.7,1.6,0.8,4.11,8,2.1,9.12,1.77,6,2,4,40.0,1.8,15,2,5.01,11.2,1.88,3.0,5.2,6.0,40.0,0.9,1.2,60.0,3.6,21,1.6,1,1
2025-11-30,I1,14:00,Pisa,Inter,A,D,2025/2026,40.0,5.2,1.7,1.0,0.2,3.75,10,2.5,9.15,1.53,3,2,15,40.0,1.6,13,2,5.4,9.0,1.94,3.0,3.6,5.4,0.0,0.9,0.4,9.09,3.4,14,0.8,0,0
2025-12-14,I1,17:00,Genoa,Inter,A,A,2025/2026,60.0,3.8,1.7,1.18,1.0,3.25,5,1.86,8.48,1.96,8,2,20,40.0,1.6,10,3,5.23,9.0,1.88,3.0,3.2,5.8,60.0,0.9,1.4,45.45,2.8,18,1.0,1,0
2025-12-28,I1,19:45,Atalanta,Inter,A,D,2025/2026,60.0,4.2,1.7,0.82,1.0,5.1,7,2.05,10.18,1.76,4,2,12,40.0,1.6,8,0,5.08,11.4,1.98,3.0,5.2,6.2,40.0,0.9,1.2,27.27,2.8,15,1.0,0,1
2026-01-07,I1,19:45,Parma,Inter,A,A,2025/2026,40.0,5.0,1.7,1.18,0.6,3.36,4,2.28,8.73,1.63,8,0,20,40.0,1.8,4,0,5.37,9.8,1.99,3.0,3.8,6.0,20.0,0.9,1.4,27.27,2.8,26,0.4,0,0
2023-08-20,I1,19:45,Udinese,Juventus,A,A,2023/2024,100.0,3.0,1.47,1.53,0.0,5.43,18,1.78,9.59,2.16,4,1,10,52.63,3.0,12,5,4.16,10.0,1.86,5.58,7.0,3.0,100.0,1.05,3.0,47.37,7.0,9,0.0,1,0
2023-09-03,I1,19:45,Empoli,Juventus,A,A,2023/2024,50.0,5.5,1.47,1.21,0.0,4.66,7,2.06,9.32,1.86,5,3,13,52.63,2.5,14,0,4.66,7.5,1.85,5.58,2.5,5.0,0.0,1.05,1.5,31.58,5.0,18,0.0,0,0
2023-09-23,I1,17:00,Sassuolo,Juventus,H,H,2023/2024,66.67,3.67,1.47,1.79,2.33,5.59,18,2.58,9.75,1.59,2,4,8,52.63,2.33,13,7,4.16,12.0,2.01,5.58,7.67,4.33,66.67,1.05,1.67,47.37,5.33,15,1.33,1,0
2023-10-01,I1,17:00,Atalanta,Juventus,D,D,2023/2024,50.0,4.0,1.47,0.84,1.67,6.0,15,1.9,9.86,2.09,3,1,7,52.63,1.75,13,2,3.86,10.08,2.04,5.58,6.33,3.75,33.33,1.05,0.0,68.42,5.25,5,1.0,0,0
2023-10-22,I1,19:45,Milan,Juventus,A,D,2023/2024,40.0,2.0,1.47,0.89,1.75,5.43,7,1.74,9.07,2.22,4,1,16,52.63,1.6,12,1,3.64,7.85,1.88,5.58,4.25,3.6,25.0,1.05,0.5,52.63,5.4,14,0.8,0,0
2023-11-05,I1,19:45,Fiorentina,Juventus,A,A,2023/2024,20.0,2.8,1.47,1.16,1.6,5.74,25,1.75,9.34,2.24,3,1,21,52.63,1.2,12,4,3.6,9.8,1.81,5.58,6.4,3.4,60.0,1.05,1.4,68.42,5.8,4,0.8,0,1
2023-12-01,I1,19:45,Monza,Juventus,A,A,2023/2024,40.0,3.8,1.47,1.37,1.2,5.42,16,1.74,9.3,2.2,7,1,8,52.63,1.2,12,1,3.88,9.4,1.99,5.58,6.8,2.6,40.0,1.05,0.8,42.11,6.6,18,1.0,1,0
2023-12-15,I1,19:45,Genoa,Juventus,D,A,2023/2024,20.0,4.0,1.47,1.16,0.8,5.23,11,1.45,9.35,2.97,4,2,12,52.63,1.0,14,3,4.12,9.0,1.92,5.58,5.4,3.6,0.0,1.05,0.6,42.11,6.6,11,0.4,0,1
2023-12-23,I1,11:30,Frosinone,Juventus,A,A,2023/2024,40.0,4.8,1.47,1.68,1.4,6.19,10,1.83,10.48,2.1,3,0,12,52.63,1.4,6,3,4.29,10.0,1.82,5.58,5.2,4.8,80.0,1.05,1.0,73.68,7.2,13,0.6,1,1
2024-01-07,I1,17:00,Salernitana,Juventus,A,H,2023/2024,60.0,6.6,1.47,2.0,1.2,5.17,8,1.97,10.02,2.01,3,3,15,52.63,1.6,9,3,4.85,10.8,1.95,5.58,5.0,5.8,80.0,1.05,1.8,68.42,6.4,18,0.8,1,0
2024-01-21,I1,19:45,Lecce,Juventus,A,D,2023/2024,80.0,3.8,1.47,1.42,1.2,5.34,12,1.66,9.57,2.41,8,1,12,52.63,2.0,8,3,4.23,11.6,1.83,5.58,5.2,6.4,60.0,1.05,1.6,36.84,5.6,15,0.8,1,0
2024-02-04,I1,19:45,Inter,Juventus,H,H,2023/2024,60.0,2.2,1.47,0.58,2.2,6.87,15,1.65,10.62,2.4,1,2,8,52.63,1.6,8,3,3.75,15.4,2.06,5.58,8.8,6.6,40.0,1.05,0.2,52.63,5.4,12,0.8,0,0
2024-02-17,I1,17:00,Verona,Juventus,D,D,2023/2024,80.0,7.0,1.47,1.37,1.4,4.99,14,1.63,9.89,2.37,4,0,10,52.63,1.8,8,9,4.9,11.6,1.88,5.58,5.8,5.8,40.0,1.05,1.0,57.89,5.2,18,1.0,1,0
2024-03-03,I1,19:45,Napoli,Juventus,H,H,2023/2024,80.0,1.8,1.47,1.42,1.4,6.62,14,1.68,10.19,2.33,4,1,16,52.63,1.6,6,7,3.57,11.6,1.83,5.58,7.2,4.4,60.0,1.05,0.8,63.16,4.0,18,1.2,1,0
2024-03-30,I1,17:00,Lazio,Juventus,H,D,2023/2024,60.0,3.6,1.47,0.74,0.6,5.48,16,1.63,9.2,2.42,3,1,10,52.63,1.2,12,4,3.72,9.2,2.1,5.58,6.0,3.2,40.0,1.05,1.0,26.32,5.0,9,1.2,0,0
2024-04-13,I1,17:00,Torino,Juventus,D,D,2023/2024,40.0,3.6,1.47,0.47,0.6,5.68,13,1.44,9.29,2.95,3,3,11,52.63,0.6,18,2,3.61,8.4,1.86,5.58,5.8,2.6,0.0,1.05,0.4,26.32,5.2,8,1.2,0,0
2024-04-19,I1,19:45,Cagliari,Juventus,D,H,2023/2024,60.0,3.2,1.47,1.68,2.0,5.17,9,1.68,9.19,2.32,3,2,15,52.63,1.0,16,4,4.02,7.2,2.01,5.58,4.8,2.4,60.0,1.05,1.4,63.16,4.8,11,1.4,1,0
2024-05-05,I1,19:45,Roma,Juventus,D,D,2023/2024,40.0,5.0,1.47,1.0,1.4,5.12,19,1.78,9.11,2.18,6,1,11,52.63,0.8,7,5,3.99,7.6,1.86,5.58,4.8,2.8,40.0,1.05,1.2,52.63,5.6,16,1.2,0,1
2024-05-20,I1,19:45,Bologna,Juventus,D,H,2023/2024,40.0,2.0,1.47,0.63,1.4,5.45,10,1.69,8.97,2.3,4,1,21,52.63,1.2,8,5,3.52,10.0,1.77,5.58,7.0,3.0,40.0,1.05,1.0,36.84,5.8,11,1.4,1,0
2024-08-26,I1,19:45,Verona,Juventus,A,A,2024/2025,100.0,3.0,1.42,1.89,1.5,4.65,7,1.69,8.39,2.3,5,2,8,42.11,3.0,8,1,3.74,3.5,1.9,5.47,2.5,1.0,100.0,1.05,1.5,57.89,4.0,7,0.0,1,0
2024-09-14,I1,17:00,Empoli,Juventus,D,D,2024/2025,50.0,5.5,1.42,1.37,0.0,4.75,8,1.68,9.2,2.3,3,1,10,42.11,1.5,11,3,4.45,10.0,1.92,5.47,5.5,4.5,0.0,1.05,0.0,36.84,4.0,15,0.0,0,1
2024-09-28,I1,17:00,Genoa,Juventus,A,D,2024/2025,66.67,3.25,1.42,1.32,0.75,4.67,7,1.54,8.91,2.59,3,2,14,42.11,2.0,8,2,4.24,7.25,1.94,5.47,3.25,4.0,50.0,1.05,2.0,42.11,4.33,12,0.0,1,0
2024-10-27,I1,17:00,Inter,Juventus,D,H,2024/2025,75.0,3.4,1.42,1.11,2.8,6.79,18,1.79,10.58,2.13,5,2,16,42.11,2.5,11,9,3.79,13.45,1.83,5.47,9.2,4.25,80.0,1.05,1.6,63.16,6.5,10,1.0,1,1
2024-11-02,I1,17:00,Udinese,Juventus,A,A,2024/2025,60.0,3.2,1.42,1.42,1.2,5.31,11,1.68,9.54,2.29,5,2,14,42.11,2.4,12,2,4.23,9.6,2.01,5.47,5.6,4.0,20.0,1.05,1.0,52.63,7.2,11,0.8,0,1
2024-11-23,I1,17:00,Milan,Juventus,D,D,2024/2025,40.0,3.4,1.42,0.84,1.6,5.85,6,1.79,10.0,2.13,2,3,12,42.11,1.8,9,1,4.15,9.6,1.97,5.47,5.0,4.6,40.0,1.05,0.4,47.37,6.8,7,0.8,0,0
2024-12-01,I1,19:45,Lecce,Juventus,D,D,2024/2025,40.0,5.8,1.42,1.63,1.0,5.09,10,1.54,9.69,2.6,3,1,9,42.11,2.0,8,6,4.6,6.8,1.91,5.47,2.4,4.4,40.0,1.05,2.0,42.11,6.4,14,1.0,0,0
2024-12-22,I1,19:45,Monza,Juventus,A,A,2024/2025,40.0,4.4,1.42,1.63,0.8,4.54,17,1.79,8.89,2.13,9,1,13,42.11,1.8,7,5,4.35,10.4,1.85,5.47,5.2,5.2,60.0,1.05,1.6,47.37,6.0,16,1.2,1,0
2025-01-11,I1,17:00,Torino,Juventus,D,D,2024/2025,20.0,3.6,1.42,0.95,0.4,5.05,11,1.47,9.14,2.89,9,4,9,42.11,1.2,18,2,4.09,10.8,1.87,5.47,6.4,4.4,0.0,1.05,1.0,15.79,5.2,15,0.6,0,0
2025-01-14,I1,19:45,Atalanta,Juventus,D,D,2024/2025,20.0,2.4,1.42,1.26,2.0,5.34,17,1.67,9.05,2.31,9,1,7,42.11,1.0,10,6,3.71,9.4,2.04,5.47,5.0,4.4,60.0,1.05,1.0,52.63,3.8,17,0.8,0,0
2025-01-25,I1,17:00,Napoli,Juventus,H,A,2024/2025,40.0,2.0,1.42,0.68,1.2,6.55,14,1.58,10.25,2.46,2,0,15,42.11,1.2,9,3,3.7,12.8,2.03,5.47,9.0,3.8,20.0,1.05,0.4,47.37,5.2,5,1.2,1,0
2025-02-07,I1,19:45,Como,Juventus,A,D,2024/2025,60.0,3.2,1.42,1.37,1.8,5.22,16,1.88,8.96,2.05,3,3,15,42.11,1.4,15,6,3.74,7.0,2.04,5.47,4.4,2.6,80.0,1.05,1.4,47.37,6.6,8,1.2,1,0
2025-02-23,I1,19:45,Cagliari,Juventus,A,A,2024/2025,40.0,5.0,1.42,1.47,1.4,5.74,8,1.8,9.94,2.12,7,0,15,42.11,1.2,9,2,4.2,7.6,1.94,5.47,5.6,2.0,80.0,1.05,1.6,57.89,6.6,14,1.0,0,0
2025-03-16,I1,17:00,Fiorentina,Juventus,H,H,2024/2025,60.0,5.0,1.42,0.95,1.8,4.27,9,1.68,8.36,2.27,2,2,13,42.11,1.0,9,3,4.09,5.0,1.9,5.47,2.0,3.0,60.0,1.05,0.6,63.16,5.0,11,1.4,1,0
2025-04-06,I1,19:45,Roma,Juventus,D,A,2024/2025,60.0,3.0,1.42,0.79,1.8,4.71,11,1.67,8.49,2.27,7,1,15,42.11,1.0,11,4,3.78,7.4,2.13,5.47,4.2,3.2,40.0,1.05,0.6,52.63,5.2,11,1.4,0,0
2025-04-23,I1,17:30,Parma,Juventus,H,H,2024/2025,40.0,6.2,1.42,1.47,1.4,4.3,6,1.97,9.03,1.92,2,2,10,42.11,0.8,9,3,4.73,7.6,1.98,5.47,2.8,4.8,40.0,1.05,1.0,52.63,4.2,16,1.2,0,1
2025-05-04,I1,19:45,Bologna,Juventus,D,A,2024/2025,20.0,2.8,1.42,0.95,2.0,6.02,9,1.59,9.9,2.48,3,1,19,42.11,0.6,6,2,3.88,12.0,1.79,5.47,6.8,5.2,40.0,1.05,0.6,47.37,4.4,6,1.2,0,1
2025-05-10,I1,17:00,Lazio,Juventus,D,D,2024/2025,20.0,4.2,1.42,1.37,1.2,5.82,19,1.73,9.96,2.19,3,5,10,42.11,0.6,14,6,4.14,10.4,1.78,5.47,5.4,5.0,20.0,1.05,1.2,63.16,4.4,8,1.4,0,0
2025-05-25,I1,19:45,Venezia,Juventus,A,A,2024/2025,20.0,4.0,1.42,1.16,1.0,4.49,12,2.58,9.06,1.56,5,1,18,42.11,1.2,10,5,4.57,8.8,1.94,5.47,3.8,5.0,40.0,1.05,1.4,31.58,5.4,15,1.2,1,1
2025-08-31,I1,17:30,Genoa,Juventus,A,D,2025/2026,0.0,5.5,1.09,1.18,0.0,3.47,10,1.53,8.26,2.57,3,1,15,27.27,1.0,14,1,4.79,7.0,1.83,3.91,3.0,4.0,0.0,0.82,0.5,45.45,3.0,13,0.0,0,0
2025-09-20,I1,17:00,Verona,Juventus,D,D,2025/2026,0.0,2.0,1.09,1.6,0.5,4.6,14,1.85,8.8,1.99,4,3,10,27.27,1.0,18,4,4.2,11.0,1.95,3.91,7.5,3.5,0.0,0.82,0.5,60.0,4.0,10,0.5,0,0
2025-10-19,I1,11:30,Como,Juventus,H,H,2025/2026,0.0,3.0,1.09,0.7,1.5,4.15,12,1.78,8.09,2.06,3,3,15,27.27,0.67,17,6,3.94,6.17,1.99,3.91,3.5,2.67,0.0,0.82,0.5,20.0,4.0,15,1.0,0,0
2025-10-26,I1,19:45,Lazio,Juventus,H,H,2025/2026,0.0,4.25,1.09,1.09,2.0,4.43,13,1.7,8.72,2.17,5,2,18,27.27,0.5,11,3,4.29,7.25,1.9,3.91,4.0,3.25,50.0,0.82,1.0,36.36,3.5,14,1.0,0,0
2025-11-01,I1,19:45,Cremonese,Juventus,A,A,2025/2026,20.0,4.8,1.09,1.3,1.2,3.34,9,2.05,8.19,1.78,5,1,14,27.27,0.8,10,2,4.85,6.6,1.8,3.91,3.4,3.2,40.0,0.82,1.2,40.0,3.2,15,1.0,1,0
2025-11-22,I1,17:00,Fiorentina,Juventus,D,A,2025/2026,20.0,4.6,1.09,1.5,1.0,4.77,11,1.73,9.33,2.13,4,2,18,27.27,0.8,11,2,4.56,7.2,1.96,3.91,4.2,3.0,60.0,0.82,1.6,60.0,4.0,17,1.2,0,0
2025-12-07,I1,19:45,Napoli,Juventus,H,H,2025/2026,40.0,2.8,1.09,0.8,2.0,5.39,9,1.46,9.19,2.72,2,2,15,27.27,0.8,6,4,3.8,7.6,1.77,3.91,5.2,2.4,80.0,0.82,0.8,60.0,4.8,5,1.4,1,0
2025-12-14,I1,19:45,Bologna,Juventus,A,D,2025/2026,40.0,4.2,1.09,1.0,1.4,5.04,11,1.8,9.39,2.01,3,3,11,27.27,1.0,10,4,4.35,8.2,1.77,3.91,5.2,3.0,40.0,0.82,0.8,40.0,4.6,13,1.0,0,0
2025-12-27,I1,19:45,Pisa,Juventus,A,D,2025/2026,40.0,4.0,1.09,1.0,0.2,4.12,8,1.8,8.79,2.01,7,4,12,27.27,1.4,10,0,4.67,7.4,1.79,3.91,3.8,3.6,0.0,0.82,1.0,9.09,4.6,15,0.8,0,0
2026-01-06,I1,19:45,Sassuolo,Juventus,A,A,2025/2026,40.0,3.6,1.09,1.4,1.2,3.99,7,1.91,8.58,1.97,10,0,12,27.27,1.6,3,2,4.59,8.6,1.85,3.91,4.6,4.0,60.0,0.82,1.6,50.0,5.2,17,0.6,1,0
2023-08-20,I1,19:45,Lecce,Lazio,H,A,2023/2024,100.0,2.0,1.37,1.42,2.0,5.31,23,1.75,9.45,2.26,4,3,16,52.63,1.0,12,7,4.14,7.0,1.78,5.79,5.0,2.0,100.0,1.32,1.0,36.84,5.0,10,2.0,1,0
2023-09-02,I1,19:45,Napoli,Lazio,A,D,2023/2024,100.0,3.0,1.37,1.42,1.5,7.11,22,2.25,11.08,1.73,2,1,9,52.63,1.5,8,4,3.97,11.5,2.08,5.79,9.5,2.0,50.0,1.32,1.0,63.16,6.0,6,1.5,1,0
2023-09-16,I1,14:00,Juventus,Lazio,H,H,2023/2024,100.0,5.0,1.37,0.58,2.0,6.04,17,1.93,10.56,2.1,5,5,13,52.63,1.33,13,7,4.52,10.33,1.94,5.79,6.0,4.33,50.0,1.32,1.0,26.32,6.33,16,2.0,1,1
2023-09-30,I1,17:00,Milan,Lazio,H,D,2023/2024,75.0,1.67,1.37,0.89,2.33,5.53,14,1.95,9.65,1.94,4,3,5,52.63,1.0,15,7,4.12,7.17,1.86,5.79,3.67,3.5,33.33,1.32,0.33,52.63,6.5,13,2.0,0,0
2023-10-21,I1,19:45,Sassuolo,Lazio,A,A,2023/2024,60.0,4.4,1.37,1.79,1.4,5.66,9,2.34,10.4,1.67,6,1,10,52.63,1.2,6,2,4.74,11.2,1.85,5.79,7.0,4.2,40.0,1.32,1.6,47.37,6.2,18,1.6,0,1
2023-11-03,I1,19:45,Bologna,Lazio,H,D,2023/2024,40.0,4.8,1.37,0.63,1.6,5.14,6,1.67,9.66,2.38,1,2,8,52.63,1.0,12,2,4.52,8.6,1.96,5.79,3.6,5.0,60.0,1.32,0.4,36.84,5.6,11,1.4,0,0
2023-11-25,I1,14:00,Salernitana,Lazio,H,A,2023/2024,40.0,6.4,1.37,2.0,1.0,5.2,13,1.79,10.61,2.19,2,5,12,52.63,0.8,11,6,5.41,12.6,2.01,5.79,6.2,6.4,60.0,1.32,2.0,68.42,5.0,13,1.6,1,1
2023-12-09,I1,14:00,Verona,Lazio,D,A,2023/2024,20.0,4.8,1.37,1.37,1.0,4.64,5,1.74,9.86,2.24,5,2,11,52.63,0.8,16,1,5.22,9.2,1.98,5.79,3.2,6.0,60.0,1.32,2.0,57.89,3.8,14,1.2,0,0
2023-12-22,I1,17:30,Empoli,Lazio,A,A,2023/2024,20.0,6.0,1.37,1.21,0.8,4.97,21,1.78,10.46,2.15,7,3,17,52.63,1.2,6,7,5.49,13.6,1.96,5.79,6.0,7.6,40.0,1.32,2.0,31.58,4.0,14,0.8,0,1
2024-01-07,I1,14:00,Udinese,Lazio,A,A,2023/2024,40.0,6.8,1.37,1.53,2.0,4.94,13,1.69,10.4,2.3,2,5,22,52.63,1.2,16,2,5.46,11.8,1.89,5.79,4.8,7.0,80.0,1.32,1.6,47.37,3.8,7,1.0,1,0
2024-02-04,I1,17:00,Atalanta,Lazio,H,H,2023/2024,60.0,4.0,1.37,0.84,3.0,6.01,19,1.72,10.62,2.22,1,2,14,52.63,1.4,13,5,4.61,12.6,1.8,5.79,6.6,6.0,60.0,1.32,0.4,68.42,4.6,7,1.4,1,0
2024-02-10,I1,14:00,Cagliari,Lazio,A,A,2023/2024,60.0,5.0,1.37,1.68,1.2,5.48,13,1.77,10.55,2.19,5,1,9,52.63,1.8,6,6,5.07,12.8,1.85,5.79,7.0,5.8,80.0,1.32,1.4,63.16,5.2,12,1.2,1,1
2024-02-22,I1,19:45,Torino,Lazio,A,D,2023/2024,60.0,3.4,1.37,0.47,1.2,5.91,24,1.5,10.28,2.74,4,3,7,52.63,2.0,11,4,4.37,11.6,1.78,5.79,6.4,5.2,20.0,1.32,0.6,26.32,6.4,7,1.0,0,1
2024-02-26,I1,19:45,Fiorentina,Lazio,H,A,2023/2024,80.0,3.8,1.37,1.16,2.0,5.91,22,1.79,10.17,2.15,1,0,12,52.63,1.8,15,7,4.26,9.8,1.88,5.79,6.0,3.8,60.0,1.32,1.0,68.42,7.4,5,1.4,1,1
2024-03-16,I1,19:45,Frosinone,Lazio,A,D,2023/2024,80.0,4.4,1.37,1.68,1.6,6.67,14,1.97,11.35,1.94,7,1,15,52.63,2.0,10,5,4.68,12.0,1.85,5.79,8.2,3.8,80.0,1.32,2.2,73.68,8.4,22,1.6,1,1
2024-04-06,I1,17:00,Roma,Lazio,H,H,2023/2024,60.0,6.0,1.37,1.0,2.2,5.26,15,1.74,10.07,2.17,1,6,15,52.63,1.8,14,3,4.81,8.2,1.96,5.79,3.4,4.8,60.0,1.32,1.2,52.63,7.8,11,1.2,0,0
2024-04-19,I1,17:30,Genoa,Lazio,A,D,2023/2024,40.0,5.0,1.37,1.16,1.2,5.36,8,1.66,10.24,2.34,1,1,13,52.63,1.4,7,2,4.88,11.0,2.06,5.79,6.0,5.0,40.0,1.32,1.8,42.11,6.8,13,1.0,0,1
2024-05-04,I1,17:00,Monza,Lazio,D,A,2023/2024,60.0,5.6,1.37,1.37,1.4,5.12,17,1.97,9.94,1.92,5,1,13,52.63,1.4,8,7,4.82,8.4,1.83,5.79,3.4,5.0,80.0,1.32,2.4,42.11,6.4,9,1.4,1,0
2024-05-19,I1,17:00,Inter,Lazio,D,A,2023/2024,40.0,3.4,1.37,0.58,1.6,6.7,19,2.36,10.89,1.66,3,0,15,52.63,1.4,10,7,4.19,11.2,2.02,5.79,6.6,4.6,20.0,1.32,0.8,52.63,5.4,8,1.2,0,0
2024-08-24,I1,17:30,Udinese,Lazio,H,H,2024/2025,100.0,13.0,1.47,1.42,2.0,4.74,8,1.75,11.72,2.22,5,0,10,57.89,1.0,15,3,6.98,17.0,1.99,5.11,4.0,13.0,100.0,1.21,1.0,52.63,4.0,17,2.0,1,1
2024-09-22,I1,11:30,Fiorentina,Lazio,H,A,2024/2025,100.0,4.33,1.47,0.95,1.33,4.36,14,1.87,10.1,2.07,6,3,15,57.89,1.0,11,5,5.74,16.83,1.87,5.11,5.33,11.5,66.67,1.21,1.0,63.16,3.5,20,2.0,1,1
2024-09-29,I1,11:30,Torino,Lazio,A,A,2024/2025,100.0,4.67,1.47,0.95,1.33,4.43,12,1.73,9.85,2.26,7,2,13,57.89,1.67,10,7,5.42,11.0,1.83,5.11,3.0,8.0,66.67,1.21,1.33,15.79,3.33,13,2.0,1,0
2024-10-19,I1,19:45,Juventus,Lazio,H,D,2024/2025,75.0,2.2,1.47,0.79,1.0,5.47,16,1.73,10.37,2.31,1,4,9,57.89,1.25,16,3,4.9,11.85,1.83,5.11,5.6,6.25,20.0,1.21,0.2,42.11,4.25,2,1.75,0,0
2024-10-31,I1,19:45,Como,Lazio,A,A,2024/2025,80.0,3.25,1.47,1.37,1.75,5.0,14,1.9,9.95,2.02,7,2,18,57.89,2.0,14,2,4.95,11.75,1.8,5.11,5.75,6.0,75.0,1.21,2.5,47.37,4.0,14,1.6,1,0
2024-11-10,I1,17:00,Monza,Lazio,A,A,2024/2025,60.0,3.8,1.47,1.63,0.8,4.09,12,1.69,9.19,2.28,6,5,10,57.89,2.0,13,2,5.1,7.8,1.85,5.11,3.2,4.6,40.0,1.21,1.4,47.37,4.4,14,1.2,0,1
2024-12-01,I1,14:00,Parma,Lazio,H,H,2024/2025,60.0,5.6,1.47,1.47,1.4,4.42,12,2.24,9.94,1.72,8,4,13,57.89,2.0,17,4,5.52,9.2,2.04,5.11,4.6,4.6,60.0,1.21,1.8,52.63,4.6,23,1.4,1,1
2024-12-08,I1,19:45,Napoli,Lazio,A,D,2024/2025,40.0,2.6,1.47,0.68,1.0,6.32,12,1.87,11.05,2.01,3,2,12,57.89,1.6,16,1,4.73,12.4,1.95,5.11,7.6,4.8,40.0,1.21,1.0,47.37,5.2,7,1.0,0,0
2024-12-21,I1,19:45,Lecce,Lazio,A,A,2024/2025,60.0,5.4,1.47,1.63,1.2,4.96,11,2.09,10.53,1.82,7,3,12,57.89,2.0,13,2,5.57,9.2,1.96,5.11,3.4,5.8,40.0,1.21,1.0,42.11,5.0,13,1.0,1,1
2025-01-05,I1,19:45,Roma,Lazio,H,H,2024/2025,40.0,4.0,1.47,0.79,2.6,4.62,7,1.81,9.72,2.09,6,4,18,57.89,1.0,12,5,5.1,11.2,2.06,5.11,4.4,6.8,60.0,1.21,1.2,52.63,5.0,17,1.2,0,1
2025-01-19,I1,17:00,Verona,Lazio,A,A,2024/2025,60.0,5.4,1.47,1.89,0.2,4.87,16,1.95,10.3,1.93,5,6,8,57.89,1.4,10,3,5.43,11.6,1.98,5.11,4.8,6.8,60.0,1.21,2.6,57.89,4.8,14,1.2,1,1
2025-02-03,I1,19:45,Cagliari,Lazio,A,A,2024/2025,60.0,4.2,1.47,1.47,1.2,5.51,15,2.1,10.92,1.84,6,0,9,57.89,1.6,14,5,5.41,11.6,2.01,5.11,5.4,6.2,60.0,1.21,1.4,57.89,5.4,11,0.8,1,1
2025-02-22,I1,14:00,Venezia,Lazio,D,D,2024/2025,60.0,6.8,1.47,1.16,0.4,4.48,9,2.06,10.4,1.88,3,4,12,57.89,1.4,21,2,5.92,11.6,1.82,5.11,4.6,7.0,0.0,1.21,0.8,31.58,5.4,9,0.8,0,1
2025-03-02,I1,19:45,Milan,Lazio,A,A,2024/2025,60.0,5.6,1.47,0.84,1.4,5.8,15,2.21,11.26,1.75,8,2,6,57.89,1.4,14,4,5.46,14.2,1.81,5.11,7.4,6.8,40.0,1.21,1.2,47.37,4.8,21,0.8,1,0
2025-03-16,I1,14:00,Bologna,Lazio,H,H,2024/2025,80.0,2.2,1.47,0.95,2.8,5.91,13,1.67,10.58,2.32,2,2,16,57.89,1.4,18,7,4.67,10.4,1.83,5.11,5.4,5.0,80.0,1.21,0.8,47.37,5.6,7,1.4,1,0
2025-04-06,I1,17:00,Atalanta,Lazio,A,D,2024/2025,60.0,2.8,1.47,1.26,0.2,5.69,10,2.21,10.32,1.76,3,1,6,57.89,1.0,6,2,4.63,11.0,1.93,5.11,6.4,4.6,0.0,1.21,0.8,52.63,6.8,8,1.4,0,1
2025-04-23,I1,17:30,Genoa,Lazio,A,A,2024/2025,40.0,4.8,1.47,1.32,1.2,4.82,8,1.64,10.16,2.33,6,3,10,57.89,1.0,16,4,5.34,8.2,1.9,5.11,3.4,4.8,20.0,1.21,0.8,42.11,6.6,15,1.2,0,1
2025-05-04,I1,11:30,Empoli,Lazio,A,A,2024/2025,40.0,5.6,1.47,1.37,0.4,4.49,7,1.8,9.86,2.19,3,5,8,57.89,1.2,16,2,5.37,7.0,1.82,5.11,2.0,5.0,40.0,1.21,1.8,36.84,5.8,9,1.2,0,0
2025-05-18,I1,19:45,Inter,Lazio,D,H,2024/2025,40.0,3.4,1.47,1.11,1.6,6.15,10,2.28,10.8,1.68,4,1,10,57.89,1.2,14,3,4.65,8.2,2.03,5.11,4.0,4.2,60.0,1.21,1.0,63.16,6.2,12,1.4,1,0
2025-08-24,I1,17:30,Como,Lazio,H,D,2025/2026,0.0,0.0,0.6,0.7,2.0,4.62,19,1.93,6.67,1.9,1,2,12,10.0,0.0,15,6,2.05,6.0,1.71,4.0,6.0,0.0,0.0,0.7,0.0,20.0,6.0,5,2.0,0,0
2025-09-14,I1,17:00,Sassuolo,Lazio,H,D,2025/2026,0.0,4.5,0.6,1.4,0.5,3.69,10,1.93,6.99,1.92,3,6,11,10.0,0.0,15,3,3.3,5.5,2.01,4.0,2.0,3.5,0.0,0.7,1.0,50.0,4.5,13,1.5,0,0
2025-09-29,I1,19:45,Genoa,Lazio,A,A,2025/2026,33.33,3.67,0.6,1.18,0.0,3.8,17,1.55,6.91,2.51,6,5,16,10.0,1.0,18,5,3.11,6.33,1.74,4.0,4.0,2.33,33.33,0.7,1.33,45.45,5.0,10,1.0,1,0
2025-10-19,I1,17:00,Atalanta,Lazio,D,D,2025/2026,25.0,2.5,0.6,0.82,1.5,5.92,16,2.05,8.66,1.79,1,4,5,10.0,0.75,10,6,2.74,10.25,1.9,4.0,8.25,2.0,25.0,0.7,0.75,27.27,5.5,4,0.75,0,0
2025-10-30,I1,19:45,Pisa,Lazio,D,D,2025/2026,20.0,5.6,0.6,1.0,0.0,4.18,10,1.6,7.5,2.32,6,2,12,10.0,0.6,16,2,3.32,5.6,1.71,4.0,3.8,1.8,0.0,0.7,0.4,9.09,5.0,11,0.6,0,0
2025-11-09,I1,19:45,Inter,Lazio,H,H,2025/2026,20.0,2.4,0.6,0.73,2.4,6.72,8,2.18,9.15,1.73,5,3,11,10.0,0.6,26,3,2.43,10.8,1.75,4.0,8.8,2.0,80.0,0.7,0.8,72.73,4.4,8,0.6,0,0
2025-11-29,I1,19:45,Milan,Lazio,H,D,2025/2026,20.0,4.8,0.6,0.82,1.6,5.12,16,1.78,8.0,2.05,4,3,12,10.0,0.6,10,4,2.88,4.6,4.48,4.0,3.2,1.4,60.0,0.7,0.8,54.55,4.0,9,0.6,0,0
2025-12-13,I1,17:00,Parma,Lazio,A,D,2025/2026,0.0,4.8,0.6,1.18,0.6,3.65,19,1.65,6.86,2.26,5,2,8,10.0,0.2,14,5,3.21,5.6,1.73,4.0,3.4,2.2,40.0,0.7,1.6,27.27,3.6,15,0.6,0,0
2025-12-27,I1,17:00,Udinese,Lazio,D,D,2025/2026,0.0,3.4,0.6,1.45,0.8,4.1,15,1.53,7.18,2.65,2,3,14,10.0,0.4,19,4,3.08,8.0,1.95,4.0,4.8,3.2,40.0,0.7,1.2,45.45,3.2,14,0.8,0,1
2026-01-11,I1,17:00,Verona,Lazio,A,D,2025/2026,0.0,5.0,0.6,1.6,1.0,4.16,10,1.44,7.31,2.74,2,2,7,10.0,0.6,12,2,3.15,7.0,1.87,4.0,3.8,3.2,80.0,0.7,1.8,60.0,3.0,11,0.8,0,0
2023-08-27,I1,17:30,Fiorentina,Lecce,D,H,2023/2024,100.0,3.0,0.79,1.16,2.0,5.2,9,1.91,8.69,1.99,2,1,12,36.84,2.0,13,4,3.49,6.0,1.8,5.89,3.0,3.0,100.0,1.42,2.0,68.42,3.0,6,2.0,1,0
2023-09-17,I1,14:00,Monza,Lecce,D,D,2023/2024,50.0,3.0,0.79,1.37,1.5,5.61,25,1.82,9.26,2.09,3,6,11,36.84,1.5,17,6,3.65,10.0,2.04,5.89,8.0,2.0,0.0,1.42,0.5,42.11,6.5,4,1.5,0,1
2023-09-26,I1,19:45,Juventus,Lecce,H,D,2023/2024,33.33,3.67,0.79,0.58,1.67,6.0,14,2.03,9.51,1.91,0,2,15,36.84,1.0,14,5,3.51,7.34,2.03,5.89,5.67,1.67,33.33,1.42,0.67,26.32,6.0,2,1.33,0,0
2023-10-23,I1,17:30,Udinese,Lecce,D,D,2023/2024,25.0,3.6,0.79,1.53,0.6,5.15,12,1.75,9.28,2.21,1,3,15,36.84,1.0,11,6,4.13,8.4,1.99,5.89,5.4,3.0,40.0,1.42,1.6,47.37,5.0,12,1.25,0,0
2023-11-05,I1,17:00,Roma,Lecce,H,D,2023/2024,40.0,4.2,0.79,1.0,2.6,5.16,15,1.77,8.98,2.17,4,3,11,36.84,1.0,18,5,3.82,7.8,1.83,5.89,5.0,2.8,60.0,1.42,0.6,52.63,5.0,15,1.4,1,0
2023-11-27,I1,17:30,Verona,Lecce,D,D,2023/2024,40.0,4.2,0.79,1.37,0.8,4.84,19,1.56,9.05,2.53,5,1,17,36.84,1.0,15,11,4.21,6.2,2.03,5.89,3.6,2.6,60.0,1.42,1.8,57.89,5.2,14,1.4,1,0
2023-12-11,I1,17:30,Empoli,Lecce,D,D,2023/2024,40.0,4.6,0.79,1.21,1.0,5.11,18,1.75,9.39,2.23,5,2,18,36.84,1.0,14,6,4.28,9.4,1.75,5.89,6.4,3.0,40.0,1.42,1.6,31.58,4.8,14,1.4,0,1
2023-12-23,I1,17:00,Inter,Lecce,H,H,2023/2024,40.0,2.8,0.79,0.58,2.2,7.15,20,2.13,10.53,1.85,5,1,14,36.84,1.0,8,8,3.38,12.4,1.91,5.89,9.2,3.2,40.0,1.42,0.4,52.63,7.0,11,1.6,0,1
2023-12-30,I1,11:30,Atalanta,Lecce,H,D,2023/2024,40.0,4.4,0.79,0.84,2.0,6.32,17,2.25,10.05,1.72,2,2,16,36.84,0.8,10,4,3.73,9.4,1.84,5.89,6.4,3.0,80.0,1.42,1.4,68.42,7.6,15,1.6,0,1
2024-01-14,I1,11:30,Lazio,Lecce,H,D,2023/2024,20.0,3.6,0.79,0.74,1.0,5.63,8,1.75,9.3,2.2,3,4,12,36.84,0.6,14,2,3.67,8.4,2.0,5.89,4.8,3.6,20.0,1.42,0.6,26.32,7.0,11,1.4,0,0
2024-01-28,I1,11:30,Genoa,Lecce,H,A,2023/2024,20.0,5.0,0.79,1.16,1.0,5.39,19,1.56,9.64,2.61,5,0,17,36.84,0.4,12,7,4.25,10.8,1.79,5.89,6.0,4.8,20.0,1.42,0.8,42.11,6.8,19,1.4,1,1
2024-02-11,I1,14:00,Bologna,Lecce,H,H,2023/2024,40.0,3.2,0.79,0.63,2.4,5.33,16,1.77,9.06,2.17,3,1,13,36.84,0.2,10,6,3.73,9.6,1.91,5.89,4.8,4.8,40.0,1.42,0.6,36.84,6.0,14,2.0,1,0
2024-02-16,I1,18:00,Torino,Lecce,H,D,2023/2024,40.0,3.4,0.79,0.47,1.4,5.66,12,1.61,9.44,2.5,4,1,11,36.84,0.2,16,4,3.78,11.6,2.06,5.89,6.2,5.4,20.0,1.42,0.2,26.32,3.8,8,2.0,0,0
2024-03-03,I1,14:00,Frosinone,Lecce,D,H,2023/2024,40.0,3.8,0.79,1.68,1.6,6.29,15,1.98,10.49,1.92,4,1,10,36.84,0.4,11,7,4.2,13.2,1.89,5.89,7.4,5.8,80.0,1.42,2.2,73.68,5.2,11,2.0,0,1
2024-03-16,I1,17:00,Salernitana,Lecce,A,A,2023/2024,40.0,5.2,0.79,2.0,0.6,5.29,15,1.78,9.83,2.14,4,4,18,36.84,0.6,9,6,4.54,10.6,1.8,5.89,5.6,5.0,60.0,1.42,2.0,68.42,6.2,17,1.8,0,0
2024-04-06,I1,14:00,Milan,Lecce,H,H,2023/2024,40.0,2.2,0.79,0.89,1.6,5.72,16,2.36,9.29,1.66,7,1,8,36.84,0.4,8,8,3.57,8.8,2.03,5.89,5.2,3.6,40.0,1.42,0.6,52.63,6.6,12,2.0,1,0
2024-04-21,I1,11:30,Sassuolo,Lecce,A,A,2023/2024,40.0,4.6,0.79,1.79,1.2,5.67,10,1.89,9.78,2.04,8,1,13,36.84,1.0,10,3,4.11,9.2,1.86,5.89,5.4,3.8,60.0,1.42,2.6,47.37,7.6,14,1.2,1,1
2024-05-05,I1,11:30,Cagliari,Lecce,D,H,2023/2024,40.0,4.6,0.79,1.68,2.0,5.46,9,1.68,9.77,2.3,3,4,15,36.84,1.2,9,3,4.31,9.4,2.0,5.89,4.6,4.8,60.0,1.42,1.4,63.16,7.2,16,1.0,0,1
2024-05-26,I1,17:00,Napoli,Lecce,D,D,2023/2024,40.0,2.6,0.79,1.42,0.8,6.84,24,2.63,10.3,1.5,0,0,17,36.84,1.0,10,5,3.46,10.4,1.91,5.89,7.0,3.4,60.0,1.42,1.8,63.16,5.6,10,0.8,0,0
2024-08-24,I1,19:45,Inter,Lecce,H,H,2024/2025,0.0,6.0,0.74,1.11,2.0,7.57,11,2.43,11.45,1.59,4,0,12,36.84,0.0,9,3,3.88,16.0,2.05,6.89,10.0,6.0,0.0,1.42,0.0,63.16,10.0,10,2.0,0,1
2024-09-15,I1,14:00,Torino,Lecce,D,D,2024/2025,0.0,6.5,0.74,0.95,1.0,5.14,5,1.68,9.38,2.36,6,1,13,36.84,0.0,13,0,4.24,9.5,2.03,6.89,3.0,6.5,50.0,1.42,0.5,15.79,6.0,20,1.0,0,0
2024-09-27,I1,19:45,Milan,Lecce,H,H,2024/2025,33.33,3.33,0.74,0.84,3.0,6.19,15,2.88,10.2,1.48,7,1,8,36.84,0.0,5,6,4.01,13.0,1.91,6.89,6.33,6.67,100.0,1.42,0.67,47.37,5.33,16,1.67,1,1
2024-10-05,I1,14:00,Udinese,Lecce,H,D,2024/2025,25.0,5.5,0.74,1.42,1.5,5.41,13,1.66,9.62,2.35,3,2,16,36.84,0.0,12,4,4.21,10.0,1.93,6.89,5.0,5.0,50.0,1.42,1.0,52.63,5.25,9,1.5,0,0
2024-10-26,I1,14:00,Napoli,Lecce,H,D,2024/2025,20.0,3.6,0.74,0.68,2.2,6.9,24,2.11,10.53,1.8,2,3,7,36.84,0.0,13,8,3.63,11.8,1.94,6.89,6.8,5.0,60.0,1.42,0.4,47.37,7.4,11,1.4,0,1
2024-11-02,I1,14:00,Bologna,Lecce,H,D,2024/2025,20.0,4.8,0.74,0.95,0.8,6.71,20,1.87,10.32,2.09,0,2,14,36.84,0.0,9,4,3.61,11.4,2.0,6.89,7.4,4.0,0.0,1.42,0.6,47.37,7.2,6,1.2,0,0
2024-11-25,I1,19:45,Venezia,Lecce,A,D,2024/2025,20.0,4.6,0.74,1.16,1.2,5.1,16,1.78,9.18,2.18,2,1,16,36.84,0.2,12,6,4.08,6.8,1.85,6.89,3.8,3.0,40.0,1.42,1.4,31.58,8.0,7,1.2,0,0
2024-12-07,I1,19:45,Roma,Lecce,H,D,2024/2025,20.0,3.2,0.74,0.79,1.4,5.41,23,1.86,8.72,2.02,1,2,14,36.84,0.4,5,9,3.31,5.8,1.85,6.89,4.0,1.8,40.0,1.42,1.4,52.63,8.8,3,1.4,1,0
2024-12-30,I1,17:30,Como,Lecce,H,D,2024/2025,20.0,4.4,0.74,1.37,1.2,5.87,15,1.88,9.38,1.99,1,3,15,36.84,0.4,12,8,3.51,8.0,1.89,6.89,5.4,2.6,20.0,1.42,1.6,47.37,8.6,11,1.6,0,0
2025-01-11,I1,14:00,Empoli,Lecce,A,A,2024/2025,40.0,4.6,0.74,1.37,0.8,5.51,15,1.62,9.27,2.42,6,0,21,36.84,1.0,11,5,3.76,8.4,1.81,6.89,6.4,2.0,40.0,1.42,1.4,36.84,7.2,14,1.6,1,1
2025-01-19,I1,14:00,Cagliari,Lecce,H,A,2024/2025,60.0,3.4,0.74,1.47,1.6,6.06,19,1.87,9.75,2.01,2,3,10,36.84,1.2,11,7,3.69,7.2,1.89,6.89,5.2,2.0,60.0,1.42,1.6,57.89,6.6,7,2.2,1,0
2025-01-31,I1,19:45,Parma,Lecce,A,D,2024/2025,80.0,4.4,0.74,1.47,1.8,5.03,19,2.05,8.95,1.98,3,1,14,36.84,1.6,8,7,3.92,6.8,2.0,6.89,4.8,2.0,80.0,1.42,1.8,52.63,6.0,6,2.4,1,0
2025-02-16,I1,14:00,Monza,Lecce,D,D,2024/2025,60.0,4.8,0.74,1.63,0.8,4.6,8,1.62,8.45,2.43,5,2,18,36.84,1.4,10,3,3.85,6.4,1.93,6.89,3.2,3.2,60.0,1.42,1.2,47.37,5.0,19,1.6,0,0
2025-02-28,I1,19:45,Fiorentina,Lecce,H,H,2024/2025,60.0,4.2,0.74,0.95,1.4,4.8,10,1.63,8.44,2.43,3,3,12,36.84,1.4,10,3,3.64,6.4,1.82,6.89,3.6,2.8,40.0,1.42,0.8,63.16,5.2,8,1.4,0,0
2025-03-14,I1,19:45,Genoa,Lecce,H,H,2024/2025,60.0,5.8,0.74,1.32,1.6,5.17,8,1.56,9.21,2.54,2,3,10,36.84,1.0,12,2,4.04,8.0,1.78,6.89,5.0,3.0,20.0,1.42,0.4,42.11,4.0,15,1.6,1,0
2025-04-12,I1,19:45,Juventus,Lecce,H,H,2024/2025,60.0,3.4,0.74,0.79,1.2,5.95,22,2.01,9.49,1.9,3,0,10,36.84,1.0,7,7,3.54,9.2,1.79,6.89,5.6,3.6,40.0,1.42,1.0,42.11,4.6,14,1.2,1,1
2025-04-27,I1,19:45,Atalanta,Lecce,D,A,2024/2025,40.0,4.0,0.74,1.26,0.6,6.1,21,2.55,9.56,1.6,3,1,8,36.84,0.6,10,6,3.46,10.2,1.92,6.89,6.4,3.8,0.0,1.42,0.8,52.63,6.4,10,1.2,0,1
2025-05-11,I1,14:00,Verona,Lecce,D,D,2024/2025,40.0,3.8,0.74,1.89,0.4,5.34,6,1.56,9.07,2.69,3,4,15,36.84,0.8,17,2,3.73,7.0,1.98,6.89,3.4,3.6,20.0,1.42,1.0,57.89,6.4,11,1.4,0,0
2025-05-25,I1,19:45,Lazio,Lecce,A,A,2024/2025,40.0,3.2,0.74,1.37,1.0,6.76,26,2.32,10.36,1.63,3,2,11,36.84,1.0,11,7,3.6,11.4,1.92,6.89,7.4,4.0,20.0,1.42,1.2,63.16,8.2,9,1.2,0,1
2025-08-23,I1,17:30,Genoa,Lecce,D,D,2025/2026,0.0,7.0,0.6,1.18,0.0,4.17,5,1.58,9.13,2.42,0,2,13,20.0,0.0,16,2,4.96,10.0,1.88,6.7,3.0,7.0,0.0,1.4,0.0,45.45,3.0,7,0.0,0,0
2025-09-14,I1,14:00,Atalanta,Lecce,H,H,2025/2026,50.0,3.0,0.6,0.82,2.5,6.67,19,2.06,10.75,1.77,3,0,7,20.0,0.5,12,8,4.08,13.5,1.9,6.7,9.0,4.5,50.0,1.4,1.0,27.27,5.5,12,2.0,1,0
2025-10-04,I1,14:00,Parma,Lecce,A,A,2025/2026,33.33,4.67,0.6,1.18,1.0,4.43,10,1.67,9.05,2.21,3,1,16,20.0,0.67,16,2,4.62,9.0,1.96,6.7,3.0,6.0,33.33,1.4,1.0,27.27,5.0,7,1.33,0,1
2025-10-25,I1,14:00,Udinese,Lecce,H,H,2025/2026,50.0,4.0,0.6,1.45,1.25,4.87,8,1.63,9.41,2.27,3,2,12,20.0,1.0,12,4,4.54,11.0,1.99,6.7,4.25,6.75,50.0,1.4,1.75,45.45,4.75,13,1.75,1,1
2025-11-02,I1,14:00,Fiorentina,Lecce,A,A,2025/2026,40.0,5.0,0.6,1.5,1.0,5.55,15,1.73,10.19,2.13,4,4,21,20.0,1.0,14,4,4.64,10.6,1.98,6.7,4.4,6.2,80.0,1.4,2.0,60.0,4.6,11,1.4,0,0
2025-11-23,I1,17:00,Lazio,Lecce,H,H,2025/2026,40.0,4.6,0.6,1.09,1.6,5.4,19,1.5,9.64,2.56,1,1,13,20.0,1.0,8,9,4.24,9.8,2.0,6.7,4.6,5.2,20.0,1.4,0.8,36.36,5.6,5,1.8,0,0
2025-12-07,I1,11:30,Cremonese,Lecce,H,D,2025/2026,20.0,5.4,0.6,1.3,1.2,4.22,11,1.67,9.11,2.27,1,1,12,20.0,0.8,15,4,4.89,9.2,1.74,6.7,3.4,5.8,40.0,1.4,1.4,40.0,5.0,9,1.4,0,0
2026-01-03,I1,17:00,Juventus,Lecce,D,A,2025/2026,20.0,3.4,0.6,0.8,1.6,6.25,25,2.0,10.48,1.81,1,0,7,20.0,0.8,6,5,4.23,9.6,1.95,6.7,5.4,4.2,60.0,1.4,0.8,50.0,6.2,6,1.6,0,1
2026-01-14,I1,19:45,Inter,Lecce,H,D,2025/2026,0.0,2.0,0.6,0.73,2.0,7.6,21,2.5,11.13,1.52,1,2,14,20.0,0.4,11,7,3.53,10.6,1.85,6.7,7.6,3.0,60.0,1.4,0.8,72.73,7.6,10,1.2,0,1
2023-08-21,I1,19:45,Bologna,Milan,A,A,2023/2024,0.0,6.0,2.0,0.63,0.0,4.48,17,1.94,8.99,2.0,6,2,4,78.95,2.0,10,5,4.51,9.0,1.99,4.42,3.0,6.0,0.0,1.68,2.0,36.84,3.0,10,0.0,0,0
2023-09-01,I1,19:45,Roma,Milan,A,A,2023/2024,50.0,3.0,2.0,1.0,1.5,4.69,13,1.64,9.04,2.44,4,2,15,78.95,2.0,14,2,4.35,11.5,1.89,4.42,6.0,5.5,100.0,1.68,2.0,52.63,3.0,9,0.5,1,0
2023-09-16,I1,17:00,Inter,Milan,H,H,2023/2024,66.67,1.33,2.0,0.58,3.67,5.99,14,2.13,9.65,1.85,2,2,13,78.95,1.67,16,7,3.66,8.34,2.01,4.42,4.67,3.67,66.67,1.68,0.33,52.63,3.67,9,2.0,1,0
2023-09-27,I1,17:30,Cagliari,Milan,A,A,2023/2024,75.0,6.0,2.0,1.68,0.33,4.63,16,1.78,9.38,2.24,6,3,6,78.95,2.0,13,6,4.75,7.67,1.83,4.42,3.67,4.0,33.33,1.68,1.67,63.16,3.5,17,1.75,1,0
2023-10-07,I1,19:45,Genoa,Milan,A,D,2023/2024,60.0,3.5,2.0,1.16,1.75,4.33,7,1.71,8.69,2.27,3,3,13,78.95,1.8,10,1,4.36,6.1,1.94,4.42,2.5,3.6,75.0,1.68,2.0,42.11,3.4,12,1.4,0,0
2023-10-29,I1,19:45,Napoli,Milan,D,A,2023/2024,80.0,3.6,2.0,1.42,2.0,6.39,17,2.03,10.31,1.94,6,4,10,78.95,1.8,14,4,3.92,11.0,1.93,4.42,7.8,3.2,80.0,1.68,1.6,63.16,4.0,20,1.8,1,0
2023-11-11,I1,14:00,Lecce,Milan,D,A,2023/2024,80.0,2.8,2.0,1.42,0.8,4.73,14,1.8,8.75,2.18,6,4,16,78.95,1.8,12,5,4.02,6.0,1.95,4.42,3.6,2.4,40.0,1.68,1.6,36.84,4.0,10,2.0,1,0
2023-12-09,I1,17:00,Atalanta,Milan,H,D,2023/2024,80.0,3.0,2.0,0.84,1.4,5.57,19,1.9,9.56,2.03,4,1,11,78.95,2.0,11,7,3.99,9.2,2.06,4.42,6.0,3.2,60.0,1.68,1.2,68.42,4.2,14,1.6,1,0
2023-12-22,I1,19:45,Salernitana,Milan,D,D,2023/2024,80.0,6.0,2.0,2.0,1.4,4.84,19,2.6,9.68,1.65,9,3,11,78.95,1.8,16,7,4.84,9.6,1.93,4.42,6.2,3.4,80.0,1.68,1.8,68.42,4.8,21,1.8,1,1
2024-01-07,I1,11:30,Empoli,Milan,A,A,2023/2024,100.0,5.8,2.0,1.21,0.8,4.78,17,2.19,9.68,1.75,6,1,13,78.95,2.2,9,2,4.9,10.4,1.82,4.42,6.2,4.2,60.0,1.68,2.6,31.58,5.4,13,1.8,1,1
2024-01-20,I1,19:45,Udinese,Milan,A,D,2023/2024,100.0,6.8,2.0,1.53,2.2,4.7,11,2.05,9.71,1.91,7,6,9,78.95,2.4,12,6,5.01,9.2,1.89,4.42,4.4,4.8,100.0,1.68,2.0,47.37,5.2,15,1.8,1,1
2024-02-03,I1,17:00,Frosinone,Milan,A,D,2023/2024,100.0,5.0,2.0,1.68,1.6,5.68,7,2.33,10.34,1.67,5,1,13,78.95,2.6,10,4,4.66,10.6,1.81,4.42,5.2,5.4,80.0,1.68,1.8,73.68,5.0,13,1.8,1,0
2024-02-18,I1,19:45,Monza,Milan,H,H,2023/2024,100.0,3.8,2.0,1.37,1.2,4.73,12,1.93,9.16,1.98,6,4,10,78.95,2.6,11,6,4.43,9.4,2.01,4.42,4.2,5.2,40.0,1.68,1.6,42.11,5.2,16,2.0,1,0
2024-03-01,I1,19:45,Lazio,Milan,A,D,2023/2024,80.0,3.6,2.0,0.74,1.0,4.97,11,1.81,9.16,2.09,5,5,19,78.95,2.4,17,3,4.19,9.4,1.88,4.42,4.4,5.0,40.0,1.68,0.8,26.32,4.4,14,1.6,0,0
2024-03-17,I1,14:00,Verona,Milan,A,A,2023/2024,80.0,7.4,2.0,1.37,1.4,4.3,15,1.95,9.43,1.95,6,1,8,78.95,2.4,9,4,5.13,8.0,1.92,4.42,3.2,4.8,60.0,1.68,1.4,57.89,3.8,18,1.8,1,0
2024-03-30,I1,19:45,Fiorentina,Milan,A,D,2023/2024,80.0,4.0,2.0,1.16,2.0,5.39,17,2.03,9.5,1.89,10,2,12,78.95,2.2,8,7,4.11,11.8,1.81,4.42,7.4,4.4,80.0,1.68,1.4,68.42,4.2,14,1.6,1,1
2024-04-14,I1,14:00,Sassuolo,Milan,D,H,2023/2024,80.0,4.0,2.0,1.79,1.6,4.86,10,2.35,9.39,1.64,7,3,9,78.95,2.2,12,5,4.53,9.2,1.96,4.42,4.4,4.8,60.0,1.68,2.6,47.37,4.2,23,1.8,1,0
2024-04-27,I1,17:00,Juventus,Milan,D,D,2023/2024,60.0,3.6,2.0,0.58,1.2,5.69,18,1.97,9.91,1.98,0,0,4,78.95,1.8,10,7,4.22,12.6,2.06,4.42,7.6,5.0,40.0,1.68,0.8,26.32,4.6,9,1.0,0,1
2024-05-18,I1,19:45,Torino,Milan,H,H,2023/2024,80.0,4.0,2.0,0.47,0.8,5.25,11,1.74,9.49,2.21,4,1,14,78.95,1.8,15,5,4.24,10.4,1.86,4.42,4.8,5.6,20.0,1.68,0.2,26.32,4.8,16,1.6,1,1
2024-08-24,I1,17:30,Parma,Milan,H,H,2024/2025,100.0,9.0,1.63,1.47,1.5,3.9,8,2.49,10.02,1.6,5,0,13,73.68,1.0,9,5,6.12,12.5,1.87,4.11,3.5,9.0,50.0,1.42,1.0,52.63,3.0,17,2.0,1,1
2024-08-31,I1,19:45,Lazio,Milan,D,A,2024/2025,100.0,5.0,1.63,1.37,2.5,5.45,7,2.02,10.67,1.86,4,4,9,73.68,1.5,12,5,5.22,13.5,2.08,4.11,5.5,8.0,100.0,1.42,1.5,63.16,4.0,10,2.0,1,1
2024-09-22,I1,19:45,Inter,Milan,A,D,2024/2025,100.0,4.0,1.63,1.11,2.33,5.98,13,2.21,10.7,1.73,8,4,4,73.68,1.67,13,4,4.72,12.33,2.01,4.11,6.33,6.0,66.67,1.42,0.67,63.16,4.67,16,1.67,1,0
2024-10-06,I1,19:45,Fiorentina,Milan,H,H,2024/2025,100.0,5.0,1.63,0.95,1.5,3.98,12,2.3,9.09,1.68,8,2,21,73.68,1.5,11,3,5.11,10.25,1.89,4.11,4.0,6.25,75.0,1.42,1.0,63.16,3.5,16,1.75,1,0
2024-11-02,I1,19:45,Monza,Milan,A,A,2024/2025,80.0,4.2,1.63,1.63,1.0,3.64,12,2.0,8.75,1.92,7,2,15,73.68,1.4,18,2,5.11,8.2,1.91,4.11,2.2,6.0,40.0,1.42,1.4,47.37,3.4,18,1.4,0,0
2024-11-09,I1,17:00,Cagliari,Milan,D,A,2024/2025,80.0,5.0,1.63,1.47,1.2,5.36,16,2.41,10.53,1.64,6,0,11,73.68,1.8,7,7,5.17,12.6,2.02,4.11,7.8,4.8,60.0,1.42,2.6,57.89,4.0,13,1.6,1,0
2024-12-06,I1,19:45,Atalanta,Milan,H,D,2024/2025,80.0,2.0,1.63,1.26,3.4,5.04,17,2.32,9.3,1.79,2,2,13,73.68,1.6,14,8,4.26,8.2,2.0,4.11,4.8,3.4,80.0,1.42,0.8,52.63,4.4,6,1.6,1,0
2024-12-20,I1,19:45,Verona,Milan,A,D,2024/2025,60.0,5.2,1.63,1.89,0.8,4.5,10,2.25,9.51,1.76,6,1,9,73.68,1.4,21,2,5.01,9.2,2.01,4.11,4.6,4.6,80.0,1.42,3.0,57.89,3.8,14,1.4,0,1
2025-01-14,I1,17:30,Como,Milan,A,D,2024/2025,60.0,4.2,1.63,1.37,1.2,4.72,12,2.1,9.39,1.84,6,1,17,73.68,1.6,11,4,4.67,9.2,1.91,4.11,5.2,4.0,20.0,1.42,1.0,47.37,4.2,12,1.2,1,0
2025-01-18,I1,17:00,Juventus,Milan,H,D,2024/2025,60.0,4.0,1.63,0.79,2.0,5.2,15,1.74,9.88,2.21,3,0,11,73.68,1.4,19,6,4.68,9.0,1.95,4.11,5.0,4.0,60.0,1.42,1.2,42.11,4.6,13,1.6,0,0
2025-02-08,I1,17:00,Empoli,Milan,A,D,2024/2025,40.0,3.8,1.63,1.37,0.6,4.48,8,2.23,9.46,1.72,5,2,10,73.68,1.2,17,0,4.98,11.0,1.83,4.11,6.4,4.6,40.0,1.42,1.8,36.84,3.8,16,1.0,0,0
2025-02-22,I1,17:00,Torino,Milan,H,H,2024/2025,40.0,4.8,1.63,0.95,1.2,4.49,9,2.11,9.63,1.84,8,1,5,73.68,1.2,14,3,5.14,13.0,2.03,4.11,6.2,6.8,20.0,1.42,0.6,15.79,3.2,26,1.0,1,1
2025-02-27,I1,19:45,Bologna,Milan,H,A,2024/2025,60.0,2.6,1.63,0.95,2.4,5.4,14,1.88,10.05,2.02,4,1,15,73.68,1.2,13,4,4.65,11.2,1.82,4.11,5.0,6.2,80.0,1.42,1.2,47.37,3.4,8,1.4,1,0
2025-03-08,I1,17:00,Lecce,Milan,A,H,2024/2025,60.0,4.8,1.63,1.63,0.4,4.91,11,2.01,10.34,1.92,9,2,7,73.68,1.4,13,3,5.43,13.8,1.98,4.11,7.0,6.8,40.0,1.42,1.6,42.11,3.4,16,1.6,1,0
2025-03-30,I1,19:45,Napoli,Milan,H,H,2024/2025,80.0,4.0,1.63,0.68,1.6,5.73,8,2.01,10.64,1.9,4,2,5,73.68,1.6,10,3,4.91,13.6,1.88,4.11,6.6,7.0,60.0,1.42,1.0,47.37,2.8,17,1.6,1,0
2025-04-11,I1,19:45,Udinese,Milan,A,A,2024/2025,100.0,5.2,1.63,1.42,1.4,4.57,14,2.04,10.01,1.86,7,1,9,73.68,2.0,10,5,5.44,12.6,1.95,4.11,5.4,7.2,60.0,1.42,1.4,52.63,3.4,14,1.6,1,1
2025-04-27,I1,11:30,Venezia,Milan,A,A,2024/2025,80.0,4.6,1.63,1.16,0.2,4.05,15,2.33,9.41,1.65,2,1,13,73.68,2.2,14,2,5.36,9.6,1.87,4.11,4.2,5.4,0.0,1.42,0.6,31.58,4.0,12,1.2,0,0
2025-05-05,I1,19:45,Genoa,Milan,A,D,2024/2025,80.0,5.2,1.63,1.32,1.0,4.47,11,2.1,9.77,1.81,5,1,12,73.68,2.4,14,4,5.3,10.0,2.01,4.11,4.2,5.8,40.0,1.42,1.2,42.11,4.8,10,1.0,1,1
2025-05-18,I1,19:45,Roma,Milan,H,D,2024/2025,80.0,3.8,1.63,0.79,1.4,4.49,15,2.16,9.2,1.74,3,3,16,73.68,2.0,12,6,4.71,10.2,1.85,4.11,5.4,4.8,20.0,1.42,0.4,52.63,5.2,12,1.2,1,0
2025-08-29,I1,19:45,Lecce,Milan,A,D,2025/2026,0.0,5.0,1.7,1.36,0.0,4.93,7,1.82,9.1,2.04,6,1,8,40.0,2.0,10,2,4.17,9.0,1.97,5.7,4.0,5.0,0.0,0.7,2.0,45.45,4.0,14,0.0,0,0
2025-09-20,I1,19:45,Udinese,Milan,A,A,2025/2026,50.0,2.5,1.7,1.45,0.5,4.27,10,2.15,8.05,1.75,6,2,7,40.0,2.5,9,4,3.78,7.5,1.8,5.7,3.0,4.5,50.0,0.7,2.0,45.45,2.5,13,0.0,1,0
2025-10-05,I1,19:45,Juventus,Milan,D,D,2025/2026,33.33,5.0,1.7,0.8,1.75,5.98,12,1.78,9.86,2.05,4,2,8,40.0,1.67,15,3,3.88,10.75,1.89,5.7,7.75,3.0,25.0,0.7,1.0,50.0,3.67,13,0.0,0,0
2025-10-28,I1,19:45,Atalanta,Milan,D,D,2025/2026,25.0,2.8,1.7,0.82,1.4,6.31,17,1.91,9.86,1.9,1,1,8,40.0,1.5,9,3,3.55,11.65,1.91,5.7,8.4,3.25,20.0,0.7,0.8,27.27,5.0,6,0.25,0,1
2025-11-08,I1,19:45,Parma,Milan,D,A,2025/2026,40.0,4.6,1.7,1.18,1.0,4.18,14,1.82,8.13,1.98,5,1,10,40.0,1.6,14,4,3.95,6.4,2.01,5.7,3.2,3.2,60.0,0.7,1.4,27.27,4.8,10,0.6,1,0
2025-11-23,I1,19:45,Inter,Milan,A,D,2025/2026,40.0,2.2,1.7,0.73,2.2,7.2,20,1.78,10.31,2.06,3,1,9,40.0,1.4,7,6,3.11,10.4,1.88,5.7,8.0,2.4,60.0,0.7,0.6,72.73,5.8,7,0.6,0,0
2025-12-08,I1,19:45,Torino,Milan,A,H,2025/2026,40.0,4.4,1.7,1.82,1.6,4.74,8,1.83,8.37,1.99,6,2,7,40.0,1.4,16,4,3.63,6.6,1.75,5.7,4.2,2.4,80.0,0.7,2.2,63.64,6.0,17,1.0,1,0
2026-01-02,I1,19:45,Cagliari,Milan,A,D,2025/2026,40.0,4.6,1.7,1.3,1.4,4.6,6,1.75,8.95,2.09,4,2,8,40.0,1.6,10,1,4.35,8.6,1.96,5.7,4.8,3.8,60.0,0.7,1.6,30.0,6.0,11,1.0,0,1
2026-01-11,I1,14:00,Fiorentina,Milan,D,D,2025/2026,40.0,3.8,1.7,1.5,1.8,5.62,20,2.0,9.54,1.86,3,2,14,40.0,1.6,10,7,3.92,10.4,1.95,5.7,6.4,4.0,40.0,0.7,1.0,60.0,5.8,13,1.0,0,1
2026-01-15,I1,19:45,Como,Milan,A,D,2025/2026,40.0,2.4,1.7,0.7,1.0,5.09,18,1.79,8.46,2.04,4,1,5,40.0,1.8,7,8,3.37,10.0,1.75,5.7,5.8,4.2,20.0,0.7,0.8,20.0,6.6,7,0.8,1,1
2023-08-19,I1,19:45,Inter,Monza,H,H,2023/2024,0.0,3.0,0.84,0.58,2.0,7.14,22,2.53,10.64,1.59,2,1,13,36.84,0.0,8,3,3.5,11.0,2.03,5.95,8.0,3.0,0.0,1.32,0.0,52.63,8.0,12,2.0,0,1
2023-09-02,I1,19:45,Atalanta,Monza,H,H,2023/2024,50.0,3.0,0.84,0.84,3.0,6.38,18,2.34,10.09,1.65,2,0,9,36.84,0.0,11,8,3.71,10.0,1.79,5.95,7.0,3.0,100.0,1.32,0.0,68.42,7.5,8,2.5,1,0
2023-09-23,I1,19:45,Lazio,Monza,D,D,2023/2024,33.33,2.0,0.84,0.74,0.5,5.8,8,2.23,9.37,1.76,4,2,7,36.84,0.33,13,1,3.57,11.0,1.84,5.95,8.0,3.0,0.0,1.32,1.0,26.32,5.33,16,2.0,0,0
2023-10-02,I1,17:30,Sassuolo,Monza,A,D,2023/2024,25.0,3.75,0.84,1.79,1.75,5.71,19,2.55,9.79,1.57,4,0,10,36.84,0.5,8,7,4.08,10.75,1.92,5.95,7.5,3.25,50.0,1.32,1.5,47.37,5.75,13,1.5,0,1
2023-10-22,I1,11:30,Roma,Monza,H,D,2023/2024,20.0,4.0,0.84,1.0,2.6,5.38,21,2.03,9.38,1.94,4,2,11,36.84,0.4,11,4,4.0,9.4,1.92,5.95,5.8,3.6,60.0,1.32,0.8,52.63,6.2,11,1.4,0,1
2023-11-05,I1,11:30,Verona,Monza,A,A,2023/2024,40.0,6.2,0.84,1.37,0.8,4.78,16,1.73,9.47,2.22,6,1,12,36.84,1.0,6,5,4.69,7.2,2.0,5.95,3.0,4.2,60.0,1.32,1.6,57.89,5.0,12,1.2,1,0
2023-11-26,I1,11:30,Cagliari,Monza,D,H,2023/2024,20.0,5.4,0.84,1.68,1.8,5.32,17,1.9,9.93,1.99,4,1,15,36.84,1.2,10,6,4.61,10.4,1.81,5.95,4.6,5.8,80.0,1.32,2.4,63.16,5.6,12,0.8,0,1
2023-12-17,I1,11:30,Milan,Monza,H,H,2023/2024,40.0,6.2,0.84,0.89,1.4,5.78,17,2.21,10.13,1.73,4,1,8,36.84,1.0,8,9,4.35,12.2,1.8,5.95,6.0,6.2,40.0,1.32,0.6,52.63,6.2,21,1.2,1,0
2023-12-29,I1,17:30,Napoli,Monza,D,D,2023/2024,40.0,3.0,0.84,1.42,0.8,6.98,25,2.28,10.82,1.7,3,4,21,36.84,0.8,10,9,3.84,12.6,1.81,5.95,7.0,5.6,60.0,1.32,1.4,63.16,6.8,8,1.2,0,1
2024-01-06,I1,14:00,Frosinone,Monza,A,A,2023/2024,60.0,4.2,0.84,1.68,1.4,6.25,10,2.13,10.51,1.82,2,3,16,36.84,1.4,11,5,4.26,10.6,1.94,5.95,5.8,4.8,80.0,1.32,1.4,73.68,6.2,7,1.4,1,0
2024-01-21,I1,14:00,Empoli,Monza,H,H,2023/2024,60.0,6.0,0.84,1.21,1.4,5.19,9,1.82,9.92,2.06,5,1,10,36.84,0.8,15,5,4.73,10.8,1.84,5.95,5.8,5.0,60.0,1.32,2.0,31.58,6.0,15,1.8,1,0
2024-02-03,I1,14:00,Udinese,Monza,D,D,2023/2024,60.0,7.0,0.84,1.53,1.6,5.14,21,1.8,9.78,2.18,2,3,13,36.84,0.6,12,6,4.64,8.4,1.92,5.95,4.8,3.6,80.0,1.32,1.4,47.37,5.4,3,1.6,0,1
2024-02-24,I1,17:00,Salernitana,Monza,A,D,2023/2024,40.0,6.6,0.84,2.0,0.8,5.18,11,1.79,9.96,2.13,7,2,13,36.84,1.0,6,3,4.78,9.4,1.78,5.95,4.6,4.8,80.0,1.32,2.2,68.42,6.0,17,1.0,0,1
2024-03-09,I1,19:45,Genoa,Monza,A,A,2023/2024,60.0,4.0,0.84,1.16,1.4,5.44,22,1.64,9.7,2.38,5,1,10,36.84,1.6,11,6,4.26,12.0,2.03,5.95,7.2,4.8,60.0,1.32,1.6,42.11,6.0,9,1.4,1,1
2024-03-30,I1,14:00,Torino,Monza,H,D,2023/2024,40.0,3.4,0.84,0.47,0.6,5.97,15,1.65,9.83,2.34,2,0,11,36.84,1.0,9,6,3.86,11.6,2.03,5.95,6.6,5.0,0.0,1.32,0.4,26.32,6.4,9,1.2,0,0
2024-04-13,I1,19:45,Bologna,Monza,D,D,2023/2024,20.0,1.8,0.84,0.63,1.4,5.79,17,1.86,9.37,2.05,0,4,19,36.84,1.0,13,7,3.58,10.6,1.91,5.95,7.0,3.6,20.0,1.32,0.2,36.84,8.2,4,0.6,0,0
2024-04-27,I1,14:00,Lecce,Monza,D,D,2023/2024,20.0,5.6,0.84,1.42,0.4,5.75,12,1.73,9.93,2.21,1,2,18,36.84,1.2,13,4,4.18,11.0,1.82,5.95,7.2,3.8,20.0,1.32,1.2,36.84,6.8,9,0.8,0,0
2024-05-13,I1,19:45,Fiorentina,Monza,H,D,2023/2024,40.0,2.4,0.84,1.16,2.2,6.01,15,2.35,9.43,1.64,2,1,14,36.84,1.0,9,8,3.42,9.2,1.9,5.95,7.4,1.8,80.0,1.32,1.4,68.42,6.6,5,1.2,1,0
2024-05-25,I1,17:00,Juventus,Monza,H,H,2023/2024,20.0,4.0,0.84,0.58,0.8,6.13,12,2.56,9.87,1.57,4,1,13,36.84,0.4,15,4,3.74,10.0,1.9,5.95,7.6,2.4,0.0,1.32,0.2,26.32,5.2,12,1.2,0,0
2024-08-17,I1,19:45,Empoli,Monza,D,D,2024/2025,0.0,3.0,0.79,1.37,0.0,5.28,9,1.73,8.92,2.22,1,0,19,52.63,0.0,16,1,3.64,10.0,1.76,5.79,7.0,3.0,0.0,2.0,0.0,36.84,7.0,4,0.0,0,0
2024-09-01,I1,17:30,Fiorentina,Monza,D,A,2024/2025,50.0,1.5,0.79,0.95,1.0,4.95,15,1.85,8.13,2.08,3,2,21,52.63,1.0,11,5,3.18,8.0,1.95,5.79,6.5,1.5,50.0,2.0,1.0,63.16,6.5,4,1.0,1,0
2024-09-29,I1,19:45,Napoli,Monza,H,H,2024/2025,33.33,4.0,0.79,0.68,2.33,6.14,11,2.23,9.45,1.74,1,1,8,52.63,0.67,16,2,3.31,6.67,2.03,5.79,4.67,2.0,66.67,2.0,0.33,47.37,4.67,5,1.33,0,0
2024-10-21,I1,19:45,Verona,Monza,A,A,2024/2025,50.0,4.8,0.79,1.89,1.4,5.3,16,1.68,9.01,2.3,4,3,13,52.63,1.25,8,4,3.71,9.4,1.87,5.79,6.4,3.0,100.0,2.0,2.0,57.89,5.75,10,1.0,1,1
2024-10-30,I1,19:45,Atalanta,Monza,H,D,2024/2025,40.0,1.8,0.79,1.26,3.6,5.56,16,2.36,8.62,1.65,3,2,11,52.63,1.0,14,6,3.06,7.2,1.95,5.79,4.6,2.6,80.0,2.0,1.4,52.63,5.6,4,1.2,0,0
2024-11-24,I1,14:00,Torino,Monza,D,D,2024/2025,40.0,3.4,0.79,0.95,0.8,4.81,12,1.54,8.29,2.62,6,1,13,52.63,1.2,17,5,3.48,5.4,1.81,5.79,2.8,2.6,20.0,2.0,1.0,15.79,5.6,9,1.4,0,0
2024-11-30,I1,14:00,Como,Monza,D,H,2024/2025,20.0,3.6,0.79,1.37,1.2,5.52,17,1.87,8.97,2.08,3,3,11,52.63,1.0,16,3,3.45,10.0,1.81,5.79,6.6,3.4,40.0,2.0,2.2,47.37,6.6,9,1.2,0,1
2024-12-15,I1,11:30,Lecce,Monza,H,H,2024/2025,40.0,4.8,0.79,1.63,1.0,5.21,11,1.76,9.28,2.24,1,1,16,52.63,1.2,15,4,4.07,6.6,1.75,5.79,2.4,4.2,40.0,2.0,1.8,42.11,6.8,10,1.2,1,0
2024-12-28,I1,14:00,Parma,Monza,H,D,2024/2025,40.0,6.0,0.79,1.47,1.6,4.62,9,2.04,8.86,1.91,4,3,21,52.63,0.8,16,3,4.24,7.8,1.84,5.79,3.6,4.2,80.0,2.0,1.8,52.63,5.8,10,1.6,1,0
2025-01-18,I1,14:00,Bologna,Monza,H,H,2024/2025,60.0,2.4,0.79,0.95,2.2,5.98,18,1.81,9.29,2.1,1,1,18,52.63,1.0,16,7,3.31,8.4,1.79,5.79,4.4,4.0,80.0,2.0,1.2,47.37,5.6,3,1.8,1,0
2025-01-27,I1,19:45,Genoa,Monza,H,D,2024/2025,60.0,6.6,0.79,1.32,1.2,5.19,18,1.6,9.41,2.45,1,0,19,52.63,0.8,13,6,4.22,10.6,1.93,5.79,6.0,4.6,40.0,2.0,0.8,42.11,6.0,5,2.0,0,1
2025-02-09,I1,14:00,Lazio,Monza,H,H,2024/2025,80.0,3.8,0.79,1.37,1.6,6.16,26,2.51,9.76,1.61,1,0,12,52.63,0.8,10,9,3.6,11.0,2.02,5.79,7.0,4.0,60.0,2.0,2.2,63.16,5.4,3,2.8,1,0
2025-02-24,I1,19:45,Roma,Monza,H,H,2024/2025,80.0,4.0,0.79,0.79,3.0,4.85,23,2.29,8.32,1.72,2,0,7,52.63,0.6,6,6,3.47,7.0,1.89,5.79,3.8,3.2,60.0,2.0,0.4,52.63,6.2,5,3.2,1,0
2025-03-08,I1,19:45,Inter,Monza,H,A,2024/2025,80.0,3.0,0.79,1.11,2.2,6.84,30,2.69,9.98,1.5,4,0,7,52.63,0.8,8,9,3.14,9.6,1.82,5.79,7.4,2.2,80.0,2.0,1.2,63.16,8.0,8,3.4,1,1
2025-03-30,I1,11:30,Cagliari,Monza,H,D,2024/2025,80.0,5.6,0.79,1.47,1.4,5.86,11,1.88,9.85,2.02,3,2,11,52.63,0.6,17,4,3.99,8.0,1.97,5.79,4.6,3.4,60.0,2.0,1.0,57.89,8.0,12,3.4,1,0
2025-04-12,I1,14:00,Venezia,Monza,H,D,2024/2025,80.0,5.4,0.79,1.16,0.2,4.69,9,1.88,8.79,2.02,3,5,20,52.63,0.6,20,4,4.1,6.6,1.86,5.79,3.6,3.0,0.0,2.0,0.4,31.58,6.8,10,3.2,0,0
2025-04-27,I1,17:00,Juventus,Monza,H,H,2024/2025,60.0,3.4,0.79,0.79,1.4,5.6,10,2.54,9.1,1.56,3,3,5,52.63,0.4,17,5,3.5,8.0,1.84,5.79,4.2,3.8,40.0,2.0,1.0,42.11,5.2,12,2.6,0,0
2025-05-11,I1,11:30,Udinese,Monza,A,D,2024/2025,60.0,4.2,0.79,1.42,0.4,5.17,21,2.07,9.01,1.86,2,2,8,52.63,0.8,21,5,3.84,8.4,2.03,5.79,5.2,3.2,40.0,2.0,1.4,52.63,5.4,5,2.0,1,0
2025-05-24,I1,19:45,Milan,Monza,H,D,2024/2025,40.0,4.8,0.79,0.84,1.8,5.53,21,3.25,9.38,1.35,2,0,9,52.63,0.4,8,6,3.85,8.4,1.85,5.79,4.2,4.2,60.0,2.0,1.0,47.37,3.6,6,1.8,0,0
2023-08-19,I1,17:30,Frosinone,Napoli,A,A,2023/2024,100.0,6.0,1.63,1.68,1.0,5.36,4,2.23,10.53,1.75,8,3,17,47.37,3.0,14,1,5.17,10.0,2.03,4.0,4.0,6.0,100.0,1.11,3.0,73.68,4.0,19,1.0,1,0
2023-09-16,I1,19:45,Genoa,Napoli,D,H,2023/2024,100.0,2.5,1.63,1.16,1.5,4.28,8,1.99,8.88,1.95,4,3,8,47.37,2.5,14,3,4.6,6.5,1.82,4.0,3.0,3.5,100.0,1.11,3.0,42.11,3.5,12,1.5,1,0
2023-09-24,I1,17:00,Bologna,Napoli,D,D,2023/2024,66.67,4.33,1.63,0.63,0.67,4.61,5,2.13,9.1,1.83,4,4,12,47.37,1.67,16,2,4.49,8.33,1.99,4.0,4.33,4.0,33.33,1.11,1.0,36.84,4.0,12,1.0,0,0
2023-09-30,I1,14:00,Lecce,Napoli,A,A,2023/2024,75.0,4.25,1.63,1.42,1.25,4.69,9,1.9,9.44,2.0,6,3,11,47.37,2.25,11,4,4.75,9.25,1.95,4.0,4.5,4.75,50.0,1.11,1.25,36.84,3.75,15,0.75,1,0
2023-10-21,I1,14:00,Verona,Napoli,A,A,2023/2024,80.0,6.25,1.63,1.37,0.75,4.22,15,2.11,9.64,1.78,10,3,9,47.37,2.4,12,9,5.42,8.65,1.81,4.0,3.25,5.4,50.0,1.11,1.25,57.89,4.0,22,0.8,1,1
2023-11-04,I1,14:00,Salernitana,Napoli,A,A,2023/2024,60.0,5.0,1.63,2.0,0.6,4.67,10,2.58,10.02,1.57,8,1,10,47.37,2.2,15,3,5.35,11.6,1.94,4.0,5.6,6.0,60.0,1.11,2.4,68.42,4.8,21,0.6,0,1
2023-11-25,I1,17:00,Atalanta,Napoli,A,A,2023/2024,60.0,3.6,1.63,0.84,1.2,5.58,16,2.13,10.32,1.79,4,2,9,47.37,2.2,15,5,4.74,12.8,1.92,4.0,6.2,6.6,40.0,1.11,0.8,68.42,5.2,11,0.4,1,0
2023-12-08,I1,19:45,Juventus,Napoli,H,D,2023/2024,60.0,2.8,1.63,0.58,1.4,5.4,11,1.78,10.07,2.16,1,2,12,47.37,2.2,11,2,4.67,12.4,1.9,4.0,5.6,6.8,20.0,1.11,0.4,26.32,4.8,13,0.6,0,0
2023-12-23,I1,19:45,Roma,Napoli,H,D,2023/2024,40.0,2.8,1.63,1.0,1.8,4.69,17,1.77,9.36,2.2,2,7,12,47.37,1.4,19,4,4.67,10.4,1.78,4.0,5.0,5.4,40.0,1.11,0.6,52.63,5.0,7,1.0,0,0
2024-01-07,I1,14:00,Torino,Napoli,H,H,2023/2024,40.0,3.2,1.63,0.47,2.0,5.2,10,1.69,9.63,2.32,3,0,10,47.37,0.8,7,6,4.43,10.6,1.79,4.0,5.8,4.8,60.0,1.11,0.4,26.32,4.4,10,1.4,1,0
2024-01-28,I1,17:00,Lazio,Napoli,D,D,2023/2024,40.0,4.0,1.63,0.74,1.0,4.82,10,1.6,9.26,2.46,0,3,11,47.37,0.4,11,1,4.44,8.4,1.9,4.0,4.8,3.6,20.0,1.11,0.6,26.32,3.6,5,1.4,0,0
2024-02-11,I1,19:45,Milan,Napoli,H,H,2023/2024,20.0,3.6,1.63,0.89,2.0,4.69,10,1.98,9.09,1.97,2,1,12,47.37,0.0,9,6,4.4,6.6,1.9,4.0,3.4,3.2,60.0,1.11,0.6,52.63,2.8,12,1.4,0,0
2024-02-25,I1,14:00,Cagliari,Napoli,D,D,2023/2024,20.0,4.8,1.63,1.68,1.0,4.69,8,2.09,9.53,1.79,4,4,12,47.37,0.2,12,3,4.84,8.4,1.87,4.0,5.8,2.6,60.0,1.11,1.4,63.16,3.0,9,1.4,0,0
2024-02-28,I1,17:00,Sassuolo,Napoli,A,A,2023/2024,40.0,5.8,1.63,1.79,1.2,4.57,5,2.28,9.61,1.7,9,0,5,47.37,1.4,3,2,5.04,8.2,2.0,4.0,3.6,4.6,60.0,1.11,2.4,47.37,3.2,27,1.2,1,1
2024-03-17,I1,19:45,Inter,Napoli,D,H,2023/2024,20.0,3.4,1.63,0.58,2.4,6.17,19,2.2,10.52,1.73,3,2,6,47.37,1.6,19,6,4.35,12.4,1.87,4.0,7.4,5.0,60.0,1.11,0.4,52.63,3.8,11,0.8,0,1
2024-04-07,I1,14:00,Monza,Napoli,A,H,2023/2024,40.0,4.2,1.63,1.37,1.6,4.45,7,2.09,9.31,1.81,8,3,8,47.37,2.4,10,2,4.86,10.0,1.87,4.0,4.4,5.6,60.0,1.11,2.0,42.11,3.2,19,1.2,1,0
2024-04-20,I1,17:00,Empoli,Napoli,H,H,2023/2024,40.0,5.2,1.63,1.21,1.0,4.24,7,2.2,9.69,1.77,1,2,12,47.37,2.4,14,1,5.45,10.6,1.87,4.0,3.8,6.8,20.0,1.11,1.0,31.58,3.4,9,1.2,0,0
2024-05-06,I1,19:45,Udinese,Napoli,D,D,2023/2024,40.0,6.2,1.63,1.53,0.8,4.43,10,2.1,9.96,1.8,4,0,10,47.37,2.4,13,2,5.53,11.2,1.98,4.0,4.0,7.2,40.0,1.11,1.6,47.37,4.0,12,1.2,0,1
2024-05-17,I1,19:45,Fiorentina,Napoli,D,H,2023/2024,40.0,2.6,1.63,1.16,2.2,5.2,14,2.19,9.66,1.75,3,1,14,47.37,1.6,16,5,4.46,12.6,1.86,4.0,6.8,5.8,80.0,1.11,1.4,68.42,4.0,15,1.4,1,0
2024-08-18,I1,17:30,Verona,Napoli,H,D,2024/2025,100.0,5.0,1.42,1.89,3.0,3.95,8,2.01,8.29,1.91,5,4,13,42.11,0.0,15,5,4.34,6.0,2.01,4.47,1.0,5.0,100.0,0.74,0.0,57.89,1.0,15,3.0,1,0
2024-09-15,I1,17:00,Cagliari,Napoli,A,A,2024/2025,100.0,4.33,1.42,1.47,0.33,5.24,16,2.13,9.62,1.8,5,1,11,42.11,2.0,22,3,4.38,10.17,1.83,4.47,5.67,4.5,33.33,0.74,1.67,57.89,4.0,12,1.5,1,1
2024-09-21,I1,17:00,Juventus,Napoli,D,D,2024/2025,66.67,2.33,1.42,0.79,1.0,5.16,9,1.69,8.98,2.3,1,1,13,42.11,1.33,10,1,3.82,8.33,1.94,4.47,4.33,4.0,33.33,0.74,0.0,42.11,4.0,8,1.0,0,0
2024-10-20,I1,11:30,Empoli,Napoli,A,D,2024/2025,50.0,5.5,1.42,1.37,0.0,4.52,11,1.82,8.99,2.1,1,2,13,42.11,1.25,14,4,4.47,9.75,1.85,4.47,5.0,4.75,0.0,0.74,0.25,36.84,4.75,9,0.75,0,1
2024-10-29,I1,19:45,Milan,Napoli,A,A,2024/2025,40.0,3.0,1.42,0.84,2.0,5.54,13,2.0,9.59,1.93,4,0,6,42.11,1.4,14,5,4.05,10.4,2.07,4.47,6.4,4.0,60.0,0.74,0.8,47.37,4.8,9,0.6,0,0
2024-11-10,I1,19:45,Inter,Napoli,D,D,2024/2025,20.0,2.4,1.42,1.11,2.0,6.43,13,2.0,10.04,1.9,2,2,12,42.11,1.6,15,4,3.61,12.6,1.97,4.47,9.2,3.4,60.0,0.74,1.8,63.16,5.4,5,0.2,0,0
2024-12-01,I1,14:00,Torino,Napoli,A,A,2024/2025,0.0,3.4,1.42,0.95,0.8,4.44,5,1.61,8.47,2.4,6,4,9,42.11,1.0,15,1,4.03,7.2,2.04,4.47,3.2,4.0,20.0,0.74,1.2,15.79,4.8,16,0.2,0,1
2024-12-14,I1,17:00,Udinese,Napoli,A,H,2024/2025,20.0,4.0,1.42,1.42,0.8,4.76,7,1.78,9.19,2.17,4,1,8,42.11,1.6,14,3,4.43,10.4,1.98,4.47,5.2,5.2,20.0,0.74,1.4,52.63,4.6,17,0.4,1,1
2024-12-21,I1,17:00,Genoa,Napoli,A,A,2024/2025,40.0,5.4,1.42,1.32,0.8,4.62,11,1.67,9.17,2.28,2,2,8,42.11,1.8,8,3,4.55,10.4,1.91,4.47,5.4,5.0,40.0,0.74,1.2,42.11,4.2,12,0.6,1,1
2025-01-04,I1,17:00,Fiorentina,Napoli,A,A,2024/2025,60.0,2.6,1.42,0.95,2.0,4.4,14,1.7,8.47,2.31,4,0,15,42.11,2.0,17,2,4.07,12.0,1.81,4.47,6.8,5.2,80.0,0.74,1.4,63.16,4.0,10,0.6,1,0
2025-01-18,I1,19:45,Atalanta,Napoli,A,A,2024/2025,80.0,2.4,1.42,1.26,2.0,5.05,15,1.8,8.82,2.16,3,4,9,42.11,2.4,18,6,3.77,9.6,1.85,4.47,4.6,5.0,80.0,0.74,1.6,52.63,3.8,6,0.8,1,0
2025-02-02,I1,19:45,Roma,Napoli,D,A,2024/2025,80.0,3.6,1.42,0.79,3.0,4.28,12,1.8,8.22,2.14,2,2,13,42.11,2.4,9,2,3.94,8.4,2.04,4.47,4.2,4.2,60.0,0.74,0.6,52.63,3.4,5,1.0,0,0
2025-02-15,I1,17:00,Lazio,Napoli,D,D,2024/2025,80.0,3.6,1.42,1.37,2.0,5.77,12,1.73,9.61,2.27,3,2,19,42.11,2.2,9,5,3.84,10.2,1.97,4.47,7.6,2.6,60.0,0.74,1.4,63.16,4.2,6,1.2,1,0
2025-02-23,I1,11:30,Como,Napoli,H,D,2024/2025,80.0,3.6,1.42,1.37,1.8,4.71,8,1.85,8.49,2.32,4,1,14,42.11,2.0,17,3,3.78,7.0,1.87,4.47,4.4,2.6,100.0,0.74,1.6,47.37,4.0,13,1.4,1,0
2025-03-16,I1,11:30,Venezia,Napoli,D,D,2024/2025,60.0,6.8,1.42,1.16,0.2,4.18,13,1.88,8.91,2.05,7,2,8,42.11,1.4,19,4,4.73,8.6,1.91,4.47,4.8,3.8,0.0,0.74,0.6,31.58,3.8,15,1.4,0,1
2025-04-07,I1,19:45,Bologna,Napoli,D,A,2024/2025,40.0,2.4,1.42,0.95,2.6,5.75,12,1.58,9.49,2.51,2,1,18,42.11,1.0,11,4,3.74,10.4,1.84,4.47,6.2,4.2,80.0,0.74,1.0,47.37,4.8,6,1.2,0,1
2025-04-19,I1,17:00,Monza,Napoli,A,D,2024/2025,40.0,4.6,1.42,1.63,0.4,4.09,8,2.14,8.44,1.77,5,4,11,42.11,1.0,18,0,4.35,8.6,1.86,4.47,3.6,5.0,20.0,0.74,1.4,47.37,5.6,16,1.0,0,1
2025-05-03,I1,17:00,Lecce,Napoli,A,A,2024/2025,20.0,4.4,1.42,1.63,0.6,5.08,9,1.8,9.62,2.09,2,2,4,42.11,0.8,11,1,4.54,11.2,1.92,4.47,6.0,5.2,40.0,0.74,1.8,42.11,5.2,8,0.6,0,0
2025-05-18,I1,19:45,Parma,Napoli,D,D,2024/2025,0.0,4.8,1.42,1.47,1.0,4.26,6,2.01,8.81,1.9,2,2,16,42.11,0.6,13,4,4.55,8.6,1.88,4.47,4.2,4.4,40.0,0.74,1.0,52.63,5.0,7,0.2,0,0
2025-08-23,I1,17:30,Sassuolo,Napoli,A,A,2025/2026,0.0,2.0,1.27,1.4,0.0,2.99,7,1.86,7.31,1.97,4,3,17,27.27,2.0,17,2,4.32,3.0,1.89,3.0,1.0,2.0,0.0,0.82,2.0,50.0,1.0,13,0.0,0,0
2025-09-13,I1,19:45,Fiorentina,Napoli,A,A,2025/2026,50.0,5.0,1.27,1.5,1.0,4.97,19,1.67,9.72,2.21,9,0,14,27.27,2.5,14,3,4.75,11.5,1.82,3.0,8.0,3.5,100.0,0.82,3.0,60.0,4.5,14,0.5,1,1
2025-09-28,I1,19:45,Milan,Napoli,H,H,2025/2026,66.67,4.33,1.27,0.82,1.33,5.05,6,1.8,9.64,2.03,7,1,7,27.27,2.0,7,3,4.59,10.34,1.8,3.0,5.67,4.67,66.67,0.82,1.0,54.55,3.33,19,1.0,1,0
2025-10-18,I1,17:00,Torino,Napoli,H,H,2025/2026,50.0,4.67,1.27,1.82,0.33,3.74,12,1.62,8.54,2.32,5,1,9,27.27,1.5,9,2,4.8,9.92,1.98,3.0,3.67,6.25,33.33,0.82,1.0,63.64,3.25,22,1.0,0,1
2025-10-28,I1,17:30,Lecce,Napoli,A,D,2025/2026,40.0,6.0,1.27,1.36,0.6,4.17,7,1.67,9.31,2.22,3,2,14,27.27,1.4,10,2,5.14,10.0,1.92,3.0,4.0,6.0,40.0,0.82,1.4,45.45,3.2,14,0.8,0,0
2025-11-09,I1,14:00,Bologna,Napoli,H,D,2025/2026,40.0,3.0,1.27,1.0,1.8,4.73,11,1.5,9.39,2.53,1,1,15,27.27,1.0,14,4,4.66,11.4,1.75,3.0,5.0,6.4,40.0,0.82,0.2,40.0,4.0,4,1.2,0,0
2025-11-30,I1,19:45,Roma,Napoli,A,A,2025/2026,20.0,2.8,1.27,0.5,1.2,4.6,8,1.46,8.96,2.73,5,4,13,27.27,0.6,14,2,4.36,11.4,5.37,3.0,5.6,5.8,20.0,0.82,0.6,20.0,3.2,8,1.0,0,0
2025-12-14,I1,14:00,Udinese,Napoli,H,D,2025/2026,0.0,4.0,1.27,1.45,1.2,3.83,18,1.62,8.57,2.29,0,1,9,27.27,0.4,16,5,4.74,9.6,1.81,3.0,4.6,5.0,60.0,0.82,1.4,45.45,3.2,7,0.8,0,0
2025-12-28,I1,14:00,Cremonese,Napoli,A,A,2025/2026,0.0,6.6,1.27,1.3,1.0,2.99,6,1.73,8.28,2.12,8,2,8,27.27,0.8,13,2,5.29,7.4,1.96,3.0,2.6,4.8,40.0,0.82,1.6,40.0,2.8,22,0.6,0,1
2026-01-04,I1,11:30,Lazio,Napoli,A,A,2025/2026,0.0,3.2,1.27,1.09,1.0,4.25,5,1.53,8.71,2.48,3,5,13,27.27,1.0,10,0,4.46,10.4,1.86,3.0,5.4,5.0,0.0,0.82,0.6,36.36,2.6,14,0.6,0,0
2026-01-11,I1,19:45,Inter,Napoli,D,D,2025/2026,20.0,1.6,1.27,0.73,2.2,5.99,13,1.67,10.0,2.18,3,0,11,27.27,1.4,12,4,4.01,10.4,1.83,3.0,6.0,4.4,60.0,0.82,0.8,72.73,2.4,7,0.6,1,0
2024-08-31,I1,19:45,Napoli,Parma,H,A,2024/2025,100.0,4.5,1.0,0.68,2.5,6.6,29,2.47,10.91,1.58,2,2,6,57.89,1.0,12,7,4.31,10.5,1.79,6.37,6.5,4.0,100.0,1.58,0.5,47.37,6.0,13,2.0,1,0
2024-09-21,I1,19:45,Lecce,Parma,D,H,2024/2025,100.0,8.33,1.0,1.63,1.0,5.3,14,2.07,10.86,1.88,10,4,11,57.89,1.5,12,3,5.56,12.67,1.95,6.37,4.67,8.0,66.67,1.58,2.0,42.11,4.0,24,2.0,1,1
2024-10-06,I1,14:00,Bologna,Parma,D,D,2024/2025,66.67,5.75,1.0,0.95,0.75,6.52,19,2.17,11.25,1.77,2,1,16,57.89,1.0,15,3,4.73,14.33,2.03,6.37,7.0,7.33,0.0,1.58,0.75,47.37,7.0,13,1.33,0,1
2024-10-19,I1,14:00,Como,Parma,D,D,2024/2025,50.0,2.67,1.0,1.37,2.0,5.71,11,2.45,10.13,1.59,3,1,10,57.89,1.0,14,3,4.42,13.17,1.86,6.37,6.67,6.5,66.67,1.58,1.67,47.37,7.0,9,1.25,0,1
2024-10-30,I1,19:45,Juventus,Parma,D,A,2024/2025,60.0,3.4,1.0,0.79,0.8,6.26,24,2.49,10.77,1.61,5,2,5,57.89,1.2,7,6,4.51,13.4,1.94,6.37,7.0,6.4,20.0,1.58,0.6,42.11,7.6,13,1.4,1,1
2024-11-09,I1,14:00,Venezia,Parma,A,D,2024/2025,60.0,4.8,1.0,1.16,1.2,4.87,12,2.45,10.05,1.61,3,1,10,57.89,1.4,9,6,5.18,10.0,2.0,6.37,3.2,6.8,40.0,1.58,1.4,31.58,7.6,10,1.2,1,1
2024-12-06,I1,17:30,Inter,Parma,H,H,2024/2025,60.0,2.2,1.0,1.11,2.4,7.36,18,3.8,11.41,1.32,2,1,3,57.89,1.2,8,5,4.05,14.6,2.03,6.37,10.0,4.6,60.0,1.58,1.6,63.16,9.2,5,1.4,1,1
2024-12-22,I1,11:30,Roma,Parma,H,H,2024/2025,80.0,3.0,1.0,0.79,2.4,5.2,19,2.78,9.38,1.48,3,1,9,57.89,1.2,10,9,4.18,8.2,1.98,6.37,4.4,3.8,60.0,1.58,1.2,52.63,7.6,9,2.4,1,0
2025-01-05,I1,17:00,Torino,Parma,D,D,2024/2025,80.0,4.0,1.0,0.95,0.2,5.37,12,1.95,9.84,1.94,3,2,9,57.89,1.0,9,4,4.47,9.2,1.97,6.37,4.8,4.4,0.0,1.58,1.0,15.79,7.8,10,2.2,0,1
2025-01-12,I1,11:30,Genoa,Parma,H,D,2024/2025,60.0,6.4,1.0,1.32,1.0,5.42,14,2.0,10.42,1.94,3,2,10,57.89,0.6,10,4,5.0,10.8,1.87,6.37,5.8,5.0,40.0,1.58,1.0,42.11,7.0,9,2.0,0,1
2025-01-26,I1,11:30,Milan,Parma,H,D,2024/2025,60.0,3.0,1.0,0.84,1.6,6.37,14,3.32,10.83,1.36,5,2,7,57.89,0.6,14,5,4.46,12.2,2.03,6.37,7.6,4.6,40.0,1.58,0.8,47.37,7.2,12,2.4,1,1
2025-02-09,I1,14:00,Cagliari,Parma,H,D,2024/2025,60.0,5.2,1.0,1.47,1.4,5.95,14,2.24,10.87,1.76,1,0,12,57.89,0.6,14,3,4.92,11.0,1.98,6.37,5.4,5.6,80.0,1.58,1.6,57.89,6.6,9,2.2,1,1
2025-03-01,I1,19:45,Udinese,Parma,H,H,2024/2025,40.0,5.2,1.0,1.42,1.6,5.47,20,2.06,10.51,1.85,4,1,7,57.89,0.6,15,6,5.04,11.8,2.04,6.37,5.2,6.6,60.0,1.58,0.8,52.63,7.0,9,1.4,0,1
2025-03-15,I1,14:00,Monza,Parma,D,D,2024/2025,40.0,4.2,1.0,1.63,0.6,4.69,12,1.92,9.43,1.97,6,0,16,57.89,0.8,14,4,4.74,9.6,1.76,6.37,3.8,5.8,20.0,1.58,1.0,47.37,6.6,14,1.6,0,0
2025-03-31,I1,17:30,Verona,Parma,D,D,2024/2025,40.0,3.4,1.0,1.89,0.4,5.31,6,1.73,9.84,2.23,1,2,9,57.89,0.8,11,0,4.53,9.4,1.79,6.37,4.4,5.0,60.0,1.58,2.0,57.89,6.4,10,1.4,0,0
2025-04-13,I1,14:00,Fiorentina,Parma,D,D,2024/2025,20.0,3.0,1.0,0.95,1.0,4.57,9,2.01,8.96,1.9,3,0,19,57.89,0.4,10,3,4.39,7.0,1.92,6.37,2.4,4.6,20.0,1.58,0.4,63.16,5.4,7,0.8,0,0
2025-04-28,I1,19:45,Lazio,Parma,D,A,2024/2025,20.0,3.8,1.0,1.37,1.4,6.19,14,2.38,10.5,1.63,5,1,11,57.89,0.6,12,7,4.31,9.8,1.99,6.37,6.2,3.6,40.0,1.58,1.4,63.16,5.0,7,0.8,1,0
2025-05-10,I1,19:45,Empoli,Parma,H,H,2024/2025,40.0,4.8,1.0,1.37,0.8,4.68,15,1.63,9.17,2.41,1,2,16,57.89,0.8,21,4,4.49,4.4,2.0,6.37,2.2,2.2,40.0,1.58,1.0,36.84,4.4,3,1.0,1,0
2025-05-25,I1,19:45,Atalanta,Parma,A,H,2024/2025,60.0,5.0,1.0,1.26,1.4,5.91,11,2.38,10.06,1.61,10,1,7,57.89,1.2,7,5,4.15,10.8,1.87,6.37,8.0,2.8,40.0,1.58,1.2,52.63,4.2,18,1.2,1,1
2025-08-24,I1,19:45,Juventus,Parma,H,D,2025/2026,0.0,6.0,0.7,0.8,2.0,5.84,25,1.93,9.8,1.95,2,1,13,30.0,0.0,9,8,3.96,12.0,1.82,4.9,6.0,6.0,0.0,0.9,0.0,50.0,6.0,8,2.0,0,1
2025-09-13,I1,14:00,Cagliari,Parma,H,H,2025/2026,0.0,3.5,0.7,1.3,1.5,4.16,12,1.73,8.24,2.14,5,3,18,30.0,0.0,15,5,4.08,9.0,1.94,4.9,3.5,5.5,0.0,0.9,0.5,30.0,5.0,17,2.0,0,0
2025-09-21,I1,14:00,Cremonese,Parma,D,D,2025/2026,0.0,3.5,0.7,1.3,1.5,3.76,3,1.83,7.63,2.06,3,1,8,30.0,0.0,16,1,3.87,8.67,1.98,4.9,4.0,4.67,50.0,0.9,1.0,40.0,4.33,15,1.33,0,0
2025-10-19,I1,14:00,Genoa,Parma,D,D,2025/2026,0.0,2.75,0.7,1.18,0.0,3.9,23,1.5,7.37,2.62,0,2,13,30.0,0.0,15,7,3.47,7.25,2.0,4.9,3.75,3.5,25.0,0.9,1.0,45.45,4.0,1,1.0,0,0
2025-10-29,I1,17:30,Roma,Parma,H,D,2025/2026,20.0,3.2,0.7,0.5,1.0,5.3,18,1.77,8.35,2.07,5,0,9,30.0,0.2,8,6,3.05,9.2,1.92,4.9,6.0,3.2,20.0,0.9,0.6,20.0,5.0,8,1.2,1,1
2025-11-23,I1,11:30,Verona,Parma,A,A,2025/2026,40.0,3.8,0.7,1.6,1.0,4.56,10,1.6,7.88,2.37,7,4,6,30.0,0.6,24,2,3.32,6.8,1.85,4.9,4.0,2.8,60.0,0.9,1.6,60.0,4.6,15,1.0,1,0
2025-12-08,I1,14:00,Pisa,Parma,A,A,2025/2026,40.0,4.0,0.7,1.0,0.2,4.42,14,1.67,7.91,2.21,2,2,7,30.0,0.8,15,2,3.49,5.8,1.78,4.9,4.0,1.8,0.0,0.9,0.6,9.09,5.0,9,0.6,0,0
2026-01-03,I1,14:00,Sassuolo,Parma,D,D,2025/2026,40.0,4.0,0.7,1.4,1.4,4.2,11,1.83,7.69,2.04,5,2,7,30.0,1.0,12,3,3.49,6.8,1.86,4.9,4.2,2.6,60.0,0.9,1.4,50.0,5.2,16,0.8,0,1
2026-01-11,I1,11:30,Lecce,Parma,A,H,2025/2026,60.0,3.6,0.7,1.36,0.8,4.99,10,1.53,8.51,2.56,2,3,17,30.0,1.4,16,1,3.52,8.6,1.94,4.9,5.4,3.2,60.0,0.9,1.6,45.45,5.2,12,1.0,1,0
2026-01-14,I1,17:30,Napoli,Parma,D,D,2025/2026,40.0,1.4,0.7,0.8,1.4,5.74,16,2.0,8.46,1.83,1,1,12,30.0,1.2,11,4,2.72,9.2,1.78,4.9,6.2,3.0,60.0,0.9,0.8,60.0,4.8,4,0.6,0,0
2025-08-24,I1,19:45,Atalanta,Pisa,D,A,2025/2026,0.0,4.0,1.4,0.82,1.0,6.82,21,2.1,10.56,1.75,2,2,10,70.0,1.0,9,6,3.74,14.0,1.73,5.1,10.0,4.0,0.0,2.0,1.0,27.27,10.0,11,1.0,0,1
2025-09-22,I1,19:45,Napoli,Pisa,H,H,2025/2026,50.0,1.5,1.4,0.8,2.0,6.34,18,1.91,9.45,1.91,6,1,18,70.0,1.5,10,6,3.11,12.5,1.8,5.1,9.0,3.5,50.0,2.0,1.0,60.0,7.5,15,2.0,1,0
2025-10-05,I1,14:00,Bologna,Pisa,H,H,2025/2026,66.67,2.67,1.4,1.0,2.33,5.49,24,1.67,9.02,2.19,0,0,12,70.0,1.0,16,7,3.53,8.67,2.02,5.1,5.67,3.0,66.67,2.0,0.33,40.0,5.67,2,2.67,1,0
2025-10-24,I1,19:45,Milan,Pisa,D,H,2025/2026,75.0,3.6,1.4,0.82,1.6,5.73,20,2.1,9.29,1.77,2,1,21,70.0,1.25,8,7,3.56,7.55,1.86,5.1,4.8,2.75,80.0,2.0,1.2,54.55,5.75,8,2.5,1,0
2025-11-02,I1,14:00,Torino,Pisa,D,D,2025/2026,80.0,3.4,1.4,1.82,1.0,4.59,15,1.6,8.13,2.33,3,2,8,70.0,1.4,14,3,3.54,7.4,1.86,5.1,4.8,2.6,60.0,2.0,1.2,63.64,5.4,11,2.4,1,0
2025-11-24,I1,19:45,Sassuolo,Pisa,D,D,2025/2026,100.0,5.4,1.4,1.4,1.4,4.11,22,1.67,8.03,2.22,3,2,10,70.0,1.6,10,7,3.92,5.8,1.77,5.1,3.6,2.2,60.0,2.0,1.2,50.0,4.4,10,2.6,1,0
2025-12-12,I1,19:45,Lecce,Pisa,H,D,2025/2026,80.0,3.6,1.4,1.36,0.6,5.24,21,1.45,8.95,2.77,0,2,6,70.0,1.2,17,3,3.71,8.6,1.74,5.1,6.8,1.8,20.0,2.0,0.4,45.45,5.8,5,2.2,0,1
2025-12-21,I1,11:30,Cagliari,Pisa,D,A,2025/2026,80.0,4.6,1.4,1.3,1.4,4.34,14,1.62,8.57,2.36,3,3,20,70.0,1.6,15,5,4.23,6.6,1.93,5.1,4.0,2.6,60.0,2.0,1.8,30.0,5.8,15,1.8,1,0
2026-01-03,I1,14:00,Genoa,Pisa,D,D,2025/2026,60.0,6.6,1.4,1.18,1.2,3.95,12,1.55,8.14,2.47,2,1,17,70.0,1.4,9,4,4.19,6.4,1.9,5.1,2.8,3.6,60.0,2.0,1.4,45.45,5.0,10,1.6,0,0
2026-01-10,I1,14:00,Udinese,Pisa,D,H,2025/2026,60.0,4.2,1.4,1.45,1.0,4.49,11,1.67,8.47,2.24,7,1,16,70.0,1.4,13,2,3.98,9.2,1.92,5.1,4.4,4.8,60.0,2.0,1.6,45.45,4.8,14,1.6,1,1
2023-08-26,I1,19:45,Verona,Roma,H,H,2023/2024,100.0,12.0,1.42,1.37,2.0,3.89,5,1.69,9.85,2.4,7,1,12,68.42,1.0,17,3,5.96,13.0,1.85,4.79,1.0,12.0,100.0,1.42,1.0,57.89,1.0,23,2.0,1,1
2023-09-24,I1,19:45,Torino,Roma,D,D,2023/2024,50.0,1.33,1.42,0.47,0.67,5.42,13,1.58,9.13,2.58,3,0,5,68.42,1.0,4,4,3.71,12.83,2.13,4.79,6.33,6.5,0.0,1.42,0.33,26.32,4.0,11,1.5,0,0
2023-09-28,I1,19:45,Genoa,Roma,H,H,2023/2024,66.67,4.0,1.42,1.16,2.33,4.36,8,1.63,8.72,2.44,3,4,12,68.42,1.0,7,4,4.36,9.0,1.78,4.79,2.33,6.67,100.0,1.42,2.33,42.11,3.0,13,2.33,1,0
2023-10-08,I1,17:00,Cagliari,Roma,A,A,2023/2024,75.0,5.25,1.42,1.68,0.5,4.71,16,1.76,9.21,2.18,5,2,13,68.42,1.75,15,2,4.5,9.5,1.84,4.79,3.75,5.75,50.0,1.42,2.25,63.16,3.25,11,2.0,1,0
2023-10-29,I1,17:00,Inter,Roma,H,D,2023/2024,60.0,2.8,1.42,0.58,2.6,6.25,19,2.03,9.8,1.91,1,3,9,68.42,1.4,14,3,3.55,10.4,2.05,4.79,5.8,4.6,80.0,1.42,1.0,52.63,4.2,3,1.8,0,0
2023-11-12,I1,17:00,Lazio,Roma,D,D,2023/2024,40.0,3.2,1.42,0.74,1.4,4.92,7,1.55,8.46,2.6,1,3,13,68.42,1.2,12,2,3.54,5.0,1.82,4.79,2.6,2.4,20.0,1.42,0.6,26.32,4.8,8,1.4,0,0
2023-12-03,I1,17:00,Sassuolo,Roma,A,H,2023/2024,60.0,4.8,1.42,1.79,0.8,5.05,8,2.11,9.27,1.87,7,4,11,68.42,1.4,10,2,4.22,10.4,1.94,4.79,6.0,4.4,40.0,1.42,1.6,47.37,3.6,15,1.4,1,1
2023-12-17,I1,17:00,Bologna,Roma,H,H,2023/2024,40.0,4.6,1.42,0.63,2.0,4.54,8,1.48,8.33,2.82,3,4,16,68.42,1.2,16,2,3.79,6.0,1.81,4.79,2.2,3.8,40.0,1.42,0.2,36.84,3.4,8,1.0,0,0
2023-12-30,I1,19:45,Juventus,Roma,H,D,2023/2024,20.0,2.6,1.42,0.58,1.2,5.32,13,1.48,8.95,2.81,2,1,14,68.42,0.4,15,4,3.63,8.2,2.1,4.79,4.6,3.6,20.0,1.42,0.4,26.32,3.0,11,1.0,0,0
2024-01-14,I1,19:45,Milan,Roma,H,H,2023/2024,40.0,6.6,1.42,0.89,2.2,4.87,17,1.74,9.01,2.23,5,2,9,68.42,0.6,12,5,4.14,8.8,2.02,4.79,4.2,4.6,60.0,1.42,0.4,52.63,1.8,12,1.4,1,0
2024-01-29,I1,19:45,Salernitana,Roma,A,D,2023/2024,60.0,4.2,1.42,2.0,1.2,4.49,15,1.91,8.92,2.03,2,2,12,68.42,1.0,12,7,4.43,9.2,1.82,4.79,4.6,4.6,100.0,1.42,2.0,68.42,2.0,5,1.6,1,0
2024-02-18,I1,17:00,Frosinone,Roma,A,A,2023/2024,60.0,3.8,1.42,1.68,1.6,5.8,25,2.27,9.73,1.71,5,0,16,68.42,1.2,10,7,3.93,9.4,1.93,4.79,6.6,2.8,100.0,1.42,2.4,73.68,3.8,13,1.4,1,1
2024-03-02,I1,17:00,Monza,Roma,A,A,2023/2024,80.0,3.6,1.42,1.37,1.4,4.91,16,1.97,8.71,1.98,6,1,18,68.42,2.0,11,5,3.8,7.8,2.08,4.79,5.2,2.6,60.0,1.42,2.2,42.11,5.0,12,1.2,1,0
2024-03-10,I1,19:45,Fiorentina,Roma,D,H,2023/2024,100.0,3.8,1.42,1.16,2.2,5.62,15,1.85,9.18,2.1,5,2,15,68.42,2.4,10,5,3.56,9.4,1.99,4.79,6.8,2.6,80.0,1.42,1.4,68.42,6.2,10,1.4,1,0
2024-04-01,I1,17:00,Lecce,Roma,D,D,2023/2024,80.0,5.6,1.42,1.42,0.6,5.44,27,1.62,9.39,2.45,3,3,12,68.42,2.2,9,6,3.95,8.8,1.88,4.79,6.4,2.4,60.0,1.42,2.0,36.84,7.4,10,0.8,0,1
2024-04-25,I1,19:00,Udinese,Roma,A,H,2023/2024,80.0,6.0,1.42,1.53,0.8,4.89,9,1.95,9.36,1.97,5,3,10,68.42,2.2,15,3,4.47,7.0,1.89,4.79,3.2,3.8,40.0,1.42,1.6,47.37,7.4,19,0.8,1,1
2024-04-28,I1,17:00,Napoli,Roma,D,D,2023/2024,80.0,3.4,1.42,1.42,1.4,6.77,27,2.12,10.38,1.84,4,2,5,68.42,2.0,11,9,3.61,11.2,1.89,4.79,7.4,3.8,80.0,1.42,1.8,63.16,7.2,10,1.2,1,1
2024-05-12,I1,19:45,Atalanta,Roma,H,H,2023/2024,80.0,2.6,1.42,0.84,2.0,6.08,24,2.27,9.7,1.68,6,1,11,68.42,1.4,11,7,3.62,10.6,1.85,4.79,7.2,3.4,80.0,1.42,1.0,68.42,7.2,9,1.4,1,0
2024-05-26,I1,19:45,Empoli,Roma,H,D,2023/2024,80.0,6.8,1.42,1.21,1.2,4.7,17,2.09,9.33,1.81,3,4,12,68.42,1.2,18,7,4.63,7.4,1.86,4.79,3.4,4.0,40.0,1.42,0.8,31.58,6.4,15,1.4,1,0
2024-08-18,I1,19:45,Cagliari,Roma,D,D,2024/2025,0.0,3.0,1.0,1.47,0.0,5.29,12,2.02,9.62,1.88,3,2,7,26.32,0.0,15,2,4.33,8.0,1.98,4.53,5.0,3.0,0.0,1.05,0.0,57.89,5.0,13,0.0,0,0
2024-09-01,I1,19:45,Juventus,Roma,D,D,2024/2025,0.0,2.0,1.0,0.79,1.5,5.34,8,1.87,9.3,2.03,1,2,12,26.32,0.0,11,1,3.96,8.0,1.85,4.53,4.5,3.5,50.0,1.05,0.0,42.11,5.5,7,0.0,0,0
2024-09-15,I1,11:30,Genoa,Roma,D,A,2024/2025,0.0,3.33,1.0,1.32,1.0,4.45,20,1.75,8.92,2.19,6,1,12,26.32,0.33,9,8,4.47,6.67,1.93,4.53,2.67,4.0,33.33,1.05,1.67,42.11,5.0,16,0.33,0,0
2024-10-06,I1,17:00,Monza,Roma,D,D,2024/2025,0.0,4.0,1.0,1.63,0.75,3.89,3,1.74,8.29,2.22,4,3,13,26.32,0.5,16,3,4.4,6.75,1.96,4.53,3.0,3.75,25.0,1.05,1.25,47.37,4.0,15,0.5,0,0
2024-10-27,I1,19:45,Fiorentina,Roma,H,H,2024/2025,20.0,4.4,1.0,0.95,2.2,4.21,21,1.85,8.51,2.05,5,2,11,26.32,0.6,13,10,4.3,7.8,2.02,4.53,4.4,3.4,80.0,1.05,1.0,63.16,4.4,14,1.4,1,0
2024-11-03,I1,17:00,Verona,Roma,H,H,2024/2025,40.0,4.2,1.0,1.89,1.4,4.81,7,1.87,9.12,2.04,3,2,11,26.32,1.0,16,3,4.31,9.8,1.81,4.53,6.6,3.2,100.0,1.05,2.4,57.89,3.8,14,2.0,1,0
2024-11-24,I1,17:00,Napoli,Roma,H,D,2024/2025,40.0,2.8,1.0,0.68,1.4,5.97,14,1.81,9.88,2.11,1,0,9,26.32,1.0,8,2,3.91,9.4,1.86,4.53,6.6,2.8,40.0,1.05,0.8,47.37,4.2,6,2.2,0,0
2024-12-15,I1,17:00,Como,Roma,H,D,2024/2025,40.0,4.4,1.0,1.37,1.0,4.94,18,1.92,9.05,1.95,1,6,17,26.32,0.8,18,7,4.11,8.8,1.9,4.53,6.0,2.8,20.0,1.05,1.8,47.37,4.6,6,2.4,0,1
2024-12-29,I1,19:45,Milan,Roma,D,D,2024/2025,40.0,3.0,1.0,0.84,0.8,5.57,21,1.92,9.77,2.09,5,4,8,26.32,0.8,17,7,4.2,9.0,1.91,4.53,5.8,3.2,20.0,1.05,0.6,47.37,5.6,12,2.4,0,1
2025-01-12,I1,17:00,Bologna,Roma,D,D,2024/2025,40.0,2.6,1.0,0.95,1.8,5.74,14,1.79,9.67,2.09,4,4,10,26.32,1.0,18,8,3.93,9.0,1.86,4.53,5.4,3.6,60.0,1.05,1.0,47.37,5.4,11,1.8,1,0
2025-01-26,I1,14:00,Udinese,Roma,A,H,2024/2025,40.0,4.8,1.0,1.42,0.8,4.69,10,1.88,9.33,2.08,10,2,12,26.32,1.0,15,3,4.64,8.0,1.9,4.53,3.8,4.2,60.0,1.05,1.8,52.63,5.2,16,1.4,1,0
2025-02-09,I1,11:30,Venezia,Roma,A,D,2024/2025,40.0,7.2,1.0,1.16,0.8,4.19,12,2.14,9.31,1.84,5,2,21,26.32,1.2,13,3,5.12,9.2,1.89,4.53,4.2,5.0,20.0,1.05,1.0,31.58,4.4,13,1.2,0,0
2025-02-16,I1,17:00,Parma,Roma,A,A,2024/2025,40.0,4.4,1.0,1.47,1.2,4.12,5,2.1,9.02,1.82,4,0,5,26.32,1.4,11,1,4.9,10.2,2.05,4.53,4.2,6.0,60.0,1.05,1.8,52.63,3.4,16,0.8,0,1
2025-03-09,I1,17:00,Empoli,Roma,A,A,2024/2025,40.0,5.0,1.0,1.37,0.4,4.14,3,1.84,9.0,2.12,7,0,10,26.32,1.4,12,1,4.86,10.2,1.98,4.53,3.4,6.8,40.0,1.05,2.4,36.84,2.4,16,0.6,0,0
2025-03-29,I1,19:45,Lecce,Roma,A,D,2024/2025,20.0,5.2,1.0,1.63,0.4,4.87,17,1.8,9.92,2.13,6,1,11,26.32,1.2,6,4,5.05,13.6,2.01,4.53,6.4,7.2,40.0,1.05,1.8,42.11,2.6,16,0.2,0,1
2025-04-13,I1,19:45,Lazio,Roma,D,D,2024/2025,0.0,3.8,1.0,1.37,2.0,5.73,12,1.81,10.28,2.12,4,4,12,26.32,1.0,12,7,4.55,14.0,1.85,4.53,6.8,7.2,40.0,1.05,1.2,63.16,4.4,9,0.2,0,1
2025-04-27,I1,14:00,Inter,Roma,A,A,2024/2025,0.0,4.2,1.0,1.11,1.8,6.02,17,2.15,10.36,1.77,7,1,9,26.32,1.0,11,2,4.34,12.6,1.85,4.53,6.0,6.6,60.0,1.05,1.0,63.16,4.4,19,0.2,0,0
2025-05-12,I1,19:45,Atalanta,Roma,H,D,2024/2025,20.0,5.0,1.0,1.26,1.0,5.55,16,2.23,9.91,1.72,4,1,14,26.32,1.0,14,3,4.36,13.4,1.85,4.53,7.4,6.0,20.0,1.05,1.0,52.63,5.8,10,0.6,1,1
2025-05-25,I1,19:45,Torino,Roma,A,A,2024/2025,20.0,3.4,1.0,0.95,0.8,4.75,11,2.25,9.05,1.7,5,1,11,26.32,1.2,15,4,4.3,9.4,1.97,4.53,5.0,4.4,0.0,1.05,1.2,15.79,6.0,15,0.6,0,0
2025-08-30,I1,19:45,Pisa,Roma,A,D,2025/2026,0.0,7.0,1.18,1.0,0.0,3.41,7,1.76,8.46,2.07,5,2,10,27.27,1.0,14,3,5.05,8.0,1.88,3.64,1.0,7.0,0.0,0.64,1.0,9.09,1.0,10,0.0,0,0
2025-09-21,I1,11:30,Lazio,Roma,A,A,2025/2026,0.0,3.5,1.18,1.09,2.0,4.36,10,1.63,8.65,2.26,6,1,22,27.27,1.0,14,2,4.29,12.0,1.79,3.64,5.5,6.5,50.0,0.64,0.5,36.36,2.0,13,0.0,0,0
2025-10-05,I1,14:00,Fiorentina,Roma,A,A,2025/2026,33.33,5.0,1.18,1.5,1.0,4.55,11,1.67,9.16,2.16,3,2,21,27.27,1.33,19,3,4.61,10.0,1.7,3.64,4.33,5.67,100.0,0.64,2.33,60.0,2.33,8,0.33,1,0
2025-10-26,I1,14:00,Sassuolo,Roma,A,A,2025/2026,25.0,5.0,1.18,1.4,1.0,3.55,11,1.67,8.2,2.17,8,3,16,27.27,1.25,18,1,4.65,8.5,1.81,3.64,2.75,5.75,25.0,0.64,1.0,50.0,3.25,15,0.25,0,1
2025-11-02,I1,19:45,Milan,Roma,H,H,2025/2026,20.0,4.8,1.18,0.82,1.6,5.15,17,1.67,9.59,2.41,6,1,13,27.27,1.0,12,8,4.44,10.6,1.97,3.64,4.4,6.2,60.0,0.64,0.8,54.55,4.0,20,0.4,0,1
2025-11-23,I1,14:00,Cremonese,Roma,A,A,2025/2026,40.0,5.0,1.18,1.3,0.8,3.36,9,1.68,8.24,2.17,6,2,16,27.27,1.4,12,4,4.88,8.8,1.78,3.64,3.0,5.8,40.0,0.64,1.4,40.0,4.4,12,0.6,1,0
2025-12-07,I1,14:00,Cagliari,Roma,H,D,2025/2026,40.0,4.2,1.18,1.3,1.0,3.9,15,1.64,8.72,2.24,2,2,16,27.27,1.2,18,8,4.82,9.2,1.86,3.64,4.4,4.8,40.0,0.64,1.8,30.0,4.6,6,0.8,0,0
2025-12-20,I1,19:45,Juventus,Roma,H,H,2025/2026,40.0,3.2,1.18,0.8,1.4,5.22,13,1.73,9.52,2.14,5,2,13,27.27,1.0,14,9,4.3,9.4,1.82,3.64,4.6,4.8,60.0,0.64,0.6,50.0,4.4,14,1.0,1,0
2026-01-03,I1,19:45,Atalanta,Roma,H,H,2025/2026,40.0,4.4,1.18,0.82,1.0,5.4,13,1.71,9.66,2.17,4,1,15,27.27,0.8,16,2,4.26,9.4,1.87,3.64,4.8,4.6,40.0,0.64,1.0,27.27,4.6,10,1.2,0,1
2026-01-06,I1,17:00,Lecce,Roma,A,A,2025/2026,40.0,3.4,1.18,1.36,0.6,4.59,6,1.67,8.85,2.2,3,3,20,27.27,1.2,10,1,4.26,9.6,1.94,3.64,6.2,3.4,40.0,0.64,1.2,45.45,3.6,10,1.0,0,0
2023-08-20,I1,17:30,Roma,Salernitana,D,D,2023/2024,100.0,1.0,0.79,1.0,2.0,6.58,13,1.75,9.44,2.2,2,0,9,63.16,2.0,12,3,2.86,10.0,1.93,8.37,9.0,1.0,100.0,2.26,2.0,52.63,9.0,3,2.0,1,0
2023-09-03,I1,19:45,Lecce,Salernitana,H,H,2023/2024,50.0,3.5,0.79,1.42,2.0,6.26,20,1.74,9.57,2.28,4,3,15,63.16,1.0,17,6,3.31,8.5,1.84,8.37,5.5,3.0,50.0,2.26,0.5,36.84,7.5,11,2.0,0,1
2023-09-27,I1,17:30,Empoli,Salernitana,H,H,2023/2024,33.33,4.75,0.79,1.21,0.25,5.89,13,1.81,9.69,2.12,2,2,13,63.16,0.67,18,6,3.8,7.17,1.85,8.37,4.5,2.67,0.0,2.26,1.0,31.58,8.33,14,1.67,0,1
2023-10-08,I1,11:30,Monza,Salernitana,H,H,2023/2024,50.0,4.5,0.79,1.37,1.5,6.33,16,2.13,9.85,1.81,5,1,16,63.16,0.5,8,7,3.52,11.25,1.99,8.37,7.5,3.75,25.0,2.26,0.25,42.11,8.0,8,2.0,1,1
2023-10-27,I1,19:45,Genoa,Salernitana,H,H,2023/2024,40.0,2.8,0.79,1.16,1.6,5.85,8,1.81,9.24,2.13,2,3,19,63.16,0.4,11,4,3.39,6.4,1.89,8.37,3.4,3.0,60.0,2.26,1.6,42.11,7.8,7,1.8,0,0
2023-11-10,I1,17:30,Sassuolo,Salernitana,D,A,2023/2024,40.0,3.2,0.79,1.79,1.4,6.51,29,2.34,9.92,1.67,2,2,14,63.16,0.4,12,9,3.41,9.8,2.0,8.37,7.0,2.8,40.0,2.26,1.6,47.37,8.2,9,1.8,1,1
2023-12-03,I1,14:00,Fiorentina,Salernitana,H,H,2023/2024,60.0,2.4,0.79,1.16,1.6,6.56,22,2.14,9.45,1.8,1,1,12,63.16,0.4,13,9,2.89,8.0,1.86,8.37,5.8,2.2,60.0,2.26,0.8,68.42,7.6,11,2.0,1,0
2023-12-18,I1,19:45,Atalanta,Salernitana,H,A,2023/2024,80.0,4.0,0.79,0.84,2.2,7.0,20,2.53,10.25,1.57,3,1,11,63.16,0.6,9,11,3.25,10.2,1.96,8.37,7.0,3.2,80.0,2.26,1.4,68.42,7.6,10,2.6,1,1
2023-12-30,I1,17:00,Verona,Salernitana,A,D,2023/2024,60.0,5.6,0.79,1.37,1.2,5.84,11,1.86,9.77,2.05,3,2,13,63.16,0.8,14,0,3.93,8.0,1.93,8.37,5.0,3.0,40.0,2.26,1.4,57.89,7.6,9,2.0,0,1
2024-01-13,I1,14:00,Napoli,Salernitana,H,D,2023/2024,80.0,2.8,0.79,1.42,0.8,7.72,20,2.52,10.76,1.66,2,3,10,63.16,1.0,15,7,3.04,11.0,1.9,8.37,7.4,3.6,60.0,2.26,1.2,63.16,7.8,6,2.2,1,1
2024-02-04,I1,11:30,Torino,Salernitana,D,D,2023/2024,60.0,3.0,0.79,0.47,1.6,6.64,13,1.86,9.76,2.04,1,2,8,63.16,0.6,11,1,3.12,9.8,1.97,8.37,6.0,3.8,40.0,2.26,0.2,26.32,7.6,3,1.8,0,1
2024-02-16,I1,20:00,Inter,Salernitana,H,H,2023/2024,60.0,1.4,0.79,0.58,2.6,8.27,26,3.1,11.07,1.41,0,0,9,63.16,0.6,9,10,2.8,14.0,1.89,8.37,10.6,3.4,60.0,2.26,0.2,52.63,10.6,1,2.0,1,1
2024-03-02,I1,14:00,Udinese,Salernitana,D,D,2023/2024,40.0,5.0,0.79,1.53,1.0,6.17,18,1.95,9.99,2.0,1,6,13,63.16,0.6,13,5,3.82,8.0,2.0,8.37,4.8,3.2,40.0,2.26,1.4,47.37,9.6,17,1.4,0,1
2024-03-09,I1,14:00,Cagliari,Salernitana,H,H,2023/2024,60.0,4.4,0.79,1.68,1.8,6.34,12,1.89,9.97,2.01,5,1,11,63.16,0.8,16,7,3.63,8.0,2.0,8.37,5.2,2.8,80.0,2.26,1.8,63.16,9.2,12,2.2,1,0
2024-04-01,I1,11:30,Bologna,Salernitana,H,H,2023/2024,60.0,2.4,0.79,0.63,2.2,6.31,14,2.21,9.29,1.75,2,0,12,63.16,0.6,11,3,2.98,8.6,1.93,8.37,5.8,2.8,40.0,2.26,0.2,36.84,8.6,8,2.4,1,0
2024-04-12,I1,19:45,Lazio,Salernitana,H,H,2023/2024,80.0,3.0,0.79,0.74,1.4,6.61,17,2.17,9.66,1.75,5,0,10,63.16,0.8,15,6,3.05,9.6,2.03,8.37,7.0,2.6,60.0,2.26,1.2,26.32,8.4,8,3.2,1,0
2024-04-26,I1,19:45,Frosinone,Salernitana,H,H,2023/2024,80.0,3.8,0.79,1.68,1.2,7.13,11,2.61,10.61,1.55,2,2,10,63.16,0.8,13,4,3.48,11.8,1.95,8.37,8.6,3.2,60.0,2.26,1.4,73.68,6.2,17,3.0,1,0
2024-05-12,I1,17:00,Juventus,Salernitana,D,A,2023/2024,80.0,3.8,0.79,0.58,0.8,6.93,25,3.4,10.11,1.37,4,2,12,63.16,0.8,15,6,3.18,10.6,1.84,8.37,7.8,2.8,20.0,2.26,0.6,26.32,7.0,13,3.0,0,1
2024-05-25,I1,19:45,Milan,Salernitana,D,H,2023/2024,80.0,2.2,0.79,0.89,3.0,6.74,23,4.55,9.75,1.22,6,0,9,63.16,1.0,6,11,3.01,9.8,1.88,8.37,7.2,2.6,100.0,2.26,1.8,52.63,8.6,14,2.8,1,1
2023-08-27,I1,19:45,Napoli,Sassuolo,H,H,2023/2024,0.0,4.0,1.05,1.42,2.0,8.05,25,2.88,12.55,1.45,1,0,10,63.16,0.0,9,5,4.5,16.0,1.95,6.16,12.0,4.0,0.0,2.16,0.0,63.16,12.0,6,2.0,0,1
2023-09-17,I1,14:00,Frosinone,Sassuolo,H,A,2023/2024,50.0,6.33,1.05,1.68,2.33,6.35,16,2.28,11.57,1.69,7,4,9,63.16,1.0,10,6,5.22,9.0,1.84,6.16,4.0,5.0,100.0,2.16,2.0,73.68,8.5,18,3.0,1,1
2023-09-27,I1,19:45,Inter,Sassuolo,A,H,2023/2024,66.67,2.5,1.05,0.58,3.0,6.98,13,4.0,11.39,1.28,6,0,8,63.16,1.33,10,3,4.41,10.83,1.96,6.16,5.5,5.33,75.0,2.16,0.75,52.63,8.33,13,2.33,1,1
2023-10-06,I1,19:45,Lecce,Sassuolo,D,A,2023/2024,50.0,4.0,1.05,1.42,1.2,5.62,13,2.11,10.46,1.86,1,2,15,63.16,1.25,9,4,4.84,9.35,1.99,6.16,4.6,4.75,40.0,2.16,1.2,36.84,7.5,14,2.0,0,0
2023-11-06,I1,19:45,Torino,Sassuolo,H,D,2023/2024,60.0,1.6,1.05,0.47,0.8,6.14,21,1.89,10.46,2.02,2,1,6,63.16,1.2,9,9,4.32,10.6,1.99,6.16,6.4,4.2,40.0,2.16,1.0,26.32,7.8,5,2.0,1,1
2023-11-26,I1,14:00,Empoli,Sassuolo,A,D,2023/2024,80.0,5.2,1.05,1.21,0.8,5.26,11,2.35,10.58,1.66,9,4,15,63.16,2.0,20,9,5.32,9.8,1.84,6.16,5.4,4.4,40.0,2.16,1.6,31.58,6.6,17,2.2,1,1
2023-12-11,I1,19:45,Cagliari,Sassuolo,H,A,2023/2024,80.0,5.2,1.05,1.68,2.0,5.71,18,2.16,10.85,1.77,4,1,15,63.16,1.8,15,6,5.14,10.0,1.84,6.16,6.0,4.0,80.0,2.16,2.0,63.16,7.6,8,1.8,1,1
2023-12-17,I1,14:00,Udinese,Sassuolo,D,H,2023/2024,80.0,6.0,1.05,1.53,1.8,5.19,9,2.16,10.64,1.84,7,3,6,63.16,1.8,13,7,5.45,9.4,1.9,6.16,4.0,5.4,60.0,2.16,1.8,47.37,6.2,21,2.0,1,1
2023-12-30,I1,17:00,Milan,Sassuolo,H,D,2023/2024,80.0,6.6,1.05,0.89,1.6,5.85,20,2.88,10.93,1.45,6,0,7,63.16,1.6,8,2,5.08,11.8,1.88,6.16,6.0,5.8,40.0,2.16,0.4,52.63,6.4,12,2.0,0,1
2024-01-16,I1,19:45,Juventus,Sassuolo,H,H,2023/2024,80.0,2.8,1.05,0.58,1.6,5.92,12,2.31,10.6,1.7,4,0,9,63.16,1.4,9,5,4.68,10.4,1.93,6.16,4.6,5.8,40.0,2.16,0.4,26.32,5.6,8,2.2,1,0
2024-01-28,I1,14:00,Monza,Sassuolo,H,H,2023/2024,60.0,4.0,1.05,1.37,0.8,5.11,12,2.03,10.08,1.9,3,1,13,63.16,0.6,8,1,4.97,9.4,1.87,6.16,3.6,5.8,40.0,2.16,1.6,42.11,5.2,14,1.8,0,0
2024-02-03,I1,19:45,Bologna,Sassuolo,H,A,2023/2024,60.0,3.0,1.05,0.63,2.0,5.24,19,1.89,9.89,2.02,4,1,10,63.16,0.8,12,4,4.65,10.4,1.89,6.16,4.6,5.8,20.0,2.16,0.6,36.84,4.6,12,2.2,1,1
2024-02-17,I1,19:45,Atalanta,Sassuolo,H,H,2023/2024,60.0,3.6,1.05,0.84,2.8,6.32,28,2.86,10.94,1.49,4,0,9,63.16,0.4,10,13,4.62,11.0,1.88,6.16,6.8,4.2,60.0,2.16,0.2,68.42,6.6,12,2.4,1,1
2024-03-03,I1,11:30,Verona,Sassuolo,H,D,2023/2024,60.0,7.6,1.05,1.37,1.2,5.01,10,2.0,10.66,1.93,2,4,10,63.16,0.4,23,5,5.65,9.2,1.9,6.16,4.0,5.2,40.0,2.16,1.0,57.89,5.8,13,2.4,0,1
2024-03-17,I1,17:00,Roma,Sassuolo,H,D,2023/2024,40.0,5.2,1.05,1.0,2.4,5.09,10,2.17,10.2,1.79,2,2,10,63.16,0.4,11,4,5.11,9.2,2.01,6.16,3.0,6.2,80.0,2.16,1.4,52.63,5.6,8,2.0,0,1
2024-04-05,I1,19:45,Salernitana,Sassuolo,D,A,2023/2024,60.0,6.0,1.05,2.0,0.8,5.27,5,2.1,10.93,1.82,5,4,13,63.16,0.8,10,2,5.66,12.4,1.9,6.16,5.4,7.0,60.0,2.16,2.0,68.42,5.6,16,2.2,1,1
2024-04-28,I1,19:45,Fiorentina,Sassuolo,H,H,2023/2024,60.0,2.6,1.05,1.16,2.2,6.16,22,2.26,10.81,1.72,2,2,9,63.16,0.6,9,10,4.65,15.4,1.93,6.16,8.8,6.6,80.0,2.16,1.4,68.42,6.2,7,2.4,1,1
2024-05-12,I1,14:00,Genoa,Sassuolo,H,A,2023/2024,60.0,5.8,1.05,1.16,1.6,5.03,8,2.0,10.42,1.97,4,1,10,63.16,0.8,13,2,5.39,11.0,1.91,6.16,4.0,7.0,60.0,2.16,1.2,42.11,4.6,12,2.2,1,0
2024-05-26,I1,19:45,Lazio,Sassuolo,D,D,2023/2024,60.0,2.8,1.05,0.74,1.8,5.68,8,2.52,10.32,1.57,3,3,11,63.16,1.0,15,6,4.64,12.0,1.86,6.16,6.4,5.6,20.0,2.16,0.4,26.32,5.2,8,2.2,0,0
2025-08-29,I1,17:30,Cremonese,Sassuolo,H,H,2025/2026,100.0,4.0,1.09,1.3,3.0,3.96,11,1.74,7.96,2.12,6,2,17,45.45,2.0,12,6,4.0,9.0,2.0,5.0,5.0,4.0,100.0,1.27,2.0,40.0,5.0,9,3.0,1,0
2025-09-21,I1,19:45,Inter,Sassuolo,H,H,2025/2026,100.0,3.33,1.09,0.73,2.67,7.12,20,2.6,10.26,1.49,5,2,8,45.45,1.5,15,6,3.14,12.17,1.79,5.0,8.67,3.5,100.0,1.27,1.0,72.73,6.0,9,2.5,1,0
2025-10-03,I1,19:45,Verona,Sassuolo,A,D,2025/2026,66.67,2.0,1.09,1.6,0.33,4.89,17,1.65,8.19,2.26,3,2,12,45.45,1.33,14,9,3.3,9.33,1.72,5.0,6.33,3.0,0.0,1.27,0.67,60.0,5.33,11,1.67,0,0
2025-10-18,I1,14:00,Lecce,Sassuolo,D,D,2025/2026,50.0,6.25,1.09,1.36,0.75,4.93,11,1.67,8.87,2.24,2,2,14,45.45,1.0,16,2,3.94,7.5,1.75,5.0,4.25,3.25,50.0,1.27,1.5,45.45,5.5,9,1.25,0,0
2025-10-30,I1,17:30,Cagliari,Sassuolo,A,D,2025/2026,60.0,5.0,1.09,1.3,0.8,4.28,8,1.67,8.5,2.21,4,4,21,45.45,1.2,20,1,4.22,7.8,1.96,5.0,3.8,4.0,20.0,1.27,1.4,30.0,5.6,12,1.2,1,1
2025-11-09,I1,11:30,Atalanta,Sassuolo,A,A,2025/2026,60.0,2.2,1.09,0.82,1.2,6.06,14,2.22,9.38,1.67,4,0,8,45.45,1.4,9,2,3.32,10.6,1.83,5.0,7.2,3.4,40.0,1.27,1.2,27.27,5.4,8,0.6,1,0
2025-11-28,I1,19:45,Como,Sassuolo,H,H,2025/2026,40.0,2.2,1.09,0.7,1.6,4.61,18,1.95,7.71,1.86,5,2,7,45.45,1.2,11,13,3.1,8.2,4.42,5.0,4.6,3.6,20.0,1.27,0.4,20.0,4.8,12,0.6,0,0
2025-12-14,I1,11:30,Milan,Sassuolo,D,D,2025/2026,60.0,4.0,1.09,0.82,1.6,5.63,13,1.95,9.15,1.86,3,1,12,45.45,1.4,12,5,3.52,8.2,1.87,5.0,4.4,3.8,60.0,1.27,1.0,54.55,5.4,8,1.0,1,0
2025-12-28,I1,17:00,Bologna,Sassuolo,D,D,2025/2026,60.0,4.4,1.09,1.0,0.8,5.31,16,1.78,8.88,2.04,5,2,19,45.45,1.6,18,6,3.57,8.8,1.85,5.0,5.2,3.6,20.0,1.27,1.0,40.0,4.6,8,1.2,0,0
2026-01-10,I1,17:00,Roma,Sassuolo,H,D,2025/2026,40.0,2.4,1.09,0.5,1.6,5.14,26,1.75,8.19,2.08,3,2,16,45.45,1.2,15,6,3.05,7.4,1.86,5.0,4.8,2.6,20.0,1.27,0.4,20.0,4.4,5,1.4,0,0
2023-08-26,I1,19:45,Milan,Torino,H,H,2023/2024,100.0,1.0,0.95,0.89,4.0,4.55,17,1.81,7.54,2.18,1,2,16,36.84,1.0,13,7,2.99,3.0,1.99,4.32,2.0,1.0,100.0,1.42,1.0,52.63,2.0,8,4.0,1,0
2023-09-18,I1,17:30,Salernitana,Torino,A,A,2023/2024,100.0,3.5,0.95,2.0,0.5,4.26,14,1.67,8.08,2.45,3,2,16,36.84,2.0,12,4,3.82,5.5,1.87,4.32,4.0,1.5,50.0,1.42,2.0,68.42,1.5,11,2.0,1,0
2023-09-27,I1,19:45,Lazio,Torino,H,D,2023/2024,66.67,2.0,0.95,0.74,1.0,4.96,6,1.69,8.08,2.29,2,1,13,36.84,1.33,12,3,3.12,8.34,2.02,4.32,6.67,1.67,0.0,1.42,0.67,26.32,2.33,7,2.0,0,0
2023-10-07,I1,17:00,Juventus,Torino,H,D,2023/2024,50.0,3.5,0.95,0.58,1.75,5.39,17,1.53,8.72,2.62,1,1,8,36.84,1.0,10,6,3.33,8.0,1.92,4.32,6.0,2.0,25.0,1.42,0.5,26.32,3.5,10,2.0,0,0
2023-10-28,I1,17:00,Lecce,Torino,A,A,2023/2024,40.0,3.6,0.95,1.42,0.8,4.71,11,1.51,8.15,2.68,2,3,19,36.84,1.0,17,6,3.44,5.8,1.97,4.32,4.2,1.6,20.0,1.42,1.2,36.84,3.4,10,1.6,0,0
2023-11-11,I1,19:45,Monza,Torino,D,D,2023/2024,20.0,3.4,0.95,1.37,1.2,4.87,12,1.7,8.32,2.25,5,2,11,36.84,1.0,11,5,3.45,9.0,1.78,4.32,7.4,1.6,20.0,1.42,0.6,42.11,3.6,12,1.0,0,0
2023-11-27,I1,19:45,Bologna,Torino,H,D,2023/2024,0.0,4.8,0.95,0.63,1.6,4.58,13,1.58,7.94,2.54,3,3,15,36.84,0.4,16,2,3.36,4.8,1.86,4.32,3.2,1.6,40.0,1.42,0.2,36.84,4.0,9,1.4,0,0
2023-12-10,I1,11:30,Frosinone,Torino,D,D,2023/2024,0.0,5.2,0.95,1.68,1.4,5.54,11,1.77,9.38,2.14,3,3,17,36.84,0.4,13,5,3.84,8.0,1.9,4.32,5.2,2.8,60.0,1.42,0.8,73.68,3.8,16,1.0,0,1
2023-12-29,I1,17:30,Fiorentina,Torino,H,D,2023/2024,0.0,3.0,0.95,1.16,1.4,4.86,12,1.65,8.11,2.39,3,4,15,36.84,0.4,11,3,3.25,6.0,2.0,4.32,3.4,2.6,40.0,1.42,0.4,68.42,3.2,6,0.8,0,0
2024-01-13,I1,14:00,Genoa,Torino,D,D,2023/2024,0.0,4.8,0.95,1.16,0.8,4.79,11,1.58,8.68,2.79,0,3,11,36.84,0.2,11,6,3.89,10.0,1.84,4.32,6.6,3.4,0.0,1.42,0.6,42.11,4.2,6,0.8,0,1
2024-01-26,I1,19:45,Cagliari,Torino,A,A,2023/2024,20.0,5.6,0.95,1.68,1.2,5.17,25,1.53,9.26,2.62,6,2,12,36.84,0.4,12,10,4.09,11.2,1.89,4.32,7.6,3.6,60.0,1.42,1.0,63.16,5.2,16,0.8,1,0
2024-02-10,I1,19:45,Sassuolo,Torino,D,D,2023/2024,20.0,5.8,0.95,1.79,1.2,4.95,11,1.79,9.0,2.14,2,1,11,36.84,0.6,12,4,4.05,8.2,1.91,4.32,4.2,4.0,60.0,1.42,1.4,47.37,5.6,13,0.6,0,0
2024-02-26,I1,17:30,Roma,Torino,H,D,2023/2024,40.0,4.8,0.95,1.0,2.4,4.61,6,1.64,8.33,2.43,6,2,16,36.84,1.0,12,3,3.72,6.6,1.91,4.32,3.4,3.2,80.0,1.42,1.6,52.63,5.0,14,1.2,1,0
2024-03-08,I1,19:45,Napoli,Torino,D,D,2023/2024,40.0,3.0,0.95,1.42,1.6,6.65,22,1.75,10.03,2.21,2,2,13,36.84,1.2,9,8,3.38,12.0,1.86,4.32,7.8,4.2,60.0,1.42,1.0,63.16,6.8,11,1.2,0,1
2024-03-16,I1,14:00,Udinese,Torino,A,A,2023/2024,40.0,5.0,0.95,1.53,0.8,4.75,12,1.58,8.93,2.49,5,3,17,36.84,1.6,11,1,4.18,8.8,1.91,4.32,4.6,4.2,20.0,1.42,1.4,47.37,5.8,12,1.2,0,0
2024-04-06,I1,19:45,Empoli,Torino,H,H,2023/2024,40.0,4.8,0.95,1.21,0.8,4.5,4,1.58,8.82,2.48,5,2,13,36.84,1.6,13,3,4.32,9.8,1.91,4.32,4.6,5.2,20.0,1.42,1.0,31.58,4.4,19,1.6,1,0
2024-04-28,I1,11:30,Inter,Torino,H,D,2023/2024,40.0,4.4,0.95,0.58,1.8,6.15,17,1.87,9.69,2.01,3,0,8,36.84,1.4,6,5,3.54,11.0,1.93,4.32,5.8,5.2,40.0,1.42,0.8,52.63,4.4,11,1.8,0,0
2024-05-12,I1,14:00,Verona,Torino,A,D,2023/2024,40.0,4.0,0.95,1.37,1.2,4.67,13,1.53,8.92,2.64,2,3,15,36.84,1.4,19,5,4.25,10.4,1.77,4.32,5.2,5.2,80.0,1.42,1.6,57.89,5.8,6,1.4,1,1
2024-05-26,I1,17:00,Atalanta,Torino,H,H,2023/2024,60.0,2.6,0.95,0.84,2.0,5.42,18,2.38,8.95,1.69,1,1,10,36.84,1.2,18,7,3.53,10.2,1.84,4.32,5.4,4.8,80.0,1.42,1.0,68.42,3.6,8,1.8,1,0
2024-08-17,I1,19:45,Milan,Torino,D,A,2024/2025,100.0,2.0,1.16,0.84,2.0,6.65,20,2.19,10.17,1.78,3,2,7,36.84,2.0,10,6,3.52,11.0,2.06,6.21,9.0,2.0,100.0,1.42,2.0,47.37,9.0,6,2.0,1,1
2024-08-30,I1,17:30,Venezia,Torino,A,D,2024/2025,50.0,3.0,1.16,1.16,0.0,4.65,13,1.74,8.64,2.17,6,2,15,36.84,1.5,7,4,3.99,5.5,1.86,6.21,3.0,2.5,0.0,1.42,1.0,31.58,6.0,12,1.0,0,0
2024-09-20,I1,19:45,Verona,Torino,A,A,2024/2025,66.67,4.0,1.16,1.89,1.67,5.09,8,1.54,8.97,2.67,3,3,8,36.84,2.0,10,2,3.88,7.0,1.96,6.21,3.33,3.67,100.0,1.42,2.0,57.89,5.67,16,1.33,1,1
2024-10-05,I1,19:45,Inter,Torino,H,H,2024/2025,75.0,3.0,1.16,1.11,2.5,7.0,29,2.3,10.37,1.68,5,1,9,36.84,2.0,6,8,3.37,11.0,1.91,6.21,8.25,2.75,75.0,1.42,1.0,63.16,7.75,7,1.75,1,1
2024-10-20,I1,17:00,Cagliari,Torino,H,D,2024/2025,80.0,5.8,1.16,1.47,0.8,6.23,18,1.71,10.54,2.21,5,1,8,36.84,2.0,9,5,4.31,11.8,1.89,6.21,7.2,4.6,40.0,1.42,1.8,57.89,8.0,17,2.0,1,1
2024-10-31,I1,19:45,Roma,Torino,H,H,2024/2025,60.0,3.4,1.16,0.79,1.4,5.08,10,1.8,8.86,2.19,2,2,15,36.84,1.6,11,3,3.78,9.6,1.94,6.21,4.4,5.2,60.0,1.42,0.8,52.63,6.8,4,1.8,0,0
2024-11-09,I1,19:45,Juventus,Torino,H,H,2024/2025,60.0,3.6,1.16,0.79,1.2,6.16,13,1.54,10.03,2.62,1,1,14,36.84,1.4,7,4,3.87,12.4,1.84,6.21,6.8,5.6,20.0,1.42,0.6,42.11,7.2,6,2.2,0,0
2024-12-07,I1,14:00,Genoa,Torino,D,D,2024/2025,40.0,5.6,1.16,1.32,1.0,5.26,5,1.55,9.62,2.62,3,2,15,36.84,0.8,12,1,4.36,9.8,1.77,6.21,4.6,5.2,40.0,1.42,1.2,42.11,7.0,10,1.8,0,0
2024-12-13,I1,19:45,Empoli,Torino,A,D,2024/2025,20.0,5.6,1.16,1.37,0.4,5.12,10,1.44,9.47,2.88,4,2,15,36.84,0.6,7,4,4.35,10.6,2.06,6.21,4.8,5.8,20.0,1.42,1.2,36.84,6.6,14,1.2,0,1
2024-12-29,I1,11:30,Udinese,Torino,D,H,2024/2025,20.0,4.6,1.16,1.42,1.0,5.27,10,1.66,9.41,2.35,6,1,12,36.84,0.6,17,3,4.14,9.0,1.94,6.21,5.0,4.0,40.0,1.42,1.8,52.63,5.6,12,1.0,1,0
2025-01-19,I1,11:30,Fiorentina,Torino,D,H,2024/2025,20.0,2.6,1.16,0.95,1.2,5.17,20,1.8,8.83,2.11,3,3,11,36.84,0.8,16,6,3.66,10.8,1.86,6.21,7.4,3.4,60.0,1.42,1.4,63.16,6.8,6,1.0,0,1
2025-02-01,I1,17:00,Atalanta,Torino,D,D,2024/2025,20.0,1.4,1.16,1.26,1.8,5.93,22,2.02,9.1,1.91,3,0,11,36.84,1.0,6,10,3.17,7.8,1.83,6.21,5.4,2.4,60.0,1.42,1.6,52.63,7.4,5,0.8,0,0
2025-02-14,I1,19:45,Bologna,Torino,H,D,2024/2025,40.0,2.6,1.16,0.95,2.4,6.54,23,1.6,9.85,2.47,5,0,17,36.84,1.4,7,7,3.31,8.4,1.8,6.21,6.4,2.0,80.0,1.42,1.6,47.37,8.2,8,1.4,1,0
2025-03-02,I1,11:30,Monza,Torino,A,A,2024/2025,40.0,4.2,1.16,1.63,0.6,4.49,9,1.7,8.29,2.27,7,2,20,36.84,1.6,10,2,3.8,5.0,1.99,6.21,2.8,2.2,40.0,1.42,1.2,47.37,6.0,13,1.4,0,0
2025-03-08,I1,14:00,Parma,Torino,D,A,2024/2025,40.0,4.4,1.16,1.47,1.2,4.82,12,1.73,8.9,2.19,2,4,15,36.84,1.6,16,4,4.08,6.2,2.02,6.21,3.8,2.4,40.0,1.42,1.4,52.63,6.6,6,1.4,1,1
2025-03-31,I1,19:45,Lazio,Torino,D,D,2024/2025,40.0,3.2,1.16,1.37,2.0,6.37,16,1.74,9.94,2.22,2,3,20,36.84,1.6,9,6,3.57,10.2,1.85,6.21,7.6,2.6,60.0,1.42,1.4,63.16,5.8,7,1.4,0,0
2025-04-13,I1,17:00,Como,Torino,H,H,2024/2025,40.0,3.4,1.16,1.37,1.2,5.4,15,1.82,9.0,2.06,4,1,16,36.84,1.4,9,7,3.6,8.8,1.92,6.21,5.4,3.4,40.0,1.42,1.0,47.37,5.6,10,1.4,0,1
2025-04-27,I1,19:45,Napoli,Torino,H,H,2024/2025,20.0,4.6,1.16,0.68,2.0,6.25,8,1.9,10.0,1.98,0,0,13,36.84,1.0,5,2,3.75,9.0,1.83,6.21,5.0,4.0,60.0,1.42,0.6,47.37,4.4,9,1.2,0,0
2025-05-18,I1,19:45,Lecce,Torino,H,D,2024/2025,20.0,3.8,1.16,1.63,0.4,5.49,10,1.64,9.62,2.39,4,1,8,36.84,0.6,13,4,4.13,10.2,1.99,6.21,6.2,4.0,20.0,1.42,1.2,42.11,4.8,10,1.4,0,0
2025-08-25,I1,19:45,Inter,Torino,H,H,2025/2026,100.0,5.0,1.0,0.73,5.0,6.75,20,2.25,10.67,1.65,4,0,6,50.0,0.0,14,9,3.92,11.0,1.86,4.6,6.0,5.0,100.0,1.4,0.0,72.73,6.0,12,5.0,1,1
2025-09-14,I1,11:30,Roma,Torino,A,D,2025/2026,50.0,4.0,1.0,0.5,0.5,5.22,22,1.83,9.08,1.97,4,2,17,50.0,0.5,11,5,3.86,9.0,1.94,4.6,4.5,4.5,0.0,1.4,0.5,20.0,6.5,8,2.5,0,1
2025-09-29,I1,17:30,Parma,Torino,H,H,2025/2026,66.67,2.5,1.0,1.18,1.5,3.92,13,1.62,8.02,2.33,4,3,12,50.0,0.67,10,2,4.1,6.5,1.85,4.6,2.5,4.0,50.0,1.4,1.0,27.27,5.67,15,2.33,1,0
2025-10-04,I1,14:00,Lazio,Torino,D,H,2025/2026,75.0,4.0,1.0,1.09,2.33,4.82,9,1.75,8.8,2.09,8,3,22,50.0,1.25,13,4,3.98,8.92,1.87,4.6,4.67,4.25,66.67,1.4,1.33,36.36,5.0,16,2.5,1,0
2025-10-29,I1,19:45,Bologna,Torino,D,D,2025/2026,60.0,2.75,1.0,1.0,1.75,5.19,11,1.68,9.1,2.19,2,2,20,50.0,1.0,11,2,3.91,9.0,1.78,4.6,5.0,4.0,50.0,1.4,0.25,40.0,4.6,8,2.0,0,0
2025-11-08,I1,17:00,Juventus,Torino,D,D,2025/2026,40.0,4.0,1.0,0.8,1.6,5.8,22,1.93,9.9,1.91,3,0,4,50.0,1.0,9,6,4.1,11.2,1.92,4.6,7.8,3.4,40.0,1.4,1.0,50.0,4.6,8,1.0,0,0
2025-11-30,I1,11:30,Lecce,Torino,H,H,2025/2026,60.0,5.2,1.0,1.36,0.8,4.79,10,1.5,9.14,2.6,6,2,22,50.0,1.0,16,2,4.35,8.8,5.14,4.6,5.0,3.8,40.0,1.4,0.8,45.45,4.4,15,1.4,1,1
2025-12-21,I1,14:00,Sassuolo,Torino,A,D,2025/2026,40.0,3.8,1.0,1.4,1.2,4.04,7,1.73,8.24,2.15,5,3,17,50.0,1.0,15,1,4.2,8.4,1.81,4.6,4.6,3.8,60.0,1.4,1.4,50.0,4.0,10,1.0,0,0
2026-01-04,I1,17:00,Verona,Torino,A,A,2025/2026,40.0,5.2,1.0,1.6,1.4,4.44,7,1.53,8.64,2.57,5,0,7,50.0,1.0,13,3,4.2,8.2,1.95,4.6,4.0,4.2,100.0,1.4,2.0,60.0,4.2,21,0.4,1,1
2026-01-10,I1,19:45,Atalanta,Torino,H,H,2025/2026,40.0,5.0,1.0,0.82,1.4,5.66,18,1.83,9.82,1.93,3,1,17,50.0,1.0,14,5,4.16,9.4,1.77,4.6,5.0,4.4,20.0,1.4,0.4,27.27,4.6,10,0.8,0,0
2023-08-28,I1,17:30,Salernitana,Udinese,D,D,2023/2024,0.0,5.0,0.84,2.0,1.0,5.98,9,1.83,10.33,2.12,6,4,19,26.32,1.0,12,4,4.35,12.0,1.88,7.79,7.0,5.0,0.0,1.26,1.0,68.42,7.0,14,1.0,0,1
2023-09-17,I1,11:30,Cagliari,Udinese,D,D,2023/2024,0.0,6.5,0.84,1.68,0.0,5.71,10,1.78,10.11,2.2,1,2,11,26.32,0.5,12,1,4.4,9.5,1.82,7.79,4.0,5.5,0.0,1.26,1.0,63.16,5.5,11,0.5,0,0
2023-09-27,I1,19:45,Napoli,Udinese,H,H,2023/2024,33.33,3.33,0.84,1.42,2.33,7.59,23,2.49,11.11,1.61,3,1,10,26.32,0.67,11,10,3.52,14.0,2.01,7.79,9.0,5.0,66.67,1.26,1.0,63.16,6.33,13,1.67,1,1
2023-10-06,I1,17:30,Empoli,Udinese,D,D,2023/2024,25.0,5.2,0.84,1.21,0.2,5.53,18,2.03,9.95,1.89,1,1,15,26.32,0.5,11,3,4.42,10.1,2.01,7.79,4.6,5.5,0.0,1.26,0.8,31.58,6.0,11,1.25,0,1
2023-10-29,I1,14:00,Monza,Udinese,D,H,2023/2024,20.0,4.2,0.84,1.37,1.4,6.12,10,2.03,10.02,1.97,3,2,11,26.32,0.6,15,4,3.9,13.0,2.04,7.79,8.0,5.0,20.0,1.26,0.4,42.11,6.8,10,1.2,0,1
2023-11-04,I1,19:45,Milan,Udinese,A,D,2023/2024,20.0,2.6,0.84,0.89,1.4,6.34,14,2.1,9.92,1.85,2,1,14,26.32,0.6,13,5,3.58,10.6,1.82,7.79,5.6,5.0,20.0,1.26,0.6,52.63,7.6,12,1.0,0,1
2023-11-26,I1,17:00,Roma,Udinese,H,H,2023/2024,40.0,3.4,0.84,1.0,3.0,6.04,12,1.78,9.73,2.14,2,1,15,26.32,0.8,8,5,3.69,9.8,2.05,7.79,5.8,4.0,60.0,1.26,0.4,52.63,8.2,6,1.6,1,0
2023-12-09,I1,19:45,Inter,Udinese,H,H,2023/2024,40.0,3.6,0.84,0.58,2.0,7.54,17,2.58,10.85,1.55,1,0,6,26.32,0.6,9,8,3.31,11.0,1.83,7.79,7.6,3.4,60.0,1.26,0.8,52.63,7.8,11,1.6,1,0
2023-12-23,I1,14:00,Torino,Udinese,D,D,2023/2024,40.0,3.0,0.84,0.47,1.4,6.55,14,1.82,9.82,2.19,4,2,11,26.32,0.8,10,4,3.27,8.2,1.84,7.79,5.8,2.4,60.0,1.26,1.0,26.32,8.4,10,1.8,0,0
2024-01-14,I1,17:00,Fiorentina,Udinese,D,A,2023/2024,60.0,3.4,0.84,1.16,1.8,6.03,10,1.87,9.35,2.02,6,1,13,26.32,1.0,14,3,3.32,5.0,1.99,7.79,2.4,2.6,60.0,1.26,0.6,68.42,7.2,12,2.0,1,0
2024-01-27,I1,14:00,Atalanta,Udinese,H,H,2023/2024,60.0,4.6,0.84,0.84,3.0,6.63,14,2.34,10.15,1.66,5,2,11,26.32,0.8,8,11,3.52,9.0,2.03,7.79,6.6,2.4,60.0,1.26,0.6,68.42,5.8,13,2.4,0,0
2024-02-12,I1,19:45,Juventus,Udinese,A,A,2023/2024,40.0,4.2,0.84,0.58,1.2,6.39,14,1.79,9.92,2.13,1,3,10,26.32,0.8,15,6,3.53,7.8,1.85,7.79,4.8,3.0,20.0,1.26,0.4,26.32,6.0,8,1.8,0,1
2024-02-24,I1,19:45,Genoa,Udinese,H,H,2023/2024,20.0,4.2,0.84,1.16,1.2,5.9,19,1.52,9.76,2.66,1,1,17,26.32,0.8,9,4,3.86,10.2,1.9,7.79,6.8,3.4,40.0,1.26,1.2,42.11,6.4,5,1.4,0,1
2024-03-11,I1,19:45,Lazio,Udinese,A,D,2023/2024,40.0,4.2,0.84,0.74,0.6,6.09,18,1.75,9.69,2.2,5,3,15,26.32,1.0,9,6,3.6,9.0,1.92,7.79,5.0,4.0,40.0,1.26,1.0,26.32,6.6,14,1.4,1,1
2024-04-01,I1,14:00,Sassuolo,Udinese,D,D,2023/2024,20.0,3.6,0.84,1.79,1.2,6.12,14,1.92,9.92,2.0,3,1,10,26.32,0.8,7,5,3.8,8.4,1.81,7.79,5.0,3.4,40.0,1.26,2.2,47.37,7.8,12,1.2,0,1
2024-04-20,I1,19:45,Verona,Udinese,H,D,2023/2024,20.0,5.6,0.84,1.37,1.2,5.84,16,1.6,10.14,2.53,1,2,12,26.32,0.8,18,4,4.3,8.8,2.07,7.79,5.0,3.8,60.0,1.26,1.4,57.89,9.0,18,1.0,0,1
2024-04-28,I1,14:00,Bologna,Udinese,D,A,2023/2024,20.0,1.8,0.84,0.63,1.2,6.53,15,1.75,9.83,2.2,4,3,21,26.32,0.8,11,4,3.3,12.2,2.08,7.79,8.6,3.6,20.0,1.26,0.4,36.84,9.4,11,1.2,0,1
2024-05-13,I1,17:30,Lecce,Udinese,A,A,2023/2024,20.0,4.0,0.84,1.42,0.4,6.49,9,1.65,10.18,2.38,3,2,11,26.32,1.2,12,2,3.69,10.8,2.01,7.79,7.4,3.4,0.0,1.26,0.8,36.84,9.4,16,0.8,0,0
2024-05-26,I1,19:45,Frosinone,Udinese,A,D,2023/2024,0.0,2.8,0.84,1.68,1.0,7.29,21,1.85,10.9,2.08,5,0,13,26.32,1.0,6,5,3.61,10.6,1.81,7.79,8.0,2.6,60.0,1.26,1.8,73.68,9.8,10,0.6,0,1
2024-08-18,I1,17:30,Bologna,Udinese,D,D,2024/2025,0.0,5.0,1.0,0.95,1.0,6.35,22,1.66,10.63,2.31,2,0,13,47.37,1.0,15,7,4.28,12.0,1.92,5.68,7.0,5.0,0.0,1.53,1.0,47.37,7.0,4,1.0,0,1
2024-09-16,I1,17:30,Parma,Udinese,A,H,2024/2025,50.0,8.0,1.0,1.47,1.67,4.65,9,1.91,9.83,1.98,6,2,18,47.37,2.0,8,3,5.18,9.5,1.87,5.68,4.0,5.5,66.67,1.53,1.67,52.63,6.0,18,1.5,1,1
2024-09-22,I1,17:00,Roma,Udinese,H,H,2024/2025,66.67,3.0,1.0,0.79,2.0,4.79,14,2.05,8.85,1.87,3,2,11,47.37,1.33,15,6,4.06,9.0,2.03,5.68,5.0,4.0,100.0,1.53,1.0,52.63,4.67,9,2.0,1,0
2024-10-19,I1,17:00,Milan,Udinese,H,H,2024/2025,50.0,3.5,1.0,0.84,2.5,5.94,10,2.5,10.25,1.58,1,2,14,47.37,1.0,3,5,4.31,10.75,2.01,5.68,6.75,4.0,75.0,1.53,0.5,47.37,5.5,13,1.75,0,1
2024-10-30,I1,17:30,Venezia,Udinese,H,A,2024/2025,60.0,4.5,1.0,1.16,1.25,4.35,18,1.73,9.11,2.22,5,3,13,47.37,1.2,9,7,4.76,6.9,1.93,5.68,2.5,4.4,25.0,1.53,1.25,31.58,4.8,15,2.0,1,0
2024-11-10,I1,11:30,Atalanta,Udinese,H,A,2024/2025,80.0,2.4,1.0,1.26,3.4,5.4,11,2.06,9.31,1.86,6,1,12,47.37,1.2,10,4,3.91,9.0,2.01,5.68,4.6,4.4,80.0,1.53,1.2,52.63,4.2,11,2.2,1,0
2024-11-25,I1,17:30,Empoli,Udinese,D,H,2024/2025,60.0,5.8,1.0,1.37,0.4,4.47,4,1.52,9.18,2.72,3,3,13,47.37,0.8,8,2,4.71,7.6,1.93,5.68,2.8,4.8,20.0,1.53,1.0,36.84,3.4,16,2.0,0,0
2024-12-09,I1,19:45,Monza,Udinese,A,A,2024/2025,60.0,3.6,1.0,1.63,0.8,4.46,27,1.55,8.9,2.55,3,1,16,47.37,1.2,12,4,4.44,9.6,1.98,5.68,4.8,4.8,40.0,1.53,1.4,47.37,5.0,10,1.6,1,1
2024-12-23,I1,17:30,Fiorentina,Udinese,A,H,2024/2025,80.0,3.6,1.0,0.95,2.4,4.76,14,2.11,9.05,1.77,4,2,14,47.37,1.6,10,3,4.29,10.4,1.81,5.68,6.0,4.4,80.0,1.53,1.0,63.16,5.4,11,1.6,1,1
2025-01-04,I1,19:45,Verona,Udinese,D,D,2024/2025,60.0,4.6,1.0,1.89,0.8,5.11,13,1.74,9.49,2.18,6,3,16,47.37,1.2,14,3,4.38,8.0,2.09,5.68,4.2,3.8,60.0,1.53,2.4,57.89,6.4,15,1.0,0,0
2025-01-20,I1,19:45,Como,Udinese,H,H,2024/2025,60.0,3.8,1.0,1.37,2.0,5.31,11,1.88,9.37,2.05,2,2,16,47.37,1.2,10,8,4.06,8.4,1.99,5.68,5.2,3.2,40.0,1.53,0.8,47.37,6.2,6,1.4,1,0
2025-02-09,I1,19:45,Napoli,Udinese,D,D,2024/2025,60.0,2.8,1.0,0.68,1.2,6.76,18,2.01,10.64,1.99,4,0,10,47.37,1.2,11,4,3.88,11.4,1.83,5.68,8.6,2.8,20.0,1.53,0.6,47.37,7.2,8,1.4,0,1
2025-02-21,I1,19:45,Lecce,Udinese,A,A,2024/2025,40.0,4.6,1.0,1.63,0.2,5.78,10,1.66,10.44,2.34,5,1,11,47.37,1.0,15,1,4.66,12.0,1.81,5.68,7.8,4.2,40.0,1.53,1.4,42.11,7.4,12,1.2,0,1
2025-03-10,I1,19:45,Lazio,Udinese,D,D,2024/2025,20.0,4.0,1.0,1.37,2.0,6.32,10,1.89,10.71,2.02,4,2,11,47.37,0.8,9,5,4.39,13.6,1.88,5.68,8.0,5.6,60.0,1.53,1.4,63.16,6.2,15,1.2,0,1
2025-03-30,I1,17:00,Inter,Udinese,H,H,2024/2025,40.0,3.2,1.0,1.11,2.2,6.51,13,2.01,10.64,1.88,4,2,14,47.37,1.0,8,3,4.13,13.0,1.95,5.68,7.2,5.8,80.0,1.53,1.0,63.16,5.2,11,1.6,1,0
2025-04-04,I1,19:45,Genoa,Udinese,H,D,2024/2025,20.0,4.4,1.0,1.32,1.6,4.85,13,1.54,9.58,2.66,2,2,14,47.37,0.8,16,7,4.73,9.8,1.79,5.68,4.0,5.8,20.0,1.53,0.4,42.11,4.8,5,1.0,0,0
2025-04-23,I1,17:30,Torino,Udinese,H,H,2024/2025,20.0,6.0,1.0,0.95,1.4,4.9,10,1.59,9.59,2.5,6,2,13,47.37,0.6,11,4,4.69,10.4,1.81,5.68,4.4,6.0,20.0,1.53,0.6,15.79,5.2,10,1.2,0,1
2025-05-03,I1,14:00,Cagliari,Udinese,A,D,2024/2025,40.0,4.6,1.0,1.47,1.2,5.34,8,1.65,10.02,2.34,3,1,15,47.37,0.8,5,2,4.68,8.8,1.95,5.68,3.6,5.2,60.0,1.53,1.2,57.89,4.0,11,1.4,1,0
2025-05-18,I1,19:45,Juventus,Udinese,H,D,2024/2025,40.0,4.0,1.0,0.79,1.4,5.73,24,2.11,9.92,1.81,2,0,13,47.37,0.6,9,7,4.19,9.4,1.98,5.68,5.4,4.0,40.0,1.53,1.0,42.11,5.6,7,1.6,0,1
2025-08-31,I1,19:45,Inter,Udinese,A,A,2025/2026,100.0,3.5,1.1,0.73,3.0,7.9,16,2.5,11.59,1.56,5,1,5,50.0,2.0,17,4,3.69,11.5,1.86,5.0,9.5,2.0,100.0,1.7,1.0,72.73,13.0,10,1.0,1,1
2025-09-14,I1,14:00,Pisa,Udinese,A,A,2025/2026,50.0,6.5,1.1,1.0,0.0,5.05,12,1.58,9.83,2.43,3,1,15,50.0,1.5,13,2,4.78,8.5,1.8,5.0,4.5,4.0,0.0,1.7,1.0,9.09,10.5,13,0.5,0,1
2025-09-28,I1,11:30,Sassuolo,Udinese,H,H,2025/2026,66.67,4.67,1.1,1.4,1.33,4.19,11,1.73,8.75,2.11,5,0,22,50.0,1.33,5,5,4.56,6.0,1.83,5.0,1.67,4.33,33.33,1.7,1.0,50.0,7.33,12,1.33,1,0
2025-10-20,I1,19:45,Cremonese,Udinese,D,H,2025/2026,50.0,3.67,1.1,1.3,1.33,4.06,11,1.65,8.73,2.22,1,4,14,50.0,1.25,15,4,4.67,8.58,1.97,5.0,4.33,4.25,33.33,1.7,1.0,40.0,6.75,8,1.25,0,0
2025-10-29,I1,17:30,Juventus,Udinese,H,D,2025/2026,60.0,4.8,1.1,0.8,2.0,6.14,25,2.05,10.62,1.78,2,1,13,50.0,1.2,12,11,4.48,12.0,1.8,5.0,7.8,4.2,40.0,1.7,1.0,50.0,7.0,8,1.6,1,1
2025-11-09,I1,17:00,Roma,Udinese,H,H,2025/2026,40.0,3.2,1.1,0.5,1.2,5.34,13,1.85,9.35,2.03,4,2,14,50.0,0.8,13,4,4.01,10.8,1.8,5.0,6.2,4.6,20.0,1.7,0.6,20.0,5.0,10,1.8,0,0
2025-11-29,I1,14:00,Parma,Udinese,A,A,2025/2026,40.0,5.8,1.1,1.18,0.6,3.98,17,1.7,8.75,2.19,5,1,19,50.0,1.0,6,2,4.77,8.6,5.27,5.0,3.4,5.2,40.0,1.7,1.6,27.27,4.4,14,1.8,0,1
2025-12-21,I1,17:00,Fiorentina,Udinese,H,H,2025/2026,40.0,4.2,1.1,1.5,1.8,5.18,20,1.68,9.73,2.16,4,3,8,50.0,1.0,10,7,4.55,10.2,1.94,5.0,5.2,5.0,60.0,1.7,1.4,60.0,4.4,11,2.2,1,0
2026-01-03,I1,11:30,Como,Udinese,H,H,2025/2026,40.0,2.0,1.1,0.7,1.6,4.51,15,1.77,8.37,2.06,1,1,15,50.0,0.8,12,3,3.86,9.0,1.89,5.0,4.4,4.6,20.0,1.7,0.2,20.0,4.0,4,2.2,0,0
2026-01-07,I1,19:45,Torino,Udinese,A,D,2025/2026,40.0,4.4,1.1,1.82,1.2,4.25,10,1.62,8.63,2.34,4,2,8,50.0,1.0,16,4,4.38,9.0,1.85,5.0,4.0,5.0,80.0,1.7,2.4,63.64,3.0,9,1.8,1,0
2024-08-18,I1,19:45,Lazio,Venezia,H,H,2024/2025,100.0,3.0,0.79,1.37,3.0,6.23,13,2.02,9.71,1.88,3,1,11,52.63,1.0,14,6,3.48,9.0,1.79,6.21,6.0,3.0,100.0,1.79,1.0,63.16,6.0,11,3.0,1,0
2024-08-25,I1,17:30,Fiorentina,Venezia,D,D,2024/2025,50.0,3.0,0.79,0.95,0.0,5.1,12,2.23,8.64,1.72,4,1,19,52.63,0.5,13,8,3.54,10.0,1.86,6.21,7.0,3.0,0.0,1.79,0.0,63.16,6.5,7,1.5,0,0
2024-09-14,I1,19:45,Milan,Venezia,H,H,2024/2025,66.67,1.5,0.79,0.84,3.0,6.24,12,2.9,9.63,1.45,1,1,12,52.63,0.33,12,8,3.39,9.83,2.01,6.21,7.5,2.33,100.0,1.79,1.0,47.37,6.33,6,2.33,1,0
2024-09-29,I1,14:00,Roma,Venezia,H,A,2024/2025,75.0,3.0,0.79,0.79,2.0,5.11,22,2.2,8.47,1.72,7,1,13,52.63,0.5,8,5,3.36,7.83,1.92,6.21,5.33,2.5,100.0,1.79,1.0,52.63,6.25,18,2.25,1,0
2024-10-04,I1,19:45,Verona,Venezia,H,D,2024/2025,80.0,4.5,0.79,1.89,1.75,5.52,13,1.81,9.28,2.12,2,3,7,52.63,0.6,10,4,3.76,8.95,1.77,6.21,5.75,3.2,100.0,1.79,1.75,57.89,7.6,11,2.2,1,1
2024-10-27,I1,14:00,Monza,Venezia,D,D,2024/2025,80.0,3.8,0.79,1.63,1.0,4.65,13,1.85,8.4,2.07,2,4,16,52.63,0.8,17,2,3.75,6.4,2.0,6.21,3.2,3.2,40.0,1.79,1.4,47.37,7.2,6,2.0,1,0
2024-11-03,I1,19:45,Inter,Venezia,H,D,2024/2025,80.0,2.8,0.79,1.11,2.6,7.06,20,3.62,10.34,1.35,2,2,15,52.63,0.8,14,8,3.28,12.2,2.03,6.21,9.0,3.2,80.0,1.79,1.6,63.16,7.6,7,2.2,0,1
2024-11-30,I1,19:45,Bologna,Venezia,H,H,2024/2025,80.0,3.8,0.79,0.95,1.2,6.36,16,1.74,9.77,2.21,1,0,15,52.63,0.8,14,9,3.41,9.2,2.0,6.21,6.2,3.0,20.0,1.79,0.4,47.37,6.6,5,2.0,1,0
2024-12-14,I1,19:45,Juventus,Venezia,D,H,2024/2025,80.0,4.0,0.79,0.79,1.8,6.04,12,2.0,9.6,1.9,2,1,8,52.63,1.0,9,4,3.56,9.2,1.84,6.21,6.0,3.2,60.0,1.79,1.2,42.11,6.8,8,2.0,1,1
2024-12-29,I1,14:00,Napoli,Venezia,H,D,2024/2025,60.0,3.2,0.79,0.68,0.6,6.97,25,2.32,10.34,1.66,2,0,12,52.63,0.8,10,8,3.37,12.4,1.8,6.21,9.6,2.8,20.0,1.79,0.8,47.37,7.0,4,1.8,0,1
2025-01-19,I1,14:00,Parma,Venezia,D,A,2024/2025,40.0,5.0,0.79,1.47,1.8,5.02,19,2.16,9.06,1.8,2,2,16,52.63,0.6,13,8,4.04,7.2,1.92,6.21,4.6,2.6,80.0,1.79,1.8,52.63,7.8,7,1.6,0,0
2025-02-01,I1,14:00,Udinese,Venezia,H,D,2024/2025,60.0,5.2,0.79,1.42,1.4,5.23,13,2.01,9.23,1.92,3,3,9,52.63,1.0,20,5,4.0,6.6,2.0,6.21,3.4,3.2,80.0,1.79,1.8,52.63,6.8,14,2.0,1,0
2025-02-17,I1,19:45,Genoa,Venezia,H,D,2024/2025,40.0,6.0,0.79,1.32,1.2,5.4,14,1.65,9.58,2.35,3,1,15,52.63,1.0,14,5,4.18,9.8,1.96,6.21,5.6,4.2,20.0,1.79,0.4,42.11,7.4,7,1.8,0,0
2025-03-01,I1,14:00,Atalanta,Venezia,D,D,2024/2025,20.0,1.6,0.79,1.26,0.8,5.81,18,2.85,9.03,1.48,2,1,14,52.63,0.6,12,3,3.22,8.8,2.05,6.21,5.0,3.8,20.0,1.79,1.0,52.63,6.6,8,1.4,0,0
2025-03-08,I1,14:00,Como,Venezia,D,D,2024/2025,20.0,3.8,0.79,1.37,1.8,5.2,12,1.93,8.79,1.95,6,2,14,52.63,0.8,11,7,3.59,8.6,1.84,6.21,4.6,4.0,80.0,1.79,1.4,47.37,4.4,11,1.4,0,0
2025-04-06,I1,11:30,Lecce,Venezia,D,D,2024/2025,20.0,5.8,0.79,1.63,0.6,5.49,23,1.62,9.72,2.37,3,2,14,52.63,0.8,10,4,4.23,10.8,1.86,6.21,6.6,4.2,20.0,1.79,1.2,42.11,4.4,13,1.4,0,1
2025-04-20,I1,14:00,Empoli,Venezia,D,D,2024/2025,20.0,5.4,0.79,1.37,0.4,4.58,11,1.58,8.62,2.47,7,2,15,52.63,0.8,18,4,4.04,6.0,1.9,6.21,2.0,4.0,40.0,1.79,2.0,36.84,4.0,13,1.2,1,0
2025-05-02,I1,19:45,Torino,Venezia,D,A,2024/2025,20.0,5.8,0.79,0.95,1.4,4.95,19,1.7,8.79,2.25,3,1,18,52.63,1.0,7,4,3.84,7.8,1.79,6.21,4.6,3.2,20.0,1.79,0.6,15.79,4.2,7,1.0,0,0
2025-05-18,I1,19:45,Cagliari,Venezia,H,H,2024/2025,40.0,5.4,0.79,1.47,1.8,5.69,20,1.7,9.82,2.23,1,1,9,52.63,1.0,7,5,4.13,9.0,2.09,6.21,4.6,4.4,80.0,1.79,1.0,57.89,5.2,10,1.6,1,1
2023-08-19,I1,17:30,Empoli,Verona,A,D,2023/2024,0.0,4.0,0.79,1.21,0.0,4.33,10,1.96,8.19,1.96,4,2,18,42.11,1.0,17,4,3.86,6.0,1.9,5.63,2.0,4.0,0.0,1.32,1.0,31.58,2.0,10,0.0,0,0
2023-09-01,I1,17:30,Sassuolo,Verona,H,H,2023/2024,50.0,4.0,0.79,1.79,1.5,5.75,16,2.13,9.21,1.8,3,1,13,42.11,1.0,8,7,3.46,11.0,1.86,5.63,8.5,2.5,50.0,1.32,1.5,47.37,6.0,11,1.5,1,1
2023-09-23,I1,14:00,Milan,Verona,H,H,2023/2024,33.33,2.0,0.79,0.89,2.5,5.14,9,2.13,8.14,1.83,2,4,9,42.11,0.67,13,4,3.0,4.67,1.98,5.63,2.0,2.67,50.0,1.32,0.5,52.63,4.67,10,1.33,0,0
2023-10-02,I1,17:30,Torino,Verona,D,D,2023/2024,25.0,1.25,0.79,0.47,0.5,5.92,8,1.65,8.71,2.41,2,1,11,42.11,0.5,6,2,2.79,9.5,1.96,5.63,7.25,2.25,0.0,1.32,0.25,26.32,6.0,5,1.0,0,1
2023-10-08,I1,14:00,Frosinone,Verona,H,H,2023/2024,40.0,6.6,0.79,1.68,2.0,5.93,11,1.93,9.63,1.98,4,1,12,42.11,0.6,9,2,3.7,7.0,1.82,5.63,4.4,2.6,80.0,1.32,1.6,73.68,5.2,16,1.2,1,0
2023-10-28,I1,19:45,Juventus,Verona,H,D,2023/2024,40.0,3.0,0.79,0.58,1.6,5.93,30,2.2,8.95,1.84,1,3,8,42.11,0.4,13,6,3.02,7.8,2.02,5.63,5.8,2.0,20.0,1.32,0.4,26.32,5.8,7,1.4,0,0
2023-11-10,I1,19:45,Genoa,Verona,H,H,2023/2024,20.0,3.4,0.79,1.16,1.6,4.94,16,1.53,8.41,2.59,1,1,16,42.11,0.2,9,6,3.47,7.2,1.93,5.63,4.0,3.2,40.0,1.32,0.8,42.11,5.0,7,1.0,0,1
2023-12-03,I1,14:00,Udinese,Verona,D,H,2023/2024,40.0,4.0,0.79,1.53,1.4,5.18,12,1.86,8.9,2.02,4,2,13,42.11,0.8,16,6,3.72,9.0,1.91,5.63,5.8,3.2,40.0,1.32,1.8,47.37,5.6,13,1.4,1,0
2023-12-17,I1,14:00,Fiorentina,Verona,H,D,2023/2024,40.0,3.2,0.79,1.16,1.2,5.43,5,2.05,8.6,1.85,7,3,12,42.11,0.8,11,3,3.17,9.4,1.89,5.63,5.2,4.2,40.0,1.32,0.8,68.42,3.8,19,1.6,0,0
2024-01-06,I1,11:30,Inter,Verona,H,H,2023/2024,40.0,1.4,0.79,0.58,2.2,6.86,15,2.88,9.66,1.46,3,0,15,42.11,0.8,16,6,2.8,12.6,1.94,5.63,9.2,3.4,40.0,1.32,0.2,52.63,4.8,8,1.6,1,0
2024-01-20,I1,17:00,Roma,Verona,H,H,2023/2024,60.0,2.8,0.79,1.0,1.8,4.88,9,2.03,8.18,1.92,3,2,12,42.11,1.0,14,2,3.3,7.4,2.1,5.63,3.8,3.6,40.0,1.32,0.8,52.63,4.0,12,1.8,1,0
2024-02-04,I1,14:00,Napoli,Verona,H,D,2023/2024,80.0,2.6,0.79,1.42,1.2,6.74,19,2.0,9.66,1.92,2,3,14,42.11,1.2,11,8,2.92,10.2,1.88,5.63,7.6,2.6,80.0,1.32,1.2,63.16,4.6,12,2.0,1,1
2024-02-11,I1,14:00,Monza,Verona,D,D,2023/2024,60.0,3.8,0.79,1.37,0.6,4.88,11,1.69,8.19,2.31,1,1,15,42.11,0.6,19,1,3.31,5.6,2.06,5.63,3.2,2.4,20.0,1.32,1.2,42.11,4.6,10,1.4,0,0
2024-02-23,I1,19:45,Bologna,Verona,H,H,2023/2024,60.0,2.6,0.79,0.63,2.6,5.55,12,1.75,8.41,2.19,3,2,15,42.11,0.6,12,3,2.86,8.4,1.85,5.63,7.0,1.4,40.0,1.32,0.6,36.84,6.6,7,1.6,0,1
2024-03-10,I1,11:30,Lecce,Verona,A,A,2023/2024,40.0,6.0,0.79,1.42,0.8,5.63,15,1.62,9.15,2.42,4,3,19,42.11,0.6,15,3,3.52,8.8,1.93,5.63,6.2,2.6,60.0,1.32,2.2,36.84,7.4,13,1.2,0,1
2024-04-01,I1,14:00,Cagliari,Verona,D,A,2023/2024,20.0,3.8,0.79,1.68,1.6,5.7,11,1.71,9.25,2.21,5,0,16,42.11,0.6,11,2,3.55,8.8,1.97,5.63,6.2,2.6,60.0,1.32,1.8,63.16,8.6,8,1.0,0,0
2024-04-15,I1,19:45,Atalanta,Verona,D,H,2023/2024,20.0,3.2,0.79,0.84,2.2,6.27,16,2.29,9.42,1.67,5,0,10,42.11,0.8,6,9,3.15,9.4,1.82,5.63,6.4,3.0,80.0,1.32,1.0,68.42,7.8,13,1.0,1,0
2024-04-27,I1,19:45,Lazio,Verona,H,D,2023/2024,20.0,2.8,0.79,0.74,1.4,5.77,17,2.02,8.84,1.91,1,4,18,42.11,0.8,13,5,3.07,9.2,2.03,5.63,6.2,3.0,40.0,1.32,0.8,26.32,7.6,7,1.2,0,0
2024-05-20,I1,17:30,Salernitana,Verona,A,A,2023/2024,40.0,5.6,0.79,2.0,0.8,5.02,9,2.17,9.04,1.78,5,3,19,42.11,1.2,14,1,4.02,7.6,1.89,5.63,3.6,4.0,60.0,1.32,1.8,68.42,6.2,17,1.0,1,0
2024-09-01,I1,17:30,Genoa,Verona,A,D,2024/2025,0.0,2.5,1.0,1.32,1.0,4.64,11,1.66,7.98,2.32,3,2,16,36.84,2.0,8,1,3.34,3.0,1.84,6.37,2.0,1.0,50.0,1.58,2.0,42.11,3.0,10,0.0,0,0
2024-09-16,I1,19:45,Lazio,Verona,H,H,2024/2025,50.0,5.33,1.0,1.37,2.33,6.34,14,2.01,9.92,1.95,2,2,10,36.84,1.5,13,7,3.58,10.17,2.06,6.37,6.67,3.5,100.0,1.58,1.33,63.16,6.0,7,1.0,1,1
2024-09-29,I1,14:00,Como,Verona,H,H,2024/2025,66.67,2.0,1.0,1.37,2.5,5.69,24,1.81,8.79,2.11,3,2,19,36.84,1.67,10,11,3.1,9.17,2.02,6.37,6.5,2.67,100.0,1.58,2.0,47.37,7.0,6,1.67,1,0
2024-10-26,I1,19:45,Atalanta,Verona,H,H,2024/2025,75.0,2.0,1.0,1.26,4.0,5.76,19,2.57,8.71,1.55,2,0,15,36.84,1.5,3,10,2.95,7.0,1.99,6.37,4.5,2.5,100.0,1.58,1.75,52.63,6.25,4,2.75,1,0
2024-10-29,I1,17:30,Lecce,Verona,H,D,2024/2025,60.0,6.4,1.0,1.63,0.8,5.35,14,1.72,9.33,2.24,1,1,21,36.84,1.2,14,6,3.98,6.4,1.88,6.37,3.6,2.8,60.0,1.58,2.4,42.11,5.6,7,2.4,0,0
2024-11-10,I1,14:00,Fiorentina,Verona,H,D,2024/2025,80.0,4.4,1.0,0.95,2.8,4.91,11,2.25,8.44,1.74,2,1,19,36.84,1.0,1,6,3.53,7.8,1.84,6.37,4.6,3.2,100.0,1.58,1.2,63.16,6.6,8,3.0,1,1
2024-11-29,I1,19:45,Cagliari,Verona,H,D,2024/2025,60.0,4.4,1.0,1.47,1.4,6.15,19,2.13,9.79,1.84,2,1,12,36.84,0.8,10,6,3.64,10.0,1.9,6.37,7.8,2.2,40.0,1.58,1.8,57.89,6.2,11,2.8,0,0
2024-12-15,I1,14:00,Parma,Verona,A,D,2024/2025,60.0,5.4,1.0,1.47,1.4,4.82,19,2.12,8.71,1.8,6,1,16,36.84,1.0,5,8,3.89,7.0,1.98,6.37,4.6,2.4,60.0,1.58,1.8,52.63,5.4,17,2.6,1,0
2024-12-30,I1,19:45,Bologna,Verona,A,A,2024/2025,60.0,3.0,1.0,0.95,1.4,6.5,23,1.9,9.66,1.96,4,2,24,36.84,1.4,9,7,3.16,10.0,1.98,6.37,7.0,3.0,40.0,1.58,0.6,47.37,6.8,8,1.8,1,1
2025-01-12,I1,19:45,Napoli,Verona,H,H,2024/2025,60.0,2.4,1.0,0.68,0.8,6.93,14,2.12,10.01,1.78,2,0,5,36.84,1.4,6,3,3.08,10.4,1.87,6.37,8.0,2.4,20.0,1.58,0.8,47.37,7.8,6,2.0,0,0
2025-01-27,I1,17:30,Venezia,Verona,D,H,2024/2025,40.0,7.8,1.0,1.16,1.2,4.99,9,2.1,9.28,1.85,5,1,14,36.84,1.4,16,1,4.29,8.0,1.95,6.37,4.4,3.6,40.0,1.58,1.2,31.58,7.6,21,1.6,0,1
2025-02-01,I1,14:00,Monza,Verona,A,A,2024/2025,40.0,3.6,1.0,1.63,1.0,4.87,9,1.73,8.5,2.21,4,2,23,36.84,1.6,12,2,3.63,8.6,1.87,6.37,4.6,4.0,80.0,1.58,1.6,47.37,7.6,12,1.4,0,0
2025-02-15,I1,19:45,Milan,Verona,H,D,2024/2025,20.0,5.6,1.0,0.84,1.4,6.55,18,2.43,10.44,1.62,2,0,18,36.84,1.0,11,3,3.89,13.0,1.88,6.37,8.0,5.0,20.0,1.58,1.0,47.37,8.6,7,1.2,0,1
2025-03-03,I1,19:45,Juventus,Verona,H,D,2024/2025,0.0,3.6,1.0,0.79,2.2,6.22,27,2.01,9.64,1.89,2,1,8,36.84,0.4,14,9,3.42,10.6,1.93,6.37,6.6,4.0,40.0,1.58,0.6,42.11,7.6,5,1.2,0,0
2025-03-15,I1,14:00,Udinese,Verona,A,D,2024/2025,0.0,4.8,1.0,1.42,1.6,5.35,11,1.72,9.22,2.25,2,5,16,36.84,0.6,21,3,3.87,8.6,1.85,6.37,4.6,4.0,60.0,1.58,1.0,52.63,6.4,7,0.8,0,0
2025-04-06,I1,14:00,Torino,Verona,D,D,2024/2025,0.0,5.2,1.0,0.95,1.4,5.03,7,1.54,8.64,2.6,1,1,19,36.84,0.6,9,3,3.61,7.2,1.77,6.37,4.0,3.2,20.0,1.58,0.6,15.79,5.2,13,0.8,0,0
2025-04-19,I1,19:45,Roma,Verona,H,H,2024/2025,0.0,3.6,1.0,0.79,1.8,4.92,6,1.8,8.29,2.08,2,0,17,36.84,0.4,5,3,3.37,8.4,1.88,6.37,4.6,3.8,40.0,1.58,0.4,52.63,4.6,8,1.0,0,0
2025-05-03,I1,19:45,Inter,Verona,H,H,2024/2025,0.0,3.4,1.0,1.11,1.8,6.34,9,1.94,9.48,1.91,1,1,11,36.84,0.4,6,2,3.14,8.6,1.84,6.37,5.6,3.0,60.0,1.58,1.0,63.16,3.4,6,1.0,0,0
2025-05-25,I1,19:45,Empoli,Verona,A,D,2024/2025,20.0,3.2,1.0,1.37,1.0,4.96,14,1.44,8.52,3.05,2,2,29,36.84,0.8,10,5,3.56,7.8,1.85,6.37,4.6,3.2,60.0,1.58,1.2,36.84,4.8,5,0.8,1,1
2025-08-25,I1,17:30,Udinese,Verona,D,D,2025/2026,0.0,1.0,0.64,1.45,1.0,4.64,14,1.54,7.54,2.51,3,3,14,54.55,1.0,14,4,2.9,6.0,1.83,5.36,5.0,1.0,0.0,1.64,1.0,45.45,5.0,9,1.0,0,0
2025-08-31,I1,19:45,Lazio,Verona,H,H,2025/2026,50.0,1.0,0.64,1.09,4.0,5.49,22,1.75,8.18,2.1,4,0,19,54.55,0.5,8,6,2.69,9.0,1.76,5.36,8.0,1.0,100.0,1.64,0.0,36.36,6.5,12,2.5,1,0
2025-09-28,I1,14:00,Roma,Verona,H,H,2025/2026,33.33,3.0,0.64,0.5,1.0,5.58,10,1.85,8.33,1.99,3,0,19,54.55,0.33,11,5,2.75,6.67,1.76,5.36,5.67,1.0,0.0,1.64,0.33,20.0,7.0,12,2.33,0,0
2025-10-18,I1,14:00,Pisa,Verona,D,D,2025/2026,25.0,6.75,0.64,1.0,0.0,4.64,7,1.5,8.45,2.56,3,4,14,54.55,0.25,8,0,3.81,6.75,2.0,5.36,4.0,2.75,0.0,1.64,0.5,9.09,6.0,15,1.75,0,1
2025-10-29,I1,17:30,Como,Verona,H,D,2025/2026,40.0,3.0,0.64,0.7,1.8,4.56,15,1.83,7.46,2.05,9,1,21,54.55,0.4,11,5,2.9,5.8,2.02,5.36,3.0,2.8,20.0,1.64,0.6,20.0,5.0,13,2.0,1,0
2025-11-08,I1,14:00,Lecce,Verona,D,D,2025/2026,40.0,5.4,0.64,1.36,0.6,5.04,11,1.45,8.67,2.78,2,1,18,54.55,0.2,10,6,3.63,7.6,1.94,5.36,4.6,3.0,40.0,1.64,1.0,45.45,5.4,5,1.8,0,0
2025-11-29,I1,14:00,Genoa,Verona,H,D,2025/2026,40.0,2.6,0.64,1.18,0.8,4.08,15,1.44,7.47,2.86,5,1,19,54.55,0.4,9,4,3.39,7.6,1.77,5.36,4.2,3.4,60.0,1.64,1.6,45.45,4.2,13,1.4,1,0
2025-12-14,I1,14:00,Fiorentina,Verona,A,A,2025/2026,60.0,4.2,0.64,1.5,1.0,5.31,20,1.65,8.88,2.3,3,1,22,54.55,0.8,10,4,3.57,9.6,1.97,5.36,5.6,4.0,60.0,1.64,1.6,60.0,4.4,13,1.2,1,1
2025-12-28,I1,11:30,Milan,Verona,H,H,2025/2026,80.0,4.0,0.64,0.82,1.8,5.82,11,2.0,9.06,1.85,1,0,15,54.55,0.8,5,5,3.24,8.6,1.94,5.36,5.6,3.0,60.0,1.64,0.8,54.55,5.2,9,1.8,1,0
2026-01-07,I1,17:30,Napoli,Verona,D,A,2025/2026,80.0,2.0,0.64,0.8,2.0,5.87,15,1.83,8.56,1.98,4,0,15,54.55,1.0,7,4,2.69,7.6,1.96,5.36,5.0,2.6,80.0,1.64,1.0,60.0,6.2,11,1.6,1,0
