Date,Div,Time,HomeTeam,AwayTeam,FTR,HTR,Season,HS,MaxC_lt_2.5,AF,AwayOver2.5Perc,HST,AvgAwayCornersConceded,AvgAwayCorners,AvgLast5AwayCorners,Last5HomeOver2.5Perc,AvgLast5AwayGoalsConceded,HomeOver2.5Perc,MaxC_gt_2.5,HF,Last5AwayOver2.5Perc,PredictedHomeCorners,AvgLast5HomeCornersConceded,AvgLast5HomeGoalsScored,PredictedTotalCorners,AvgHomeGoalsScored,AST,AvgLast5AwayGoalsScored,MaxAHA,PredictedAwayCorners,PredictedTotalCorners_Last5,AvgAHH,AvgLast5HomeCorners,MaxCAHA,AvgLast5HomeGoalsConceded,AvgHomeCorners,AvgLast5AwayCornersConceded,Over2.5,OverUnder10.5Corners
2023-08-14,SP1,18:30,Cadiz,Alaves,H,H,2023/2024,12,1.47,15,31.58,3,4.53,4.26,4.0,0.0,1.0,26.32,3.1,19,0.0,4.14,4.0,1.0,8.07,0.84,2,0.0,2.05,3.93,6.0,1.85,2.0,1.99,0.0,4.74,2.0,0,0
2023-08-28,SP1,18:30,Getafe,Alaves,H,D,2023/2024,15,1.3,15,31.58,4,4.53,4.26,4.5,0.0,1.0,31.58,4.1,13,0.0,4.07,4.5,0.5,8.34,1.05,2,0.0,1.99,4.27,8.0,1.91,3.5,1.91,0.0,4.16,3.0,0,0
2023-09-15,SP1,20:00,Vallecano,Alaves,H,H,2023/2024,20,1.55,14,31.58,11,4.53,4.26,4.0,50.0,1.33,36.84,2.75,15,0.0,5.33,3.0,1.0,9.24,0.95,1,0.0,1.91,3.91,10.5,2.0,6.5,1.89,3.5,5.79,3.67,0,0
2023-09-28,SP1,18:00,Celta,Alaves,D,H,2023/2024,8,1.77,11,31.58,0,4.53,4.26,5.0,0.0,1.25,42.11,2.35,9,0.0,5.19,4.0,0.25,9.28,1.11,11,0.25,1.99,4.09,10.5,1.92,5.5,2.25,1.25,5.79,3.25,0,0
2023-10-22,SP1,17:30,Villarreal,Alaves,D,D,2023/2024,12,1.89,10,31.58,3,4.53,4.26,4.6,80.0,1.2,73.68,2.14,15,0.0,5.5,4.6,1.6,9.74,1.89,7,0.4,1.99,4.24,10.6,1.91,6.0,1.91,2.0,6.05,4.4,0,1
2023-10-29,SP1,20:00,Ath Madrid,Alaves,H,H,2023/2024,11,2.03,11,31.58,7,4.53,4.26,4.6,100.0,1.4,78.95,2.01,10,20.0,4.31,5.0,2.6,9.01,2.21,1,0.6,2.01,4.7,8.4,1.88,3.8,2.06,1.2,4.21,4.8,1,0
2023-11-12,SP1,15:15,Barcelona,Alaves,H,A,2023/2024,11,2.47,10,31.58,6,4.53,4.26,3.8,60.0,1.6,57.89,1.66,11,40.0,6.11,3.4,1.6,9.9,2.26,1,0.8,1.97,3.79,9.2,1.93,5.4,1.98,1.0,7.26,4.4,1,0
2023-12-03,SP1,13:00,Mallorca,Alaves,D,D,2023/2024,7,1.44,15,31.58,3,4.53,4.26,4.0,20.0,1.2,26.32,3.04,16,40.0,5.47,3.0,0.8,9.4,0.89,4,0.8,1.88,3.93,10.0,2.05,6.0,2.18,0.8,6.0,4.4,0,0
2023-12-18,SP1,20:00,Girona,Alaves,H,H,2023/2024,9,2.16,7,31.58,4,4.53,4.26,2.8,60.0,1.6,68.42,1.84,9,60.0,4.51,3.4,2.4,8.45,2.79,2,0.6,2.0,3.94,8.2,1.92,5.4,1.93,0.8,4.32,4.6,1,0
2024-01-02,SP1,18:15,Sociedad,Alaves,D,D,2023/2024,16,1.69,17,31.58,6,4.53,4.26,3.0,20.0,1.6,31.58,2.44,9,60.0,5.15,4.6,0.8,9.14,1.37,2,0.6,1.86,3.99,7.6,2.06,4.6,2.0,0.6,5.74,4.0,0,0
2024-01-12,SP1,20:00,Sevilla,Alaves,A,A,2023/2024,19,1.63,13,31.58,4,4.53,4.26,3.0,40.0,1.6,57.89,2.5,12,60.0,5.13,3.8,0.8,9.3,1.42,8,1.0,1.98,4.17,9.2,1.93,6.2,1.92,2.0,5.37,4.2,1,0
2024-01-26,SP1,20:00,Almeria,Alaves,A,A,2023/2024,19,1.63,12,31.58,7,4.53,4.26,3.4,40.0,1.2,68.42,2.47,17,60.0,4.9,4.2,0.2,9.12,1.16,3,1.4,2.08,4.22,9.0,1.84,5.6,1.97,1.2,4.74,6.0,1,1
2024-02-18,SP1,20:00,Betis,Alaves,D,D,2023/2024,13,1.66,9,31.58,2,4.53,4.26,4.2,20.0,1.2,36.84,2.61,13,60.0,5.69,4.8,1.0,10.07,1.42,4,1.4,2.13,4.38,10.6,1.79,6.4,2.0,1.2,6.0,6.2,0,1
2024-03-04,SP1,20:00,Osasuna,Alaves,H,D,2023/2024,15,1.53,11,31.58,4,4.53,4.26,4.8,40.0,0.8,26.32,2.8,15,40.0,5.13,3.6,1.4,9.35,1.0,4,1.4,1.88,4.22,9.8,2.01,5.0,1.94,1.0,5.16,6.6,0,0
2024-03-16,SP1,20:00,Ath Bilbao,Alaves,H,H,2023/2024,16,1.68,13,31.58,4,4.53,4.26,4.8,60.0,1.0,57.89,2.4,7,40.0,5.51,3.8,2.2,9.61,2.21,3,1.2,1.92,4.1,9.4,1.98,4.6,1.85,0.6,5.95,6.4,0,0
2024-04-14,SP1,15:15,Granada,Alaves,H,H,2023/2024,9,1.64,11,31.58,3,4.53,4.26,5.0,20.0,1.0,47.37,2.5,16,20.0,4.59,5.6,1.2,9.3,1.26,3,0.6,2.16,4.71,9.4,1.76,4.4,2.09,1.2,4.47,5.6,0,0
2024-05-05,SP1,17:30,Valencia,Alaves,A,D,2023/2024,13,1.56,17,31.58,1,4.53,4.26,5.8,40.0,1.0,36.84,2.66,9,0.0,4.27,4.6,0.8,8.75,1.05,4,0.2,2.16,4.48,10.2,1.76,4.4,2.04,1.0,4.11,4.4,0,1
2024-05-14,SP1,20:30,Real Madrid,Alaves,H,H,2023/2024,22,2.84,12,31.58,11,4.53,4.26,4.4,80.0,2.0,57.89,1.5,6,20.0,5.35,4.2,3.4,9.34,2.53,10,0.2,1.88,3.99,10.2,2.02,5.8,1.86,0.4,5.89,4.0,1,0
2024-05-26,SP1,15:15,Las Palmas,Alaves,D,D,2023/2024,10,2.06,10,31.58,4,4.53,4.26,4.6,20.0,2.0,31.58,1.99,16,20.0,4.82,4.2,0.6,9.32,1.05,4,0.4,2.16,4.5,10.0,1.77,5.4,1.9,1.6,5.11,3.4,0,0
2024-08-16,SP1,18:00,Celta,Alaves,H,A,2024/2025,6,1.67,23,57.89,4,4.37,3.89,3.0,100.0,2.0,57.89,2.4,8,100.0,4.18,3.0,2.0,7.88,1.68,2,1.0,1.88,3.7,6.0,2.03,3.0,2.12,1.0,4.53,3.0,1,0
2024-08-28,SP1,20:30,Sociedad,Alaves,A,D,2024/2025,8,1.67,12,57.89,1,4.37,3.89,4.5,100.0,1.5,42.11,2.4,16,100.0,6.25,5.5,1.0,10.32,1.05,5,1.5,1.99,4.07,13.5,1.92,9.0,2.17,2.0,6.74,5.5,1,1
2024-09-14,SP1,15:15,Espanol,Alaves,H,D,2024/2025,9,1.52,14,57.89,4,4.37,3.89,4.67,66.67,2.0,36.84,2.75,17,100.0,4.02,5.33,1.67,8.51,1.21,6,1.67,2.02,4.49,8.0,1.89,3.33,1.9,1.33,4.05,3.67,1,0
2024-09-24,SP1,20:00,Real Madrid,Alaves,H,H,2024/2025,10,2.88,10,57.89,4,4.37,3.89,4.5,75.0,2.25,63.16,1.51,7,100.0,6.72,4.0,3.0,10.6,2.37,3,1.75,1.98,3.88,10.75,1.96,6.25,2.07,0.75,8.42,3.75,1,0
2024-09-28,SP1,13:00,Getafe,Alaves,H,H,2024/2025,14,1.39,24,57.89,8,4.37,3.89,4.0,0.0,2.2,26.32,3.64,17,80.0,3.8,1.75,0.75,7.3,0.79,1,1.4,1.76,3.5,7.75,2.14,3.75,1.85,0.25,3.63,3.4,0,0
2024-10-26,SP1,15:15,Vallecano,Alaves,H,D,2024/2025,16,1.54,14,57.89,4,4.37,3.89,3.8,40.0,2.0,52.63,2.76,8,60.0,5.19,4.2,1.4,9.1,1.26,7,1.2,2.0,3.91,9.2,1.9,5.4,1.92,1.0,5.74,4.0,0,0
2024-11-09,SP1,15:15,Villarreal,Alaves,H,H,2024/2025,13,2.13,21,57.89,3,4.37,3.89,3.0,80.0,2.4,73.68,1.83,17,60.0,4.95,3.2,2.4,8.89,2.26,3,0.8,1.82,3.94,8.8,2.07,5.8,1.97,2.0,5.26,3.8,1,0
2024-11-23,SP1,15:15,Ath Madrid,Alaves,H,A,2024/2025,11,1.8,19,57.89,8,4.37,3.89,2.0,60.0,2.2,52.63,2.16,18,60.0,5.46,2.2,2.2,8.87,2.21,1,0.6,2.03,3.41,8.8,1.86,6.8,2.16,0.6,5.84,4.8,1,0
2024-12-08,SP1,17:30,Osasuna,Alaves,D,A,2024/2025,16,1.6,14,57.89,8,4.37,3.89,1.8,80.0,2.0,57.89,2.69,13,60.0,4.94,4.6,2.0,8.72,1.74,3,0.6,1.83,3.78,7.8,2.08,6.0,2.04,1.6,4.89,5.6,1,1
2024-12-22,SP1,13:00,Valencia,Alaves,D,A,2024/2025,8,1.62,15,57.89,3,4.37,3.89,2.2,60.0,2.0,47.37,2.55,20,80.0,5.66,3.8,1.6,9.4,1.37,3,1.0,1.96,3.74,9.6,1.92,7.4,2.17,1.6,5.84,6.2,1,0
2025-01-18,SP1,17:30,Betis,Alaves,A,D,2024/2025,7,1.76,24,57.89,2,4.37,3.89,2.4,60.0,2.0,57.89,2.35,12,100.0,4.97,4.4,1.4,8.75,1.68,5,1.6,1.9,3.78,6.0,1.98,3.6,2.06,1.6,5.42,5.4,1,0
2025-02-02,SP1,13:00,Barcelona,Alaves,H,D,2024/2025,11,4.0,20,57.89,4,4.37,3.89,2.4,60.0,1.6,68.42,1.32,8,80.0,7.18,2.2,2.0,10.5,2.74,0,1.6,2.03,3.32,11.4,1.84,9.0,2.02,1.2,8.53,5.0,0,0
2025-02-15,SP1,13:00,Leganes,Alaves,D,H,2024/2025,8,1.47,15,57.89,3,4.37,3.89,2.8,60.0,1.8,47.37,3.22,18,80.0,3.29,5.6,1.2,7.65,1.21,7,2.0,2.21,4.36,5.4,1.73,2.6,1.97,2.4,2.68,4.6,1,0
2025-03-02,SP1,17:30,Mallorca,Alaves,D,H,2024/2025,15,1.45,14,57.89,4,4.37,3.89,4.0,40.0,1.6,47.37,3.14,20,60.0,4.38,6.6,1.4,9.04,1.05,7,1.8,1.98,4.66,7.8,1.91,3.8,1.93,1.0,4.63,3.6,0,1
2025-03-14,SP1,20:00,Las Palmas,Alaves,D,A,2024/2025,14,1.59,22,57.89,7,4.37,3.89,4.2,60.0,1.6,47.37,2.57,10,60.0,4.76,4.0,1.0,8.69,1.11,3,1.8,1.91,3.93,8.8,2.03,4.6,1.95,1.8,5.21,3.4,1,0
2025-04-05,SP1,13:00,Girona,Alaves,A,D,2024/2025,11,1.73,16,57.89,6,4.37,3.89,4.6,60.0,1.4,68.42,2.35,9,40.0,4.95,3.4,1.2,8.77,1.42,3,1.4,1.82,3.82,10.2,2.07,5.6,1.84,1.4,5.42,3.2,0,0
2025-04-20,SP1,17:30,Sevilla,Alaves,D,D,2024/2025,10,1.54,11,57.89,2,4.37,3.89,5.4,40.0,1.4,26.32,2.82,10,40.0,4.7,5.8,0.8,8.95,0.89,3,1.6,1.83,4.25,10.0,2.06,4.6,2.18,1.8,5.21,2.8,0,0
2025-05-11,SP1,17:30,Ath Bilbao,Alaves,H,D,2024/2025,11,1.38,12,57.89,3,4.37,3.89,5.4,20.0,1.0,36.84,3.24,17,20.0,4.89,2.6,1.2,8.7,1.68,1,1.0,2.01,3.81,10.4,1.88,5.0,1.85,0.4,5.26,4.0,0,1
2025-05-18,SP1,18:00,Valladolid,Alaves,A,A,2024/2025,7,1.78,24,57.89,1,4.37,3.89,5.4,60.0,0.8,47.37,2.24,12,20.0,4.34,5.4,0.6,8.94,0.58,4,1.0,1.8,4.6,10.0,2.04,4.6,1.96,2.2,4.26,4.4,0,1
2025-08-22,SP1,20:30,Betis,Alaves,H,H,2025/2026,16,1.67,17,30.0,5,5.1,4.5,2.0,0.0,1.0,50.0,2.25,10,0.0,4.86,2.0,1.0,8.91,2.0,5,0.0,1.96,4.05,7.0,1.84,5.0,2.03,0.0,4.7,5.0,0,0
2025-09-13,SP1,17:30,Ath Bilbao,Alaves,A,D,2025/2026,12,1.6,21,30.0,3,5.1,4.5,4.0,33.33,0.5,40.0,2.38,17,0.0,5.76,4.33,1.33,10.12,1.0,2,0.5,1.83,4.36,10.33,2.01,6.33,2.1,1.0,6.0,5.5,0,1
2025-09-24,SP1,18:00,Getafe,Alaves,D,D,2025/2026,7,1.3,20,30.0,1,5.1,4.5,5.0,0.0,0.67,20.0,3.75,14,0.0,4.59,5.0,1.5,9.12,0.8,4,0.67,1.88,4.53,8.0,1.93,3.0,1.8,0.5,4.7,4.33,0,0
2025-09-27,SP1,17:30,Mallorca,Alaves,H,H,2025/2026,12,1.4,18,30.0,3,5.1,4.5,5.75,25.0,0.75,50.0,3.2,14,0.0,3.57,6.0,0.75,8.82,1.4,3,0.5,1.87,5.25,9.0,1.93,3.25,1.82,1.25,2.8,4.25,0,1
2025-10-26,SP1,20:00,Vallecano,Alaves,H,D,2025/2026,15,1.52,11,30.0,5,5.1,4.5,5.6,0.0,0.8,11.11,2.7,13,0.0,6.55,5.0,0.75,11.28,0.78,2,0.4,2.05,4.73,13.85,1.76,8.25,1.98,0.75,7.22,4.8,0,1
2025-11-08,SP1,13:00,Girona,Alaves,H,H,2025/2026,10,1.75,15,30.0,2,5.1,4.5,5.4,60.0,0.8,50.0,2.25,9,0.0,5.12,4.0,1.2,9.46,0.9,5,0.4,1.78,4.34,11.4,2.04,6.0,2.05,1.6,5.0,5.0,0,0
2025-11-29,SP1,15:15,Barcelona,Alaves,H,H,2025/2026,18,3.1,17,30.0,6,5.1,4.5,5.0,100.0,1.4,88.89,1.42,10,20.0,6.57,4.0,2.8,10.81,3.11,2,0.4,1.98,4.24,12.8,1.88,7.8,1.93,0.8,7.33,4.8,1,0
2025-12-20,SP1,17:30,Osasuna,Alaves,H,D,2025/2026,16,1.4,11,30.0,7,5.1,4.5,3.6,80.0,1.8,50.0,3.2,16,40.0,4.2,2.8,2.0,8.36,1.8,3,0.2,1.98,4.16,8.0,1.87,4.4,2.0,1.4,3.4,6.2,1,0
2026-01-10,SP1,15:15,Villarreal,Alaves,H,D,2025/2026,11,1.96,14,30.0,4,5.1,4.5,3.2,60.0,2.2,60.0,2.0,10,60.0,5.09,5.0,2.2,9.33,2.3,5,0.4,2.1,4.24,6.6,1.75,3.4,1.88,0.8,5.3,5.6,1,0
2023-08-26,SP1,18:00,Cadiz,Almeria,D,D,2023/2024,11,1.86,22,63.16,3,7.16,4.11,3.0,0.0,1.0,26.32,2.24,16,0.0,5.55,3.5,1.0,9.25,0.84,2,1.0,1.99,3.7,7.5,1.91,4.5,2.11,0.5,4.74,7.0,0,0
2023-09-17,SP1,15:15,Villarreal,Almeria,H,D,2023/2024,10,3.27,6,63.16,4,7.16,4.11,4.5,100.0,1.5,73.68,1.41,16,50.0,6.42,5.33,2.0,10.64,1.89,7,1.0,1.89,4.22,10.5,2.01,6.0,1.91,2.33,6.05,7.0,1,1
2023-09-26,SP1,18:00,Sevilla,Almeria,H,H,2023/2024,18,2.2,16,63.16,9,7.16,4.11,4.33,75.0,2.67,57.89,1.83,15,66.67,6.26,3.5,2.0,10.45,1.42,1,1.0,2.09,4.19,11.83,1.84,7.5,2.08,1.25,5.37,7.67,1,1
2023-10-06,SP1,20:00,Ath Bilbao,Almeria,H,H,2023/2024,23,2.66,7,63.16,9,7.16,4.11,3.75,80.0,2.75,57.89,1.6,11,75.0,6.35,3.6,2.4,10.24,2.21,1,0.75,1.9,3.89,9.35,2.01,5.6,2.11,1.2,5.95,7.25,1,0
2023-10-22,SP1,15:15,Girona,Almeria,H,H,2023/2024,19,2.65,14,63.16,8,7.16,4.11,4.2,80.0,3.2,68.42,1.65,11,80.0,5.37,4.4,2.8,9.46,2.79,5,1.0,1.92,4.09,8.6,1.97,4.4,2.12,1.6,4.32,7.6,1,1
2023-11-05,SP1,13:00,Alaves,Almeria,H,D,2023/2024,23,1.92,14,63.16,3,7.16,4.11,4.8,0.0,3.2,26.32,2.06,13,80.0,6.25,3.4,0.6,10.4,1.21,3,0.8,1.91,4.15,9.8,2.0,5.0,2.01,1.0,5.63,8.6,0,1
2023-11-25,SP1,17:30,Getafe,Almeria,H,H,2023/2024,18,1.84,8,63.16,5,7.16,4.11,4.8,40.0,3.2,31.58,2.24,12,80.0,5.36,4.8,1.4,9.61,1.05,4,0.8,2.04,4.25,9.8,1.86,5.0,1.93,0.8,4.16,7.8,1,0
2023-12-10,SP1,13:00,Ath Madrid,Almeria,H,H,2023/2024,13,3.4,11,63.16,4,7.16,4.11,7.0,80.0,2.6,78.95,1.4,13,80.0,5.19,5.8,2.0,10.13,2.21,5,0.8,1.96,4.94,11.2,1.97,4.2,2.05,0.8,4.21,6.6,1,1
2023-12-20,SP1,18:00,Barcelona,Almeria,H,D,2023/2024,30,4.0,9,63.16,11,7.16,4.11,6.6,80.0,2.6,57.89,1.31,16,80.0,7.26,1.8,1.8,11.08,2.26,5,1.2,1.89,3.82,13.6,2.01,7.0,2.03,1.8,7.26,7.8,1,1
2024-01-04,SP1,16:00,Osasuna,Almeria,H,H,2023/2024,14,2.03,5,63.16,2,7.16,4.11,6.2,20.0,1.8,26.32,2.0,14,60.0,5.83,4.6,1.2,10.21,1.0,0,0.8,2.0,4.38,11.2,1.91,5.0,2.04,1.2,5.16,7.0,0,0
2024-01-21,SP1,15:15,Real Madrid,Almeria,H,A,2023/2024,18,4.0,17,63.16,6,7.16,4.11,5.6,60.0,2.2,57.89,1.32,9,80.0,6.25,2.2,3.0,10.08,2.53,2,1.2,2.0,3.83,12.0,1.89,6.4,1.98,0.8,5.89,5.8,1,0
2024-02-03,SP1,13:00,Valencia,Almeria,H,H,2023/2024,7,1.91,16,63.16,2,7.16,4.11,5.6,40.0,2.2,36.84,2.12,17,80.0,4.91,4.8,1.4,9.3,1.05,5,1.2,2.07,4.39,9.0,1.85,3.4,2.0,0.6,4.11,5.2,1,0
2024-02-18,SP1,15:15,Granada,Almeria,D,A,2023/2024,19,1.85,22,63.16,7,7.16,4.11,3.4,20.0,2.0,47.37,2.13,13,60.0,5.49,5.0,0.8,9.89,1.26,3,1.2,2.07,4.4,9.2,1.84,5.8,2.01,1.2,4.47,6.6,0,1
2024-03-01,SP1,20:00,Celta,Almeria,H,D,2023/2024,15,2.06,14,63.16,6,7.16,4.11,3.4,40.0,1.6,42.11,1.93,8,40.0,6.09,4.4,0.8,9.97,1.11,0,0.8,2.08,3.88,9.0,1.86,5.6,1.88,1.0,5.79,5.6,0,0
2024-03-17,SP1,15:15,Las Palmas,Almeria,A,A,2023/2024,21,2.2,17,63.16,6,7.16,4.11,3.2,20.0,1.4,31.58,1.82,8,40.0,5.94,3.8,0.8,10.18,1.05,2,1.0,2.01,4.24,9.8,1.9,6.6,1.96,1.2,5.11,6.8,0,1
2024-04-14,SP1,20:00,Sociedad,Almeria,D,D,2023/2024,17,2.29,8,63.16,4,7.16,4.11,2.8,40.0,1.2,31.58,1.73,16,40.0,6.31,2.2,1.0,9.95,1.37,3,1.0,1.92,3.64,9.8,1.98,7.0,2.01,1.2,5.74,6.6,1,0
2024-05-05,SP1,20:00,Vallecano,Almeria,A,A,2023/2024,27,1.92,15,63.16,10,7.16,4.11,2.0,20.0,0.8,36.84,2.06,17,20.0,6.31,4.0,1.0,10.04,0.95,2,1.0,1.91,3.73,7.0,1.99,5.0,2.08,0.6,5.79,8.4,0,1
2024-05-12,SP1,20:00,Betis,Almeria,H,H,2023/2024,14,2.63,10,63.16,7,7.16,4.11,2.2,80.0,1.2,36.84,1.56,9,40.0,6.37,4.6,2.2,10.44,1.42,7,1.2,1.9,4.07,8.0,1.99,5.8,2.11,1.6,6.0,7.0,1,0
2024-05-19,SP1,18:00,Mallorca,Almeria,D,D,2023/2024,29,1.83,9,63.16,8,7.16,4.11,2.6,20.0,1.4,26.32,2.24,9,60.0,6.57,2.0,0.8,10.17,0.89,3,1.6,2.03,3.6,9.4,1.87,6.8,1.99,0.8,6.0,8.0,1,1
2023-08-19,SP1,20:30,Osasuna,Ath Bilbao,A,A,2023/2024,18,1.58,14,26.32,7,4.89,5.05,3.0,0.0,0.0,26.32,2.72,9,0.0,5.06,3.0,0.0,9.48,1.0,2,2.0,1.93,4.42,8.0,1.97,5.0,1.96,2.0,5.16,5.0,0,0
2023-09-03,SP1,15:15,Mallorca,Ath Bilbao,D,D,2023/2024,8,1.55,17,26.32,2,4.89,5.05,4.0,0.0,0.0,26.32,2.86,12,0.0,5.37,5.0,0.0,9.93,0.89,3,1.0,2.1,4.56,8.5,1.81,4.5,2.21,0.5,6.0,4.0,0,0
2023-09-22,SP1,20:00,Alaves,Ath Bilbao,A,A,2023/2024,15,1.53,9,26.32,5,4.89,5.05,4.0,33.33,0.0,26.32,2.79,13,0.0,4.95,3.33,1.67,9.53,1.21,3,1.33,2.12,4.58,6.67,1.8,2.67,2.15,1.67,5.63,3.67,0,0
2023-09-30,SP1,20:00,Sociedad,Ath Bilbao,H,H,2023/2024,8,1.6,9,26.32,5,4.89,5.05,4.75,60.0,0.75,31.58,2.63,20,25.0,5.22,4.2,2.8,9.78,1.37,3,1.0,2.0,4.56,9.15,1.89,4.4,2.0,1.6,5.74,4.0,1,1
2023-10-22,SP1,20:00,Barcelona,Ath Bilbao,H,D,2023/2024,12,2.26,18,26.32,7,4.89,5.05,5.2,40.0,0.8,57.89,1.81,11,20.0,6.38,4.0,2.4,10.8,2.26,3,0.8,2.06,4.42,12.8,1.83,7.6,2.15,0.4,7.26,4.0,0,1
2023-11-05,SP1,17:30,Villarreal,Ath Bilbao,A,A,2023/2024,17,2.38,18,26.32,6,4.89,5.05,5.2,80.0,1.2,73.68,1.78,11,40.0,5.77,4.0,1.4,10.44,1.89,7,1.0,2.14,4.67,12.6,1.83,7.4,2.1,1.8,6.05,4.8,1,1
2023-11-27,SP1,20:00,Girona,Ath Bilbao,D,D,2023/2024,12,2.38,16,26.32,2,4.89,5.05,5.4,60.0,1.4,68.42,1.79,8,40.0,4.62,4.4,2.4,9.35,2.79,6,1.2,1.92,4.73,11.0,1.97,5.6,2.05,1.8,4.32,4.6,0,0
2023-12-11,SP1,20:00,Granada,Ath Bilbao,D,A,2023/2024,7,2.26,11,26.32,4,4.89,5.05,6.2,40.0,1.6,47.37,1.92,9,40.0,4.38,6.4,1.4,9.72,1.26,4,1.0,1.89,5.34,9.0,1.99,2.8,1.98,1.6,4.47,4.2,0,0
2024-01-04,SP1,18:15,Sevilla,Ath Bilbao,A,A,2023/2024,11,1.83,19,26.32,2,4.89,5.05,5.6,20.0,1.0,57.89,2.13,9,20.0,5.2,4.2,0.6,10.1,1.42,6,1.4,2.09,4.9,11.6,1.82,6.0,2.15,1.6,5.37,4.2,0,0
2024-01-20,SP1,17:30,Valencia,Ath Bilbao,H,D,2023/2024,6,1.65,14,26.32,1,4.89,5.05,4.6,20.0,1.0,36.84,2.45,11,20.0,4.24,4.4,1.2,9.01,1.05,3,1.4,1.92,4.77,8.0,1.95,3.4,1.96,0.4,4.11,4.2,0,0
2024-01-28,SP1,15:15,Cadiz,Ath Bilbao,D,D,2023/2024,9,1.73,14,26.32,2,4.89,5.05,5.6,40.0,0.6,26.32,2.58,13,0.0,4.63,4.4,0.4,9.2,0.84,0,0.8,2.02,4.57,10.0,1.87,4.4,1.89,1.6,4.74,3.6,0,1
2024-02-12,SP1,20:00,Almeria,Ath Bilbao,D,D,2023/2024,10,1.86,15,26.32,4,4.89,5.05,6.4,20.0,0.4,68.42,2.18,17,0.0,4.77,5.2,0.0,9.83,1.16,4,0.6,1.99,5.06,11.8,1.89,5.4,2.14,0.6,4.74,4.0,0,1
2024-02-25,SP1,15:15,Betis,Ath Bilbao,H,H,2023/2024,13,1.76,12,26.32,5,4.89,5.05,5.4,40.0,0.8,36.84,2.35,14,20.0,5.6,4.2,1.4,10.47,1.42,1,0.6,1.92,4.87,11.4,1.96,6.0,2.14,1.2,6.0,4.8,1,0
2024-03-10,SP1,15:15,Las Palmas,Ath Bilbao,A,A,2023/2024,14,1.78,14,26.32,2,4.89,5.05,5.2,40.0,0.8,31.58,2.21,8,20.0,5.13,4.4,1.4,10.15,1.05,2,0.6,2.04,5.02,10.4,1.86,5.2,1.87,1.0,5.11,5.8,0,1
2024-03-31,SP1,20:00,Real Madrid,Ath Bilbao,H,H,2023/2024,9,2.17,13,26.32,4,4.89,5.05,6.2,40.0,1.0,57.89,1.87,9,20.0,5.54,4.0,2.4,10.13,2.53,3,0.6,1.94,4.59,11.2,1.94,5.0,1.95,0.2,5.89,5.8,0,1
2024-04-27,SP1,20:00,Ath Madrid,Ath Bilbao,H,D,2023/2024,8,1.85,15,26.32,3,4.89,5.05,5.6,100.0,1.6,78.95,2.18,16,40.0,4.44,3.8,2.6,9.55,2.21,1,0.8,1.94,5.11,9.4,1.98,3.8,1.95,1.2,4.21,5.2,1,0
2024-05-03,SP1,20:00,Getafe,Ath Bilbao,A,A,2023/2024,34,1.59,9,26.32,9,4.89,5.05,4.8,20.0,1.6,31.58,2.65,6,40.0,4.61,4.4,1.0,9.34,1.05,2,1.2,2.1,4.73,9.4,1.81,4.6,1.88,1.4,4.16,6.4,0,1
2024-05-15,SP1,21:00,Celta,Ath Bilbao,H,A,2023/2024,10,1.85,14,26.32,4,4.89,5.05,4.8,60.0,1.4,42.11,2.25,15,40.0,5.43,2.0,2.0,9.73,1.11,2,1.2,2.02,4.3,9.2,1.88,4.4,1.99,0.8,5.79,5.8,1,0
2024-05-25,SP1,17:30,Vallecano,Ath Bilbao,A,D,2023/2024,17,1.78,13,26.32,4,4.89,5.05,4.6,40.0,1.4,36.84,2.25,6,40.0,5.57,2.2,0.8,9.89,0.95,1,1.0,2.13,4.32,10.8,1.78,6.2,2.08,0.8,5.79,5.4,0,0
2024-08-24,SP1,18:00,Barcelona,Ath Bilbao,H,D,2024/2025,13,2.41,16,36.84,5,4.68,4.95,6.0,100.0,2.0,68.42,1.69,11,100.0,6.86,6.0,2.0,11.5,2.74,2,1.0,1.83,4.64,11.0,2.07,5.0,1.94,1.0,8.53,5.0,1,1
2024-09-15,SP1,17:30,Las Palmas,Ath Bilbao,A,A,2024/2025,15,1.75,12,36.84,6,4.68,4.95,4.5,66.67,2.0,47.37,2.25,8,100.0,5.3,4.0,1.67,9.85,1.11,4,2.0,2.1,4.55,10.17,1.83,5.67,2.11,2.0,5.21,7.0,1,1
2024-09-19,SP1,18:00,Leganes,Ath Bilbao,A,D,2024/2025,14,1.49,11,36.84,3,4.68,4.95,5.33,33.33,1.33,47.37,3.01,12,66.67,3.51,5.67,0.67,8.72,1.21,4,2.0,1.83,5.21,8.0,2.07,2.67,1.85,1.33,2.68,6.0,0,1
2024-10-06,SP1,13:00,Girona,Ath Bilbao,H,D,2024/2025,14,1.9,13,36.84,6,4.68,4.95,4.25,75.0,1.5,68.42,2.06,12,75.0,5.15,2.5,1.75,9.43,1.42,4,1.75,1.83,4.28,8.25,2.04,4.0,1.89,1.25,5.42,6.0,1,0
2024-10-28,SP1,20:00,Mallorca,Ath Bilbao,D,D,2024/2025,4,1.54,12,36.84,1,4.68,4.95,6.2,20.0,1.2,47.37,2.78,9,60.0,4.76,7.2,0.6,10.28,1.05,1,1.4,1.86,5.52,11.6,2.07,5.4,1.82,0.4,4.63,5.0,0,1
2024-11-10,SP1,17:30,Valladolid,Ath Bilbao,D,D,2024/2025,6,1.71,12,36.84,3,4.68,4.95,6.0,60.0,1.0,47.37,2.38,12,40.0,4.53,7.0,0.8,9.93,0.58,1,1.4,1.91,5.4,11.2,1.99,5.2,2.01,1.4,4.26,5.0,0,0
2024-12-01,SP1,17:30,Vallecano,Ath Bilbao,A,H,2024/2025,7,1.55,8,36.84,4,4.68,4.95,6.8,40.0,0.8,52.63,2.7,14,40.0,5.21,4.4,1.0,10.03,1.26,7,1.2,1.92,4.82,12.2,1.99,5.4,2.16,1.4,5.74,3.4,1,0
2024-12-15,SP1,15:15,Alaves,Ath Bilbao,D,A,2024/2025,6,1.57,17,36.84,3,4.68,4.95,6.2,40.0,1.0,15.79,2.89,14,40.0,5.41,4.6,1.0,10.4,0.74,2,1.0,1.88,4.99,13.8,1.99,7.6,1.88,1.6,5.79,3.0,0,0
2024-12-21,SP1,17:30,Osasuna,Ath Bilbao,A,D,2024/2025,6,1.58,13,36.84,3,4.68,4.95,6.8,80.0,0.8,57.89,2.58,10,40.0,4.7,3.8,1.4,9.48,1.74,8,1.2,1.85,4.78,12.6,2.03,5.8,2.1,1.6,4.89,2.6,1,0
2025-01-19,SP1,13:00,Celta,Ath Bilbao,A,D,2024/2025,3,1.87,6,36.84,1,4.68,4.95,4.8,40.0,1.0,57.89,2.19,14,60.0,4.28,3.4,1.6,8.78,1.68,6,1.6,1.91,4.5,8.0,1.99,3.2,2.0,0.8,4.53,3.0,1,0
2025-02-02,SP1,20:00,Betis,Ath Bilbao,D,H,2024/2025,10,1.73,20,36.84,6,4.68,4.95,5.2,80.0,1.2,57.89,2.34,10,80.0,4.77,3.8,1.6,9.35,1.68,4,1.8,2.16,4.58,8.8,1.76,3.6,2.13,2.0,5.42,2.6,1,0
2025-02-16,SP1,13:00,Espanol,Ath Bilbao,D,D,2024/2025,12,1.73,8,36.84,4,4.68,4.95,5.2,20.0,1.2,36.84,2.41,12,60.0,4.0,6.6,1.2,9.26,1.21,4,1.6,2.02,5.26,8.4,1.86,3.2,2.07,0.8,4.05,2.8,0,0
2025-03-01,SP1,20:00,Ath Madrid,Ath Bilbao,H,D,2024/2025,12,1.8,8,36.84,4,4.68,4.95,4.8,0.0,1.2,52.63,2.25,7,60.0,5.28,3.8,1.2,9.72,2.21,3,1.4,1.87,4.44,10.2,2.04,5.4,2.13,0.4,5.84,3.6,0,0
2025-03-16,SP1,15:15,Sevilla,Ath Bilbao,A,D,2024/2025,11,1.61,12,36.84,4,4.68,4.95,5.2,20.0,1.0,26.32,2.64,13,40.0,4.96,3.6,0.8,9.55,0.89,4,1.2,1.83,4.59,10.8,2.08,5.6,2.15,1.6,5.21,3.6,0,0
2025-04-06,SP1,20:00,Villarreal,Ath Bilbao,D,D,2024/2025,12,2.01,13,36.84,4,4.68,4.95,5.4,60.0,0.8,73.68,1.96,9,20.0,5.08,5.0,2.2,10.03,2.26,2,0.8,1.97,4.95,11.4,1.89,6.0,1.93,0.8,5.26,4.2,0,1
2025-04-20,SP1,20:00,Real Madrid,Ath Bilbao,H,D,2024/2025,22,2.28,15,36.84,7,4.68,4.95,4.2,60.0,0.6,63.16,1.78,7,0.0,7.36,3.8,1.8,11.78,2.37,1,0.4,2.05,4.42,13.4,1.84,9.2,1.98,1.0,8.42,6.4,0,1
2025-05-04,SP1,20:00,Sociedad,Ath Bilbao,D,D,2024/2025,12,1.5,13,36.84,3,4.68,4.95,3.4,40.0,0.4,42.11,2.8,18,0.0,6.16,3.4,1.0,10.5,1.05,1,0.2,1.81,4.34,8.8,2.08,5.4,1.81,0.8,6.74,7.4,0,0
2025-05-15,SP1,20:30,Getafe,Ath Bilbao,A,D,2024/2025,11,1.3,7,36.84,1,4.68,4.95,4.0,60.0,0.2,26.32,3.84,10,0.0,4.15,3.2,0.8,8.38,0.79,2,0.6,2.2,4.23,7.2,1.71,3.2,1.89,1.8,3.63,6.6,0,0
2025-05-18,SP1,18:00,Valencia,Ath Bilbao,A,D,2024/2025,6,1.64,16,36.84,2,4.68,4.95,3.4,20.0,0.2,47.37,2.47,10,0.0,5.46,4.2,1.2,9.94,1.37,4,0.6,2.0,4.48,7.4,1.87,4.0,1.81,0.4,5.84,6.8,0,0
2025-08-31,SP1,18:00,Betis,Ath Bilbao,A,D,2025/2026,9,1.73,16,40.0,2,4.1,5.4,10.0,50.0,1.0,50.0,2.17,9,100.0,4.46,6.0,1.0,10.21,2.0,6,2.0,2.1,5.75,14.5,1.73,4.5,2.05,1.0,4.7,4.0,1,1
2025-09-20,SP1,20:00,Valencia,Ath Bilbao,H,D,2025/2026,13,1.62,6,40.0,5,4.1,5.4,8.0,33.33,1.5,20.0,2.32,13,50.0,5.97,6.33,2.0,11.4,1.2,5,1.0,1.78,5.43,15.0,2.05,7.0,1.93,0.33,6.9,4.5,0,1
2025-09-27,SP1,20:00,Villarreal,Ath Bilbao,H,D,2025/2026,14,1.83,11,40.0,5,4.1,5.4,7.0,50.0,1.33,60.0,2.05,13,33.33,5.22,1.75,2.5,10.02,2.3,4,0.67,2.06,4.8,14.75,1.75,7.75,1.83,0.25,5.3,5.0,0,1
2025-10-19,SP1,13:00,Elche,Ath Bilbao,D,D,2025/2026,15,1.73,20,40.0,5,4.1,5.4,5.75,20.0,1.0,54.55,2.22,14,25.0,4.22,2.4,1.2,8.89,1.73,1,0.5,1.88,4.67,9.95,1.96,4.2,2.0,0.4,4.09,5.25,0,0
2025-11-01,SP1,17:30,Sociedad,Ath Bilbao,H,D,2025/2026,9,1.53,8,40.0,5,4.1,5.4,5.0,60.0,1.4,70.0,2.63,20,40.0,5.94,4.4,1.4,10.93,1.5,4,0.8,1.98,4.99,12.4,1.85,7.4,2.0,1.2,6.6,5.4,1,0
2025-11-22,SP1,15:15,Barcelona,Ath Bilbao,H,H,2025/2026,19,2.75,9,40.0,7,4.1,5.4,4.4,100.0,2.0,88.89,1.46,9,40.0,6.36,3.6,2.8,10.99,3.11,2,0.4,1.98,4.63,11.8,1.85,7.4,1.98,0.6,7.33,5.6,1,1
2025-11-29,SP1,17:30,Levante,Ath Bilbao,A,A,2025/2026,11,1.8,19,40.0,4,4.1,5.4,3.6,80.0,1.6,62.5,2.1,11,40.0,4.45,5.8,0.8,10.02,1.0,4,0.8,22.0,5.57,8.4,1.95,4.8,2.02,2.6,4.38,5.4,0,0
2025-12-14,SP1,15:15,Celta,Ath Bilbao,H,D,2025/2026,5,1.7,13,40.0,2,4.1,5.4,3.4,20.0,1.8,27.27,2.3,11,40.0,4.3,5.0,1.2,9.27,1.45,2,0.8,1.95,4.97,6.2,1.83,2.8,1.85,1.4,4.64,4.4,0,0
2026-01-03,SP1,15:15,Osasuna,Ath Bilbao,D,H,2025/2026,11,1.55,19,40.0,4,4.1,5.4,4.8,60.0,2.0,50.0,2.63,12,40.0,3.68,3.4,1.8,8.52,1.8,6,1.0,1.8,4.84,9.2,2.02,4.4,1.81,1.4,3.4,3.4,0,0
2023-08-20,SP1,20:30,Betis,Ath Madrid,D,D,2023/2024,14,2.03,8,42.11,0,4.63,4.95,7.0,0.0,0.0,36.84,2.14,10,0.0,4.86,7.0,0.0,10.12,1.42,1,0.0,2.06,5.26,9.0,1.84,2.0,2.11,0.0,6.0,2.0,0,0
2023-08-28,SP1,20:30,Vallecano,Ath Madrid,A,A,2023/2024,12,1.77,17,42.11,3,4.63,4.95,5.0,100.0,0.0,36.84,2.36,19,50.0,5.64,3.0,0.0,10.03,0.95,10,3.5,2.02,4.39,13.0,1.89,8.0,2.11,7.0,5.79,5.0,1,1
2023-09-16,SP1,15:15,Valencia,Ath Madrid,H,H,2023/2024,12,1.74,17,42.11,8,4.63,4.95,6.0,66.67,1.0,36.84,2.35,13,66.67,4.49,5.0,1.67,9.41,1.05,3,2.33,2.08,4.92,11.67,1.82,5.67,1.99,0.67,4.11,5.0,1,1
2023-09-28,SP1,20:30,Osasuna,Ath Madrid,A,A,2023/2024,13,1.74,4,42.11,2,4.63,4.95,5.0,25.0,0.75,26.32,2.31,14,50.0,5.22,3.5,0.25,9.83,1.0,3,2.25,1.89,4.61,11.75,2.02,6.75,2.04,1.5,5.16,5.5,0,0
2023-10-21,SP1,20:00,Celta,Ath Madrid,A,A,2023/2024,16,2.05,10,42.11,3,4.63,4.95,5.0,40.0,0.6,42.11,2.0,10,60.0,5.62,4.0,0.6,10.09,1.11,7,2.4,1.84,4.47,12.0,2.04,7.0,1.93,1.6,5.79,5.8,1,1
2023-11-03,SP1,20:00,Las Palmas,Ath Madrid,H,D,2023/2024,9,1.85,9,42.11,3,4.63,4.95,4.4,40.0,1.0,31.58,2.23,12,80.0,5.13,5.6,1.0,10.13,1.05,5,2.6,1.89,5.0,10.0,2.01,5.6,2.0,0.6,5.11,6.0,1,0
2023-12-03,SP1,20:00,Barcelona,Ath Madrid,H,H,2023/2024,13,2.36,12,42.11,2,4.63,4.95,4.2,40.0,1.2,57.89,1.79,17,60.0,6.37,3.2,1.2,10.56,2.26,4,1.2,1.88,4.19,10.6,2.03,6.4,2.0,0.6,7.26,5.8,0,0
2023-12-16,SP1,15:15,Ath Bilbao,Ath Madrid,H,D,2023/2024,16,2.03,10,42.11,7,4.63,4.95,4.0,80.0,1.0,57.89,1.96,7,40.0,5.63,3.4,3.0,9.99,2.21,3,1.2,1.84,4.36,10.6,2.09,6.6,2.13,1.0,5.95,5.4,0,0
2024-01-03,SP1,20:30,Girona,Ath Madrid,H,H,2023/2024,17,2.45,10,42.11,9,4.63,4.95,5.2,60.0,1.8,68.42,1.72,8,60.0,4.57,3.8,2.2,9.17,2.79,12,1.4,2.01,4.6,10.2,1.89,5.0,1.96,1.0,4.32,5.4,1,1
2024-01-22,SP1,20:00,Granada,Ath Madrid,A,D,2023/2024,17,2.24,16,42.11,2,4.63,4.95,4.6,20.0,1.8,47.37,1.8,11,40.0,4.56,5.0,0.8,9.55,1.26,5,1.0,1.93,4.99,8.8,1.95,4.2,2.26,1.2,4.47,5.2,0,0
2024-02-04,SP1,20:00,Real Madrid,Ath Madrid,D,H,2023/2024,17,2.5,15,42.11,4,4.63,4.95,5.4,40.0,1.6,57.89,1.68,6,20.0,5.5,3.0,2.2,9.85,2.53,5,1.0,1.96,4.35,11.4,1.95,6.0,2.05,0.8,5.89,5.0,0,0
2024-02-11,SP1,17:30,Sevilla,Ath Madrid,H,H,2023/2024,10,2.09,5,42.11,6,4.63,4.95,6.4,40.0,1.6,57.89,1.91,8,20.0,4.87,4.2,0.8,9.8,1.42,5,1.0,1.85,4.93,10.0,2.03,3.6,2.1,1.8,5.37,4.0,0,0
2024-02-24,SP1,20:00,Almeria,Ath Madrid,D,D,2023/2024,9,2.11,12,42.11,4,4.63,4.95,6.4,40.0,1.6,68.42,1.96,13,40.0,4.64,5.4,0.4,9.66,1.16,9,1.4,2.0,5.02,11.4,1.89,5.0,1.93,1.0,4.74,3.8,1,0
2024-03-09,SP1,15:15,Cadiz,Ath Madrid,H,H,2023/2024,7,1.85,15,42.11,3,4.63,4.95,5.0,40.0,1.2,26.32,2.16,20,20.0,4.58,2.8,1.0,8.87,0.84,4,0.8,2.03,4.29,10.2,1.88,5.2,2.07,1.6,4.74,3.0,0,0
2024-04-01,SP1,20:00,Villarreal,Ath Madrid,A,A,2023/2024,11,2.24,22,42.11,2,4.63,4.95,5.2,40.0,1.4,73.68,1.82,14,40.0,5.44,2.8,1.6,9.94,1.89,8,1.0,2.03,4.5,12.4,1.87,7.2,1.95,0.8,6.05,2.4,1,0
2024-04-21,SP1,17:30,Alaves,Ath Madrid,H,H,2023/2024,8,1.68,12,42.11,3,4.63,4.95,5.8,0.0,1.6,26.32,2.38,20,40.0,4.95,7.2,1.0,10.04,1.21,4,0.8,2.0,5.09,10.6,1.88,4.8,2.16,0.6,5.63,2.2,0,1
2024-05-04,SP1,20:00,Mallorca,Ath Madrid,A,A,2023/2024,7,1.53,7,42.11,4,4.63,4.95,4.8,20.0,1.4,26.32,2.8,12,40.0,5.38,4.0,0.6,9.87,0.89,4,1.0,1.87,4.49,11.0,2.02,6.2,1.9,0.8,6.0,3.0,0,0
2024-05-15,SP1,21:00,Getafe,Ath Madrid,A,A,2023/2024,8,1.9,7,42.11,3,4.63,4.95,4.0,20.0,1.0,31.58,2.13,17,40.0,4.33,4.2,0.4,8.9,1.05,3,1.2,1.85,4.57,9.0,2.06,5.0,2.01,1.4,4.16,3.8,1,0
2024-05-25,SP1,15:15,Sociedad,Ath Madrid,A,A,2023/2024,14,1.99,15,42.11,4,4.63,4.95,4.6,20.0,0.6,31.58,1.97,19,40.0,5.47,2.6,1.0,9.79,1.37,4,1.6,1.86,4.32,11.4,2.06,6.8,2.02,1.0,5.74,4.8,0,1
2024-08-19,SP1,20:30,Villarreal,Ath Madrid,D,D,2024/2025,8,2.19,10,36.84,3,4.16,4.16,3.0,100.0,2.0,73.68,1.87,6,100.0,4.33,3.0,2.0,8.4,2.26,5,2.0,1.88,4.07,5.0,2.01,2.0,1.89,2.0,5.26,2.0,1,0
2024-08-31,SP1,18:00,Ath Bilbao,Ath Madrid,A,D,2024/2025,8,1.85,9,36.84,1,4.16,4.16,2.5,0.0,1.0,36.84,2.14,13,50.0,4.53,3.67,0.67,8.3,1.68,2,1.5,2.11,3.77,6.5,1.79,4.0,1.96,0.67,5.26,2.0,0,0
2024-09-22,SP1,20:00,Vallecano,Ath Madrid,D,H,2024/2025,15,1.76,12,36.84,3,4.16,4.16,3.0,66.67,1.0,52.63,2.29,9,33.33,4.96,4.67,1.67,8.99,1.26,5,1.33,2.11,4.03,8.33,1.78,5.33,2.0,1.33,5.74,2.33,0,0
2024-09-26,SP1,20:00,Celta,Ath Madrid,A,D,2024/2025,9,2.0,7,36.84,4,4.16,4.16,3.0,75.0,0.75,57.89,1.99,10,25.0,4.11,4.0,2.0,8.06,1.68,2,1.25,1.98,3.95,6.5,1.92,3.5,1.99,1.0,4.53,2.25,0,0
2024-10-06,SP1,20:00,Sociedad,Ath Madrid,D,A,2024/2025,16,1.58,9,36.84,8,4.16,4.16,2.6,60.0,0.8,42.11,2.55,10,20.0,5.73,4.4,1.2,9.65,1.05,1,1.2,2.04,3.92,9.6,1.85,7.0,1.97,1.4,6.74,2.8,0,0
2024-10-27,SP1,17:30,Betis,Ath Madrid,H,H,2024/2025,24,1.82,4,36.84,3,4.16,4.16,4.0,40.0,0.6,57.89,2.28,8,0.0,5.04,4.4,1.4,9.13,1.68,3,0.8,2.06,4.09,11.2,1.84,7.2,1.93,0.6,5.42,3.0,0,1
2024-11-10,SP1,15:15,Mallorca,Ath Madrid,A,D,2024/2025,12,1.55,16,36.84,6,4.16,4.16,4.0,20.0,0.6,47.37,2.81,10,0.0,4.57,5.8,0.6,9.3,1.05,2,0.8,1.93,4.73,9.8,1.96,5.8,2.06,0.6,4.63,4.0,0,0
2024-11-30,SP1,20:00,Valladolid,Ath Madrid,A,A,2024/2025,9,2.0,11,36.84,1,4.16,4.16,4.2,80.0,0.4,47.37,1.99,6,20.0,4.26,6.6,0.8,9.01,0.58,9,1.6,2.02,4.75,9.0,1.88,4.8,2.16,2.4,4.26,4.0,1,0
2024-12-21,SP1,20:00,Barcelona,Ath Madrid,A,H,2024/2025,19,2.53,8,36.84,7,4.16,4.16,4.2,80.0,0.6,68.42,1.63,11,40.0,7.11,3.0,2.0,10.84,2.74,4,1.8,2.02,3.73,12.2,1.89,8.0,1.91,1.4,8.53,5.8,1,1
2025-01-18,SP1,15:15,Leganes,Ath Madrid,H,D,2024/2025,9,1.76,6,36.84,3,4.16,4.16,5.8,60.0,0.6,47.37,2.24,16,40.0,3.23,5.4,0.8,8.02,1.21,4,1.6,1.93,4.79,7.8,1.96,2.0,2.02,2.2,2.68,5.2,0,1
2025-02-08,SP1,20:00,Real Madrid,Ath Madrid,D,A,2024/2025,23,2.45,13,36.84,9,4.16,4.16,4.0,60.0,0.6,63.16,1.68,14,40.0,6.97,3.0,3.0,10.85,2.37,1,1.8,2.02,3.88,11.2,1.89,7.2,1.94,0.8,8.42,5.8,0,0
2025-02-22,SP1,17:30,Valencia,Ath Madrid,A,A,2024/2025,18,1.69,16,36.84,2,4.16,4.16,3.6,60.0,0.6,47.37,2.42,18,60.0,5.37,3.4,1.2,9.36,1.37,3,2.2,1.96,3.99,9.0,1.94,5.4,2.15,1.2,5.84,5.8,1,0
2025-03-09,SP1,13:00,Getafe,Ath Madrid,H,D,2024/2025,11,1.54,14,36.84,3,4.16,4.16,3.4,40.0,1.0,26.32,2.67,10,60.0,3.98,4.8,0.8,7.88,0.79,2,1.4,2.01,3.9,6.8,1.86,3.4,1.96,1.0,3.63,6.0,1,0
2025-03-29,SP1,15:15,Espanol,Ath Madrid,D,A,2024/2025,8,1.73,14,36.84,1,4.16,4.16,3.4,20.0,1.0,36.84,2.31,12,40.0,3.97,6.8,1.2,8.63,1.21,2,1.2,1.85,4.66,5.8,2.05,2.4,1.92,0.8,4.05,4.6,0,0
2025-04-06,SP1,15:15,Sevilla,Ath Madrid,A,D,2024/2025,11,1.67,12,36.84,6,4.16,4.16,3.0,40.0,1.0,26.32,2.4,14,60.0,4.97,4.8,0.8,9.03,0.89,5,1.6,1.92,4.06,8.0,1.94,5.0,1.93,1.8,5.21,5.6,1,1
2025-04-19,SP1,20:00,Las Palmas,Ath Madrid,H,D,2024/2025,8,2.01,13,36.84,2,4.16,4.16,3.6,60.0,1.0,47.37,2.04,13,60.0,4.91,4.2,1.0,8.95,1.11,2,1.4,2.0,4.04,8.4,1.89,4.8,1.85,1.8,5.21,5.2,0,0
2025-05-03,SP1,13:00,Alaves,Ath Madrid,D,D,2024/2025,8,1.63,13,36.84,2,4.16,4.16,4.6,0.0,1.0,15.79,2.48,18,40.0,5.1,5.2,0.4,9.55,0.74,2,0.8,1.84,4.45,9.0,2.02,4.4,2.17,0.6,5.79,4.4,0,0
2025-05-15,SP1,18:00,Osasuna,Ath Madrid,H,H,2024/2025,9,1.93,11,36.84,3,4.16,4.16,4.8,60.0,1.0,57.89,2.02,12,20.0,4.49,3.6,1.8,8.62,1.74,5,0.6,1.82,4.13,8.2,2.06,3.4,1.89,1.2,4.89,4.2,0,0
2025-05-25,SP1,13:00,Girona,Ath Madrid,A,D,2024/2025,2,2.58,11,36.84,1,4.16,4.16,5.8,40.0,0.8,68.42,1.61,13,40.0,4.78,5.4,0.4,9.07,1.42,11,1.2,1.98,4.29,9.8,1.88,4.0,1.94,1.8,5.42,3.6,1,0
2025-08-17,SP1,20:30,Espanol,Ath Madrid,H,A,2025/2026,10,1.89,11,30.0,5,3.8,5.0,3.0,100.0,2.0,45.45,2.0,14,100.0,3.75,3.0,2.0,8.31,1.18,4,1.0,2.05,4.56,4.0,1.77,1.0,2.09,1.0,4.73,1.0,1,0
2025-08-30,SP1,16:00,Alaves,Ath Madrid,D,D,2025/2026,5,1.63,17,30.0,2,3.8,5.0,4.5,50.0,1.5,50.0,2.4,10,50.0,4.73,3.5,1.5,9.41,1.2,6,1.0,2.03,4.68,10.0,1.75,5.5,1.95,1.0,5.7,1.0,0,0
2025-09-21,SP1,15:15,Mallorca,Ath Madrid,D,D,2025/2026,8,1.73,6,30.0,3,3.8,5.0,5.0,33.33,1.33,50.0,2.22,14,33.33,2.96,5.33,0.67,8.34,1.4,7,1.0,2.0,5.38,8.0,1.85,3.0,2.03,1.67,2.8,1.67,0,0
2025-10-05,SP1,20:00,Celta,Ath Madrid,D,A,2025/2026,18,1.91,10,30.0,4,3.8,5.0,4.5,0.0,1.25,27.27,1.95,7,25.0,4.5,3.6,0.8,9.22,1.45,1,1.0,2.0,4.72,11.7,1.8,7.2,2.03,1.2,4.64,2.75,0,0
2025-10-27,SP1,20:00,Betis,Ath Madrid,A,A,2025/2026,17,1.98,18,30.0,5,3.8,5.0,4.6,40.0,1.0,50.0,1.88,9,20.0,4.18,5.4,1.4,9.1,2.0,4,1.2,1.9,4.92,8.4,1.9,3.8,1.87,1.0,4.7,2.6,0,0
2025-11-23,SP1,17:30,Getafe,Ath Madrid,A,D,2025/2026,9,1.5,17,30.0,1,3.8,5.0,5.4,20.0,0.6,20.0,2.75,9,0.0,4.36,4.6,0.8,9.16,0.8,6,1.2,2.0,4.8,10.0,1.8,4.6,1.93,1.0,4.7,3.6,0,1
2025-12-02,SP1,20:00,Barcelona,Ath Madrid,H,D,2025/2026,19,3.1,9,30.0,6,3.8,5.0,5.0,100.0,1.0,88.89,1.41,12,20.0,6.06,4.6,3.0,10.63,3.11,2,1.2,1.93,4.57,11.4,1.89,6.4,2.02,0.8,7.33,4.4,1,0
2025-12-06,SP1,20:00,Ath Bilbao,Ath Madrid,H,D,2025/2026,14,1.73,12,30.0,3,3.8,5.0,5.0,40.0,1.0,40.0,2.2,9,20.0,5.23,4.8,0.8,10.01,1.0,3,1.0,1.95,4.78,10.0,1.9,5.0,1.83,1.0,6.0,4.8,0,1
2025-12-21,SP1,13:00,Girona,Ath Madrid,A,A,2025/2026,9,2.0,14,30.0,2,3.8,5.0,5.2,60.0,0.8,50.0,1.88,7,40.0,4.56,4.2,1.4,9.18,0.9,6,1.4,1.88,4.62,9.6,1.97,4.4,1.93,1.6,5.0,4.2,1,0
2026-01-04,SP1,20:00,Sociedad,Ath Madrid,D,D,2025/2026,18,2.1,13,30.0,8,3.8,5.0,5.4,80.0,1.0,70.0,1.8,11,40.0,5.58,4.4,1.8,10.39,1.5,2,1.2,1.95,4.81,10.4,1.84,5.0,1.95,1.8,6.6,5.0,0,1
2023-08-13,SP1,20:30,Getafe,Barcelona,D,D,2023/2024,5,1.76,11,63.16,2,4.95,5.26,4.0,0.0,0.0,31.58,2.38,20,0.0,4.13,4.0,0.0,8.85,1.05,4,0.0,2.06,4.72,7.0,1.85,3.0,2.04,0.0,4.16,3.0,0,0
2023-08-27,SP1,16:30,Villarreal,Barcelona,A,D,2023/2024,13,2.41,14,63.16,6,4.95,5.26,5.0,100.0,1.5,73.68,1.72,12,50.0,5.36,5.0,2.0,10.23,1.89,11,2.0,2.11,4.87,10.5,1.83,5.5,2.16,3.0,6.05,2.5,1,0
2023-09-03,SP1,20:00,Osasuna,Barcelona,A,A,2023/2024,11,2.29,16,63.16,3,4.95,5.26,5.0,50.0,1.33,26.32,1.74,6,66.67,5.16,4.0,0.5,9.99,1.0,4,2.0,1.89,4.83,11.5,2.03,6.5,1.86,2.0,5.16,4.33,1,1
2023-09-26,SP1,20:30,Mallorca,Barcelona,D,H,2023/2024,10,2.06,7,63.16,5,4.95,5.26,4.25,33.33,1.5,26.32,1.96,19,75.0,5.57,4.0,0.67,10.17,0.89,4,2.0,1.85,4.6,9.58,2.05,5.33,2.2,1.0,6.0,5.0,1,0
2023-10-08,SP1,20:00,Granada,Barcelona,D,H,2023/2024,7,2.93,7,63.16,2,4.95,5.26,5.6,60.0,1.6,47.37,1.5,12,80.0,4.52,6.4,1.6,9.92,1.26,10,2.0,1.88,5.4,9.6,1.98,4.0,1.94,2.2,4.47,4.2,1,1
2023-11-04,SP1,20:00,Sociedad,Barcelona,A,D,2023/2024,13,1.95,8,63.16,6,4.95,5.26,5.4,60.0,1.6,31.58,2.19,16,80.0,5.29,4.2,2.6,10.03,1.37,4,2.2,1.95,4.74,9.2,1.94,3.8,2.02,1.4,5.74,5.2,0,1
2023-11-25,SP1,13:00,Vallecano,Barcelona,D,H,2023/2024,10,2.36,13,63.16,4,4.95,5.26,5.0,60.0,1.2,36.84,1.77,23,60.0,5.32,4.0,1.4,9.98,0.95,4,1.6,1.84,4.66,9.0,2.04,4.0,1.89,1.6,5.79,5.0,0,0
2023-12-16,SP1,20:00,Valencia,Barcelona,D,D,2023/2024,11,2.5,11,63.16,4,4.95,5.26,5.2,0.0,1.2,36.84,1.7,9,40.0,4.18,5.0,0.8,9.19,1.05,8,1.4,1.88,5.01,7.8,2.0,2.6,1.98,0.4,4.11,4.2,0,0
2024-01-04,SP1,20:30,Las Palmas,Barcelona,A,H,2023/2024,12,2.5,5,63.16,3,4.95,5.26,6.8,40.0,1.0,31.58,1.66,14,40.0,4.95,5.8,1.2,10.38,1.05,5,1.4,2.01,5.43,12.0,1.89,5.2,2.12,1.0,5.11,3.8,1,1
2024-01-21,SP1,17:30,Betis,Barcelona,A,A,2023/2024,14,2.63,9,63.16,5,4.95,5.26,5.4,20.0,1.0,36.84,1.6,12,40.0,5.72,4.6,1.2,10.75,1.42,4,1.8,2.07,5.03,13.0,1.82,7.6,2.14,1.2,6.0,4.2,1,0
2024-02-03,SP1,17:30,Alaves,Barcelona,A,A,2023/2024,13,2.0,10,63.16,2,4.95,5.26,5.8,40.0,1.2,26.32,2.0,15,60.0,5.65,3.4,1.0,10.53,1.21,5,2.2,1.92,4.88,13.6,1.99,7.8,1.97,1.2,5.63,5.4,1,1
2024-02-17,SP1,17:30,Celta,Barcelona,A,A,2023/2024,13,2.29,13,63.16,4,4.95,5.26,6.0,40.0,1.2,42.11,1.8,11,80.0,5.54,4.6,0.8,10.34,1.11,4,2.4,1.9,4.8,11.6,2.0,5.6,1.99,1.0,5.79,5.6,1,0
2024-03-03,SP1,20:00,Ath Bilbao,Barcelona,D,D,2023/2024,8,2.08,11,63.16,2,4.95,5.26,5.6,60.0,1.0,57.89,1.97,14,80.0,5.53,3.4,2.0,10.22,2.21,2,2.2,1.83,4.69,10.2,2.11,4.6,2.0,0.6,5.95,5.6,0,0
2024-03-17,SP1,20:00,Ath Madrid,Barcelona,A,A,2023/2024,12,2.28,9,63.16,3,4.95,5.26,4.2,80.0,0.8,78.95,1.78,15,80.0,4.59,5.2,2.2,9.82,2.21,5,2.4,1.89,5.23,8.6,2.06,4.4,2.01,1.0,4.21,6.0,1,0
2024-04-13,SP1,20:00,Cadiz,Barcelona,A,A,2023/2024,14,1.89,15,63.16,3,4.95,5.26,4.2,20.0,0.4,26.32,2.09,17,60.0,5.14,2.2,1.0,9.46,0.84,2,1.8,1.92,4.32,10.2,1.98,6.0,2.15,1.0,4.74,7.0,0,1
2024-04-21,SP1,20:00,Real Madrid,Barcelona,H,D,2023/2024,14,3.07,12,63.16,8,4.95,5.26,4.8,60.0,0.8,57.89,1.5,11,60.0,5.44,4.0,2.8,10.0,2.53,6,1.6,2.04,4.56,9.8,1.87,5.0,2.01,0.4,5.89,4.6,1,0
2024-05-04,SP1,17:30,Girona,Barcelona,H,A,2023/2024,9,2.8,8,63.16,7,4.95,5.26,4.6,80.0,1.4,68.42,1.5,11,60.0,4.51,4.2,3.2,9.26,2.79,7,1.6,1.85,4.75,8.4,2.05,3.8,2.13,1.0,4.32,5.2,1,0
2024-05-16,SP1,20:30,Almeria,Barcelona,A,A,2023/2024,12,3.4,11,63.16,3,4.95,5.26,5.2,80.0,1.4,68.42,1.37,9,60.0,4.86,4.0,0.8,9.79,1.16,7,2.0,1.89,4.93,10.2,2.0,5.0,2.08,2.4,4.74,5.2,0,1
2024-05-26,SP1,20:00,Sevilla,Barcelona,A,D,2023/2024,15,2.82,9,63.16,6,4.95,5.26,5.6,80.0,1.6,57.89,1.5,11,60.0,5.07,6.0,1.4,10.27,1.42,6,1.8,1.87,5.2,9.4,2.02,3.8,2.0,1.2,5.37,5.0,1,1
2024-08-17,SP1,20:30,Valencia,Barcelona,A,D,2024/2025,6,2.1,13,73.68,1,4.95,5.42,8.0,100.0,1.0,47.37,1.92,11,100.0,5.05,8.0,1.0,10.63,1.37,8,2.0,1.99,5.58,11.0,1.91,3.0,1.92,2.0,5.84,3.0,1,1
2024-08-27,SP1,20:30,Vallecano,Barcelona,A,H,2024/2025,8,2.1,11,73.68,4,4.95,5.42,7.0,100.0,1.0,52.63,1.91,17,100.0,5.44,6.0,1.0,10.69,1.26,5,2.0,1.85,5.25,13.0,2.02,6.0,1.92,2.0,5.74,4.5,1,1
2024-09-15,SP1,15:15,Girona,Barcelona,A,A,2024/2025,9,3.04,4,73.68,4,4.95,5.42,6.67,100.0,1.0,68.42,1.48,13,100.0,4.85,3.0,2.5,9.68,1.42,9,2.67,1.87,4.83,9.67,2.03,3.0,2.0,2.0,5.42,3.33,1,0
2024-09-22,SP1,17:30,Villarreal,Barcelona,A,A,2024/2025,13,3.03,12,73.68,4,4.95,5.42,5.75,100.0,1.0,73.68,1.44,12,100.0,5.09,3.33,2.33,10.16,2.26,10,3.25,1.9,5.07,11.08,1.99,5.33,1.93,3.33,5.26,4.25,1,0
2024-09-28,SP1,20:00,Osasuna,Barcelona,H,H,2024/2025,11,2.42,3,73.68,6,4.95,5.42,6.2,60.0,1.6,57.89,1.66,13,100.0,4.85,4.6,2.2,9.91,1.74,5,3.0,2.06,5.06,11.0,1.84,4.8,2.07,1.2,4.89,4.4,1,1
2024-10-06,SP1,15:15,Alaves,Barcelona,A,A,2024/2025,11,2.51,8,73.68,2,4.95,5.42,5.2,50.0,1.4,15.79,1.67,13,100.0,5.6,5.25,1.0,10.81,0.74,8,3.2,1.99,5.21,10.95,1.91,5.75,1.92,1.0,5.79,6.0,1,1
2024-10-26,SP1,20:00,Real Madrid,Barcelona,A,D,2024/2025,9,3.17,17,73.68,4,4.95,5.42,4.6,60.0,1.2,63.16,1.43,15,100.0,7.19,3.8,2.2,11.91,2.37,7,3.6,1.88,4.72,11.0,2.03,6.4,1.94,1.4,8.42,6.8,1,1
2024-11-10,SP1,20:00,Sociedad,Barcelona,H,H,2024/2025,14,2.2,6,73.68,6,4.95,5.42,4.6,20.0,1.2,42.11,1.8,17,80.0,6.5,4.2,1.0,11.3,1.05,0,2.8,1.92,4.8,12.2,1.98,7.6,1.95,1.0,6.74,8.0,0,1
2024-11-23,SP1,20:00,Celta,Barcelona,D,A,2024/2025,15,2.87,9,73.68,8,4.95,5.42,4.2,40.0,1.4,57.89,1.51,13,80.0,4.83,2.4,1.0,9.43,1.68,4,2.2,2.17,4.6,7.6,1.78,3.4,1.98,1.2,4.53,7.6,1,0
2024-12-03,SP1,18:00,Mallorca,Barcelona,A,D,2024/2025,6,2.17,13,73.68,1,4.95,5.42,3.6,40.0,0.8,47.37,1.85,13,80.0,4.92,5.8,0.8,10.3,1.05,9,2.8,1.93,5.38,8.0,1.96,4.4,1.87,1.4,4.63,7.0,1,0
2024-12-07,SP1,15:15,Betis,Barcelona,D,A,2024/2025,12,3.22,14,73.68,6,4.95,5.42,3.8,60.0,1.2,57.89,1.48,15,80.0,5.32,4.2,1.4,10.06,1.68,3,2.6,2.0,4.74,8.8,1.89,5.0,2.11,1.2,5.42,6.0,1,0
2025-01-18,SP1,20:00,Getafe,Barcelona,D,D,2024/2025,10,2.11,9,73.68,4,4.95,5.42,5.2,0.0,1.4,26.32,1.84,9,60.0,3.99,3.4,0.8,8.62,0.79,5,2.0,1.85,4.63,8.4,2.02,3.2,2.13,0.6,3.63,4.4,0,1
2025-02-09,SP1,20:00,Sevilla,Barcelona,A,D,2024/2025,8,3.0,6,73.68,4,4.95,5.42,5.2,20.0,1.4,26.32,1.47,14,80.0,5.06,2.6,1.0,9.81,0.89,6,2.8,1.9,4.75,10.8,1.99,5.6,2.02,1.4,5.21,4.0,1,1
2025-02-22,SP1,20:00,Las Palmas,Barcelona,A,D,2024/2025,10,3.68,4,73.68,2,4.95,5.42,5.6,40.0,1.0,47.37,1.35,13,60.0,4.92,3.4,0.8,9.77,1.11,5,2.8,1.86,4.85,9.8,2.03,4.2,2.04,1.4,5.21,4.0,0,0
2025-03-16,SP1,20:00,Ath Madrid,Barcelona,A,H,2024/2025,7,2.42,11,73.68,2,4.95,5.42,5.8,20.0,1.2,52.63,1.64,10,60.0,5.51,5.0,1.4,10.43,2.21,6,2.6,2.01,4.92,11.6,1.88,5.8,1.99,1.2,5.84,4.8,1,1
2025-04-12,SP1,20:00,Leganes,Barcelona,A,D,2024/2025,6,2.95,4,73.68,1,4.95,5.42,6.6,40.0,0.8,47.37,1.46,10,40.0,3.47,6.2,1.4,9.11,1.21,3,2.4,1.92,5.64,9.8,1.96,3.2,1.98,1.6,2.68,4.4,0,1
2025-05-03,SP1,20:00,Valladolid,Barcelona,A,H,2024/2025,5,3.05,15,73.68,4,4.95,5.42,6.2,60.0,0.8,47.37,1.48,12,60.0,4.62,4.4,0.8,10.04,0.58,7,2.6,1.88,5.42,11.8,1.98,5.6,1.95,2.2,4.26,4.8,1,1
2025-05-15,SP1,20:30,Espanol,Barcelona,A,D,2024/2025,9,3.6,10,73.68,1,4.95,5.42,5.6,20.0,0.6,36.84,1.34,8,40.0,4.3,6.0,0.8,9.8,1.21,4,2.2,2.09,5.5,9.6,1.82,4.0,1.95,1.2,4.05,4.4,0,0
2025-05-25,SP1,20:00,Ath Bilbao,Barcelona,A,A,2024/2025,10,2.95,10,73.68,1,4.95,5.42,6.2,40.0,0.6,36.84,1.48,21,60.0,4.99,3.2,1.0,9.78,1.68,4,2.4,1.9,4.79,11.0,1.98,4.8,1.87,0.8,5.26,3.8,1,0
2025-08-16,SP1,18:30,Mallorca,Barcelona,A,A,2025/2026,4,2.9,17,72.73,1,5.64,7.0,6.0,100.0,0.0,50.0,1.47,8,100.0,3.55,6.0,0.0,10.2,1.4,8,3.0,1.98,6.65,9.0,1.83,3.0,1.93,3.0,2.8,3.0,1,0
2025-08-23,SP1,20:30,Levante,Barcelona,A,H,2025/2026,8,3.51,8,72.73,5,5.64,7.0,8.5,100.0,1.0,62.5,1.36,10,100.0,3.97,11.0,2.0,11.43,1.0,10,3.0,1.88,7.46,8.5,1.9,0.0,1.96,3.0,4.38,1.5,1,1
2025-08-31,SP1,20:30,Vallecano,Barcelona,D,A,2025/2026,12,2.9,8,72.73,6,5.64,7.0,7.0,0.0,1.0,11.11,1.45,16,66.67,6.68,4.0,1.0,12.83,0.78,3,2.33,1.83,6.15,16.0,1.97,9.0,1.95,1.0,7.22,4.0,0,1
2025-09-25,SP1,20:30,Oviedo,Barcelona,A,H,2025/2026,7,2.7,6,72.73,3,5.64,7.0,7.5,66.67,1.0,20.0,1.5,10,75.0,4.66,9.33,0.67,11.54,0.3,10,2.5,1.95,6.88,10.17,1.89,2.67,2.1,2.0,4.6,4.5,1,1
2025-10-05,SP1,15:15,Sevilla,Barcelona,H,H,2025/2026,13,2.9,9,72.73,5,5.64,7.0,7.2,100.0,1.6,70.0,1.48,18,80.0,5.25,3.5,2.0,10.95,1.4,8,2.2,1.98,5.7,11.45,1.85,4.25,2.03,1.75,5.3,5.0,1,1
2025-10-26,SP1,15:15,Real Madrid,Barcelona,H,H,2025/2026,23,4.0,9,72.73,10,5.64,7.0,6.8,60.0,2.0,50.0,1.29,12,80.0,6.36,2.4,2.0,11.8,2.3,6,1.8,1.88,5.44,13.2,1.96,6.4,2.03,0.6,6.6,6.8,1,1
2025-11-09,SP1,20:00,Celta,Barcelona,A,A,2025/2026,5,3.2,10,72.73,3,5.64,7.0,5.6,20.0,2.0,27.27,1.38,13,80.0,5.08,5.2,1.2,11.17,1.45,9,2.0,2.05,6.09,9.6,1.77,4.0,1.96,1.6,4.64,7.2,1,0
2025-12-06,SP1,17:30,Betis,Barcelona,A,A,2025/2026,17,3.4,9,72.73,5,5.64,7.0,6.2,40.0,2.4,50.0,1.38,14,100.0,5.2,4.4,1.8,11.29,2.0,8,2.8,1.93,6.09,11.4,1.9,5.2,1.95,1.6,4.7,6.8,1,1
2025-12-21,SP1,15:15,Villarreal,Barcelona,A,A,2025/2026,14,3.33,8,72.73,5,5.64,7.0,6.4,60.0,2.2,60.0,1.36,10,80.0,5.4,5.0,2.0,11.34,2.3,5,2.6,2.08,5.94,10.6,1.76,4.2,1.95,1.0,5.3,6.6,0,1
2026-01-03,SP1,20:00,Espanol,Barcelona,A,D,2025/2026,14,2.7,14,72.73,7,5.64,7.0,6.6,20.0,1.4,45.45,1.53,10,60.0,5.09,5.2,0.8,11.33,1.18,6,2.8,2.03,6.24,11.2,1.76,4.6,2.05,1.0,4.73,6.2,0,1
2023-08-13,SP1,18:30,Villarreal,Betis,A,A,2023/2024,18,2.23,17,42.11,5,5.63,5.47,4.0,100.0,1.0,73.68,1.78,13,100.0,6.54,4.0,1.0,11.32,1.89,5,2.0,1.92,4.78,13.0,1.98,9.0,1.98,2.0,6.05,9.0,1,1
2023-08-27,SP1,20:30,Ath Bilbao,Betis,H,H,2023/2024,14,1.78,11,42.11,6,5.63,5.47,3.5,50.0,2.5,57.89,2.29,23,100.0,5.98,4.0,2.0,10.63,2.21,3,2.0,2.0,4.65,9.5,1.92,6.0,1.97,2.0,5.95,7.0,1,0
2023-09-16,SP1,20:00,Barcelona,Betis,H,H,2023/2024,17,2.93,10,42.11,9,5.63,5.47,4.0,50.0,3.33,57.89,1.55,9,100.0,7.12,3.5,3.5,11.6,2.26,2,1.33,1.88,4.48,13.5,2.03,9.5,2.15,0.0,7.26,7.67,1,1
2023-09-28,SP1,18:00,Granada,Betis,D,D,2023/2024,19,1.95,10,42.11,7,5.63,5.47,4.75,50.0,2.75,47.37,2.0,14,75.0,5.04,5.25,1.5,10.35,1.26,3,1.25,2.08,5.31,9.5,1.83,4.75,1.96,2.25,4.47,7.0,0,1
2023-10-08,SP1,17:30,Alaves,Betis,D,D,2023/2024,15,1.75,9,42.11,5,5.63,5.47,4.4,20.0,2.4,26.32,2.35,13,60.0,5.5,3.0,1.2,10.31,1.21,2,1.2,1.88,4.81,7.8,2.01,3.4,2.19,1.6,5.63,6.6,0,0
2023-10-21,SP1,15:15,Getafe,Betis,D,D,2023/2024,14,1.65,11,42.11,4,5.63,5.47,5.2,20.0,2.4,31.58,2.47,17,40.0,4.72,4.8,1.0,9.76,1.05,3,1.0,1.87,5.04,9.8,2.08,4.6,1.92,0.6,4.16,5.6,0,1
2023-11-12,SP1,17:30,Sevilla,Betis,D,D,2023/2024,13,2.03,14,42.11,4,5.63,5.47,5.6,40.0,1.8,57.89,1.99,18,20.0,5.82,4.0,2.0,10.93,1.42,6,0.8,2.08,5.11,13.8,1.83,8.2,2.05,1.0,5.37,6.4,0,1
2023-12-03,SP1,15:15,Almeria,Betis,D,D,2023/2024,20,2.28,8,42.11,8,5.63,5.47,5.8,80.0,0.8,68.42,1.82,12,0.0,4.97,4.2,1.4,10.1,1.16,2,0.8,1.94,5.13,10.0,1.96,4.2,2.09,2.0,4.74,5.4,0,0
2023-12-17,SP1,15:15,Sociedad,Betis,D,D,2023/2024,12,2.03,12,42.11,4,5.63,5.47,5.8,40.0,0.6,31.58,2.06,12,0.0,5.5,5.2,1.2,10.49,1.37,3,0.6,2.01,4.99,10.2,1.9,4.4,1.94,0.4,5.74,5.0,0,0
2024-01-03,SP1,18:15,Celta,Betis,H,D,2023/2024,19,1.85,12,42.11,6,5.63,5.47,6.6,40.0,0.8,42.11,2.24,10,20.0,5.91,4.0,1.0,10.82,1.11,3,0.6,1.85,4.91,14.2,2.07,7.6,2.07,1.2,5.79,5.6,1,1
2024-01-27,SP1,20:00,Mallorca,Betis,A,A,2023/2024,14,1.59,6,42.11,1,5.63,5.47,5.8,20.0,0.6,26.32,2.56,14,20.0,5.89,4.2,1.0,10.78,0.89,2,0.6,1.9,4.89,11.8,2.02,6.0,2.15,0.8,6.0,5.8,0,0
2024-02-09,SP1,20:00,Cadiz,Betis,A,A,2023/2024,14,1.53,10,42.11,5,5.63,5.47,5.4,20.0,0.4,26.32,2.74,12,20.0,4.97,4.2,0.4,9.73,0.84,5,0.8,1.86,4.76,10.0,2.09,4.6,1.86,1.4,4.74,5.0,0,0
2024-03-03,SP1,15:15,Ath Madrid,Betis,H,H,2023/2024,17,2.14,12,42.11,12,5.63,5.47,5.4,60.0,0.8,78.95,1.87,9,40.0,4.64,5.6,2.4,10.14,2.21,6,1.0,1.93,5.5,9.6,1.93,4.2,2.07,0.4,4.21,5.0,1,0
2024-03-17,SP1,17:30,Vallecano,Betis,H,H,2023/2024,8,1.62,16,42.11,4,5.63,5.47,5.6,20.0,1.2,36.84,2.5,22,40.0,5.71,5.4,1.0,10.69,0.95,1,1.0,1.8,4.98,11.6,2.11,6.0,1.81,1.2,5.79,5.2,0,1
2024-03-31,SP1,15:15,Girona,Betis,H,D,2023/2024,9,2.35,14,42.11,5,5.63,5.47,5.0,60.0,1.4,68.42,1.71,13,40.0,4.62,4.4,2.6,9.54,2.79,4,1.2,1.92,4.92,8.8,1.98,3.8,2.0,0.6,4.32,4.6,1,0
2024-04-20,SP1,17:30,Valencia,Betis,A,A,2023/2024,8,1.58,10,42.11,5,5.63,5.47,5.4,40.0,1.6,36.84,2.74,18,60.0,4.65,3.6,0.8,9.65,1.05,6,1.4,2.04,5.0,10.2,1.87,4.8,2.07,0.8,4.11,5.0,1,1
2024-05-05,SP1,13:00,Osasuna,Betis,A,A,2023/2024,12,1.67,13,42.11,2,5.63,5.47,5.8,20.0,1.6,26.32,2.41,13,60.0,5.35,4.4,1.0,10.42,1.0,4,1.4,2.06,5.07,11.2,1.82,5.4,2.03,1.4,5.16,5.6,0,1
2024-05-16,SP1,18:30,Las Palmas,Betis,D,D,2023/2024,16,1.79,12,42.11,9,5.63,5.47,6.2,20.0,1.6,31.58,2.23,9,60.0,5.48,3.6,0.4,10.75,1.05,4,1.6,1.97,5.27,13.2,1.92,7.0,2.09,1.8,5.11,5.6,1,1
2024-05-25,SP1,20:00,Real Madrid,Betis,D,D,2023/2024,13,3.75,11,42.11,5,5.63,5.47,5.6,60.0,1.2,57.89,1.36,8,60.0,5.63,5.0,2.6,10.49,2.53,3,1.6,1.93,4.86,9.8,2.0,4.2,2.09,0.4,5.89,5.6,0,0
2024-08-25,SP1,18:15,Alaves,Betis,D,D,2024/2025,3,1.52,13,52.63,1,4.68,4.95,8.0,0.0,0.0,15.79,2.89,16,0.0,4.95,8.0,0.0,10.46,0.74,3,0.0,1.89,5.51,11.0,2.02,3.0,1.83,0.0,5.79,3.0,0,1
2024-09-01,SP1,20:30,Real Madrid,Betis,H,D,2024/2025,20,2.75,16,52.63,8,4.68,4.95,5.5,50.0,1.0,63.16,1.61,8,0.0,6.9,4.0,2.5,11.47,2.37,2,0.0,1.88,4.57,11.5,2.02,6.0,1.96,0.0,8.42,5.0,0,0
2024-09-26,SP1,18:00,Las Palmas,Betis,D,D,2024/2025,8,1.89,10,52.63,2,4.68,4.95,5.0,50.0,1.0,47.37,2.07,21,0.0,4.85,4.0,1.5,9.45,1.11,5,0.33,2.09,4.6,9.5,1.79,4.5,1.87,1.75,5.21,3.67,0,0
2024-10-06,SP1,17:30,Sevilla,Betis,H,D,2024/2025,14,1.76,15,52.63,5,4.68,4.95,4.0,40.0,1.0,26.32,2.25,15,0.0,4.95,3.2,1.0,9.38,0.89,3,0.25,2.19,4.43,9.4,1.77,5.4,2.0,1.0,5.21,3.75,0,0
2024-10-19,SP1,15:15,Osasuna,Betis,A,A,2024/2025,19,1.66,8,52.63,6,4.68,4.95,3.6,80.0,1.0,57.89,2.4,12,20.0,4.92,4.2,2.2,9.42,1.74,7,0.6,2.07,4.5,9.2,1.85,5.6,1.87,1.4,4.89,5.0,1,1
2024-11-03,SP1,20:00,Ath Bilbao,Betis,D,D,2024/2025,17,1.83,8,52.63,8,4.68,4.95,2.4,40.0,1.2,36.84,2.23,9,20.0,5.02,4.4,1.8,9.29,1.68,4,0.8,1.97,4.27,6.4,1.94,4.0,2.04,1.0,5.26,5.6,0,0
2024-11-23,SP1,13:00,Valencia,Betis,H,D,2024/2025,11,1.59,16,52.63,5,4.68,4.95,2.6,40.0,1.6,47.37,2.66,10,40.0,5.68,3.6,1.8,10.02,1.37,3,1.2,1.87,4.34,11.0,2.06,8.4,1.81,1.2,5.84,4.6,1,0
2024-12-01,SP1,20:00,Sociedad,Betis,H,H,2024/2025,2,1.74,10,52.63,1,4.68,4.95,2.6,20.0,1.8,42.11,2.36,28,40.0,5.96,3.8,1.4,10.26,1.05,2,1.0,1.85,4.3,9.0,2.04,6.4,2.04,0.6,6.74,4.4,0,0
2024-12-15,SP1,17:30,Villarreal,Betis,A,A,2024/2025,17,2.35,10,52.63,4,4.68,4.95,3.4,80.0,1.8,73.68,1.75,19,60.0,4.94,3.8,2.0,9.57,2.26,4,1.4,1.91,4.63,7.6,1.98,4.2,2.0,1.2,5.26,4.6,1,0
2025-01-11,SP1,15:15,Valladolid,Betis,H,D,2024/2025,12,1.83,10,52.63,1,4.68,4.95,4.6,40.0,1.8,47.37,2.15,21,40.0,4.07,6.2,0.8,9.25,0.58,3,1.0,1.91,5.18,7.4,1.99,2.8,2.04,1.6,4.26,2.8,0,0
2025-01-25,SP1,13:00,Mallorca,Betis,A,D,2024/2025,16,1.52,18,52.63,3,4.68,4.95,5.0,60.0,1.6,47.37,2.81,12,40.0,4.32,4.2,1.0,9.42,1.05,3,1.0,1.94,5.1,8.6,1.93,3.6,2.16,1.8,4.63,2.4,0,0
2025-02-08,SP1,13:00,Celta,Betis,H,A,2024/2025,14,1.95,11,52.63,6,4.68,4.95,5.6,60.0,1.4,57.89,2.03,11,40.0,4.34,4.4,2.0,9.02,1.68,5,1.0,1.91,4.68,9.6,1.98,4.0,2.07,1.2,4.53,2.8,1,1
2025-02-23,SP1,17:30,Getafe,Betis,A,A,2024/2025,10,1.43,20,52.63,4,4.68,4.95,5.8,20.0,1.2,26.32,3.2,17,60.0,3.81,4.6,0.6,8.36,0.79,6,1.4,2.08,4.55,9.0,1.82,3.2,1.91,0.8,3.63,3.2,1,0
2025-03-16,SP1,13:00,Leganes,Betis,A,H,2024/2025,10,1.71,5,52.63,4,4.68,4.95,6.2,40.0,1.4,47.37,2.35,16,60.0,3.16,6.6,1.4,8.55,1.21,6,1.6,2.1,5.39,8.6,1.79,2.4,2.1,1.4,2.68,2.8,1,0
2025-04-05,SP1,20:00,Barcelona,Betis,D,D,2024/2025,13,3.56,12,52.63,5,4.68,4.95,5.2,60.0,1.4,68.42,1.37,16,60.0,7.16,2.8,2.6,11.4,2.74,2,1.8,1.93,4.24,13.8,1.96,8.6,2.06,0.4,8.53,4.4,0,1
2025-04-21,SP1,20:00,Girona,Betis,A,A,2024/2025,11,2.06,11,52.63,5,4.68,4.95,6.2,60.0,1.6,68.42,1.9,13,80.0,5.17,4.6,1.0,9.85,1.42,9,2.2,1.85,4.68,11.2,2.07,5.0,2.05,1.8,5.42,5.2,1,1
2025-05-04,SP1,17:30,Espanol,Betis,A,H,2024/2025,11,1.86,10,52.63,5,4.68,4.95,6.2,20.0,1.2,36.84,2.13,16,80.0,4.28,6.8,1.0,9.66,1.21,10,2.2,2.04,5.38,10.0,1.83,3.8,2.09,1.0,4.05,5.0,1,0
2025-05-15,SP1,18:00,Vallecano,Betis,D,H,2024/2025,20,1.96,18,52.63,6,4.68,4.95,6.6,60.0,1.4,52.63,2.0,8,80.0,5.67,4.0,1.2,10.43,1.26,3,2.2,2.17,4.76,13.4,1.76,6.8,2.01,1.8,5.74,6.6,1,1
2025-05-18,SP1,18:00,Ath Madrid,Betis,H,H,2024/2025,20,2.43,9,52.63,11,4.68,4.95,6.0,100.0,1.8,52.63,1.68,12,80.0,5.66,3.4,3.4,10.18,2.21,7,1.8,1.95,4.52,11.4,1.93,5.4,2.08,1.4,5.84,7.4,1,1
2025-08-18,SP1,20:00,Elche,Betis,D,A,2025/2026,6,1.73,13,40.0,2,6.1,4.9,3.0,0.0,1.0,54.55,2.25,14,0.0,3.97,3.0,1.0,8.15,1.73,4,1.0,1.88,4.18,4.0,1.88,1.0,2.0,1.0,4.09,1.0,0,0
2025-08-27,SP1,20:00,Celta,Betis,D,A,2025/2026,14,2.11,11,40.0,5,6.1,4.9,3.5,0.0,1.0,27.27,1.79,13,0.0,5.58,3.5,0.5,10.14,1.45,2,1.0,1.94,4.56,13.0,1.84,9.5,1.85,1.5,4.64,5.5,0,1
2025-09-14,SP1,15:15,Levante,Betis,D,H,2025/2026,5,2.15,11,40.0,2,6.1,4.9,6.33,100.0,1.33,62.5,1.78,16,33.33,4.63,11.5,2.0,10.76,1.0,9,1.33,2.0,6.13,8.33,1.86,2.0,2.06,2.5,4.38,5.0,1,1
2025-10-05,SP1,17:30,Espanol,Betis,A,H,2025/2026,14,1.97,4,40.0,5,6.1,4.9,6.0,80.0,1.25,45.45,1.95,16,50.0,5.23,4.6,1.8,10.19,1.18,3,1.5,1.95,4.96,10.8,1.86,4.8,2.0,1.4,4.73,6.25,1,1
2025-10-18,SP1,17:30,Villarreal,Betis,D,H,2025/2026,7,2.55,10,40.0,3,6.1,4.9,6.0,60.0,1.4,60.0,1.55,13,60.0,5.76,2.6,2.4,10.27,2.3,3,1.6,1.98,4.51,13.2,1.84,7.2,2.07,0.6,5.3,6.0,1,1
2025-11-09,SP1,17:30,Valencia,Betis,D,D,2025/2026,17,1.91,10,40.0,4,6.1,4.9,5.8,40.0,1.4,20.0,1.95,13,60.0,6.68,4.6,1.4,11.44,1.2,2,1.6,1.95,4.76,12.2,1.87,6.4,1.82,1.0,6.9,7.2,0,0
2025-11-30,SP1,15:15,Sevilla,Betis,A,D,2025/2026,9,1.8,22,40.0,3,6.1,4.9,5.8,60.0,1.2,70.0,2.05,14,60.0,5.68,4.2,1.4,10.15,1.4,4,1.8,22.0,4.47,11.8,1.78,6.0,2.05,1.6,5.3,6.4,0,0
2025-12-15,SP1,20:00,Vallecano,Betis,D,D,2025/2026,23,1.85,7,40.0,7,6.1,4.9,4.0,0.0,0.8,11.11,2.2,10,40.0,7.06,5.0,0.4,11.85,0.78,6,1.4,1.98,4.79,12.4,1.82,8.4,2.05,0.4,7.22,7.2,0,1
2026-01-04,SP1,15:15,Real Madrid,Betis,H,H,2025/2026,19,2.6,12,40.0,9,6.1,4.9,4.6,60.0,1.6,50.0,1.57,10,40.0,6.53,3.8,2.6,10.74,2.3,5,1.2,1.85,4.21,12.2,1.94,7.6,2.12,0.8,6.6,6.2,1,1
2026-01-10,SP1,13:00,Oviedo,Betis,D,D,2025/2026,13,1.83,8,40.0,3,6.1,4.9,3.8,0.0,1.4,20.0,2.12,15,20.0,5.19,3.6,0.2,9.97,0.3,6,1.0,1.93,4.78,9.0,1.88,5.2,2.0,0.2,4.6,6.2,0,0
2023-08-20,SP1,18:30,Barcelona,Cadiz,H,D,2023/2024,23,2.45,22,26.32,10,6.0,4.26,2.0,0.0,2.0,57.89,1.74,9,0.0,7.49,2.0,2.0,10.96,2.26,1,0.0,2.08,3.47,12.0,1.83,10.0,1.92,0.0,7.26,10.0,0,1
2023-09-16,SP1,13:00,Ath Bilbao,Cadiz,H,D,2023/2024,20,1.76,20,26.32,9,6.0,4.26,3.0,66.67,2.5,57.89,2.36,10,50.0,6.09,4.0,2.33,10.03,2.21,4,0.0,1.95,3.94,8.67,1.95,5.67,1.87,1.33,5.95,7.5,1,0
2023-09-24,SP1,17:30,Betis,Cadiz,D,A,2023/2024,21,1.81,14,26.32,7,6.0,4.26,4.67,0.0,2.0,36.84,2.25,10,33.33,6.17,6.0,0.67,10.71,1.42,1,0.33,2.06,4.54,9.67,1.85,5.0,1.92,0.33,6.0,8.67,0,1
2023-10-01,SP1,20:00,Ath Madrid,Cadiz,H,A,2023/2024,18,2.25,10,26.32,9,6.0,4.26,4.25,100.0,2.25,78.95,1.86,5,50.0,5.06,5.67,3.0,9.79,2.21,4,0.75,1.87,4.73,8.92,2.03,4.67,1.91,1.33,4.21,7.75,1,0
2023-10-23,SP1,20:00,Valencia,Cadiz,H,H,2023/2024,12,1.69,16,26.32,4,6.0,4.26,4.6,40.0,2.2,36.84,2.4,16,40.0,4.88,4.6,1.4,9.24,1.05,4,0.6,1.9,4.36,8.8,2.0,4.2,2.05,0.6,4.11,7.0,0,0
2023-11-06,SP1,20:00,Getafe,Cadiz,H,D,2023/2024,13,1.5,12,26.32,3,6.0,4.26,4.8,20.0,2.0,31.58,2.82,18,40.0,4.93,4.6,1.2,9.24,1.05,2,0.6,1.98,4.31,10.0,1.92,5.2,1.95,0.6,4.16,6.2,0,0
2023-11-29,SP1,20:00,Mallorca,Cadiz,D,D,2023/2024,16,1.58,18,26.32,3,6.0,4.26,4.0,20.0,1.6,26.32,2.66,14,20.0,6.02,3.2,0.8,9.97,0.89,3,0.8,1.94,3.95,9.6,1.96,5.6,2.06,0.8,6.0,6.6,0,0
2023-12-04,SP1,20:00,Celta,Cadiz,D,A,2023/2024,26,1.99,18,26.32,7,6.0,4.26,2.6,40.0,1.6,42.11,2.12,14,20.0,6.12,4.2,1.0,9.99,1.11,1,0.8,1.85,3.87,10.2,2.05,7.6,2.0,1.6,5.79,6.8,0,1
2023-12-17,SP1,17:30,Las Palmas,Cadiz,D,H,2023/2024,7,1.63,12,26.32,2,6.0,4.26,3.2,40.0,1.2,31.58,2.57,9,0.0,5.47,4.8,1.4,9.89,1.05,5,0.6,1.98,4.42,8.2,1.94,5.0,1.94,0.8,5.11,6.6,0,0
2024-01-03,SP1,16:00,Granada,Cadiz,H,H,2023/2024,15,1.62,16,26.32,8,6.0,4.26,3.2,40.0,1.2,47.37,2.73,17,0.0,5.02,4.8,1.2,9.47,1.26,2,0.6,1.99,4.45,7.0,1.91,3.8,2.04,1.6,4.47,6.8,0,1
2024-01-19,SP1,20:00,Alaves,Cadiz,H,D,2023/2024,13,1.55,18,26.32,3,6.0,4.26,3.4,20.0,1.2,26.32,2.69,15,0.0,5.98,3.6,1.0,10.09,1.21,1,0.6,1.97,4.11,10.8,1.94,7.4,2.11,0.6,5.63,6.4,0,0
2024-02-04,SP1,13:00,Villarreal,Cadiz,D,D,2023/2024,19,2.13,14,26.32,4,6.0,4.26,3.8,60.0,1.0,73.68,1.89,14,0.0,6.15,4.4,1.4,10.29,1.89,2,0.4,2.08,4.14,9.4,1.82,5.6,1.88,1.4,6.05,7.6,0,1
2024-02-17,SP1,15:15,Osasuna,Cadiz,H,D,2023/2024,11,1.53,12,26.32,4,6.0,4.26,4.4,40.0,1.2,26.32,2.72,20,0.0,5.54,2.8,1.4,9.64,1.0,1,0.2,1.88,4.1,10.2,2.04,5.8,2.16,1.0,5.16,6.2,0,0
2024-03-02,SP1,15:15,Vallecano,Cadiz,D,D,2023/2024,9,1.62,17,26.32,5,6.0,4.26,5.0,20.0,1.2,36.84,2.51,14,0.0,5.98,4.0,0.6,10.09,0.95,5,0.2,1.83,4.11,11.8,2.07,6.8,1.92,1.4,5.79,6.2,0,1
2024-03-15,SP1,20:00,Sociedad,Cadiz,H,H,2023/2024,14,1.65,6,26.32,6,6.0,4.26,4.2,20.0,1.2,31.58,2.53,15,0.0,6.06,2.8,0.8,9.99,1.37,2,0.2,2.11,3.93,11.4,1.85,7.2,1.85,1.0,5.74,6.8,0,0
2024-04-20,SP1,20:00,Girona,Cadiz,H,H,2023/2024,10,2.33,14,26.32,5,6.0,4.26,4.2,60.0,1.8,68.42,1.82,11,20.0,4.86,4.2,2.4,9.02,2.79,5,0.4,1.98,4.16,7.6,1.92,3.4,2.0,0.6,4.32,6.4,1,0
2024-05-04,SP1,15:15,Real Madrid,Cadiz,H,D,2023/2024,19,2.0,12,26.32,9,6.0,4.26,4.6,60.0,2.4,57.89,1.94,6,40.0,5.9,4.4,2.6,9.93,2.53,2,0.4,1.9,4.03,11.0,2.0,6.4,2.06,0.4,5.89,5.2,1,1
2024-05-15,SP1,18:30,Sevilla,Cadiz,A,D,2023/2024,14,1.85,11,26.32,3,6.0,4.26,5.6,80.0,2.0,57.89,2.21,13,40.0,5.19,6.0,1.8,9.84,1.42,7,0.6,2.0,4.65,8.6,1.91,3.0,2.08,1.2,5.37,4.4,0,0
2024-05-25,SP1,17:30,Almeria,Cadiz,H,A,2023/2024,27,2.29,9,26.32,12,6.0,4.26,4.6,80.0,3.0,68.42,1.78,4,60.0,4.99,3.2,1.6,9.23,1.16,4,0.6,2.1,4.24,9.6,1.8,5.0,2.1,2.2,4.74,3.8,1,0
2023-08-19,SP1,16:00,Sociedad,Celta,D,H,2023/2024,11,1.61,12,68.42,2,6.63,3.74,7.0,0.0,1.0,31.58,2.63,12,0.0,6.36,4.0,1.0,10.4,1.37,6,1.0,1.9,4.04,13.5,2.0,6.5,2.06,1.0,5.74,9.0,0,1
2023-09-01,SP1,21:00,Almeria,Celta,A,A,2023/2024,16,1.9,9,68.42,5,6.63,3.74,6.0,66.67,1.5,68.42,2.09,9,50.0,5.61,4.33,1.0,9.82,1.16,8,2.0,2.17,4.21,12.0,1.76,6.0,1.84,2.67,4.74,7.5,1,1
2023-09-23,SP1,17:30,Barcelona,Celta,H,A,2023/2024,15,3.05,11,68.42,6,6.63,3.74,5.0,66.67,2.0,57.89,1.58,10,66.67,6.92,3.33,3.33,10.53,2.26,7,2.0,2.11,3.61,12.0,1.82,7.0,2.04,0.67,7.26,5.67,1,0
2023-10-02,SP1,20:00,Las Palmas,Celta,H,D,2023/2024,16,1.69,14,68.42,5,6.63,3.74,5.0,25.0,2.0,31.58,2.44,13,75.0,5.44,6.25,1.0,9.9,1.05,3,1.75,1.81,4.46,9.5,2.1,4.5,1.9,0.5,5.11,5.25,1,0
2023-10-27,SP1,20:00,Girona,Celta,H,D,2023/2024,12,2.42,12,68.42,2,6.63,3.74,4.2,60.0,1.8,68.42,1.7,15,60.0,5.23,4.2,2.4,9.1,2.79,2,1.4,2.12,3.87,10.0,1.85,5.8,2.12,1.6,4.32,6.2,0,1
2023-11-10,SP1,20:00,Ath Bilbao,Celta,H,D,2023/2024,21,2.25,13,68.42,12,6.63,3.74,3.2,100.0,2.4,57.89,1.81,15,80.0,6.17,3.2,2.8,9.76,2.21,5,1.8,2.15,3.59,9.8,1.84,6.6,2.03,1.4,5.95,5.8,1,0
2023-11-25,SP1,15:15,Valencia,Celta,D,D,2023/2024,8,1.81,7,68.42,0,6.63,3.74,3.6,20.0,2.0,36.84,2.2,13,60.0,4.76,5.4,1.2,8.81,1.05,1,1.2,2.05,4.05,6.4,1.85,2.8,2.06,0.2,4.11,5.6,0,1
2023-12-11,SP1,20:00,Vallecano,Celta,D,D,2023/2024,17,1.81,10,68.42,4,6.63,3.74,3.2,60.0,1.4,36.84,2.2,15,40.0,6.04,2.6,1.2,9.54,0.95,2,0.8,1.87,3.5,8.4,2.08,5.2,2.05,1.4,5.79,6.8,0,0
2023-12-20,SP1,20:30,Villarreal,Celta,H,H,2023/2024,12,2.0,15,68.42,8,6.63,3.74,3.6,80.0,1.6,73.68,2.13,16,40.0,6.24,4.0,1.8,10.03,1.89,5,1.0,1.84,3.79,9.4,2.06,5.8,1.84,2.0,6.05,6.8,1,1
2024-01-13,SP1,15:15,Mallorca,Celta,D,D,2023/2024,17,1.53,18,68.42,6,6.63,3.74,3.6,20.0,1.6,26.32,2.92,18,40.0,6.28,3.4,1.2,9.92,0.89,2,1.2,1.78,3.64,10.0,2.14,6.4,1.94,0.8,6.0,6.8,0,1
2024-02-04,SP1,15:15,Osasuna,Celta,A,A,2023/2024,18,1.53,10,68.42,1,6.63,3.74,3.4,40.0,0.8,26.32,2.78,10,40.0,5.72,3.6,1.2,9.52,1.0,5,1.2,1.93,3.8,8.4,1.98,5.0,2.11,1.2,5.16,7.2,1,0
2024-02-11,SP1,13:00,Getafe,Celta,H,H,2023/2024,11,1.49,13,68.42,4,6.63,3.74,2.8,20.0,1.4,31.58,2.86,16,60.0,4.87,3.2,1.2,8.55,1.05,4,1.6,2.0,3.68,5.8,1.88,3.0,2.09,1.2,4.16,6.2,1,0
2024-02-25,SP1,13:00,Cadiz,Celta,D,A,2023/2024,19,1.5,20,68.42,6,6.63,3.74,2.8,40.0,1.8,26.32,2.82,13,80.0,5.5,3.6,0.6,8.99,0.84,3,2.0,2.18,3.49,8.8,1.74,6.0,2.12,1.6,4.74,6.4,1,0
2024-03-10,SP1,17:30,Real Madrid,Celta,H,H,2023/2024,24,2.55,13,68.42,13,6.63,3.74,1.6,60.0,2.0,57.89,1.61,8,80.0,6.24,3.2,2.6,9.57,2.53,1,1.6,2.06,3.33,7.0,1.85,5.4,2.0,0.6,5.89,8.0,1,1
2024-03-17,SP1,13:00,Sevilla,Celta,A,H,2023/2024,11,2.0,6,68.42,4,6.63,3.74,3.0,60.0,2.0,57.89,2.04,13,100.0,5.55,5.6,1.6,9.61,1.42,5,1.8,1.9,4.06,5.8,2.0,2.8,1.93,1.6,5.37,6.6,1,1
2024-04-12,SP1,20:00,Betis,Celta,H,D,2023/2024,15,1.86,10,68.42,3,6.63,3.74,3.8,60.0,2.4,36.84,2.1,7,100.0,6.18,5.0,1.6,10.25,1.42,5,1.4,1.86,4.07,10.0,2.07,6.2,2.05,1.2,6.0,6.0,1,1
2024-04-27,SP1,17:30,Alaves,Celta,H,D,2023/2024,16,1.69,9,68.42,8,6.63,3.74,3.6,20.0,2.4,26.32,2.42,10,100.0,5.95,6.0,1.4,10.03,1.21,0,1.0,2.07,4.08,8.0,1.86,4.4,2.1,0.4,5.63,7.6,1,1
2024-05-12,SP1,15:15,Ath Madrid,Celta,H,D,2023/2024,21,2.5,9,68.42,8,6.63,3.74,4.8,80.0,2.2,78.95,1.61,7,80.0,5.03,4.2,1.8,9.38,2.21,2,0.6,1.96,4.35,8.8,1.93,4.0,2.05,1.2,4.21,6.6,0,1
2024-05-19,SP1,18:00,Granada,Celta,A,D,2023/2024,11,2.0,12,68.42,3,6.63,3.74,5.0,60.0,1.6,47.37,2.0,15,80.0,5.22,4.4,1.2,9.52,1.26,5,1.0,2.11,4.3,9.8,1.82,4.8,2.12,1.4,4.47,6.2,1,1
2024-08-26,SP1,20:30,Villarreal,Celta,H,A,2024/2025,22,2.5,6,68.42,9,4.53,3.37,4.0,100.0,4.0,73.68,1.63,8,100.0,5.18,3.5,3.0,8.97,2.26,8,3.0,1.91,3.79,8.5,1.97,4.5,2.12,2.5,5.26,7.0,1,1
2024-09-01,SP1,16:00,Osasuna,Celta,H,H,2024/2025,10,1.87,10,68.42,4,4.53,3.37,3.5,33.33,3.5,57.89,2.13,19,100.0,5.04,3.67,1.67,8.61,1.74,3,2.5,1.83,3.57,9.17,2.09,5.67,1.83,1.0,4.89,6.5,1,0
2024-09-22,SP1,15:15,Ath Bilbao,Celta,H,H,2024/2025,10,2.01,11,68.42,7,4.53,3.37,4.33,25.0,3.33,36.84,1.94,16,100.0,4.93,4.25,1.25,8.51,1.68,4,2.0,2.0,3.58,8.08,1.87,3.75,1.9,0.75,5.26,5.33,1,0
2024-10-05,SP1,17:30,Las Palmas,Celta,A,A,2024/2025,24,2.13,13,68.42,5,4.53,3.37,3.75,40.0,2.5,47.37,1.85,9,75.0,5.25,3.6,1.2,8.81,1.11,1,1.75,1.99,3.56,9.55,1.9,5.8,2.07,1.6,5.21,6.75,0,1
2024-10-27,SP1,13:00,Leganes,Celta,H,D,2024/2025,7,1.69,17,68.42,4,4.53,3.37,3.4,40.0,2.6,47.37,2.47,15,80.0,3.49,4.2,1.0,7.49,1.21,5,1.4,2.05,4.0,6.0,1.85,2.6,1.85,0.8,2.68,6.2,1,0
2024-11-10,SP1,13:00,Betis,Celta,D,D,2024/2025,19,1.91,8,68.42,6,4.53,3.37,2.6,60.0,2.2,57.89,2.11,12,80.0,5.17,4.2,1.4,8.66,1.68,2,1.2,1.89,3.49,8.0,2.0,5.4,2.05,1.0,5.42,5.2,1,0
2024-11-30,SP1,17:30,Espanol,Celta,H,H,2024/2025,9,1.76,7,68.42,5,4.53,3.37,3.0,80.0,2.2,36.84,2.26,13,80.0,4.26,3.8,1.8,8.15,1.21,2,1.0,1.98,3.89,7.6,1.91,4.6,1.93,1.6,4.05,4.4,1,0
2024-12-14,SP1,17:30,Sevilla,Celta,H,D,2024/2025,8,1.75,9,68.42,3,4.53,3.37,2.6,0.0,1.8,26.32,2.28,12,60.0,4.94,3.6,0.8,8.4,0.89,2,0.8,1.96,3.46,7.6,1.93,5.0,2.13,0.6,5.21,4.4,0,0
2025-01-10,SP1,20:00,Vallecano,Celta,H,D,2024/2025,8,1.76,9,68.42,5,4.53,3.37,2.8,80.0,2.2,52.63,2.25,18,80.0,5.09,3.8,1.6,8.58,1.26,7,0.8,1.94,3.49,8.0,1.96,5.2,1.89,1.8,5.74,2.8,1,0
2025-01-27,SP1,20:00,Alaves,Celta,D,H,2024/2025,3,1.73,14,68.42,1,4.53,3.37,3.2,0.0,1.8,15.79,2.35,15,60.0,5.2,4.2,0.8,8.98,0.74,2,1.0,2.03,3.78,9.4,1.87,6.2,1.98,0.8,5.79,2.6,0,0
2025-02-02,SP1,15:15,Valencia,Celta,H,H,2024/2025,8,1.67,17,68.42,5,4.53,3.37,3.6,60.0,1.8,47.37,2.39,9,60.0,5.16,4.4,1.2,8.81,1.37,2,0.8,1.88,3.65,8.6,1.99,5.0,1.98,1.2,5.84,3.2,1,0
2025-02-15,SP1,17:30,Ath Madrid,Celta,D,D,2024/2025,9,2.13,18,68.42,3,4.53,3.37,4.0,0.0,1.4,52.63,1.85,8,40.0,5.24,4.0,1.2,8.75,2.21,4,0.8,1.92,3.51,9.8,1.95,5.8,2.0,0.4,5.84,3.2,0,0
2025-03-01,SP1,13:00,Girona,Celta,D,D,2024/2025,9,1.92,17,68.42,6,4.53,3.37,3.6,100.0,1.6,68.42,2.1,8,60.0,5.13,2.6,1.8,8.49,1.42,6,1.2,2.02,3.36,10.4,1.87,6.8,2.06,1.4,5.42,3.4,1,0
2025-03-15,SP1,13:00,Valladolid,Celta,A,D,2024/2025,5,2.01,15,68.42,2,4.53,3.37,3.8,40.0,1.2,47.37,1.98,9,40.0,4.24,5.0,0.4,8.36,0.58,1,1.2,1.93,4.12,8.0,1.96,4.2,2.03,1.8,4.26,3.4,0,0
2025-04-05,SP1,17:30,Mallorca,Celta,A,H,2024/2025,7,1.67,11,68.42,2,4.53,3.37,3.4,60.0,1.2,47.37,2.36,9,60.0,4.5,5.8,1.6,8.73,1.05,4,1.4,2.03,4.23,8.0,1.87,4.6,1.95,1.2,4.63,3.6,1,0
2025-04-19,SP1,15:15,Barcelona,Celta,H,D,2024/2025,18,3.95,13,68.42,6,4.53,3.37,3.2,80.0,1.6,68.42,1.32,10,60.0,7.02,2.0,3.2,10.12,2.74,8,1.8,1.88,3.1,11.8,2.0,8.6,1.91,1.0,8.53,3.4,1,0
2025-05-04,SP1,13:00,Real Madrid,Celta,H,H,2024/2025,17,3.4,11,68.42,6,4.53,3.37,3.0,80.0,2.0,63.16,1.38,5,80.0,6.92,4.0,2.0,10.37,2.37,7,2.0,1.96,3.45,10.8,1.96,7.8,1.9,1.4,8.42,3.8,1,0
2025-05-13,SP1,19:00,Sociedad,Celta,A,A,2024/2025,15,1.98,11,68.42,5,4.53,3.37,2.8,20.0,1.6,42.11,1.99,18,60.0,6.18,3.0,0.4,9.55,1.05,2,1.8,1.87,3.37,10.4,2.01,7.6,1.95,1.0,6.74,5.8,0,1
2025-05-24,SP1,20:00,Getafe,Celta,A,D,2024/2025,6,1.87,10,68.42,1,4.53,3.37,3.2,60.0,1.8,26.32,2.13,13,80.0,3.97,3.6,0.6,7.29,0.79,8,2.0,1.89,3.32,6.0,1.99,2.8,2.02,2.0,3.63,5.6,1,0
2025-08-23,SP1,16:00,Mallorca,Celta,D,A,2025/2026,12,1.73,12,33.33,4,5.22,2.89,4.0,50.0,1.0,50.0,2.28,12,0.0,3.44,5.0,0.5,7.53,1.4,2,1.0,1.78,4.09,7.0,2.02,3.0,2.05,2.0,2.8,3.0,0,0
2025-09-21,SP1,13:00,Vallecano,Celta,D,D,2025/2026,15,1.85,10,33.33,5,5.22,2.89,5.5,0.0,1.0,11.11,2.05,8,0.0,6.38,5.5,1.0,10.26,0.78,5,1.0,1.88,3.88,12.5,1.95,7.0,1.87,1.0,7.22,4.0,0,1
2025-09-28,SP1,15:15,Elche,Celta,H,D,2025/2026,17,1.77,20,33.33,8,5.22,2.89,4.33,25.0,1.33,54.55,2.15,12,33.33,4.43,2.5,1.5,7.59,1.73,2,1.0,1.85,3.16,8.08,1.94,3.75,1.85,0.5,4.09,5.0,1,0
2025-10-26,SP1,17:30,Osasuna,Celta,A,H,2025/2026,17,1.73,13,33.33,7,5.22,2.89,3.75,40.0,1.5,50.0,2.2,10,50.0,4.0,4.2,1.6,7.43,1.8,5,1.5,1.83,3.43,6.75,1.98,3.0,1.83,1.0,3.4,5.25,1,0
2025-11-02,SP1,13:00,Levante,Celta,A,A,2025/2026,9,2.3,12,33.33,3,5.22,2.89,3.8,100.0,1.4,62.5,1.86,10,60.0,4.61,7.6,1.2,8.99,1.0,6,1.6,1.78,4.38,7.8,2.03,4.0,2.03,2.8,4.38,5.0,1,0
2025-11-22,SP1,13:00,Alaves,Celta,A,D,2025/2026,5,1.62,15,33.33,2,5.22,2.89,3.4,60.0,1.2,50.0,2.4,21,60.0,5.56,3.2,1.2,8.93,1.2,4,1.6,2.05,3.37,9.4,1.75,6.0,2.0,1.0,5.7,5.2,0,0
2025-12-07,SP1,20:00,Real Madrid,Celta,A,D,2025/2026,23,3.2,12,33.33,7,5.22,2.89,2.2,60.0,1.0,50.0,1.4,6,60.0,6.24,1.8,2.2,8.9,2.3,5,1.8,1.85,2.66,9.4,1.96,7.2,2.0,0.8,6.6,5.8,0,0
2025-12-20,SP1,13:00,Oviedo,Celta,D,D,2025/2026,10,1.6,7,33.33,3,5.22,2.89,2.4,0.0,0.6,20.0,2.5,14,40.0,4.83,4.2,0.0,8.43,0.3,2,1.6,2.05,3.6,7.2,1.74,4.8,1.9,0.4,4.6,5.2,0,0
2026-01-12,SP1,20:00,Sevilla,Celta,A,D,2025/2026,7,1.65,16,33.33,2,5.22,2.89,2.2,40.0,0.2,70.0,2.4,16,20.0,5.28,3.0,1.0,8.16,1.4,7,1.2,1.98,2.88,7.6,1.83,5.4,1.98,1.2,5.3,5.2,0,0
2025-08-23,SP1,18:30,Ath Madrid,Elche,D,D,2025/2026,13,2.25,7,44.44,6,5.56,3.11,2.0,0.0,1.0,50.0,1.8,14,0.0,8.07,2.0,1.0,11.13,2.3,2,1.0,1.85,3.06,12.0,1.96,10.0,2.03,1.0,8.5,10.0,0,1
2025-09-12,SP1,20:00,Sevilla,Elche,D,H,2025/2026,7,1.64,19,44.44,3,5.56,3.11,2.0,100.0,1.5,70.0,2.3,23,50.0,5.25,2.5,1.5,8.19,1.4,2,1.5,2.0,2.94,5.5,1.83,3.5,2.0,2.0,5.3,6.0,1,0
2025-09-25,SP1,18:30,Osasuna,Elche,D,H,2025/2026,9,1.62,13,44.44,2,5.56,3.11,2.33,0.0,1.33,50.0,2.4,19,33.33,3.99,4.33,1.33,7.42,1.8,4,1.33,1.85,3.43,5.0,1.95,2.67,2.0,0.33,3.4,4.67,0,0
2025-10-05,SP1,13:00,Alaves,Elche,H,D,2025/2026,25,1.46,9,44.44,5,5.56,3.11,2.75,75.0,1.75,50.0,2.85,13,50.0,5.95,3.75,1.75,9.44,1.2,3,1.25,1.88,3.49,10.0,1.96,7.25,2.0,1.25,5.7,7.0,1,1
2025-10-25,SP1,15:15,Espanol,Elche,H,D,2025/2026,16,1.73,15,44.44,7,5.56,3.11,2.6,60.0,1.6,45.45,2.15,14,40.0,5.17,4.4,1.6,8.79,1.18,4,1.0,1.88,3.62,8.0,1.94,5.4,1.88,1.2,4.73,6.4,0,0
2025-11-02,SP1,17:30,Barcelona,Elche,H,H,2025/2026,17,3.75,16,44.44,5,5.56,3.11,2.8,100.0,2.0,88.89,1.3,12,60.0,6.72,3.0,3.2,9.87,3.11,3,1.0,2.0,3.15,10.2,1.88,7.4,2.12,0.6,7.33,5.6,1,0
2025-11-28,SP1,20:00,Getafe,Elche,H,D,2025/2026,15,1.5,11,44.44,6,5.56,3.11,3.4,20.0,1.8,20.0,2.88,18,40.0,5.04,4.2,0.8,8.56,0.8,4,0.6,22.0,3.52,8.2,1.83,4.8,1.94,0.8,4.7,5.8,0,0
2025-12-13,SP1,15:15,Mallorca,Elche,H,D,2025/2026,15,1.6,13,44.44,8,5.56,3.11,3.0,40.0,2.2,50.0,2.5,13,60.0,3.75,7.0,1.6,8.06,1.4,0,0.6,1.81,4.31,5.6,2.01,2.6,1.78,0.8,2.8,5.6,1,0
2026-01-10,SP1,20:00,Valencia,Elche,D,D,2025/2026,16,1.67,14,44.44,4,5.56,3.11,3.4,0.0,1.8,20.0,2.3,14,40.0,6.35,2.6,1.0,9.69,1.2,1,0.6,1.98,3.34,10.6,1.83,7.2,1.85,0.8,6.9,4.4,0,1
2024-08-19,SP1,18:00,Valladolid,Espanol,H,H,2024/2025,12,1.48,8,42.11,3,6.53,3.53,2.0,0.0,1.0,47.37,2.89,15,0.0,4.58,2.0,1.0,8.3,0.58,2,0.0,1.91,3.72,5.0,1.99,3.0,2.0,0.0,4.26,3.0,0,0
2024-08-28,SP1,20:30,Ath Madrid,Espanol,D,D,2024/2025,24,2.1,9,42.11,7,6.53,3.53,2.5,50.0,0.5,52.63,1.94,6,0.0,5.94,6.0,1.5,9.59,2.21,1,0.0,1.98,3.65,7.5,1.94,5.0,2.11,0.0,5.84,6.0,0,1
2024-09-21,SP1,20:00,Real Madrid,Espanol,H,D,2024/2025,31,3.5,5,42.11,14,6.53,3.53,3.0,66.67,1.67,63.16,1.37,7,33.33,7.66,4.0,3.0,11.2,2.37,2,0.33,1.87,3.54,10.0,2.01,7.0,2.08,0.33,8.42,7.0,1,1
2024-09-29,SP1,17:30,Betis,Espanol,H,D,2024/2025,20,2.0,20,42.11,12,6.53,3.53,3.25,40.0,1.5,57.89,1.99,14,25.0,6.08,3.2,1.4,9.63,1.68,1,0.25,2.08,3.55,10.65,1.82,7.4,2.09,0.8,5.42,7.25,0,1
2024-10-19,SP1,13:00,Ath Bilbao,Espanol,H,H,2024/2025,10,2.0,22,42.11,6,6.53,3.53,3.6,40.0,2.0,36.84,1.99,15,40.0,5.59,4.6,1.8,9.22,1.68,2,0.4,1.84,3.63,7.4,2.06,3.8,1.98,0.8,5.26,6.8,1,0
2024-11-03,SP1,15:15,Barcelona,Espanol,H,H,2024/2025,14,4.25,14,42.11,9,6.53,3.53,4.2,80.0,2.4,68.42,1.27,13,60.0,7.84,4.4,3.6,11.36,2.74,3,0.6,2.14,3.52,11.4,1.85,7.2,1.9,0.6,8.53,8.0,1,1
2024-11-23,SP1,17:30,Girona,Espanol,H,H,2024/2025,12,1.78,19,42.11,5,6.53,3.53,4.2,60.0,3.2,68.42,2.24,4,80.0,5.91,2.8,2.0,9.43,1.42,1,0.8,2.06,3.52,9.8,1.84,5.6,2.1,1.2,5.42,7.4,1,0
2024-12-09,SP1,20:00,Getafe,Espanol,H,H,2024/2025,15,1.44,15,42.11,6,6.53,3.53,4.0,0.0,2.6,26.32,3.21,14,60.0,4.71,2.2,1.0,8.06,0.79,1,0.6,1.82,3.35,8.6,2.09,4.6,2.17,0.6,3.63,6.2,0,0
2024-12-22,SP1,17:30,Las Palmas,Espanol,H,D,2024/2025,10,1.7,16,42.11,4,6.53,3.53,3.6,40.0,2.6,47.37,2.47,9,60.0,5.46,3.0,1.2,9.03,1.11,2,0.6,2.05,3.57,8.2,1.85,4.6,2.14,1.0,5.21,5.0,0,0
2025-01-25,SP1,17:30,Sevilla,Espanol,D,A,2024/2025,25,1.71,14,42.11,4,6.53,3.53,2.8,0.0,2.0,26.32,2.47,13,40.0,5.62,2.0,1.0,9.03,0.89,1,0.6,1.97,3.41,9.0,1.91,6.2,1.9,0.6,5.21,5.0,0,0
2025-02-09,SP1,17:30,Sociedad,Espanol,H,H,2024/2025,13,1.71,17,42.11,3,6.53,3.53,1.8,40.0,1.8,42.11,2.6,11,40.0,6.22,3.8,1.0,9.66,1.05,1,0.6,1.81,3.44,6.2,2.08,4.4,2.24,0.8,6.74,4.4,1,0
2025-02-22,SP1,13:00,Alaves,Espanol,A,D,2024/2025,15,1.45,17,42.11,5,6.53,3.53,1.2,0.0,1.0,15.79,3.0,13,20.0,5.8,2.8,0.4,9.33,0.74,2,0.6,1.84,3.53,6.4,2.06,5.2,2.05,1.0,5.79,4.6,0,0
2025-03-15,SP1,15:15,Mallorca,Espanol,H,D,2024/2025,20,1.58,12,42.11,7,6.53,3.53,1.0,40.0,1.2,47.37,2.62,10,40.0,5.16,6.2,1.4,9.28,1.05,0,0.8,2.08,4.12,5.6,1.82,4.6,2.07,1.0,4.63,5.2,1,0
2025-04-04,SP1,20:00,Vallecano,Espanol,A,A,2024/2025,16,1.59,10,42.11,5,6.53,3.53,1.4,40.0,1.0,52.63,2.51,8,60.0,5.93,4.2,0.8,9.4,1.26,7,1.6,2.01,3.47,6.4,1.9,5.0,2.04,1.6,5.74,6.4,1,1
2025-04-12,SP1,17:30,Celta,Espanol,A,A,2024/2025,16,1.89,10,42.11,6,6.53,3.53,2.2,40.0,0.8,57.89,2.08,14,60.0,5.48,4.6,1.4,9.06,1.68,3,1.8,2.09,3.58,7.8,1.8,5.6,2.08,1.2,4.53,8.0,0,1
2025-04-22,SP1,18:00,Valencia,Espanol,D,A,2024/2025,16,1.71,7,42.11,7,6.53,3.53,3.0,40.0,0.6,47.37,2.35,7,40.0,6.14,3.2,1.0,9.7,1.37,3,1.8,1.91,3.56,8.0,1.99,5.0,1.92,1.0,5.84,8.0,0,0
2025-04-27,SP1,15:15,Villarreal,Espanol,H,D,2024/2025,14,2.53,11,42.11,5,6.53,3.53,4.2,40.0,0.8,73.68,1.61,19,40.0,6.13,4.8,1.0,10.16,2.26,1,1.6,2.05,4.03,12.0,1.92,7.8,2.11,1.0,5.26,8.2,0,1
2025-05-11,SP1,13:00,Leganes,Espanol,H,H,2024/2025,13,1.75,18,42.11,5,6.53,3.53,5.4,40.0,1.0,47.37,2.24,14,40.0,4.23,7.2,1.4,8.81,1.21,6,1.8,1.83,4.58,9.0,2.02,3.6,1.93,1.6,2.68,7.6,1,1
2025-05-18,SP1,18:00,Osasuna,Espanol,H,H,2024/2025,16,1.83,5,42.11,3,6.53,3.53,5.8,40.0,1.4,57.89,2.2,11,20.0,5.52,4.2,1.6,9.46,1.74,6,1.0,2.08,3.94,10.2,1.82,4.4,1.95,0.6,4.89,7.6,0,1
2025-08-24,SP1,18:30,Sociedad,Espanol,D,A,2025/2026,15,1.88,18,33.33,7,4.89,3.78,2.0,100.0,2.0,70.0,2.05,16,100.0,5.85,2.0,2.0,9.4,1.5,3,2.0,2.0,3.55,7.0,1.78,5.0,2.0,2.0,6.6,5.0,1,0
2025-09-20,SP1,15:15,Real Madrid,Espanol,H,H,2025/2026,16,3.3,20,33.33,5,4.89,3.78,2.5,33.33,2.0,50.0,1.38,10,50.0,5.89,2.67,1.67,9.16,2.3,1,1.0,1.98,3.27,7.83,1.88,5.33,1.97,0.33,6.6,5.0,0,0
2025-09-26,SP1,20:00,Girona,Espanol,D,D,2025/2026,12,1.8,11,33.33,3,4.89,3.78,3.0,50.0,1.33,50.0,2.1,9,33.33,5.22,3.75,0.25,8.9,0.9,5,0.67,1.74,3.68,9.5,2.07,6.5,2.03,2.25,5.0,6.0,0,1
2025-10-17,SP1,20:00,Oviedo,Espanol,A,D,2025/2026,13,1.61,8,33.33,4,4.89,3.78,3.5,40.0,1.0,20.0,2.48,9,25.0,4.68,7.2,0.4,9.18,0.3,10,1.0,1.78,4.5,7.5,2.04,4.0,1.88,2.0,4.6,5.25,0,0
2025-11-02,SP1,15:15,Alaves,Espanol,H,H,2025/2026,13,1.62,12,33.33,4,4.89,3.78,4.0,60.0,1.2,50.0,2.4,14,40.0,5.34,4.0,1.4,9.34,1.2,2,1.0,1.85,4.0,9.4,1.99,5.4,1.83,1.0,5.7,4.4,1,0
2025-11-30,SP1,17:30,Celta,Espanol,A,D,2025/2026,11,2.0,15,33.33,4,4.89,3.78,4.2,20.0,0.8,27.27,1.96,12,20.0,4.65,4.8,1.0,8.79,1.45,2,0.8,1.86,4.14,8.8,1.96,4.6,1.95,1.6,4.64,4.2,0,0
2025-12-13,SP1,20:00,Getafe,Espanol,A,D,2025/2026,11,1.33,17,33.33,1,4.89,3.78,4.4,20.0,0.4,20.0,3.5,18,20.0,4.73,4.6,0.6,8.76,0.8,4,1.0,1.75,4.03,9.2,2.07,4.8,2.14,0.8,4.7,4.4,0,0
2025-12-22,SP1,20:00,Ath Bilbao,Espanol,A,D,2025/2026,17,1.65,9,33.33,7,4.89,3.78,4.4,40.0,0.6,40.0,2.32,10,40.0,5.48,5.2,0.6,9.57,1.0,5,1.4,1.86,4.09,9.6,1.96,5.2,1.98,1.2,6.0,4.4,1,1
2026-01-11,SP1,15:15,Levante,Espanol,D,D,2025/2026,8,1.8,9,33.33,2,4.89,3.78,4.0,40.0,0.8,62.5,2.1,10,40.0,4.69,4.6,0.6,9.28,1.0,3,1.2,2.03,4.59,10.0,1.79,6.0,2.0,1.8,4.38,4.6,0,0
2023-08-20,SP1,18:00,Girona,Getafe,H,H,2023/2024,7,1.58,20,52.63,6,5.05,3.42,2.0,100.0,3.0,68.42,2.8,11,100.0,4.24,2.0,3.0,7.49,2.79,2,0.0,1.87,3.25,5.0,2.04,3.0,1.97,0.0,4.32,3.0,1,0
2023-09-02,SP1,15:15,Real Madrid,Getafe,H,A,2023/2024,26,2.0,16,52.63,12,5.05,3.42,1.5,100.0,2.5,57.89,2.14,12,100.0,6.3,1.0,2.0,9.22,2.53,2,0.5,1.92,2.92,12.5,2.01,11.0,2.1,1.0,5.89,7.0,1,1
2023-09-24,SP1,13:00,Sociedad,Getafe,H,A,2023/2024,10,1.53,24,52.63,6,5.05,3.42,1.33,50.0,3.0,31.58,3.17,13,100.0,5.38,3.5,2.75,8.63,1.37,7,1.33,1.89,3.25,5.58,2.01,4.25,2.08,2.0,5.74,5.33,1,0
2023-09-27,SP1,18:00,Ath Bilbao,Getafe,D,H,2023/2024,9,1.75,19,52.63,4,5.05,3.42,2.0,75.0,2.75,57.89,2.58,9,100.0,5.61,4.0,2.25,8.99,2.21,5,1.5,2.09,3.38,7.5,1.82,5.5,2.38,1.5,5.95,5.25,1,0
2023-10-08,SP1,17:30,Celta,Getafe,D,D,2023/2024,26,1.69,20,52.63,11,5.05,3.42,1.8,20.0,2.6,42.11,2.58,14,100.0,5.83,3.4,0.6,9.07,1.11,2,1.6,1.85,3.24,8.8,2.04,7.0,1.9,1.4,5.79,6.8,1,1
2023-10-28,SP1,17:30,Mallorca,Getafe,D,D,2023/2024,15,1.47,25,52.63,4,5.05,3.42,2.0,20.0,2.0,26.32,3.1,10,80.0,5.88,4.2,0.6,9.26,0.89,0,1.6,1.98,3.38,7.4,1.93,5.4,1.98,0.8,6.0,7.8,0,1
2023-11-11,SP1,17:30,Granada,Getafe,D,D,2023/2024,12,1.69,9,52.63,6,5.05,3.42,2.8,60.0,1.8,47.37,2.38,14,60.0,4.68,5.8,1.6,8.72,1.26,6,1.6,2.13,4.04,6.2,1.79,3.4,1.83,2.2,4.47,6.2,0,0
2023-12-01,SP1,20:00,Las Palmas,Getafe,H,H,2023/2024,11,1.44,9,52.63,6,5.05,3.42,3.4,40.0,1.4,31.58,3.1,11,40.0,5.27,5.0,1.4,9.27,1.05,4,1.0,1.91,4.0,8.8,2.02,5.4,1.91,0.6,5.11,6.6,0,0
2023-12-16,SP1,17:30,Sevilla,Getafe,A,A,2023/2024,12,1.67,18,52.63,4,5.05,3.42,3.0,40.0,1.0,57.89,2.52,18,40.0,5.6,3.8,1.0,9.31,1.42,7,1.2,1.96,3.71,10.4,1.96,7.4,1.9,1.6,5.37,6.4,1,0
2023-12-19,SP1,20:30,Ath Madrid,Getafe,D,H,2023/2024,8,2.16,14,52.63,4,5.05,3.42,5.2,80.0,1.2,78.95,1.96,7,40.0,4.4,7.4,2.2,8.94,2.21,9,1.4,1.85,4.54,9.4,2.06,4.2,1.89,1.2,4.21,4.0,1,1
2024-01-21,SP1,13:00,Osasuna,Getafe,H,H,2023/2024,13,1.47,16,52.63,7,5.05,3.42,5.4,20.0,1.8,26.32,3.1,14,60.0,4.84,4.0,1.4,8.7,1.0,7,1.8,2.07,3.86,10.2,1.83,4.8,1.92,0.8,5.16,2.6,1,0
2024-02-04,SP1,17:30,Betis,Getafe,D,D,2023/2024,9,1.67,19,52.63,3,5.05,3.42,5.4,20.0,1.8,36.84,2.41,9,60.0,5.5,4.4,1.2,9.49,1.42,2,1.8,2.0,3.99,12.2,1.91,6.8,1.91,1.4,6.0,2.6,0,0
2024-02-16,SP1,20:00,Villarreal,Getafe,D,A,2023/2024,20,2.01,13,52.63,7,5.05,3.42,5.2,40.0,1.6,73.68,1.99,13,60.0,5.61,4.2,1.0,9.4,1.89,2,2.0,1.92,3.79,12.0,2.0,6.8,1.87,1.4,6.05,3.4,0,1
2024-02-24,SP1,15:15,Barcelona,Getafe,H,H,2023/2024,17,2.36,18,52.63,9,5.05,3.42,6.4,80.0,2.4,57.89,1.78,12,60.0,6.4,3.2,2.8,9.96,2.26,4,1.4,1.97,3.56,14.2,1.92,7.8,1.99,2.0,7.26,3.6,1,1
2024-03-09,SP1,13:00,Valencia,Getafe,H,H,2023/2024,10,1.51,19,52.63,3,5.05,3.42,5.0,40.0,2.0,36.84,2.86,10,40.0,4.32,3.4,1.2,8.13,1.05,5,0.8,1.92,3.81,8.6,1.99,3.6,2.06,0.6,4.11,4.4,0,0
2024-04-13,SP1,15:15,Vallecano,Getafe,D,D,2023/2024,11,1.53,19,52.63,2,5.05,3.42,4.2,20.0,1.4,36.84,2.8,17,20.0,5.35,5.4,1.0,9.06,0.95,0,0.4,2.04,3.71,8.4,1.87,4.2,1.88,0.8,5.79,4.8,0,0
2024-04-27,SP1,15:15,Almeria,Getafe,A,D,2023/2024,21,1.77,31,52.63,11,5.05,3.42,3.6,100.0,1.4,68.42,2.31,15,40.0,4.93,4.0,1.2,8.69,1.16,5,0.8,1.96,3.76,8.2,1.94,4.6,2.13,2.4,4.74,6.0,1,1
2024-05-12,SP1,13:00,Cadiz,Getafe,H,H,2023/2024,13,1.6,16,52.63,6,5.05,3.42,3.4,0.0,1.4,26.32,2.61,23,40.0,4.93,2.0,1.0,8.14,0.84,4,0.6,2.11,3.21,8.4,1.78,5.0,2.16,0.4,4.74,5.6,0,0
2024-05-18,SP1,20:00,Alaves,Getafe,H,H,2023/2024,9,1.72,27,52.63,2,5.05,3.42,2.0,40.0,0.8,26.32,2.33,13,20.0,5.24,5.2,1.6,8.91,1.21,4,0.6,1.85,3.67,5.8,2.05,3.8,1.93,0.6,5.63,5.0,0,0
2024-08-15,SP1,18:00,Ath Bilbao,Getafe,D,H,2024/2025,7,1.59,12,42.11,4,4.58,4.11,6.0,0.0,1.0,36.84,2.66,15,0.0,5.04,6.0,1.0,9.37,1.68,2,1.0,2.12,4.33,11.0,1.9,5.0,1.82,1.0,5.26,5.0,0,1
2024-09-14,SP1,17:30,Sevilla,Getafe,H,H,2024/2025,10,1.54,15,42.11,4,4.58,4.11,5.0,33.33,1.0,26.32,2.81,19,0.0,4.98,3.67,0.67,9.1,0.89,4,0.5,2.02,4.12,10.67,1.87,5.67,2.02,1.33,5.21,4.0,0,0
2024-09-18,SP1,18:00,Betis,Getafe,H,D,2024/2025,18,1.54,20,42.11,8,4.58,4.11,4.67,33.33,1.33,57.89,3.02,10,33.33,5.43,3.0,1.67,9.42,1.68,5,0.67,1.94,3.99,12.34,1.97,7.67,2.04,0.67,5.42,5.33,1,1
2024-09-25,SP1,20:00,Barcelona,Getafe,H,H,2024/2025,16,2.45,14,42.11,4,4.58,4.11,4.75,66.67,1.25,68.42,1.72,4,25.0,7.14,4.0,3.33,11.0,2.74,1,0.5,1.98,3.86,12.08,1.91,7.33,2.13,0.33,8.53,5.75,0,1
2024-10-20,SP1,17:30,Villarreal,Getafe,D,H,2024/2025,10,1.72,21,42.11,4,4.58,4.11,4.8,80.0,1.2,73.68,2.33,18,20.0,5.08,3.4,2.2,9.35,2.26,4,0.6,2.03,4.27,9.6,1.92,4.8,2.09,2.4,5.26,5.6,0,0
2024-11-04,SP1,20:00,Celta,Getafe,H,H,2024/2025,10,1.5,11,42.11,3,4.58,4.11,4.0,40.0,1.2,57.89,3.0,12,20.0,4.44,2.8,1.2,8.34,1.68,2,0.4,1.92,3.9,7.4,1.96,3.4,2.19,1.0,4.53,4.6,0,0
2024-12-01,SP1,15:15,Real Madrid,Getafe,H,H,2024/2025,13,2.2,26,42.11,4,4.58,4.11,3.8,60.0,1.4,63.16,2.01,7,20.0,6.92,3.6,2.2,10.82,2.37,3,0.4,2.04,3.9,10.2,1.85,6.4,1.95,1.2,8.42,5.0,0,0
2024-12-15,SP1,13:00,Ath Madrid,Getafe,H,D,2024/2025,11,1.89,15,42.11,3,4.58,4.11,3.6,60.0,1.2,52.63,2.4,13,0.0,5.56,1.8,2.4,9.22,2.21,1,0.2,1.89,3.66,10.6,1.99,7.0,2.19,1.0,5.84,5.0,0,1
2025-01-12,SP1,13:00,Las Palmas,Getafe,A,D,2024/2025,15,1.41,17,42.11,7,4.58,4.11,3.6,60.0,1.2,47.37,3.2,14,20.0,4.77,3.6,1.4,8.72,1.11,3,0.6,1.81,3.95,6.8,2.06,3.2,1.85,1.2,5.21,4.4,1,0
2025-01-26,SP1,15:15,Sociedad,Getafe,A,D,2024/2025,13,1.4,15,42.11,4,4.58,4.11,3.0,20.0,1.0,42.11,3.55,11,40.0,5.75,5.0,0.8,9.75,1.05,4,1.0,1.86,4.0,7.6,2.02,4.6,1.97,0.6,6.74,4.4,1,0
2025-02-09,SP1,13:00,Alaves,Getafe,A,A,2024/2025,12,1.36,16,42.11,4,4.58,4.11,3.2,0.0,0.8,15.79,3.85,16,40.0,5.57,4.4,0.6,9.78,0.74,3,1.2,1.94,4.21,9.6,1.93,6.4,2.0,1.0,5.79,6.0,0,1
2025-02-14,SP1,20:00,Girona,Getafe,A,A,2024/2025,14,1.54,23,42.11,4,4.58,4.11,3.2,100.0,0.6,68.42,2.88,11,60.0,5.41,2.8,1.4,9.15,1.42,6,1.6,1.95,3.74,10.4,1.97,7.2,2.0,1.6,5.42,5.6,1,0
2025-03-02,SP1,13:00,Leganes,Getafe,H,D,2024/2025,5,1.36,15,42.11,1,4.58,4.11,3.8,40.0,0.6,47.37,3.53,15,60.0,3.26,6.2,1.4,7.9,1.21,0,1.6,1.8,4.64,5.8,2.12,2.0,1.9,1.8,2.68,4.4,0,0
2025-03-16,SP1,17:30,Osasuna,Getafe,A,H,2024/2025,12,1.43,15,42.11,4,4.58,4.11,3.2,60.0,0.6,57.89,3.11,19,60.0,4.67,3.0,1.6,8.55,1.74,4,1.6,1.95,3.88,7.4,1.94,4.2,1.95,1.6,4.89,4.2,1,0
2025-04-06,SP1,17:30,Valladolid,Getafe,A,A,2024/2025,5,1.49,17,42.11,0,4.58,4.11,3.6,60.0,0.6,47.37,2.85,11,60.0,4.33,4.2,0.2,8.75,0.58,9,1.8,1.95,4.42,8.2,1.91,4.6,2.06,2.6,4.26,3.8,1,0
2025-04-18,SP1,20:00,Espanol,Getafe,H,H,2024/2025,9,1.36,15,42.11,3,4.58,4.11,4.6,0.0,0.8,36.84,3.47,12,60.0,4.05,7.0,1.0,8.83,1.21,4,1.6,2.11,4.78,8.0,1.84,3.4,2.12,0.6,4.05,3.4,0,1
2025-05-02,SP1,20:00,Vallecano,Getafe,H,H,2024/2025,13,1.48,13,42.11,8,4.58,4.11,4.6,40.0,0.8,52.63,2.92,12,40.0,5.32,3.8,1.0,9.39,1.26,1,1.2,1.89,4.07,10.6,2.01,6.0,1.93,1.6,5.74,4.2,0,0
2025-05-10,SP1,13:00,Valencia,Getafe,H,H,2024/2025,10,1.58,20,42.11,6,4.58,4.11,4.6,40.0,1.2,47.37,2.6,17,60.0,5.18,4.4,1.6,9.34,1.37,3,1.2,1.85,4.16,8.6,2.05,4.0,1.9,0.4,5.84,4.2,1,0
2025-05-18,SP1,18:00,Mallorca,Getafe,A,D,2024/2025,7,1.38,9,42.11,1,4.58,4.11,5.0,80.0,1.2,47.37,3.29,14,60.0,4.55,4.4,1.2,9.21,1.05,4,1.2,1.89,4.66,9.4,2.0,4.4,1.84,1.2,4.63,4.2,1,0
2025-08-17,SP1,16:00,Celta,Getafe,A,D,2025/2026,11,1.55,17,50.0,3,4.3,4.9,3.0,0.0,0.0,27.27,2.63,15,0.0,5.43,3.0,0.0,9.89,1.45,3,2.0,1.9,4.46,12.0,1.89,9.0,1.95,2.0,4.64,9.0,0,1
2025-08-25,SP1,20:30,Sevilla,Getafe,A,D,2025/2026,12,1.45,24,50.0,3,4.3,4.9,3.0,100.0,0.5,70.0,3.0,10,50.0,5.19,3.0,1.0,9.26,1.4,6,2.0,1.95,4.07,8.0,1.82,5.0,1.8,2.0,5.3,7.0,1,0
2025-08-29,SP1,20:30,Valencia,Getafe,H,H,2025/2026,7,1.4,7,50.0,4,4.3,4.9,4.0,50.0,1.33,20.0,3.0,18,66.67,6.4,6.5,2.0,11.17,1.2,1,1.33,1.93,4.77,12.0,1.85,8.0,1.89,0.5,6.9,7.33,1,1
2025-09-21,SP1,20:00,Barcelona,Getafe,H,H,2025/2026,16,2.75,15,50.0,7,4.3,4.9,3.5,100.0,1.75,88.89,1.46,9,75.0,6.13,3.0,4.5,10.33,3.11,2,1.0,2.0,4.2,7.5,1.82,4.0,1.97,0.0,7.33,6.25,1,0
2025-10-03,SP1,20:00,Osasuna,Getafe,H,D,2025/2026,7,1.33,14,50.0,3,4.3,4.9,4.0,25.0,1.8,50.0,3.4,11,80.0,3.69,4.75,1.5,8.31,1.8,2,1.0,2.05,4.62,6.25,1.78,2.25,2.05,0.5,3.4,5.2,1,0
2025-10-25,SP1,17:30,Ath Bilbao,Getafe,A,D,2025/2026,7,1.5,14,50.0,4,4.3,4.9,4.4,20.0,1.8,40.0,2.75,15,80.0,5.24,4.0,0.8,9.83,1.0,3,0.8,1.98,4.59,9.4,1.83,5.0,2.08,0.8,6.0,3.6,0,0
2025-11-09,SP1,17:30,Mallorca,Getafe,H,H,2025/2026,6,1.4,8,50.0,4,4.3,4.9,6.6,0.0,1.8,50.0,3.25,15,60.0,3.22,7.2,1.0,8.9,1.4,3,0.4,1.76,5.68,9.8,2.05,3.2,1.78,0.6,2.8,2.8,0,1
2025-12-06,SP1,13:00,Villarreal,Getafe,H,H,2025/2026,10,1.73,15,50.0,5,4.3,4.9,6.0,60.0,1.6,60.0,2.2,19,40.0,4.65,4.0,2.2,9.3,2.3,0,0.4,1.81,4.65,10.4,2.05,4.4,2.05,0.6,5.3,2.2,0,0
2025-12-21,SP1,20:00,Betis,Getafe,H,H,2025/2026,19,1.5,12,50.0,8,4.3,4.9,6.6,60.0,1.8,50.0,2.63,13,40.0,4.52,4.4,2.2,9.49,2.0,3,0.4,1.93,4.97,12.2,1.9,5.6,1.87,1.6,4.7,3.0,1,1
2026-01-02,SP1,20:00,Vallecano,Getafe,D,H,2025/2026,13,1.36,10,50.0,4,4.3,4.9,5.8,0.0,1.6,11.11,3.4,13,20.0,6.05,4.6,0.6,10.98,0.78,4,0.4,1.83,4.93,12.4,1.99,6.6,1.83,0.4,7.22,3.4,0,0
2023-08-12,SP1,16:00,Sociedad,Girona,D,H,2023/2024,15,1.81,9,57.89,2,4.58,4.05,1.0,0.0,1.0,31.58,2.21,22,0.0,5.1,1.0,1.0,8.41,1.37,1,1.0,1.83,3.31,5.0,2.09,4.0,1.9,1.0,5.74,4.0,0,0
2023-08-26,SP1,20:30,Sevilla,Girona,A,D,2023/2024,21,1.91,18,57.89,4,4.58,4.05,3.5,100.0,1.0,57.89,2.08,11,50.0,5.3,3.5,1.0,9.37,1.42,3,1.5,2.13,4.07,10.5,1.79,7.0,2.0,2.0,5.37,5.0,1,1
2023-09-18,SP1,20:00,Granada,Girona,A,A,2023/2024,12,2.31,21,57.89,5,4.58,4.05,4.0,66.67,1.33,47.37,1.78,13,66.67,4.54,4.67,1.67,8.94,1.26,7,2.33,1.96,4.4,8.67,1.95,4.67,2.14,2.67,4.47,4.67,1,0
2023-09-27,SP1,18:00,Villarreal,Girona,A,D,2023/2024,14,2.45,11,57.89,3,4.58,4.05,4.5,100.0,1.25,73.68,1.67,9,75.0,5.52,5.5,1.75,9.72,1.89,5,2.25,1.99,4.2,10.25,1.91,5.75,2.07,2.25,6.05,4.75,1,1
2023-10-07,SP1,13:00,Cadiz,Girona,A,D,2023/2024,8,1.92,13,57.89,2,4.58,4.05,4.6,20.0,1.0,26.32,2.05,12,60.0,4.67,3.4,1.0,8.49,0.84,5,2.0,2.0,3.82,9.0,1.9,4.4,2.0,0.6,4.74,4.8,0,0
2023-11-04,SP1,13:00,Osasuna,Girona,A,D,2023/2024,15,1.97,10,57.89,3,4.58,4.05,5.8,40.0,1.2,26.32,2.16,14,80.0,4.92,5.0,1.0,9.27,1.0,4,2.6,1.83,4.35,10.8,2.09,5.0,2.21,1.6,5.16,4.4,1,0
2023-11-11,SP1,13:00,Vallecano,Girona,A,D,2023/2024,22,2.0,13,57.89,9,4.58,4.05,5.2,60.0,1.2,36.84,1.97,15,80.0,5.29,3.8,1.6,9.29,0.95,7,2.6,2.14,4.0,10.0,1.77,4.8,2.16,1.4,5.79,4.8,1,1
2023-12-10,SP1,20:00,Barcelona,Girona,A,A,2023/2024,31,3.4,10,57.89,11,4.58,4.05,4.8,60.0,1.2,57.89,1.42,7,80.0,6.24,3.2,1.4,9.99,2.26,7,2.6,2.11,3.75,10.2,1.82,5.4,2.04,1.4,7.26,5.6,1,1
2023-12-21,SP1,18:00,Betis,Girona,D,A,2023/2024,21,2.25,9,57.89,4,4.58,4.05,4.8,20.0,1.2,36.84,1.79,6,60.0,5.72,4.4,1.4,10.0,1.42,4,2.4,2.15,4.28,11.6,1.77,6.8,1.98,0.6,6.0,6.0,0,1
2024-01-14,SP1,13:00,Almeria,Girona,D,D,2023/2024,20,2.6,8,57.89,3,4.58,4.05,4.4,40.0,1.2,68.42,1.67,13,60.0,4.73,4.0,0.4,8.91,1.16,1,2.2,1.87,4.18,8.4,2.01,4.0,2.02,1.0,4.74,5.8,0,0
2024-01-28,SP1,13:00,Celta,Girona,A,A,2023/2024,10,2.31,11,57.89,5,4.58,4.05,4.4,20.0,0.8,42.11,1.76,13,40.0,5.73,3.8,0.8,9.62,1.11,6,1.6,1.87,3.89,12.0,2.04,7.6,1.91,0.8,5.79,6.4,0,1
2024-02-10,SP1,17:30,Real Madrid,Girona,H,H,2023/2024,16,3.6,12,57.89,6,4.58,4.05,4.2,60.0,1.4,57.89,1.4,9,40.0,5.34,3.4,2.6,9.12,2.53,0,1.2,1.97,3.78,9.0,1.93,4.8,2.08,0.8,5.89,4.8,1,0
2024-02-19,SP1,20:00,Ath Bilbao,Girona,H,H,2023/2024,14,2.07,13,57.89,7,4.58,4.05,4.4,60.0,1.6,57.89,1.95,16,40.0,5.24,4.0,2.4,9.2,2.21,6,0.8,1.95,3.96,8.8,1.97,4.4,2.11,0.6,5.95,3.8,1,0
2024-03-03,SP1,17:30,Mallorca,Girona,H,H,2023/2024,16,1.79,9,57.89,2,4.58,4.05,4.2,40.0,1.6,26.32,2.25,19,40.0,5.47,4.0,1.0,9.4,0.89,4,0.6,2.03,3.93,10.4,1.87,6.2,1.9,1.0,6.0,4.0,0,1
2024-03-16,SP1,17:30,Getafe,Girona,H,H,2023/2024,11,1.87,13,57.89,3,4.58,4.05,4.6,40.0,1.8,31.58,2.08,16,40.0,4.03,4.4,1.8,8.19,1.05,3,0.6,2.0,4.16,7.0,1.89,2.4,1.87,1.4,4.16,3.6,0,0
2024-04-13,SP1,13:00,Ath Madrid,Girona,H,H,2023/2024,17,2.35,12,57.89,4,4.58,4.05,3.2,100.0,2.4,78.95,1.71,18,60.0,4.18,4.0,2.4,8.52,2.21,5,0.6,1.94,4.34,7.4,1.97,4.2,2.06,1.2,4.21,3.0,1,0
2024-04-27,SP1,13:00,Las Palmas,Girona,A,A,2023/2024,10,2.29,10,57.89,5,4.58,4.05,3.2,0.0,1.6,31.58,1.75,12,40.0,5.08,3.4,0.2,9.24,1.05,3,1.0,2.08,4.16,10.6,1.85,7.4,1.98,1.6,5.11,3.8,0,0
2024-05-10,SP1,20:00,Alaves,Girona,D,A,2023/2024,14,2.2,6,57.89,8,4.58,4.05,3.0,40.0,1.4,26.32,1.78,13,40.0,5.14,6.0,1.6,9.33,1.21,5,1.0,1.84,4.19,7.8,2.03,4.8,2.0,0.6,5.63,4.2,1,0
2024-05-19,SP1,18:00,Valencia,Girona,A,A,2023/2024,20,2.21,8,57.89,6,4.58,4.05,2.8,40.0,1.4,36.84,1.78,10,60.0,4.29,4.6,0.4,8.35,1.05,5,1.6,2.08,4.06,8.0,1.82,5.2,2.0,1.2,4.11,3.6,1,0
2024-08-15,SP1,20:30,Betis,Girona,D,H,2024/2025,19,2.0,7,42.11,4,5.32,4.16,4.0,0.0,1.0,57.89,2.0,11,0.0,5.11,4.0,1.0,9.16,1.68,2,1.0,1.87,4.05,8.0,2.04,4.0,1.94,1.0,5.42,4.0,0,0
2024-08-25,SP1,20:30,Ath Madrid,Girona,H,H,2024/2025,11,2.5,10,42.11,6,5.32,4.16,6.5,100.0,2.0,52.63,1.64,11,50.0,4.89,9.0,3.0,9.58,2.21,5,0.5,1.91,4.69,7.5,2.0,1.0,1.86,0.0,5.84,2.5,1,0
2024-09-01,SP1,18:00,Sevilla,Girona,A,A,2024/2025,16,2.2,14,42.11,5,5.32,4.16,6.0,50.0,1.33,26.32,1.76,6,33.33,5.3,3.5,0.5,9.53,0.89,4,1.0,1.86,4.23,13.0,2.05,7.0,2.14,2.0,5.21,4.0,0,1
2024-09-21,SP1,17:30,Valencia,Girona,H,D,2024/2025,7,1.72,10,42.11,2,5.32,4.16,5.5,33.33,1.5,47.37,2.38,13,25.0,5.7,5.0,1.33,10.04,1.37,3,0.75,1.85,4.34,12.83,2.08,7.33,2.36,1.0,5.84,4.25,0,0
2024-09-29,SP1,13:00,Celta,Girona,D,A,2024/2025,12,2.13,14,42.11,2,5.32,4.16,5.2,60.0,1.4,57.89,1.88,9,20.0,4.6,4.0,1.8,8.77,1.68,4,0.8,2.02,4.17,8.8,1.87,3.6,2.06,1.0,4.53,4.2,0,0
2024-10-26,SP1,17:30,Las Palmas,Girona,H,H,2024/2025,12,1.89,14,42.11,3,5.32,4.16,5.4,20.0,1.4,47.37,2.08,12,20.0,5.12,4.0,1.0,9.32,1.11,3,0.6,1.85,4.2,10.6,2.09,5.2,2.06,1.2,5.21,4.0,0,0
2024-11-10,SP1,17:30,Getafe,Girona,A,A,2024/2025,8,1.42,16,42.11,0,5.32,4.16,4.0,0.0,0.8,26.32,3.2,25,0.0,4.31,2.0,1.0,7.99,0.79,2,0.8,1.82,3.68,9.0,2.06,5.0,1.84,0.8,3.63,4.8,0,0
2024-12-01,SP1,13:00,Villarreal,Girona,D,H,2024/2025,13,2.47,13,42.11,4,5.32,4.16,4.0,80.0,1.2,73.68,1.67,8,20.0,5.04,3.4,2.0,9.25,2.26,6,0.8,2.04,4.21,8.6,1.86,4.6,1.91,1.8,5.26,3.6,1,0
2024-12-14,SP1,15:15,Mallorca,Girona,H,D,2024/2025,8,1.55,14,42.11,2,5.32,4.16,4.0,60.0,1.2,47.37,2.77,10,40.0,4.48,6.2,1.0,9.25,1.05,1,1.0,1.9,4.77,7.0,1.97,3.0,2.03,1.6,4.63,3.0,1,0
2025-01-11,SP1,13:00,Alaves,Girona,A,D,2024/2025,11,1.72,11,42.11,2,5.32,4.16,3.8,20.0,1.0,15.79,2.33,16,40.0,5.51,4.6,1.0,9.82,0.74,1,1.0,1.96,4.31,10.4,1.94,6.6,2.11,1.2,5.79,3.4,0,0
2025-01-26,SP1,13:00,Vallecano,Girona,H,D,2024/2025,17,1.74,9,42.11,7,5.32,4.16,3.0,100.0,1.2,52.63,2.28,19,60.0,5.33,3.6,1.8,9.25,1.26,5,1.2,2.0,3.92,7.8,1.9,4.8,2.24,2.0,5.74,3.6,1,0
2025-02-08,SP1,15:15,Ath Bilbao,Girona,H,H,2024/2025,23,1.88,12,42.11,8,5.32,4.16,3.0,40.0,1.8,36.84,2.08,7,80.0,5.48,2.4,1.6,9.18,1.68,1,1.0,2.02,3.7,10.8,1.86,7.8,1.93,0.2,5.26,4.8,1,1
2025-02-23,SP1,15:15,Real Madrid,Girona,H,H,2024/2025,22,3.32,7,42.11,5,5.32,4.16,3.0,40.0,1.8,63.16,1.4,1,60.0,7.36,3.4,2.6,11.18,2.37,2,0.6,1.93,3.82,10.2,1.95,7.2,2.06,0.8,8.42,6.8,0,1
2025-03-10,SP1,20:00,Espanol,Girona,D,D,2024/2025,7,1.71,13,42.11,4,5.32,4.16,4.0,20.0,1.6,36.84,2.37,11,40.0,4.6,7.0,1.2,9.34,1.21,4,0.6,2.11,4.74,7.2,1.8,3.2,2.01,0.8,4.05,7.2,0,1
2025-03-30,SP1,15:15,Barcelona,Girona,H,H,2024/2025,21,3.25,11,42.11,9,5.32,4.16,3.8,60.0,2.4,68.42,1.4,8,60.0,7.6,2.6,2.6,11.25,2.74,2,0.6,1.85,3.65,11.6,2.01,7.8,1.91,0.2,8.53,8.0,1,1
2025-04-13,SP1,13:00,Osasuna,Girona,H,H,2024/2025,13,1.76,15,42.11,6,5.32,4.16,4.4,80.0,2.4,57.89,2.4,17,60.0,5.2,3.2,1.8,9.25,1.74,8,0.6,1.81,4.05,8.2,2.08,3.8,2.16,1.6,4.89,8.0,1,0
2025-04-24,SP1,18:00,Leganes,Girona,D,D,2024/2025,7,1.78,18,42.11,1,5.32,4.16,5.0,20.0,2.0,47.37,2.24,16,40.0,3.8,6.8,1.0,8.65,1.21,3,0.8,1.98,4.85,8.4,1.92,3.4,2.13,1.2,2.68,6.6,0,0
2025-05-13,SP1,18:00,Valladolid,Girona,A,D,2024/2025,11,2.18,19,42.11,4,5.32,4.16,4.8,60.0,1.6,47.37,1.82,5,40.0,4.65,4.4,0.6,9.24,0.58,5,1.0,2.0,4.59,9.0,1.88,4.2,1.96,2.2,4.26,5.6,0,0
2025-05-18,SP1,18:00,Sociedad,Girona,H,H,2024/2025,15,2.23,9,42.11,9,5.32,4.16,3.4,40.0,2.0,42.11,1.82,10,60.0,6.52,2.8,1.0,10.36,1.05,5,1.2,2.13,3.84,11.6,1.79,8.2,2.0,1.2,6.74,6.6,1,1
2025-08-24,SP1,18:30,Villarreal,Girona,H,H,2025/2026,19,2.27,9,60.0,7,6.7,2.8,1.0,50.0,5.0,60.0,1.68,8,100.0,6.29,1.0,3.5,8.98,2.3,2,0.0,1.95,2.69,10.0,1.81,9.0,1.87,0.0,5.3,8.0,1,0
2025-09-14,SP1,13:00,Celta,Girona,D,A,2025/2026,21,2.03,9,60.0,7,6.7,2.8,2.0,0.0,3.0,27.27,1.86,7,50.0,5.88,3.75,0.75,9.16,1.45,8,0.5,1.96,3.28,9.5,1.85,7.5,1.95,1.25,4.64,9.0,0,1
2025-09-23,SP1,18:00,Ath Bilbao,Girona,D,A,2025/2026,17,2.03,15,60.0,5,6.7,2.8,1.67,25.0,2.33,40.0,1.86,19,33.33,6.52,3.5,1.25,9.63,1.0,3,0.67,1.84,3.11,8.42,1.98,6.75,2.07,1.0,6.0,8.67,0,0
2025-10-18,SP1,15:15,Barcelona,Girona,H,D,2025/2026,27,3.6,7,60.0,9,6.7,2.8,2.5,100.0,2.25,88.89,1.33,10,50.0,7.41,3.0,3.25,10.36,3.11,4,0.75,2.04,2.95,10.25,1.78,7.75,1.95,0.5,7.33,9.25,1,1
2025-10-31,SP1,20:00,Getafe,Girona,H,D,2025/2026,12,1.52,15,60.0,4,6.7,2.8,2.6,20.0,2.2,20.0,2.7,17,60.0,5.58,3.8,1.2,8.81,0.8,4,0.8,2.03,3.23,6.8,1.79,4.2,1.75,0.8,4.7,9.0,1,1
2025-11-23,SP1,15:15,Betis,Girona,D,A,2025/2026,23,2.5,16,60.0,7,6.7,2.8,2.4,40.0,1.4,50.0,1.55,10,40.0,5.6,4.0,1.8,8.96,2.0,4,1.0,1.98,3.36,6.8,1.88,4.4,2.05,0.8,4.7,9.0,0,0
2025-12-07,SP1,13:00,Elche,Girona,H,H,2025/2026,11,1.85,13,60.0,6,6.7,2.8,2.2,60.0,1.8,54.55,2.05,18,60.0,5.02,3.4,1.6,8.01,1.73,4,0.8,2.02,2.99,5.8,1.8,3.6,2.08,0.8,4.09,7.4,1,0
2025-12-12,SP1,20:00,Sociedad,Girona,A,H,2025/2026,9,1.91,5,60.0,4,6.7,2.8,2.6,80.0,1.8,70.0,1.98,20,80.0,6.48,4.2,1.6,9.78,1.5,3,1.0,1.92,3.3,7.8,1.9,5.2,2.05,1.8,6.6,6.6,1,0
2026-01-04,SP1,17:30,Mallorca,Girona,A,A,2025/2026,9,1.65,14,60.0,2,6.7,2.8,2.8,60.0,1.6,50.0,2.3,10,80.0,3.96,6.6,1.6,8.04,1.4,4,1.2,1.93,4.08,5.2,1.88,2.4,1.9,1.2,2.8,5.0,1,0
2023-08-14,SP1,20:30,Ath Madrid,Granada,H,H,2023/2024,14,2.38,9,47.37,6,5.37,3.37,3.0,100.0,3.0,78.95,1.74,15,100.0,4.26,3.0,3.0,8.11,2.21,4,1.0,2.0,3.85,6.0,1.91,3.0,1.99,1.0,4.21,3.0,1,0
2023-09-02,SP1,13:00,Sociedad,Granada,H,H,2023/2024,15,1.99,14,47.37,6,5.37,3.37,4.0,33.33,4.0,31.58,1.99,15,100.0,5.25,4.33,2.33,8.82,1.37,5,2.0,1.88,3.57,9.0,2.03,5.0,1.9,1.67,5.74,2.5,1,0
2023-09-24,SP1,17:30,Las Palmas,Granada,H,D,2023/2024,10,2.01,19,47.37,3,5.37,3.37,5.0,0.0,3.0,31.58,1.99,13,66.67,4.99,6.67,0.67,9.29,1.05,1,1.33,1.88,4.3,9.67,2.03,4.67,1.99,0.33,5.11,3.67,0,1
2023-10-01,SP1,13:00,Almeria,Granada,D,H,2023/2024,17,2.38,14,47.37,5,5.37,3.37,5.0,80.0,3.0,68.42,1.76,18,75.0,4.79,4.2,1.6,8.68,1.16,4,1.75,1.96,3.89,10.4,1.95,5.4,2.02,2.6,4.74,3.0,1,0
2023-10-20,SP1,20:00,Osasuna,Granada,H,H,2023/2024,12,2.02,13,47.37,6,5.37,3.37,5.4,20.0,2.8,26.32,2.09,19,60.0,5.0,4.2,0.6,8.85,1.0,3,1.4,2.02,3.85,11.0,1.91,5.6,2.07,1.2,5.16,2.6,0,0
2023-11-05,SP1,15:15,Valencia,Granada,H,H,2023/2024,11,2.14,15,47.37,2,5.37,3.37,5.6,40.0,2.4,36.84,1.86,20,40.0,4.1,4.6,1.4,8.07,1.05,1,1.2,2.09,3.97,8.6,1.82,3.0,1.93,0.6,4.11,2.0,0,0
2023-11-24,SP1,20:00,Alaves,Granada,H,H,2023/2024,8,1.74,13,47.37,5,5.37,3.37,5.0,20.0,2.0,26.32,2.4,10,40.0,5.32,3.4,1.0,9.08,1.21,4,0.8,1.98,3.76,11.0,1.94,6.0,1.97,1.2,5.63,2.8,1,0
2023-12-02,SP1,17:30,Real Madrid,Granada,H,H,2023/2024,11,3.41,12,47.37,4,5.37,3.37,3.6,40.0,2.2,57.89,1.39,10,40.0,5.52,2.2,2.6,8.74,2.53,0,0.8,1.93,3.22,10.2,2.01,6.6,1.94,0.2,5.89,2.8,0,0
2023-12-16,SP1,13:00,Celta,Granada,H,H,2023/2024,11,2.03,18,47.37,4,5.37,3.37,2.8,40.0,1.8,42.11,2.03,20,20.0,5.79,2.8,1.0,9.05,1.11,2,0.2,2.06,3.26,11.4,1.83,8.6,2.04,1.4,5.79,4.0,0,0
2024-01-13,SP1,20:00,Betis,Granada,H,D,2023/2024,25,1.98,17,47.37,6,5.37,3.37,1.6,0.0,1.6,36.84,2.01,11,20.0,6.1,4.0,1.2,9.65,1.42,2,0.2,2.17,3.55,9.8,1.79,8.2,2.01,0.4,6.0,6.4,0,1
2024-01-29,SP1,20:00,Getafe,Granada,H,H,2023/2024,7,1.69,11,47.37,4,5.37,3.37,1.4,20.0,1.8,31.58,2.44,17,20.0,4.79,3.0,1.2,8.11,1.05,3,0.2,2.11,3.32,5.8,1.82,4.4,2.06,0.6,4.16,7.2,0,0
2024-02-11,SP1,20:00,Barcelona,Granada,D,D,2023/2024,11,3.45,9,47.37,6,5.37,3.37,1.4,80.0,1.8,57.89,1.42,13,20.0,6.9,2.2,2.4,9.84,2.26,5,0.6,1.93,2.94,9.8,1.99,8.4,2.11,2.8,7.26,7.2,1,0
2024-03-03,SP1,13:00,Villarreal,Granada,H,H,2023/2024,16,2.35,15,47.37,10,5.37,3.37,2.2,40.0,2.4,73.68,1.71,12,40.0,6.09,4.4,2.0,9.58,1.89,3,0.8,1.85,3.49,9.2,2.08,7.0,1.95,1.0,6.05,7.2,1,0
2024-03-16,SP1,13:00,Mallorca,Granada,H,D,2023/2024,18,1.58,9,47.37,8,5.37,3.37,2.4,40.0,2.4,26.32,2.7,17,40.0,6.04,4.2,1.0,9.44,0.89,3,0.8,2.07,3.4,8.6,1.83,6.2,2.08,0.8,6.0,7.8,0,1
2024-03-29,SP1,20:00,Cadiz,Granada,H,D,2023/2024,13,1.54,14,47.37,5,5.37,3.37,2.6,20.0,2.4,26.32,2.75,17,40.0,5.13,3.0,1.0,8.33,0.84,2,0.8,1.93,3.2,8.2,2.01,5.6,2.07,0.8,4.74,6.2,0,0
2024-04-19,SP1,20:00,Ath Bilbao,Granada,D,D,2023/2024,17,2.27,15,47.37,6,5.37,3.37,2.8,20.0,2.2,57.89,1.78,11,40.0,5.9,3.4,1.4,9.27,2.21,0,1.0,2.07,3.37,8.0,1.86,5.2,2.0,0.8,5.95,7.6,0,1
2024-05-05,SP1,20:00,Sevilla,Granada,H,H,2023/2024,11,2.0,13,47.37,5,5.37,3.37,3.2,80.0,2.2,57.89,1.97,15,40.0,5.36,5.6,2.0,9.24,1.42,3,0.4,2.09,3.88,6.4,1.81,3.2,2.01,1.0,5.37,7.4,1,0
2024-05-15,SP1,18:30,Vallecano,Granada,H,H,2023/2024,18,1.93,17,47.37,9,5.37,3.37,3.6,40.0,1.6,36.84,2.09,12,40.0,5.81,3.4,1.2,9.23,0.95,1,0.4,2.04,3.42,9.0,1.86,5.4,2.0,0.6,5.79,7.4,1,1
2024-05-24,SP1,20:00,Girona,Granada,H,H,2023/2024,16,3.8,13,47.37,9,5.37,3.37,3.6,80.0,2.8,68.42,1.35,6,60.0,4.76,3.0,3.6,8.25,2.79,2,0.4,1.95,3.49,7.8,1.94,4.2,1.99,1.2,4.32,6.2,1,0
2023-08-18,SP1,20:30,Valencia,Las Palmas,H,D,2023/2024,9,1.79,6,26.32,4,6.0,3.26,4.0,0.0,1.0,36.84,2.25,12,0.0,4.96,4.0,1.0,8.65,1.05,1,0.0,1.88,3.69,10.0,2.05,6.0,1.89,0.0,4.11,6.0,0,0
2023-09-03,SP1,13:00,Girona,Las Palmas,H,D,2023/2024,11,1.99,10,26.32,6,6.0,3.26,4.5,50.0,1.0,68.42,2.03,15,0.0,4.63,3.5,2.0,8.2,2.79,5,0.0,2.03,3.57,7.5,1.86,3.0,2.04,0.0,4.32,4.5,0,0
2023-09-17,SP1,17:30,Sevilla,Las Palmas,H,D,2023/2024,26,2.03,12,26.32,9,6.0,3.26,4.0,66.67,1.0,57.89,1.92,13,0.0,5.69,3.33,1.0,9.36,1.42,2,0.0,2.11,3.67,11.0,1.8,7.0,1.96,1.33,5.37,5.33,0,0
2023-09-27,SP1,18:00,Real Madrid,Las Palmas,H,H,2023/2024,21,2.93,9,26.32,9,6.0,3.26,3.5,66.67,1.25,57.89,1.5,7,0.0,6.05,2.0,2.0,9.18,2.53,2,0.0,1.88,3.13,10.83,2.01,7.33,2.12,0.67,5.89,5.75,0,0
2023-10-08,SP1,13:00,Villarreal,Las Palmas,A,A,2023/2024,9,2.19,7,26.32,4,6.0,3.26,3.2,100.0,1.2,73.68,1.9,17,20.0,6.03,4.8,1.6,9.6,1.89,5,0.4,1.84,3.57,9.2,2.05,6.0,1.89,2.2,6.05,6.0,1,0
2023-10-28,SP1,13:00,Almeria,Las Palmas,A,A,2023/2024,10,1.91,19,26.32,4,6.0,3.26,2.8,100.0,1.2,68.42,2.24,13,40.0,5.09,4.0,1.8,8.68,1.16,3,0.8,1.94,3.59,7.2,1.99,4.4,1.97,2.6,4.74,5.4,1,0
2023-11-11,SP1,17:30,Osasuna,Las Palmas,D,D,2023/2024,11,1.63,10,26.32,3,6.0,3.26,2.4,20.0,1.2,26.32,2.5,25,40.0,5.48,4.6,1.0,9.01,1.0,1,1.0,1.91,3.53,7.4,1.98,5.0,1.97,1.4,5.16,6.4,0,1
2023-11-26,SP1,20:00,Betis,Las Palmas,H,H,2023/2024,12,1.81,12,26.32,6,6.0,3.26,3.0,40.0,1.2,36.84,2.25,7,40.0,6.14,4.2,1.8,9.79,1.42,4,1.0,2.06,3.65,10.0,1.85,7.0,2.05,0.4,6.0,6.4,0,1
2023-12-09,SP1,13:00,Alaves,Las Palmas,A,A,2023/2024,19,1.58,13,26.32,5,6.0,3.26,3.2,20.0,0.8,26.32,2.66,13,40.0,6.12,3.2,1.0,9.62,1.21,2,1.2,1.84,3.5,11.0,2.06,7.8,1.9,1.0,5.63,7.4,0,1
2023-12-20,SP1,20:30,Ath Bilbao,Las Palmas,H,D,2023/2024,19,2.21,11,26.32,10,6.0,3.26,3.2,60.0,0.8,57.89,1.82,12,20.0,6.11,3.4,2.6,9.46,2.21,1,0.8,2.01,3.35,9.6,1.88,6.4,2.11,1.0,5.95,7.0,0,0
2024-01-20,SP1,13:00,Vallecano,Las Palmas,A,A,2023/2024,16,1.78,8,26.32,3,6.0,3.26,2.8,20.0,0.6,36.84,2.38,19,0.0,6.3,1.8,0.4,9.42,0.95,5,0.8,2.01,3.12,10.2,1.9,7.4,1.97,1.2,5.79,8.8,0,1
2024-02-03,SP1,15:15,Granada,Las Palmas,D,H,2023/2024,3,1.78,16,26.32,1,6.0,3.26,4.0,20.0,0.6,47.37,2.35,6,0.0,5.12,5.8,0.8,9.2,1.26,6,0.8,1.96,4.08,8.0,1.94,4.0,2.11,1.2,4.47,7.6,0,1
2024-02-17,SP1,13:00,Ath Madrid,Las Palmas,H,H,2023/2024,13,1.97,9,26.32,7,6.0,3.26,3.8,60.0,1.4,78.95,2.06,19,20.0,4.86,6.8,2.6,9.11,2.21,2,0.8,1.88,4.25,7.4,2.03,3.6,2.2,0.8,4.21,6.8,1,0
2024-03-02,SP1,17:30,Getafe,Las Palmas,D,H,2023/2024,16,1.66,9,26.32,5,6.0,3.26,4.0,40.0,2.0,31.58,2.45,28,40.0,4.55,4.0,1.6,8.17,1.05,5,1.2,1.88,3.62,6.4,2.04,2.4,1.89,1.8,4.16,5.2,1,0
2024-03-30,SP1,20:00,Barcelona,Las Palmas,H,D,2023/2024,14,3.0,9,26.32,2,6.0,3.26,3.8,40.0,2.0,57.89,1.48,11,40.0,6.57,3.6,2.0,9.83,2.26,0,1.2,1.92,3.26,9.2,1.98,5.4,1.95,0.6,7.26,5.4,0,0
2024-04-20,SP1,13:00,Celta,Las Palmas,H,H,2023/2024,21,1.97,9,26.32,13,6.0,3.26,4.6,40.0,2.8,42.11,2.0,10,60.0,5.64,3.6,1.2,9.1,1.11,4,1.0,1.93,3.46,9.6,1.97,5.0,2.06,0.8,5.79,4.6,1,1
2024-05-04,SP1,13:00,Sociedad,Las Palmas,H,H,2023/2024,9,2.0,11,26.32,4,6.0,3.26,3.2,40.0,3.0,31.58,1.97,12,60.0,6.1,2.0,1.4,9.3,1.37,1,0.8,2.1,3.2,12.0,1.82,8.8,1.88,1.2,5.74,5.6,0,0
2024-05-11,SP1,13:00,Mallorca,Las Palmas,H,H,2023/2024,7,1.58,10,26.32,2,6.0,3.26,2.6,0.0,2.2,26.32,2.6,18,40.0,5.94,2.6,0.6,9.14,0.89,1,0.8,2.05,3.2,8.6,1.84,6.0,2.09,0.4,6.0,5.4,0,0
2024-05-19,SP1,18:00,Cadiz,Las Palmas,D,D,2023/2024,10,1.67,12,26.32,3,6.0,3.26,2.4,0.0,1.6,26.32,2.4,13,20.0,5.21,2.4,0.6,8.27,0.84,1,0.2,2.08,3.06,7.8,1.84,5.4,2.0,0.4,4.74,5.6,0,0
2024-08-25,SP1,18:00,Leganes,Las Palmas,H,D,2024/2025,10,1.51,10,52.63,5,6.53,3.21,7.0,100.0,2.0,47.37,2.8,11,100.0,3.71,7.0,2.0,8.26,1.21,5,1.0,2.0,4.55,10.0,1.91,3.0,1.9,1.0,2.68,3.0,1,0
2024-09-01,SP1,16:00,Alaves,Las Palmas,H,H,2024/2025,15,1.73,9,52.63,5,6.53,3.21,6.0,0.0,2.0,15.79,2.4,13,50.0,5.72,6.5,1.0,9.92,0.74,7,0.5,1.95,4.2,10.5,1.95,4.5,1.97,0.0,5.79,4.5,0,1
2024-09-21,SP1,15:15,Osasuna,Las Palmas,H,D,2024/2025,13,1.88,11,52.63,2,6.53,3.21,5.33,50.0,2.0,57.89,2.2,14,66.67,5.16,3.75,1.75,8.83,1.74,4,0.67,1.98,3.67,10.08,1.91,4.75,2.12,1.0,4.89,3.67,1,0
2024-09-30,SP1,20:00,Villarreal,Las Palmas,H,H,2024/2025,17,2.77,10,52.63,7,6.53,3.21,4.5,100.0,2.25,73.68,1.53,14,75.0,5.35,3.0,2.5,9.05,2.26,3,0.75,1.9,3.7,9.25,1.99,4.75,2.12,2.75,5.26,3.5,1,0
2024-10-21,SP1,20:00,Valencia,Las Palmas,A,D,2024/2025,14,1.67,12,52.63,7,6.53,3.21,4.0,40.0,2.2,47.37,2.36,12,80.0,6.2,4.4,1.2,9.81,1.37,6,1.2,2.12,3.61,12.6,1.82,8.6,2.01,1.2,5.84,5.0,1,1
2024-11-03,SP1,13:00,Ath Madrid,Las Palmas,H,H,2024/2025,15,2.36,13,52.63,3,6.53,3.21,2.8,40.0,2.2,52.63,1.69,13,60.0,6.22,2.8,1.8,9.4,2.21,1,1.0,2.14,3.18,10.4,1.81,7.6,1.91,0.4,5.84,6.2,0,0
2024-11-08,SP1,20:00,Vallecano,Las Palmas,A,A,2024/2025,35,1.67,13,52.63,7,6.53,3.21,2.6,40.0,2.0,52.63,2.36,9,80.0,6.19,3.8,1.4,9.57,1.26,3,1.6,2.06,3.38,9.2,1.87,6.6,2.05,1.2,5.74,7.4,1,1
2024-11-30,SP1,13:00,Barcelona,Las Palmas,A,D,2024/2025,27,4.1,11,52.63,8,6.53,3.21,1.8,80.0,1.8,68.42,1.29,7,80.0,7.92,3.2,3.4,10.91,2.74,3,1.8,2.04,2.99,9.4,1.86,7.6,1.89,0.8,8.53,8.4,1,0
2024-12-15,SP1,17:30,Sociedad,Las Palmas,D,D,2024/2025,15,2.0,12,52.63,4,6.53,3.21,2.6,0.0,1.2,42.11,2.3,17,60.0,6.96,4.2,0.8,10.34,1.05,3,1.6,1.89,3.38,9.4,2.01,6.8,2.16,0.6,6.74,9.4,0,1
2025-01-19,SP1,15:15,Real Madrid,Las Palmas,H,H,2024/2025,26,3.3,13,52.63,13,6.53,3.21,2.6,80.0,1.6,63.16,1.4,11,60.0,7.94,3.4,2.8,11.2,2.37,2,1.2,1.98,3.26,10.6,1.89,8.0,1.87,1.4,8.42,8.8,1,0
2025-02-03,SP1,20:00,Girona,Las Palmas,H,H,2024/2025,12,2.21,12,52.63,4,6.53,3.21,3.0,100.0,1.6,68.42,1.77,12,80.0,6.31,2.8,2.0,9.54,1.42,2,1.4,2.12,3.23,10.8,1.77,7.8,2.14,1.4,5.42,9.2,1,1
2025-02-16,SP1,17:30,Mallorca,Las Palmas,H,H,2024/2025,14,1.73,13,52.63,5,6.53,3.21,3.2,60.0,2.0,47.37,2.4,7,80.0,5.28,5.8,1.4,9.41,1.05,4,1.0,1.93,4.13,6.8,1.96,3.6,1.88,1.8,4.63,7.4,1,0
2025-02-28,SP1,20:00,Valladolid,Las Palmas,D,A,2024/2025,23,1.67,8,52.63,7,6.53,3.21,4.0,40.0,2.0,47.37,2.37,11,60.0,5.22,5.6,0.6,9.33,0.58,3,0.8,2.09,4.11,7.8,1.8,3.8,1.83,1.6,4.26,8.6,0,1
2025-03-09,SP1,17:30,Betis,Las Palmas,H,D,2024/2025,14,2.31,14,52.63,6,6.53,3.21,3.0,80.0,2.2,57.89,1.7,12,60.0,6.13,3.6,1.8,9.52,1.68,1,0.8,1.9,3.39,9.0,1.98,6.0,1.95,1.2,5.42,9.2,0,1
2025-03-31,SP1,20:00,Celta,Las Palmas,D,H,2024/2025,19,2.01,5,52.63,7,6.53,3.21,3.0,60.0,1.6,57.89,1.99,17,40.0,5.32,4.4,1.6,8.79,1.68,2,0.8,1.91,3.47,6.6,1.96,3.6,1.91,1.2,4.53,8.4,0,0
2025-04-12,SP1,15:15,Getafe,Las Palmas,A,H,2024/2025,11,1.69,15,52.63,6,6.53,3.21,2.8,80.0,1.4,26.32,2.36,14,40.0,4.67,3.4,1.0,7.85,0.79,5,1.2,1.85,3.18,6.4,2.01,3.6,2.0,1.6,3.63,6.8,1,0
2025-04-23,SP1,18:00,Ath Bilbao,Las Palmas,H,H,2024/2025,13,2.18,9,52.63,4,6.53,3.21,2.4,40.0,1.0,36.84,1.93,13,20.0,5.61,3.0,2.4,8.78,1.68,2,1.0,2.05,3.17,6.4,1.83,4.0,2.03,0.6,5.26,6.8,0,0
2025-05-13,SP1,20:30,Sevilla,Las Palmas,H,D,2024/2025,10,1.99,15,52.63,3,6.53,3.21,2.0,40.0,1.0,26.32,1.99,22,20.0,5.52,4.6,1.0,8.93,0.89,3,0.8,2.01,3.41,7.2,1.87,5.2,2.03,1.2,5.21,5.0,0,0
2025-05-24,SP1,17:30,Espanol,Las Palmas,H,D,2024/2025,8,2.3,11,52.63,3,6.53,3.21,3.0,20.0,1.2,36.84,1.7,12,20.0,4.58,5.4,1.0,8.54,1.21,4,0.8,2.02,3.96,6.8,1.86,3.8,2.06,1.0,4.05,3.4,0,0
2024-08-17,SP1,18:00,Osasuna,Leganes,D,A,2024/2025,16,1.54,12,36.84,5,7.21,3.26,4.0,0.0,1.0,57.89,2.9,14,0.0,5.69,4.0,1.0,9.28,1.74,4,1.0,2.04,3.59,10.0,1.88,6.0,2.06,1.0,4.89,6.0,0,0
2024-08-28,SP1,18:00,Valladolid,Leganes,D,D,2024/2025,12,1.5,19,36.84,2,7.21,3.26,4.0,0.0,0.5,47.37,2.82,13,0.0,5.0,3.0,0.5,8.88,0.58,1,0.5,1.97,3.88,7.5,1.93,3.5,2.09,0.0,4.26,5.0,0,0
2024-09-13,SP1,20:00,Betis,Leganes,H,D,2024/2025,14,1.63,18,36.84,5,7.21,3.26,3.0,0.0,1.0,57.89,2.56,11,0.0,6.23,2.5,1.5,9.53,1.68,0,0.33,2.12,3.3,10.5,1.83,7.5,2.11,0.5,5.42,7.0,0,1
2024-09-22,SP1,13:00,Getafe,Leganes,D,D,2024/2025,12,1.36,17,36.84,3,7.21,3.26,2.75,0.0,1.0,26.32,4.0,16,0.0,4.91,1.67,0.33,7.93,0.79,3,0.5,1.86,3.02,7.08,2.05,4.33,1.88,0.33,3.63,6.75,0,0
2024-09-28,SP1,15:15,Vallecano,Leganes,D,H,2024/2025,15,1.47,7,36.84,6,7.21,3.26,3.2,50.0,1.0,52.63,3.02,12,0.0,6.12,4.75,1.5,9.68,1.26,3,0.6,2.0,3.56,8.45,1.92,5.25,2.05,1.25,5.74,6.4,0,0
2024-10-20,SP1,15:15,Ath Madrid,Leganes,H,A,2024/2025,24,1.81,8,36.84,9,7.21,3.26,2.8,60.0,1.4,52.63,2.16,14,20.0,6.29,4.4,2.0,9.66,2.21,2,0.6,2.13,3.37,8.8,1.8,6.0,1.95,0.4,5.84,6.8,1,0
2024-11-02,SP1,15:15,Girona,Leganes,H,D,2024/2025,15,1.68,15,36.84,6,7.21,3.26,2.2,60.0,2.2,68.42,2.36,17,40.0,5.96,3.4,1.4,9.2,1.42,5,1.2,1.99,3.24,6.8,1.92,4.6,2.0,1.8,5.42,7.2,1,0
2024-11-30,SP1,15:15,Alaves,Leganes,D,D,2024/2025,18,1.43,15,36.84,7,7.21,3.26,3.6,60.0,2.0,15.79,3.2,15,40.0,6.53,4.8,1.2,10.35,0.74,3,1.4,2.09,3.82,11.4,1.82,7.8,2.13,1.6,5.79,7.6,0,1
2024-12-15,SP1,20:00,Barcelona,Leganes,A,A,2024/2025,20,4.33,13,36.84,4,7.21,3.26,3.6,60.0,1.8,68.42,1.4,5,40.0,8.01,3.4,2.0,11.23,2.74,4,1.4,1.85,3.22,10.8,2.02,7.2,2.06,1.0,8.53,8.0,0,0
2025-01-11,SP1,17:30,Espanol,Leganes,D,D,2024/2025,15,1.49,19,36.84,5,7.21,3.26,3.4,20.0,1.8,36.84,2.86,15,40.0,5.53,4.4,1.0,9.46,1.21,6,1.4,1.8,3.93,9.8,2.09,6.4,2.14,1.0,4.05,8.6,0,1
2025-01-26,SP1,17:30,Ath Bilbao,Leganes,D,D,2024/2025,29,1.81,8,36.84,3,7.21,3.26,3.2,20.0,1.2,36.84,2.17,10,20.0,6.4,2.4,1.2,9.62,1.68,2,1.2,1.97,3.22,10.0,1.9,6.8,2.02,0.4,5.26,10.2,0,1
2025-02-09,SP1,15:15,Valencia,Leganes,H,H,2024/2025,18,1.67,9,36.84,4,7.21,3.26,3.6,60.0,0.8,47.37,2.48,14,0.0,6.59,4.2,1.6,10.16,1.37,4,0.6,1.91,3.57,8.6,1.99,5.0,1.89,1.0,5.84,10.8,0,1
2025-02-23,SP1,20:00,Sociedad,Leganes,H,H,2024/2025,12,1.66,13,36.84,5,7.21,3.26,2.6,60.0,1.2,42.11,2.52,13,20.0,6.89,3.6,1.2,10.24,1.05,2,0.4,1.95,3.35,7.6,2.0,5.0,1.83,0.8,6.74,8.8,1,0
2025-03-08,SP1,13:00,Celta,Leganes,H,H,2024/2025,7,1.85,9,36.84,4,7.21,3.26,3.2,60.0,1.6,57.89,2.13,10,40.0,5.43,5.4,1.8,9.04,1.68,6,0.4,1.92,3.61,7.0,1.97,3.8,1.94,1.0,4.53,7.6,1,0
2025-03-29,SP1,20:00,Real Madrid,Leganes,H,A,2024/2025,24,3.0,13,36.84,10,7.21,3.26,3.0,60.0,2.0,63.16,1.46,9,60.0,7.93,3.4,2.4,11.26,2.37,4,0.6,1.93,3.33,10.4,1.93,7.4,1.94,1.0,8.42,7.6,1,1
2025-04-19,SP1,17:30,Mallorca,Leganes,D,D,2024/2025,11,1.43,15,36.84,1,7.21,3.26,3.6,60.0,2.0,47.37,3.12,17,60.0,5.27,4.4,1.4,9.32,1.05,1,0.6,2.03,4.05,7.6,1.87,4.0,2.12,1.0,4.63,5.2,0,0
2025-05-04,SP1,15:15,Sevilla,Leganes,D,D,2024/2025,25,1.74,12,36.84,7,7.21,3.26,3.4,40.0,2.0,26.32,2.24,17,80.0,5.69,5.0,1.0,9.31,0.89,3,1.0,1.83,3.62,8.6,2.05,5.2,2.07,1.4,5.21,5.0,1,0
2025-05-14,SP1,18:00,Villarreal,Leganes,H,H,2024/2025,17,2.65,11,36.84,7,7.21,3.26,4.0,60.0,2.0,73.68,1.56,5,80.0,5.78,5.8,2.0,9.74,2.26,6,1.0,1.96,3.96,9.8,1.93,5.8,2.09,0.8,5.26,5.0,1,0
2025-05-18,SP1,18:00,Las Palmas,Leganes,A,A,2024/2025,12,2.11,12,36.84,3,7.21,3.26,3.4,40.0,1.6,47.37,1.9,15,60.0,6.01,4.6,0.8,9.58,1.11,4,1.0,2.14,3.57,10.4,1.78,7.0,1.98,1.6,5.21,6.4,0,1
2025-08-16,SP1,20:30,Alaves,Levante,H,H,2025/2026,15,1.54,13,36.36,4,7.55,2.18,1.0,100.0,2.0,50.0,2.63,15,100.0,7.02,1.0,2.0,9.54,1.2,3,1.0,2.03,2.52,11.0,1.78,10.0,2.07,1.0,5.7,10.0,1,1
2025-08-29,SP1,18:30,Elche,Levante,H,D,2025/2026,16,1.67,17,36.36,5,7.55,2.18,1.5,0.0,2.0,54.55,2.3,14,50.0,5.09,2.5,1.5,7.58,1.73,1,0.5,1.98,2.49,4.0,1.79,2.5,2.03,0.5,4.09,7.0,0,0
2025-09-20,SP1,13:00,Girona,Levante,A,A,2025/2026,7,2.2,17,36.36,1,7.55,2.18,2.33,66.67,1.33,50.0,1.72,11,66.67,5.87,3.67,0.33,8.59,0.9,7,1.67,1.95,2.72,8.33,1.88,6.0,2.03,3.0,5.0,6.33,1,0
2025-09-27,SP1,13:00,Getafe,Levante,D,A,2025/2026,11,1.52,16,36.36,4,7.55,2.18,2.25,0.0,1.25,20.0,2.63,15,50.0,5.5,4.0,1.33,8.37,0.8,3,1.5,1.8,2.87,6.25,2.02,4.0,1.83,0.67,4.7,6.25,0,0
2025-10-04,SP1,13:00,Oviedo,Levante,A,A,2025/2026,13,1.75,10,36.36,2,7.55,2.18,2.4,50.0,1.0,20.0,2.12,10,40.0,5.52,7.75,0.5,9.08,0.3,5,1.6,2.05,3.56,6.65,1.77,4.25,1.83,2.0,4.6,6.8,0,1
2025-10-26,SP1,13:00,Mallorca,Levante,D,A,2025/2026,20,1.83,13,36.36,4,7.55,2.18,3.0,20.0,0.8,50.0,2.1,8,20.0,4.37,5.6,0.8,8.03,1.4,5,1.6,1.76,3.66,6.6,2.05,3.6,1.91,1.2,2.8,5.8,0,0
2025-11-08,SP1,17:30,Ath Madrid,Levante,H,D,2025/2026,25,2.88,6,36.36,10,7.55,2.18,3.4,80.0,1.0,50.0,1.45,5,40.0,8.46,3.6,3.0,11.31,2.3,3,1.8,1.8,2.85,13.2,2.02,9.8,1.84,1.0,8.5,9.2,1,1
2025-11-21,SP1,20:00,Valencia,Levante,H,D,2025/2026,14,1.95,15,36.36,3,7.55,2.18,2.6,20.0,1.2,20.0,2.03,16,20.0,7.26,3.4,1.0,10.08,1.2,1,1.0,1.85,2.82,8.8,1.96,6.2,1.85,1.0,6.9,9.6,0,0
2025-12-08,SP1,20:00,Osasuna,Levante,H,H,2025/2026,14,2.03,7,36.36,6,7.55,2.18,2.8,60.0,1.4,50.0,1.91,15,20.0,4.96,3.4,1.6,7.83,1.8,5,0.8,1.9,2.87,5.8,1.94,3.0,1.98,1.6,3.4,9.0,0,0
2026-01-04,SP1,13:00,Sevilla,Levante,A,A,2025/2026,15,2.0,10,36.36,7,7.55,2.18,2.4,60.0,1.4,70.0,1.91,16,40.0,6.22,3.2,1.2,8.75,1.4,4,1.0,1.86,2.53,8.4,1.98,6.0,1.88,1.6,5.3,8.2,1,0
2023-08-12,SP1,18:30,Las Palmas,Mallorca,D,H,2023/2024,5,1.44,21,31.58,2,4.47,3.16,6.0,0.0,1.0,31.58,3.2,11,0.0,4.53,6.0,1.0,8.75,1.05,2,1.0,1.89,4.22,9.0,2.04,3.0,1.79,1.0,5.11,3.0,0,0
2023-08-26,SP1,18:30,Granada,Mallorca,H,D,2023/2024,10,1.5,27,31.58,4,4.47,3.16,4.5,50.0,2.0,47.37,2.88,11,50.0,4.48,4.5,1.5,8.42,1.26,5,1.5,2.12,3.94,9.5,1.81,5.0,2.06,2.0,4.47,4.0,1,0
2023-09-16,SP1,17:30,Celta,Mallorca,A,D,2023/2024,16,1.55,15,31.58,4,4.47,3.16,3.33,0.0,1.33,42.11,2.75,9,33.33,5.57,2.67,0.0,8.75,1.11,4,1.33,1.86,3.18,10.0,2.04,6.67,1.84,1.33,5.79,6.0,0,1
2023-09-23,SP1,13:00,Girona,Mallorca,H,H,2023/2024,23,1.66,12,31.58,10,4.47,3.16,3.75,66.67,2.25,68.42,2.53,10,50.0,4.49,4.0,3.0,7.98,2.79,5,1.75,2.0,3.49,7.75,1.91,4.0,2.04,1.0,4.32,6.0,1,1
2023-09-30,SP1,15:15,Vallecano,Mallorca,D,D,2023/2024,19,1.58,20,31.58,5,4.47,3.16,3.0,50.0,2.2,36.84,2.62,12,60.0,5.38,3.5,1.25,8.64,0.95,4,1.8,2.11,3.26,8.0,1.83,5.0,1.93,2.5,5.79,5.8,1,0
2023-10-21,SP1,13:00,Sociedad,Mallorca,H,D,2023/2024,14,1.64,16,31.58,6,4.47,3.16,2.8,60.0,2.2,31.58,2.8,14,60.0,5.23,5.0,2.8,8.63,1.37,7,1.6,1.88,3.4,6.8,2.0,4.0,2.17,1.4,5.74,5.6,0,0
2023-11-04,SP1,15:15,Betis,Mallorca,H,H,2023/2024,22,1.69,16,31.58,3,4.47,3.16,2.4,40.0,2.0,36.84,2.44,13,40.0,5.6,3.6,1.8,9.07,1.42,1,1.2,2.0,3.47,8.4,1.91,6.0,2.07,0.4,6.0,5.8,0,0
2023-11-25,SP1,20:00,Ath Madrid,Mallorca,H,D,2023/2024,20,2.13,19,31.58,3,4.47,3.16,2.8,80.0,2.2,78.95,1.93,8,40.0,4.41,3.4,2.2,8.16,2.21,1,1.0,2.01,3.75,7.4,1.88,4.6,1.89,1.0,4.21,5.2,0,0
2023-12-17,SP1,13:00,Almeria,Mallorca,D,D,2023/2024,7,1.66,9,31.58,1,4.47,3.16,2.6,60.0,1.2,68.42,2.55,12,20.0,4.54,4.4,1.0,8.1,1.16,2,0.4,2.02,3.56,6.0,1.88,3.4,1.91,1.6,4.74,4.8,0,0
2024-01-03,SP1,18:15,Real Madrid,Mallorca,H,D,2023/2024,17,2.45,15,31.58,5,4.47,3.16,3.4,40.0,1.0,57.89,1.74,5,0.0,5.58,1.8,2.4,8.63,2.53,0,0.0,1.96,3.05,10.8,1.94,7.4,2.01,0.4,5.89,4.8,0,0
2024-01-20,SP1,15:15,Villarreal,Mallorca,D,H,2023/2024,18,1.81,11,31.58,5,4.47,3.16,3.6,80.0,1.0,73.68,2.19,13,0.0,5.44,4.6,1.8,8.97,1.89,2,0.2,2.16,3.53,8.4,1.79,4.8,2.13,2.0,6.05,5.2,0,0
2024-02-02,SP1,20:00,Ath Bilbao,Mallorca,H,H,2023/2024,13,1.7,15,31.58,6,4.47,3.16,3.8,60.0,1.4,57.89,2.61,17,20.0,5.43,3.6,2.6,8.8,2.21,2,0.2,1.94,3.37,9.0,1.97,5.2,1.99,0.2,5.95,5.2,1,0
2024-02-24,SP1,17:30,Alaves,Mallorca,D,D,2023/2024,9,1.46,15,31.58,1,4.47,3.16,3.8,20.0,1.4,26.32,3.4,7,20.0,5.33,4.8,0.8,8.99,1.21,8,0.4,1.97,3.66,10.6,1.93,6.8,2.03,1.2,5.63,4.4,0,0
2024-03-08,SP1,20:00,Barcelona,Mallorca,H,D,2023/2024,20,2.06,14,31.58,6,4.47,3.16,3.2,60.0,1.6,57.89,1.9,9,20.0,6.17,3.4,2.4,9.29,2.26,3,0.4,1.88,3.12,9.4,2.03,6.2,1.89,1.6,7.26,4.4,0,0
2024-03-30,SP1,17:30,Valencia,Mallorca,D,D,2023/2024,14,1.45,11,31.58,5,4.47,3.16,3.0,40.0,1.4,36.84,3.07,8,20.0,4.12,3.6,1.0,7.61,1.05,3,0.4,1.82,3.49,6.4,2.1,3.4,2.14,0.6,4.11,4.0,0,0
2024-04-22,SP1,20:00,Sevilla,Mallorca,H,D,2023/2024,11,1.59,8,31.58,4,4.47,3.16,2.6,60.0,1.6,57.89,2.59,10,40.0,4.73,5.6,1.6,8.43,1.42,6,0.4,1.94,3.7,5.2,1.97,2.6,2.16,1.2,5.37,4.0,1,0
2024-04-28,SP1,13:00,Cadiz,Mallorca,D,A,2023/2024,10,1.36,21,31.58,2,4.47,3.16,2.4,20.0,1.0,26.32,3.6,14,20.0,4.62,1.8,1.2,7.57,0.84,2,0.6,1.79,2.95,8.0,2.15,5.6,2.06,0.8,4.74,3.4,0,0
2024-05-14,SP1,18:30,Osasuna,Mallorca,D,H,2023/2024,10,1.44,11,31.58,4,4.47,3.16,2.6,20.0,1.0,26.32,3.2,12,20.0,4.76,4.4,0.8,8.24,1.0,4,0.6,2.01,3.48,7.4,1.9,4.8,2.13,1.6,5.16,3.2,0,0
2024-05-26,SP1,13:00,Getafe,Mallorca,A,D,2023/2024,16,1.69,10,31.58,6,4.47,3.16,3.2,40.0,1.0,31.58,2.63,12,40.0,4.23,4.0,0.4,7.72,1.05,4,1.0,1.93,3.49,8.4,1.98,5.2,1.93,1.8,4.16,3.0,1,0
2024-08-24,SP1,16:00,Osasuna,Mallorca,H,D,2024/2025,15,1.58,8,31.58,5,6.84,3.0,4.0,0.0,1.0,57.89,2.76,10,0.0,5.45,4.0,1.0,8.9,1.74,2,0.0,1.85,3.45,9.5,2.07,5.5,1.91,0.5,4.89,5.0,0,0
2024-08-31,SP1,20:30,Leganes,Mallorca,A,A,2024/2025,4,1.33,17,31.58,2,6.84,3.0,3.5,50.0,0.5,47.37,3.55,11,0.0,3.68,5.0,1.0,7.56,1.21,3,0.5,1.81,3.88,5.5,2.11,2.0,2.09,1.0,2.68,3.0,0,0
2024-09-23,SP1,20:00,Betis,Mallorca,A,D,2024/2025,14,1.52,12,31.58,6,6.84,3.0,3.33,50.0,0.67,57.89,2.86,12,33.33,5.82,3.0,1.5,9.06,1.68,6,1.0,2.03,3.24,10.58,1.88,7.25,2.05,1.0,5.42,4.0,1,0
2024-09-27,SP1,20:00,Valladolid,Mallorca,A,D,2024/2025,11,1.43,9,31.58,1,6.84,3.0,3.5,25.0,0.75,47.37,3.1,15,50.0,5.0,4.25,0.5,8.81,0.58,6,1.25,1.87,3.81,8.25,2.05,4.75,2.19,0.5,4.26,4.75,1,1
2024-10-05,SP1,13:00,Espanol,Mallorca,H,H,2024/2025,8,1.48,19,31.58,3,6.84,3.0,4.0,80.0,1.0,36.84,3.2,14,60.0,4.76,4.6,1.6,8.62,1.21,4,1.2,2.18,3.86,7.6,1.74,3.6,2.0,1.4,4.05,4.6,1,0
2024-11-01,SP1,20:00,Alaves,Mallorca,H,D,2024/2025,13,1.44,12,31.58,3,6.84,3.0,3.6,60.0,1.0,15.79,3.12,19,60.0,6.03,4.2,1.4,9.65,0.74,2,1.2,1.91,3.62,10.0,1.98,6.4,1.96,1.4,5.79,5.0,0,0
2024-11-23,SP1,17:30,Las Palmas,Mallorca,A,D,2024/2025,14,1.53,18,31.58,3,6.84,3.0,3.6,40.0,1.4,47.37,2.72,10,80.0,5.7,3.4,1.2,9.02,1.11,3,1.6,1.93,3.32,9.2,2.02,5.6,1.99,1.6,5.21,5.6,1,0
2024-12-06,SP1,20:00,Celta,Mallorca,H,H,2024/2025,12,1.62,12,31.58,5,6.84,3.0,3.6,40.0,1.6,57.89,2.57,9,60.0,5.06,2.4,1.4,8.27,1.68,4,1.2,2.02,3.21,7.2,1.89,3.6,2.03,1.0,4.53,5.0,0,0
2024-12-21,SP1,13:00,Getafe,Mallorca,A,D,2024/2025,18,1.3,13,31.58,5,6.84,3.0,2.8,0.0,1.4,26.32,4.44,19,40.0,4.57,1.8,0.8,7.47,0.79,2,1.0,1.98,2.9,7.2,1.9,4.4,1.95,0.6,3.63,4.2,0,0
2025-01-20,SP1,20:00,Villarreal,Mallorca,H,H,2024/2025,14,2.01,12,31.58,7,6.84,3.0,2.6,80.0,1.8,73.68,1.99,9,40.0,5.58,4.8,2.2,9.16,2.26,2,0.8,1.92,3.58,7.8,1.94,5.2,2.14,1.0,5.26,4.6,1,1
2025-02-01,SP1,17:30,Ath Madrid,Mallorca,H,H,2024/2025,17,1.73,14,31.58,5,6.84,3.0,3.0,20.0,2.0,52.63,2.33,9,40.0,6.08,3.2,1.8,9.2,2.21,1,0.8,1.87,3.12,9.4,2.0,6.4,2.07,0.8,5.84,5.2,0,1
2025-02-24,SP1,20:00,Sevilla,Mallorca,D,H,2024/2025,19,1.58,12,31.58,4,6.84,3.0,3.2,20.0,1.8,26.32,2.57,11,20.0,5.64,3.2,1.0,8.92,0.89,2,0.4,2.13,3.28,8.6,1.77,5.4,1.96,1.4,5.21,5.2,0,0
2025-03-09,SP1,17:30,Ath Bilbao,Mallorca,D,D,2024/2025,8,1.73,13,31.58,2,6.84,3.0,3.2,40.0,1.6,36.84,2.35,6,20.0,5.86,2.6,2.6,8.96,1.68,2,0.6,2.1,3.1,10.6,1.79,7.4,2.28,0.4,5.26,5.2,0,0
2025-03-30,SP1,17:30,Valencia,Mallorca,H,D,2024/2025,8,1.58,15,31.58,2,6.84,3.0,4.2,60.0,1.8,47.37,2.63,16,20.0,6.06,2.8,1.4,9.41,1.37,2,0.4,2.05,3.35,10.2,1.83,6.0,1.91,1.0,5.84,5.4,0,0
2025-04-12,SP1,13:00,Sociedad,Mallorca,A,A,2024/2025,15,1.54,12,31.58,4,6.84,3.0,3.6,60.0,1.0,42.11,2.74,11,0.0,6.52,2.8,1.4,9.74,1.05,3,0.8,1.89,3.22,8.8,2.0,5.2,1.88,1.0,6.74,5.8,0,0
2025-04-22,SP1,20:30,Barcelona,Mallorca,H,D,2024/2025,40,2.57,7,31.58,13,6.84,3.0,3.2,60.0,0.8,68.42,1.62,10,0.0,7.92,2.4,2.6,10.85,2.74,0,0.8,1.98,2.93,12.0,1.89,8.8,1.98,1.0,8.53,6.4,0,1
2025-05-05,SP1,20:00,Girona,Mallorca,H,H,2024/2025,13,1.8,14,31.58,6,6.84,3.0,2.8,40.0,0.8,68.42,2.35,11,0.0,5.89,4.4,1.0,9.14,1.42,1,0.6,1.86,3.25,8.2,2.03,5.4,1.9,1.4,5.42,6.6,0,0
2025-05-14,SP1,20:30,Real Madrid,Mallorca,H,A,2024/2025,39,2.5,15,31.58,13,6.84,3.0,2.2,80.0,1.0,63.16,1.61,6,20.0,8.68,2.8,2.0,11.72,2.37,2,0.6,1.86,3.04,14.4,2.03,12.2,2.01,1.4,8.42,11.2,1,1
2025-05-24,SP1,20:00,Vallecano,Mallorca,D,D,2024/2025,27,1.93,14,31.58,8,6.84,3.0,1.6,40.0,0.8,52.63,2.13,9,20.0,6.95,3.6,0.8,10.09,1.26,2,0.6,1.96,3.14,9.8,1.92,8.2,2.19,1.4,5.74,12.6,0,1
2025-08-30,SP1,20:30,Real Madrid,Mallorca,H,H,2025/2026,17,2.8,7,70.0,7,6.7,3.9,5.0,50.0,2.0,50.0,1.5,12,100.0,6.26,2.5,1.5,9.83,2.3,5,1.0,1.9,3.57,10.5,1.94,5.5,2.0,0.5,6.6,4.0,1,0
2025-09-15,SP1,20:00,Espanol,Mallorca,H,H,2025/2026,9,1.58,16,70.0,3,6.7,3.9,7.0,66.67,2.5,45.45,2.63,9,100.0,4.83,5.0,2.0,9.38,1.18,10,1.5,2.03,4.55,9.0,1.83,2.0,1.95,1.0,4.73,3.5,1,1
2025-09-24,SP1,20:30,Sociedad,Mallorca,H,D,2025/2026,17,1.75,15,70.0,4,6.7,3.9,5.33,66.67,2.0,70.0,2.1,13,66.67,6.84,2.67,1.33,10.86,1.5,3,1.0,1.82,4.02,14.66,1.98,9.33,1.88,1.33,6.6,6.0,0,1
2025-10-04,SP1,17:30,Ath Bilbao,Mallorca,H,H,2025/2026,18,1.67,13,70.0,5,6.7,3.9,4.5,40.0,2.0,40.0,2.28,16,75.0,6.28,3.2,1.4,10.25,1.0,2,1.0,1.9,3.97,11.3,1.91,6.8,2.05,1.0,6.0,6.25,1,0
2025-10-18,SP1,13:00,Sevilla,Mallorca,A,H,2025/2026,13,1.73,13,70.0,4,6.7,3.9,4.0,100.0,1.8,70.0,2.22,16,80.0,5.79,3.2,1.8,9.43,1.4,6,1.4,2.0,3.64,9.2,1.82,5.2,2.05,2.0,5.3,6.8,1,1
2025-11-02,SP1,20:00,Betis,Mallorca,H,H,2025/2026,15,2.2,8,70.0,8,6.7,3.9,4.0,60.0,2.0,50.0,1.73,9,80.0,5.3,6.0,1.8,9.62,2.0,1,1.2,1.83,4.32,7.6,1.97,3.6,1.95,1.0,4.7,6.8,1,0
2025-11-22,SP1,20:00,Villarreal,Mallorca,H,D,2025/2026,14,2.4,8,70.0,7,6.7,3.9,2.4,80.0,1.8,60.0,1.67,17,80.0,5.75,3.4,2.2,9.43,2.3,3,1.0,1.95,3.68,7.2,1.93,4.8,2.0,0.8,5.3,6.8,1,0
2025-12-05,SP1,20:00,Oviedo,Mallorca,D,D,2025/2026,15,1.53,12,70.0,3,6.7,3.9,3.0,0.0,1.6,20.0,2.63,14,80.0,5.4,4.2,0.0,9.62,0.3,6,1.0,2.13,4.22,8.8,1.75,5.8,2.1,0.8,4.6,6.2,0,1
2025-12-19,SP1,20:00,Valencia,Mallorca,D,A,2025/2026,17,1.58,12,70.0,2,6.7,3.9,3.2,0.0,1.4,20.0,2.45,10,60.0,6.89,2.4,0.8,10.62,1.2,2,1.0,1.85,3.73,10.2,1.93,7.0,1.78,1.0,6.9,7.2,0,1
2026-01-11,SP1,13:00,Vallecano,Mallorca,H,H,2025/2026,14,1.53,14,70.0,5,6.7,3.9,3.8,20.0,1.6,11.11,2.63,14,60.0,6.95,4.6,0.8,11.13,0.78,2,0.6,1.95,4.18,10.2,1.85,6.4,1.95,0.6,7.22,6.6,1,1
2023-08-13,SP1,16:00,Celta,Osasuna,A,A,2023/2024,11,1.63,15,57.89,1,5.05,3.79,2.0,0.0,0.0,42.11,2.58,11,0.0,5.85,2.0,0.0,9.18,1.11,5,2.0,2.14,3.33,9.0,1.8,7.0,2.14,2.0,5.79,7.0,0,0
2023-08-27,SP1,18:30,Valencia,Osasuna,A,A,2023/2024,16,1.58,12,57.89,4,5.05,3.79,2.5,50.0,0.5,36.84,2.69,13,50.0,4.77,3.5,1.0,8.55,1.05,2,2.0,2.04,3.78,8.5,1.89,6.0,1.91,1.0,4.11,6.5,1,0
2023-09-17,SP1,13:00,Getafe,Osasuna,H,D,2023/2024,11,1.42,11,57.89,6,5.05,3.79,2.67,33.33,1.33,31.58,3.33,15,66.67,4.62,4.0,1.33,8.4,1.05,3,2.0,1.81,3.78,7.0,2.15,4.33,2.2,0.67,4.16,6.33,1,0
2023-10-01,SP1,15:15,Alaves,Osasuna,A,A,2023/2024,17,1.52,13,57.89,3,5.05,3.79,2.5,25.0,1.0,26.32,2.89,13,50.0,5.23,3.0,1.25,8.93,1.21,3,2.0,2.04,3.7,5.5,1.87,3.0,1.83,1.75,5.63,5.75,0,0
2023-10-07,SP1,15:15,Real Madrid,Osasuna,H,H,2023/2024,19,2.7,6,57.89,9,5.05,3.79,2.8,75.0,1.6,57.89,1.61,9,60.0,5.74,2.5,2.5,9.14,2.53,1,1.6,2.02,3.4,9.55,1.87,6.75,1.95,0.5,5.89,5.6,1,0
2023-10-29,SP1,13:00,Betis,Osasuna,H,H,2023/2024,9,1.81,25,57.89,2,5.05,3.79,3.0,40.0,2.0,36.84,2.24,10,80.0,5.62,4.8,1.4,9.62,1.42,1,1.4,1.84,4.0,8.2,2.07,5.2,1.97,0.4,6.0,5.4,1,0
2023-11-26,SP1,13:00,Villarreal,Osasuna,H,D,2023/2024,10,1.93,14,57.89,3,5.05,3.79,3.2,80.0,2.4,73.68,2.02,9,80.0,5.69,3.6,1.6,9.43,1.89,7,1.2,2.04,3.74,9.6,1.85,6.4,2.1,1.8,6.05,4.6,1,0
2023-12-10,SP1,17:30,Cadiz,Osasuna,D,H,2023/2024,12,1.58,16,57.89,5,5.05,3.79,3.4,40.0,2.0,26.32,2.61,15,60.0,4.53,3.8,0.6,8.12,0.84,5,1.0,1.83,3.59,6.2,2.07,2.8,1.98,1.4,4.74,3.8,0,0
2023-12-21,SP1,20:30,Mallorca,Osasuna,H,D,2023/2024,15,1.41,12,57.89,8,5.05,3.79,3.0,20.0,2.6,26.32,3.22,11,80.0,5.58,3.8,1.0,9.23,0.89,7,1.0,1.93,3.65,9.0,1.99,6.0,2.05,0.6,6.0,4.2,1,0
2024-01-28,SP1,17:30,Sevilla,Osasuna,D,H,2023/2024,10,1.62,13,57.89,5,5.05,3.79,3.0,40.0,2.0,57.89,2.55,19,60.0,5.06,3.6,0.8,8.95,1.42,4,1.2,1.85,3.89,7.8,2.06,4.8,2.17,2.0,5.37,3.6,0,0
2024-01-31,SP1,18:00,Barcelona,Osasuna,H,D,2023/2024,16,2.79,12,57.89,4,5.05,3.79,3.6,60.0,1.8,57.89,1.55,9,40.0,6.48,2.2,2.0,9.87,2.26,1,1.0,1.97,3.39,12.2,1.92,8.6,2.01,2.2,7.26,3.6,0,1
2024-02-10,SP1,15:15,Sociedad,Osasuna,A,D,2023/2024,21,1.47,11,57.89,3,5.05,3.79,3.6,20.0,1.2,31.58,2.9,11,20.0,5.32,4.2,0.6,9.07,1.37,2,1.0,2.05,3.75,8.0,1.87,4.4,1.92,0.6,5.74,4.6,0,1
2024-02-25,SP1,17:30,Las Palmas,Osasuna,D,D,2023/2024,9,1.58,15,57.89,3,5.05,3.79,4.2,60.0,1.2,31.58,2.66,6,20.0,5.03,5.8,1.6,9.39,1.05,2,1.0,1.91,4.36,8.4,2.0,4.2,1.85,1.0,5.11,5.4,0,1
2024-03-09,SP1,20:00,Girona,Osasuna,H,H,2023/2024,11,2.23,16,57.89,6,5.05,3.79,5.6,60.0,1.0,68.42,1.78,10,0.0,4.58,5.2,2.8,8.72,2.79,1,0.6,1.87,4.14,9.8,2.03,4.2,2.14,0.8,4.32,5.2,0,1
2024-03-30,SP1,15:15,Almeria,Osasuna,A,A,2023/2024,12,1.85,14,57.89,5,5.05,3.79,5.0,80.0,0.8,68.42,2.13,12,20.0,4.95,5.8,0.8,9.23,1.16,4,1.0,2.06,4.28,9.8,1.85,4.8,2.19,2.0,4.74,6.0,1,0
2024-04-20,SP1,15:15,Vallecano,Osasuna,H,A,2023/2024,17,1.5,15,57.89,6,5.05,3.79,4.0,20.0,1.0,36.84,2.86,9,40.0,5.43,5.6,1.2,9.34,0.95,2,1.2,2.04,3.91,8.0,1.87,4.0,2.2,0.6,5.79,5.8,1,0
2024-04-28,SP1,15:15,Granada,Osasuna,H,H,2023/2024,12,1.64,5,57.89,4,5.05,3.79,4.4,40.0,1.6,47.37,2.52,17,60.0,4.56,5.0,1.6,8.89,1.26,2,1.0,2.1,4.33,8.4,1.81,4.0,1.9,1.0,4.47,4.4,1,0
2024-05-11,SP1,20:00,Ath Bilbao,Osasuna,D,A,2023/2024,15,1.97,14,57.89,6,5.05,3.79,4.2,20.0,1.8,57.89,2.01,9,80.0,5.64,3.8,1.2,9.42,2.21,3,1.2,1.83,3.78,10.4,2.07,6.2,1.97,0.8,5.95,4.8,1,1
2024-05-19,SP1,18:00,Ath Madrid,Osasuna,A,A,2023/2024,15,2.27,9,57.89,2,5.05,3.79,3.8,80.0,1.6,78.95,1.76,12,100.0,4.56,4.0,1.6,8.82,2.21,6,2.0,1.97,4.26,8.4,1.91,4.6,1.97,1.8,4.21,5.2,1,1
2024-08-29,SP1,18:00,Girona,Osasuna,H,H,2024/2025,10,2.07,9,31.58,5,6.0,4.32,0.0,100.0,4.0,68.42,1.91,10,100.0,5.48,0.0,4.0,8.74,1.42,0,0.0,1.96,3.26,5.0,1.94,5.0,2.07,0.0,5.42,5.0,1,0
2024-09-16,SP1,20:00,Vallecano,Osasuna,H,A,2024/2025,17,1.57,15,31.58,6,6.0,4.32,2.0,100.0,3.5,52.63,2.71,12,100.0,5.91,5.0,2.0,9.96,1.26,2,0.5,2.15,4.05,8.5,1.76,6.5,2.16,1.5,5.74,6.0,1,1
2024-09-24,SP1,18:00,Valencia,Osasuna,D,D,2024/2025,10,1.54,11,31.58,2,6.0,4.32,3.0,25.0,2.33,47.37,2.79,6,66.67,6.24,5.0,1.0,10.42,1.37,2,0.33,1.83,4.18,11.0,2.08,8.0,1.93,0.75,5.84,7.33,0,1
2024-10-05,SP1,15:15,Getafe,Osasuna,D,H,2024/2025,11,1.46,10,31.58,3,6.0,4.32,2.75,0.0,2.0,26.32,2.94,17,50.0,4.53,1.8,0.8,8.15,0.79,2,0.5,2.02,3.62,6.55,1.85,3.8,2.13,0.4,3.63,6.5,0,0
2024-10-27,SP1,20:00,Sociedad,Osasuna,A,A,2024/2025,19,1.74,14,31.58,9,6.0,4.32,3.0,40.0,1.6,42.11,2.31,7,40.0,6.79,4.2,1.0,10.82,1.05,4,0.8,1.9,4.03,10.8,2.02,7.8,2.12,1.4,6.74,8.0,0,1
2024-11-09,SP1,13:00,Real Madrid,Osasuna,H,H,2024/2025,18,2.92,16,31.58,8,6.0,4.32,3.6,80.0,1.6,63.16,1.49,9,40.0,7.77,3.8,2.6,11.78,2.37,0,0.8,1.97,4.01,10.8,1.94,7.2,1.94,1.4,8.42,9.2,1,1
2024-12-02,SP1,20:00,Sevilla,Osasuna,D,D,2024/2025,12,1.72,15,31.58,5,6.0,4.32,3.0,20.0,1.2,26.32,2.33,11,20.0,5.81,3.6,1.0,9.83,0.89,3,0.8,2.07,4.02,8.6,1.83,5.6,1.98,0.8,5.21,8.8,0,0
2024-12-14,SP1,13:00,Espanol,Osasuna,D,D,2024/2025,9,1.68,13,31.58,3,6.0,4.32,2.8,60.0,1.2,36.84,2.37,13,20.0,5.07,3.6,1.2,9.44,1.21,0,0.8,1.92,4.37,8.4,1.99,5.6,2.01,1.2,4.05,7.8,0,0
2025-01-12,SP1,15:15,Ath Madrid,Osasuna,H,D,2024/2025,9,2.06,14,31.58,5,6.0,4.32,2.4,40.0,1.2,52.63,1.91,8,20.0,6.11,1.4,2.0,9.72,2.21,1,0.6,1.92,3.61,8.6,1.97,6.2,1.96,0.8,5.84,7.8,0,0
2025-01-24,SP1,20:00,Las Palmas,Osasuna,D,D,2024/2025,16,1.81,17,31.58,7,6.0,4.32,2.0,60.0,1.4,47.37,2.24,14,20.0,5.29,3.0,1.4,9.14,1.11,4,0.4,1.79,3.85,5.4,2.1,3.4,2.2,1.4,5.21,5.8,0,0
2025-02-10,SP1,20:00,Mallorca,Osasuna,D,D,2024/2025,10,1.57,11,31.58,2,6.0,4.32,3.6,60.0,0.8,47.37,2.71,7,0.0,4.91,6.0,1.2,9.71,1.05,4,0.6,1.86,4.8,7.2,2.03,3.6,1.99,1.8,4.63,5.0,0,1
2025-02-21,SP1,20:00,Celta,Osasuna,H,D,2024/2025,12,1.96,13,31.58,5,6.0,4.32,4.2,40.0,0.8,57.89,2.01,11,0.0,4.89,5.0,1.8,9.15,1.68,1,0.4,2.04,4.26,8.2,1.88,4.0,2.01,0.8,4.53,5.0,0,0
2025-03-27,SP1,20:00,Barcelona,Osasuna,H,H,2024/2025,19,3.6,14,31.58,5,6.0,4.32,4.2,60.0,1.4,68.42,1.34,7,20.0,7.61,3.0,3.2,11.43,2.74,0,0.4,1.93,3.82,12.8,1.94,8.6,2.11,0.2,8.53,5.6,1,1
2025-03-30,SP1,17:30,Ath Bilbao,Osasuna,D,D,2024/2025,11,1.94,12,31.58,5,6.0,4.32,5.0,40.0,1.2,36.84,1.99,12,20.0,5.67,2.8,2.2,9.69,1.68,2,0.4,2.14,4.02,12.4,1.76,7.4,2.09,0.4,5.26,5.4,0,0
2025-04-07,SP1,20:00,Leganes,Osasuna,D,D,2024/2025,13,1.5,14,31.58,7,6.0,4.32,6.2,40.0,1.2,47.37,2.84,18,20.0,3.79,6.4,1.4,8.81,1.21,6,0.4,2.0,5.02,9.0,1.9,2.8,2.07,1.6,2.68,5.4,0,1
2025-04-20,SP1,13:00,Valladolid,Osasuna,A,A,2024/2025,12,1.84,17,31.58,5,6.0,4.32,4.4,60.0,1.4,47.37,2.36,12,40.0,4.88,3.2,0.6,9.4,0.58,6,0.8,1.88,4.52,9.8,1.99,5.4,2.04,2.6,4.26,5.0,1,0
2025-05-03,SP1,15:15,Villarreal,Osasuna,H,H,2024/2025,15,2.43,18,31.58,5,6.0,4.32,5.2,60.0,2.0,73.68,1.65,10,60.0,5.57,5.4,1.6,10.19,2.26,4,1.2,2.01,4.62,12.6,1.87,7.4,1.98,1.2,5.26,4.4,1,0
2025-05-11,SP1,20:00,Betis,Osasuna,D,D,2024/2025,10,2.25,12,31.58,5,6.0,4.32,5.8,60.0,1.6,57.89,1.81,8,40.0,5.44,3.8,2.0,9.74,1.68,5,1.4,2.07,4.3,11.4,1.81,5.6,1.83,1.0,5.42,4.0,0,1
2025-05-24,SP1,20:00,Alaves,Osasuna,D,D,2024/2025,14,1.68,6,31.58,5,6.0,4.32,6.8,0.0,1.8,15.79,2.37,15,40.0,5.66,5.6,0.6,10.46,0.74,5,1.6,2.06,4.8,12.2,1.84,5.4,2.03,0.4,5.79,4.4,0,1
2025-08-19,SP1,20:00,Real Madrid,Osasuna,H,D,2025/2026,18,2.8,12,20.0,5,5.2,2.8,0.0,0.0,1.0,50.0,1.46,10,0.0,6.33,0.0,1.0,8.55,2.3,0,0.0,1.81,2.22,7.0,1.97,7.0,1.83,0.0,6.6,7.0,0,0
2025-08-31,SP1,18:30,Espanol,Osasuna,H,D,2025/2026,10,1.58,14,20.0,4,5.2,2.8,1.5,50.0,1.0,45.45,2.5,13,0.0,4.5,3.0,1.5,7.7,1.18,3,0.0,1.84,3.2,3.0,1.93,1.5,2.15,0.5,4.73,4.5,0,0
2025-09-20,SP1,17:30,Villarreal,Osasuna,H,A,2025/2026,26,1.84,11,20.0,8,5.2,2.8,1.0,66.67,1.33,60.0,2.05,10,33.33,5.58,0.67,3.0,8.24,2.3,3,0.33,1.9,2.66,9.33,1.92,8.33,1.98,0.33,5.3,5.33,1,0
2025-09-28,SP1,20:00,Betis,Osasuna,H,H,2025/2026,12,1.85,7,20.0,6,5.2,2.8,2.0,50.0,1.5,50.0,2.05,6,25.0,4.84,5.5,1.75,8.3,2.0,1,0.25,1.88,3.46,6.25,1.94,4.25,2.02,0.75,4.7,5.25,0,0
2025-10-18,SP1,20:00,Ath Madrid,Osasuna,H,D,2025/2026,18,2.1,11,20.0,9,5.2,2.8,2.0,40.0,1.4,50.0,1.77,10,20.0,7.22,3.0,2.4,10.21,2.3,2,0.2,1.98,2.99,9.4,1.83,7.4,1.86,1.0,8.5,5.0,0,0
2025-11-03,SP1,20:00,Oviedo,Osasuna,D,D,2025/2026,8,1.7,17,20.0,2,5.2,2.8,2.4,20.0,1.2,20.0,2.28,17,20.0,4.73,5.8,0.4,8.44,0.3,5,0.2,1.78,3.71,7.0,2.03,4.6,2.08,1.4,4.6,4.4,0,0
2025-11-08,SP1,15:15,Sevilla,Osasuna,H,D,2025/2026,10,1.83,13,20.0,4,5.2,2.8,3.0,80.0,1.2,70.0,2.12,21,20.0,5.24,3.8,1.8,8.24,1.4,3,0.2,2.0,3.0,8.2,1.84,5.2,1.91,1.6,5.3,5.0,0,1
2025-11-29,SP1,13:00,Mallorca,Osasuna,D,D,2025/2026,7,1.6,15,20.0,4,5.2,2.8,4.6,20.0,1.2,50.0,2.45,10,20.0,3.54,8.0,1.2,7.94,1.4,2,0.4,22.0,4.4,7.6,1.95,3.0,1.84,0.8,2.8,4.0,1,0
2025-12-13,SP1,17:30,Barcelona,Osasuna,H,D,2025/2026,24,3.7,8,20.0,7,5.2,2.8,3.8,80.0,1.2,88.89,1.31,5,20.0,6.61,3.8,3.0,9.77,3.11,2,0.4,1.84,3.16,10.8,1.99,7.0,2.08,0.6,7.33,5.8,0,1
2026-01-10,SP1,17:30,Girona,Osasuna,H,H,2025/2026,8,1.67,13,20.0,4,5.2,2.8,3.6,40.0,1.2,50.0,2.36,14,20.0,5.07,3.0,1.2,8.19,0.9,1,0.4,1.83,3.12,8.4,1.99,4.8,2.1,1.4,5.0,5.4,0,0
2025-08-15,SP1,20:30,Villarreal,Oviedo,H,H,2025/2026,25,2.03,8,40.0,10,6.1,3.7,1.0,0.0,2.0,60.0,1.89,10,0.0,6.44,1.0,2.0,9.63,2.3,4,0.0,1.98,3.19,11.0,1.81,10.0,1.96,0.0,5.3,10.0,0,1
2025-09-13,SP1,13:00,Getafe,Oviedo,H,H,2025/2026,10,1.37,18,40.0,3,6.1,3.7,2.0,0.0,2.0,20.0,3.4,12,0.0,5.21,3.0,2.0,8.79,0.8,1,0.0,1.9,3.58,6.0,1.93,4.0,1.85,0.0,4.7,7.0,0,0
2025-09-21,SP1,17:30,Elche,Oviedo,H,H,2025/2026,15,1.67,18,40.0,5,6.1,3.7,2.33,0.0,1.67,54.55,2.35,9,0.0,4.61,2.67,1.33,8.03,1.73,4,0.0,1.9,3.42,5.0,1.9,2.67,1.86,0.33,4.09,5.67,0,0
2025-09-30,SP1,19:00,Valencia,Oviedo,A,H,2025/2026,16,1.67,12,40.0,5,6.1,3.7,2.75,50.0,1.5,20.0,2.3,14,25.0,6.52,5.75,1.75,10.43,1.2,4,0.5,1.93,3.91,9.25,1.89,6.5,1.93,0.75,6.9,5.5,1,0
2025-10-25,SP1,13:00,Girona,Oviedo,D,A,2025/2026,8,1.85,16,40.0,6,6.1,3.7,3.0,60.0,1.8,50.0,2.07,13,40.0,5.64,4.4,1.0,9.34,0.9,5,1.0,1.83,3.7,10.0,1.98,7.0,1.88,2.0,5.0,6.6,1,1
2025-11-09,SP1,13:00,Ath Bilbao,Oviedo,H,H,2025/2026,21,1.62,8,40.0,7,6.1,3.7,3.6,20.0,1.6,40.0,2.38,12,40.0,6.01,3.6,0.8,9.81,1.0,2,1.0,1.95,3.8,9.4,1.84,5.8,1.82,0.8,6.0,6.0,0,1
2025-11-29,SP1,20:00,Ath Madrid,Oviedo,H,H,2025/2026,14,2.3,8,40.0,8,6.1,3.7,3.4,60.0,1.6,50.0,1.66,5,40.0,7.82,2.8,2.8,11.42,2.3,1,1.0,22.0,3.6,13.0,1.82,9.6,1.97,0.6,8.5,6.6,0,0
2025-12-14,SP1,13:00,Sevilla,Oviedo,H,H,2025/2026,13,1.65,12,40.0,7,6.1,3.7,3.4,60.0,2.2,70.0,2.4,11,60.0,5.78,4.2,2.0,9.35,1.4,1,1.0,1.93,3.57,9.8,1.86,6.4,2.08,1.2,5.3,7.0,1,0
2026-01-04,SP1,17:30,Alaves,Oviedo,D,D,2025/2026,18,1.36,20,40.0,7,6.1,3.7,4.0,40.0,2.2,50.0,3.4,11,40.0,5.8,6.0,1.0,9.96,1.2,6,0.8,1.98,4.16,8.2,1.82,4.2,1.93,1.0,5.7,7.2,0,1
2023-08-12,SP1,20:30,Ath Bilbao,Real Madrid,A,A,2023/2024,7,2.03,6,52.63,1,4.53,5.05,5.0,0.0,0.0,57.89,2.04,18,0.0,5.81,5.0,0.0,10.48,2.21,8,2.0,1.9,4.67,12.0,1.99,7.0,1.96,2.0,5.95,7.0,0,1
2023-08-19,SP1,18:30,Almeria,Real Madrid,A,D,2023/2024,20,2.95,13,52.63,8,4.53,5.05,5.0,50.0,0.5,68.42,1.46,10,50.0,4.89,4.0,0.5,9.69,1.16,9,2.5,1.9,4.8,11.0,2.01,6.0,1.96,2.5,4.74,5.5,1,0
2023-08-25,SP1,20:30,Celta,Real Madrid,A,D,2023/2024,13,2.23,14,52.63,4,4.53,5.05,5.0,0.0,0.33,42.11,1.89,19,33.33,5.28,3.5,0.0,9.75,1.11,3,2.0,2.0,4.47,10.0,1.91,5.0,2.19,1.5,5.79,4.67,0,0
2023-09-24,SP1,20:00,Ath Madrid,Real Madrid,H,H,2023/2024,10,1.95,10,52.63,4,4.53,5.05,6.5,100.0,1.0,78.95,2.04,13,50.0,4.4,7.0,3.0,9.92,2.21,5,1.75,1.87,5.52,11.0,2.04,4.5,1.94,1.0,4.21,5.0,1,1
2023-09-30,SP1,17:30,Girona,Real Madrid,A,A,2023/2024,13,2.57,14,52.63,3,4.53,5.05,6.0,75.0,0.8,68.42,1.63,13,60.0,4.25,4.0,2.25,9.0,2.79,7,2.0,2.0,4.75,9.25,1.88,3.25,1.91,1.5,4.32,4.2,1,0
2023-10-21,SP1,17:30,Sevilla,Real Madrid,D,D,2023/2024,17,2.44,6,52.63,7,4.53,5.05,6.2,60.0,1.0,57.89,1.64,13,60.0,5.21,4.2,2.0,10.17,1.42,5,1.8,1.88,4.96,13.8,2.01,7.6,2.0,1.2,5.37,3.6,0,0
2023-10-28,SP1,15:15,Barcelona,Real Madrid,A,H,2023/2024,15,2.32,15,52.63,3,4.53,5.05,5.8,60.0,1.0,57.89,1.82,15,60.0,6.21,4.2,2.2,10.71,2.26,4,1.6,2.03,4.5,12.6,1.9,6.8,2.06,0.8,7.26,4.0,1,0
2023-11-26,SP1,17:30,Cadiz,Real Madrid,A,A,2023/2024,13,2.14,16,52.63,4,4.53,5.05,5.6,60.0,1.0,26.32,2.08,16,80.0,4.54,3.6,1.0,9.03,0.84,5,2.0,1.86,4.49,9.4,2.05,3.8,2.13,1.4,4.74,4.2,1,0
2023-12-09,SP1,15:15,Betis,Real Madrid,D,D,2023/2024,14,2.34,7,52.63,6,4.53,5.05,4.6,40.0,0.6,36.84,1.75,14,60.0,5.53,3.8,1.8,10.28,1.42,2,2.0,2.12,4.75,11.0,1.82,6.4,1.93,0.4,6.0,4.6,0,1
2023-12-21,SP1,20:30,Alaves,Real Madrid,A,D,2023/2024,8,2.13,13,52.63,2,4.53,5.05,4.4,20.0,0.6,26.32,1.89,18,40.0,5.49,3.4,1.0,10.11,1.21,4,1.6,2.01,4.62,12.0,1.9,7.6,2.11,0.8,5.63,5.0,0,0
2024-01-27,SP1,15:15,Las Palmas,Real Madrid,A,D,2023/2024,7,2.45,14,52.63,2,4.53,5.05,4.4,60.0,0.6,31.58,1.67,17,60.0,4.74,6.4,1.6,9.88,1.05,5,1.8,2.04,5.14,8.0,1.84,3.6,2.07,1.0,5.11,4.4,1,0
2024-02-01,SP1,20:00,Getafe,Real Madrid,A,A,2023/2024,10,1.99,5,52.63,2,4.53,5.05,5.0,20.0,0.4,31.58,2.13,16,40.0,4.14,3.6,1.0,8.81,1.05,9,1.8,1.98,4.67,8.6,1.91,3.6,2.16,1.0,4.16,3.6,0,0
2024-02-18,SP1,13:00,Vallecano,Real Madrid,D,D,2023/2024,8,2.2,7,52.63,3,4.53,5.05,6.2,20.0,0.6,36.84,1.83,17,20.0,5.44,2.4,0.4,9.95,0.95,4,1.4,1.83,4.51,13.8,2.06,7.6,1.92,1.2,5.79,3.6,0,1
2024-03-02,SP1,20:00,Valencia,Real Madrid,D,H,2023/2024,12,1.99,11,52.63,5,4.53,5.05,5.4,60.0,0.8,36.84,2.0,18,40.0,3.97,3.0,1.6,8.68,1.05,5,1.6,1.88,4.71,8.8,2.0,3.4,1.86,0.8,4.11,2.4,1,0
2024-03-16,SP1,15:15,Osasuna,Real Madrid,A,A,2023/2024,9,2.17,9,52.63,4,4.53,5.05,6.2,60.0,1.2,26.32,1.89,18,60.0,4.75,4.2,1.6,9.61,1.0,9,2.2,1.97,4.86,11.2,1.92,5.0,1.83,1.8,5.16,2.8,1,1
2024-04-13,SP1,17:30,Mallorca,Real Madrid,A,D,2023/2024,6,1.78,7,52.63,2,4.53,5.05,5.4,40.0,1.0,26.32,2.28,18,40.0,5.37,3.8,1.0,9.95,0.89,9,2.0,2.02,4.58,11.4,1.86,6.0,2.06,0.8,6.0,3.4,0,0
2024-04-26,SP1,20:00,Sociedad,Real Madrid,A,A,2023/2024,9,1.75,11,52.63,3,4.53,5.05,4.8,40.0,1.0,31.58,2.47,13,40.0,5.69,2.4,1.0,10.07,1.37,3,1.8,1.83,4.38,13.6,2.12,8.8,1.94,1.4,5.74,5.2,0,1
2024-05-11,SP1,17:30,Granada,Real Madrid,A,A,2023/2024,12,2.38,10,52.63,1,4.53,5.05,3.8,60.0,0.8,47.37,1.76,11,60.0,4.55,5.2,1.4,9.53,1.26,7,2.4,1.9,4.98,7.4,2.0,3.6,2.19,1.6,4.47,6.0,1,1
2024-05-19,SP1,18:00,Villarreal,Real Madrid,D,A,2023/2024,21,3.1,12,52.63,7,4.53,5.05,4.0,80.0,1.2,73.68,1.45,15,60.0,5.58,3.0,2.4,10.03,1.89,6,2.8,1.85,4.45,9.0,2.02,5.0,2.0,1.6,6.05,6.2,1,0
2024-08-18,SP1,20:30,Mallorca,Real Madrid,D,A,2024/2025,12,2.15,6,52.63,5,4.89,4.37,7.0,0.0,1.0,47.37,1.84,11,0.0,5.37,7.0,1.0,10.63,1.05,4,1.0,1.91,5.26,15.0,2.08,8.0,1.95,1.0,4.63,8.0,0,1
2024-08-29,SP1,20:30,Las Palmas,Real Madrid,D,H,2024/2025,7,2.57,13,52.63,3,4.89,4.37,6.5,50.0,1.0,47.37,1.63,16,0.0,4.99,4.5,1.5,9.47,1.11,8,1.0,1.86,4.48,10.5,2.02,4.0,1.99,1.5,5.21,5.0,0,0
2024-09-14,SP1,20:00,Sociedad,Real Madrid,A,D,2024/2025,11,1.91,9,52.63,2,4.89,4.37,6.33,66.67,0.67,42.11,2.04,12,0.0,6.26,5.67,0.67,10.8,1.05,7,1.33,1.93,4.54,14.33,1.94,8.0,2.06,2.0,6.74,5.33,0,1
2024-09-29,SP1,20:00,Ath Madrid,Real Madrid,D,D,2024/2025,12,1.92,11,52.63,4,4.89,4.37,6.0,50.0,0.75,52.63,2.13,11,0.0,5.51,5.0,1.75,9.87,2.21,4,1.25,1.86,4.36,11.5,2.04,5.5,1.93,0.25,5.84,5.25,0,0
2024-10-19,SP1,20:00,Celta,Real Madrid,A,A,2024/2025,13,2.47,13,52.63,5,4.89,4.37,5.2,60.0,0.8,57.89,1.63,16,20.0,4.67,3.8,1.6,8.93,1.68,3,1.4,2.06,4.26,9.4,1.84,4.2,2.0,1.2,4.53,5.4,1,0
2024-11-24,SP1,17:30,Leganes,Real Madrid,A,A,2024/2025,4,2.2,11,52.63,0,4.89,4.37,4.6,40.0,0.6,47.37,1.81,17,40.0,3.34,4.2,0.8,8.01,1.21,9,1.8,2.05,4.67,6.8,1.89,2.2,2.15,1.0,2.68,4.2,1,0
2024-12-04,SP1,20:00,Ath Bilbao,Real Madrid,H,D,2024/2025,9,2.05,9,52.63,3,4.89,4.37,3.8,40.0,0.8,36.84,1.9,21,60.0,5.08,4.0,1.8,9.13,1.68,5,1.8,2.02,4.05,8.6,1.88,4.8,1.96,0.8,5.26,4.8,1,0
2024-12-07,SP1,20:00,Girona,Real Madrid,A,A,2024/2025,10,2.62,7,52.63,4,4.89,4.37,3.2,80.0,0.8,68.42,1.63,6,80.0,5.28,2.8,2.0,9.17,1.42,7,2.0,2.0,3.89,9.2,1.92,6.0,2.13,1.8,5.42,4.8,1,0
2024-12-14,SP1,20:00,Vallecano,Real Madrid,D,D,2024/2025,14,2.12,8,52.63,5,4.89,4.37,2.8,60.0,1.2,52.63,1.86,18,100.0,5.4,4.2,1.4,9.48,1.26,6,2.4,2.06,4.08,8.4,1.83,5.6,2.12,1.8,5.74,4.6,1,0
2025-01-03,SP1,20:00,Valencia,Real Madrid,A,H,2024/2025,8,2.42,9,52.63,5,4.89,4.37,3.4,80.0,1.2,47.37,1.69,16,100.0,5.39,3.8,1.8,9.51,1.37,5,2.4,2.03,4.12,9.2,1.87,5.8,2.0,2.0,5.84,3.8,1,0
2025-01-25,SP1,20:00,Valladolid,Real Madrid,A,A,2024/2025,6,2.77,12,52.63,2,4.89,4.37,4.0,40.0,1.2,47.37,1.53,11,100.0,4.15,6.4,0.6,8.98,0.58,4,2.4,1.97,4.83,6.2,1.91,2.2,2.06,1.8,4.26,3.6,1,0
2025-02-01,SP1,20:00,Espanol,Real Madrid,H,D,2024/2025,5,2.77,3,52.63,2,4.89,4.37,5.2,20.0,1.0,36.84,1.54,14,80.0,4.11,6.0,1.0,8.99,1.21,7,2.2,1.95,4.88,9.0,1.95,3.8,1.92,0.6,4.05,2.8,0,0
2025-02-15,SP1,15:15,Osasuna,Real Madrid,D,A,2024/2025,11,2.9,7,52.63,4,4.89,4.37,5.0,60.0,1.2,57.89,1.54,16,60.0,4.73,3.4,1.4,8.97,1.74,6,1.8,2.0,4.24,10.4,1.9,5.4,2.15,1.4,4.89,2.8,0,0
2025-03-01,SP1,17:30,Betis,Real Madrid,H,D,2024/2025,18,2.45,12,52.63,3,4.89,4.37,4.8,80.0,1.0,57.89,1.63,17,60.0,5.06,4.4,1.8,9.34,1.68,2,1.4,1.99,4.28,9.6,1.9,4.8,2.05,1.4,5.42,3.8,1,1
2025-03-15,SP1,17:30,Villarreal,Real Madrid,A,A,2024/2025,23,2.55,3,52.63,10,4.89,4.37,4.6,60.0,1.0,73.68,1.65,17,60.0,5.3,5.4,2.4,9.89,2.26,5,1.4,1.94,4.59,10.8,1.94,6.2,1.99,1.0,5.26,5.6,1,1
2025-04-13,SP1,15:15,Alaves,Real Madrid,A,A,2024/2025,13,2.1,12,52.63,6,4.89,4.37,4.0,0.0,1.0,15.79,1.89,21,40.0,5.59,3.6,0.2,9.94,0.74,4,1.0,1.84,4.35,9.6,2.07,5.6,1.95,1.0,5.79,6.2,0,0
2025-04-23,SP1,20:30,Getafe,Real Madrid,A,A,2024/2025,20,1.8,7,52.63,6,4.89,4.37,3.2,80.0,0.8,26.32,2.23,15,40.0,4.22,3.2,1.0,8.05,0.79,7,1.2,2.06,3.83,6.4,1.83,3.2,1.83,1.8,3.63,6.8,0,0
2025-05-11,SP1,15:15,Barcelona,Real Madrid,H,H,2024/2025,23,4.21,15,52.63,9,4.89,4.37,3.2,60.0,1.4,68.42,1.35,17,60.0,7.59,2.0,2.8,11.24,2.74,5,1.6,1.93,3.65,12.4,1.96,9.2,2.06,1.6,8.53,7.6,1,1
2025-05-18,SP1,18:00,Sevilla,Real Madrid,A,D,2024/2025,6,2.51,9,52.63,1,4.89,4.37,4.2,40.0,1.0,26.32,1.61,7,40.0,5.15,4.8,1.0,9.44,0.89,6,1.8,2.02,4.29,8.8,1.84,4.6,1.97,1.4,5.21,6.0,0,0
2025-08-24,SP1,20:30,Oviedo,Real Madrid,A,A,2025/2026,6,2.12,7,70.0,3,4.1,6.1,9.0,100.0,0.0,20.0,1.85,8,100.0,3.76,9.0,0.0,10.27,0.3,10,3.0,1.95,6.51,10.0,1.87,1.0,2.05,3.0,4.6,1.0,1,0
2025-09-13,SP1,15:15,Sociedad,Real Madrid,A,A,2025/2026,23,2.3,7,70.0,4,4.1,6.1,6.5,100.0,0.5,70.0,1.67,17,100.0,6.15,3.0,1.5,11.53,1.5,6,2.5,2.04,5.38,15.0,1.8,8.5,2.0,2.0,6.6,6.5,1,1
2025-09-23,SP1,20:30,Levante,Real Madrid,A,A,2025/2026,11,3.0,9,70.0,2,4.1,6.1,6.67,100.0,0.67,62.5,1.45,17,100.0,4.07,10.0,1.67,10.75,1.0,10,3.0,1.9,6.68,8.34,1.92,1.67,2.03,3.0,4.38,4.67,1,0
2025-09-27,SP1,15:15,Ath Madrid,Real Madrid,H,D,2025/2026,13,2.1,14,70.0,7,4.1,6.1,5.5,50.0,1.75,50.0,1.83,17,100.0,7.05,3.25,2.75,12.23,2.3,2,2.75,2.0,5.18,13.75,1.82,8.25,1.98,1.25,8.5,5.25,1,0
2025-10-19,SP1,20:00,Getafe,Real Madrid,A,D,2025/2026,7,1.91,11,70.0,1,4.1,6.1,5.2,0.0,1.4,20.0,1.98,27,80.0,4.38,4.0,1.0,9.71,0.8,10,2.4,2.03,5.33,8.45,1.8,3.25,2.1,0.75,4.7,4.4,0,0
2025-11-09,SP1,15:15,Vallecano,Real Madrid,D,D,2025/2026,13,2.63,7,70.0,2,4.1,6.1,5.0,0.0,1.4,11.11,1.53,17,60.0,6.28,5.6,0.6,11.89,0.78,5,1.8,2.05,5.61,12.6,1.77,7.6,1.85,0.6,7.22,5.2,0,1
2025-11-23,SP1,20:00,Elche,Real Madrid,D,D,2025/2026,15,2.7,8,70.0,6,4.1,6.1,5.8,40.0,1.6,54.55,1.5,10,60.0,3.97,3.6,1.2,9.15,1.73,7,1.8,2.03,5.18,9.6,1.82,3.8,1.93,0.8,4.09,3.2,1,0
2025-11-30,SP1,20:00,Girona,Real Madrid,D,H,2025/2026,10,3.3,13,70.0,4,4.1,6.1,5.4,40.0,1.6,50.0,1.36,9,40.0,4.65,4.2,1.4,9.89,0.9,4,1.2,22.0,5.24,10.8,1.93,5.4,1.98,1.0,5.0,3.4,0,0
2025-12-03,SP1,18:00,Ath Bilbao,Real Madrid,A,A,2025/2026,9,1.93,4,70.0,4,4.1,6.1,6.4,40.0,0.6,40.0,1.93,15,40.0,5.18,3.8,0.8,10.6,1.0,8,1.4,2.03,5.42,12.0,1.79,5.6,1.91,1.2,6.0,3.0,1,1
2025-12-14,SP1,20:00,Alaves,Real Madrid,A,A,2025/2026,6,2.1,13,70.0,2,4.1,6.1,7.0,40.0,0.8,50.0,1.8,12,60.0,4.98,4.6,0.8,10.62,1.2,6,1.6,2.05,5.64,11.4,1.78,4.4,2.0,0.8,5.7,3.8,1,1
2023-08-21,SP1,18:00,Alaves,Sevilla,H,D,2023/2024,14,1.56,13,42.11,7,5.79,4.11,4.0,100.0,4.0,26.32,2.69,14,100.0,5.34,4.0,4.0,9.47,1.21,2,3.0,2.08,4.13,8.0,1.83,4.0,2.14,3.0,5.63,4.0,1,0
2023-09-23,SP1,15:15,Osasuna,Sevilla,D,D,2023/2024,16,1.74,7,42.11,2,5.79,4.11,4.0,33.33,2.0,26.32,2.35,11,50.0,5.5,4.0,0.33,9.6,1.0,3,1.5,2.18,4.1,10.67,1.81,6.67,1.96,1.33,5.16,5.5,0,1
2023-09-29,SP1,20:00,Barcelona,Sevilla,H,D,2023/2024,18,2.97,15,42.11,5,5.79,4.11,3.67,50.0,1.67,57.89,1.48,11,33.33,7.09,3.25,2.75,10.77,2.26,3,1.0,1.88,3.68,12.17,2.04,8.5,1.99,0.5,7.26,8.0,0,1
2023-10-28,SP1,20:00,Cadiz,Sevilla,D,H,2023/2024,10,1.76,12,42.11,5,5.79,4.11,3.75,40.0,1.75,26.32,2.35,17,50.0,5.14,3.4,1.2,8.91,0.84,10,1.25,2.0,3.77,8.15,1.9,4.4,2.1,1.0,4.74,6.5,1,0
2023-11-04,SP1,17:30,Celta,Sevilla,D,H,2023/2024,15,1.97,10,42.11,3,5.79,4.11,4.2,40.0,1.6,42.11,2.13,14,40.0,5.95,4.2,0.8,9.89,1.11,5,1.2,2.03,3.94,11.4,1.87,7.2,1.88,1.6,5.79,6.0,0,0
2023-11-26,SP1,15:15,Sociedad,Sevilla,H,H,2023/2024,11,1.85,8,42.11,8,5.79,4.11,4.2,60.0,1.2,31.58,2.26,22,40.0,5.62,4.0,2.0,9.58,1.37,2,0.8,1.91,3.96,8.4,1.97,4.2,2.14,1.0,5.74,6.0,1,0
2023-12-09,SP1,20:00,Mallorca,Sevilla,H,H,2023/2024,6,1.54,6,42.11,3,5.79,4.11,5.8,0.0,1.4,26.32,2.84,15,40.0,5.83,5.0,0.6,10.05,0.89,5,0.8,2.04,4.22,11.2,1.87,5.4,2.18,0.4,6.0,5.4,0,1
2023-12-19,SP1,20:30,Granada,Sevilla,A,A,2023/2024,12,1.88,18,42.11,3,5.79,4.11,6.0,60.0,1.2,47.37,2.37,10,60.0,4.61,5.8,1.2,9.35,1.26,5,1.4,1.85,4.74,9.0,2.06,3.0,2.2,2.0,4.47,4.0,1,0
2023-12-23,SP1,15:15,Ath Madrid,Sevilla,H,D,2023/2024,12,2.14,19,42.11,4,5.79,4.11,6.2,60.0,1.0,78.95,1.83,12,40.0,4.7,7.6,2.0,9.74,2.21,2,1.0,2.02,5.04,10.8,1.87,4.6,1.94,1.0,4.21,4.8,0,1
2024-01-21,SP1,20:00,Girona,Sevilla,H,H,2023/2024,12,2.34,11,42.11,8,5.79,4.11,6.0,80.0,1.8,68.42,1.72,9,60.0,4.68,4.6,3.0,8.97,2.79,3,1.0,2.0,4.29,9.8,1.9,3.8,1.96,1.2,4.32,4.8,1,0
2024-02-05,SP1,20:00,Vallecano,Sevilla,A,A,2023/2024,22,1.7,10,42.11,5,5.79,4.11,5.2,20.0,1.6,36.84,2.49,8,60.0,5.85,1.2,0.4,9.62,0.95,6,1.2,2.04,3.77,12.2,1.86,7.0,2.13,1.2,5.79,5.2,1,0
2024-02-17,SP1,20:00,Valencia,Sevilla,D,D,2023/2024,14,1.61,8,42.11,4,5.79,4.11,3.2,40.0,1.4,36.84,2.54,5,60.0,4.67,3.8,1.4,8.72,1.05,1,1.2,1.98,4.05,7.0,1.92,3.8,1.98,0.6,4.11,5.8,0,0
2024-02-25,SP1,20:00,Real Madrid,Sevilla,H,D,2023/2024,16,2.75,13,42.11,6,5.79,4.11,2.8,40.0,1.6,57.89,1.54,10,40.0,5.69,3.8,2.0,9.4,2.53,1,0.6,2.05,3.71,6.8,1.84,4.0,1.89,0.6,5.89,6.0,0,0
2024-03-11,SP1,20:00,Almeria,Sevilla,D,H,2023/2024,14,1.9,11,42.11,4,5.79,4.11,3.4,60.0,1.8,68.42,2.06,6,60.0,4.99,6.2,0.8,9.33,1.16,6,1.0,2.08,4.34,7.8,1.81,4.4,1.93,1.4,4.74,5.0,1,0
2024-03-30,SP1,13:00,Getafe,Sevilla,A,A,2023/2024,18,1.61,15,42.11,5,5.79,4.11,3.0,40.0,0.8,31.58,2.54,11,40.0,4.6,4.4,1.4,8.63,1.05,3,1.0,1.8,4.03,6.0,2.12,3.0,2.16,1.6,4.16,5.6,0,0
2024-04-14,SP1,13:00,Las Palmas,Sevilla,A,A,2023/2024,5,1.89,13,42.11,2,5.79,4.11,3.4,0.0,0.6,31.58,2.08,8,20.0,5.58,3.0,0.6,9.76,1.05,3,1.0,1.97,4.18,11.0,1.92,7.6,1.96,1.2,5.11,5.6,0,0
2024-04-28,SP1,20:00,Betis,Sevilla,D,H,2023/2024,15,1.81,20,42.11,5,5.79,4.11,4.2,60.0,0.8,36.84,2.2,9,20.0,5.89,5.2,1.6,10.22,1.42,1,1.2,2.13,4.33,10.6,1.78,6.4,1.95,1.2,6.0,5.0,0,0
2024-05-11,SP1,15:15,Villarreal,Sevilla,H,A,2023/2024,25,2.44,14,42.11,7,5.79,4.11,4.0,80.0,1.2,73.68,1.65,12,40.0,5.9,3.2,2.6,9.85,1.89,4,1.6,2.05,3.95,9.6,1.86,5.6,2.04,1.0,6.05,5.6,1,1
2024-05-19,SP1,18:00,Ath Bilbao,Sevilla,H,H,2023/2024,15,2.21,5,42.11,6,5.79,4.11,3.0,20.0,1.2,57.89,1.82,12,20.0,6.12,3.6,1.6,9.94,2.21,4,1.2,1.95,3.82,10.0,1.92,7.0,1.99,0.8,5.95,7.0,0,1
2024-08-16,SP1,20:30,Las Palmas,Sevilla,D,D,2024/2025,13,1.79,13,52.63,5,4.74,4.53,3.0,100.0,2.0,47.37,2.2,12,100.0,5.25,3.0,2.0,9.31,1.11,5,2.0,1.91,4.06,9.0,2.01,6.0,2.11,2.0,5.21,6.0,1,0
2024-08-27,SP1,18:00,Mallorca,Sevilla,D,D,2024/2025,12,1.68,10,52.63,4,4.74,4.53,6.0,0.0,1.0,47.37,2.45,15,50.0,4.93,8.0,0.5,10.28,1.05,7,1.0,1.88,5.35,12.5,2.03,6.5,1.95,0.5,4.63,5.5,0,1
2024-09-20,SP1,20:00,Alaves,Sevilla,H,H,2024/2025,10,1.66,16,52.63,4,4.74,4.53,5.67,33.33,1.33,15.79,2.46,11,66.67,5.24,6.0,1.33,10.08,0.74,2,1.0,2.06,4.84,9.67,1.84,4.0,2.08,0.33,5.79,4.67,1,0
2024-09-29,SP1,15:15,Ath Bilbao,Sevilla,D,H,2024/2025,13,1.87,7,52.63,3,4.74,4.53,6.0,20.0,1.25,36.84,2.13,6,50.0,4.91,4.8,1.2,9.35,1.68,4,1.0,1.98,4.44,9.8,1.91,3.8,1.99,0.8,5.26,4.5,0,1
2024-10-20,SP1,20:00,Barcelona,Sevilla,H,H,2024/2025,21,3.14,14,52.63,9,4.74,4.53,5.8,75.0,2.0,68.42,1.43,6,60.0,7.01,4.25,3.75,11.23,2.74,1,1.0,2.05,4.22,12.55,1.85,6.75,1.94,0.5,8.53,4.6,1,0
2024-10-25,SP1,20:00,Espanol,Sevilla,A,A,2024/2025,16,1.74,9,52.63,1,4.74,4.53,5.6,80.0,1.6,36.84,2.33,14,40.0,4.49,4.2,1.6,9.32,1.21,3,1.0,2.11,4.83,10.4,1.82,4.8,1.83,1.6,4.05,6.0,0,1
2024-11-09,SP1,20:00,Leganes,Sevilla,H,D,2024/2025,8,1.54,10,52.63,4,4.74,4.53,5.0,20.0,1.8,47.37,2.86,7,40.0,3.36,4.0,0.8,8.13,1.21,2,1.0,1.88,4.77,7.0,2.04,2.0,2.29,0.6,2.68,5.0,0,0
2024-12-08,SP1,20:00,Ath Madrid,Sevilla,H,A,2024/2025,14,2.02,8,52.63,9,4.74,4.53,4.6,60.0,2.2,52.63,1.94,11,40.0,5.58,2.2,2.4,9.61,2.21,3,1.4,2.03,4.03,11.0,1.88,6.4,2.02,1.2,5.84,5.4,1,0
2024-12-22,SP1,15:15,Real Madrid,Sevilla,H,H,2024/2025,16,3.17,14,52.63,8,4.74,4.53,4.4,60.0,2.8,63.16,1.51,5,60.0,7.08,4.0,2.4,11.31,2.37,5,1.6,1.99,4.23,11.2,1.91,6.8,2.05,1.2,8.42,5.8,1,1
2025-01-18,SP1,13:00,Girona,Sevilla,A,H,2024/2025,7,1.89,15,52.63,4,4.74,4.53,4.2,100.0,2.0,68.42,2.05,6,60.0,5.47,2.4,2.4,9.5,1.42,6,1.8,1.95,4.03,11.0,1.94,6.8,2.03,1.8,5.42,6.2,1,1
2025-02-01,SP1,13:00,Getafe,Sevilla,D,D,2024/2025,7,1.43,12,52.63,1,4.74,4.53,4.8,0.0,2.0,26.32,3.05,15,60.0,4.0,4.0,0.8,8.16,0.79,1,1.4,1.81,4.16,8.2,2.06,3.4,2.08,0.4,3.63,4.8,0,1
2025-02-16,SP1,15:15,Valladolid,Sevilla,A,A,2024/2025,7,1.67,10,52.63,2,4.74,4.53,4.0,60.0,1.8,47.37,2.43,11,80.0,4.25,5.8,0.4,9.1,0.58,6,2.2,2.04,4.85,5.8,1.86,1.8,2.06,2.4,4.26,5.4,1,0
2025-03-01,SP1,15:15,Vallecano,Sevilla,D,D,2024/2025,20,1.58,9,52.63,8,4.74,4.53,4.6,40.0,1.2,52.63,2.63,14,60.0,5.3,3.4,1.2,9.56,1.26,5,1.8,1.93,4.26,8.6,1.95,4.0,2.15,0.8,5.74,5.6,0,1
2025-03-09,SP1,20:00,Sociedad,Sevilla,A,D,2024/2025,7,1.55,12,52.63,2,4.74,4.53,4.0,60.0,0.4,42.11,2.64,14,40.0,5.91,3.0,1.2,10.04,1.05,4,1.6,2.03,4.13,8.6,1.86,4.6,2.28,1.0,6.74,5.6,0,0
2025-03-30,SP1,20:00,Betis,Sevilla,H,H,2024/2025,11,1.73,22,52.63,3,4.74,4.53,3.6,80.0,0.6,57.89,2.36,10,40.0,5.23,3.4,2.0,9.38,1.68,2,1.4,2.02,4.15,9.6,1.87,6.0,1.91,0.8,5.42,4.6,1,0
2025-04-11,SP1,20:00,Valencia,Sevilla,H,H,2024/2025,8,1.64,18,52.63,6,4.74,4.53,3.2,40.0,0.8,47.37,2.55,10,40.0,5.36,3.0,1.2,9.47,1.37,5,1.4,1.91,4.11,8.8,1.97,5.6,1.94,0.8,5.84,4.0,0,0
2025-04-24,SP1,18:00,Osasuna,Sevilla,H,H,2024/2025,9,1.58,13,52.63,2,4.74,4.53,3.6,60.0,1.0,57.89,2.76,14,20.0,4.69,3.0,1.6,8.84,1.74,3,0.6,1.81,4.15,7.6,2.08,4.0,1.97,1.4,4.89,4.2,0,0
2025-05-10,SP1,15:15,Celta,Sevilla,H,D,2024/2025,8,1.92,16,52.63,4,4.74,4.53,3.6,60.0,1.4,57.89,2.02,11,40.0,4.6,4.2,1.8,8.83,1.68,10,0.8,2.07,4.23,9.2,1.83,5.6,2.03,1.2,4.53,3.6,1,0
2025-05-25,SP1,15:15,Villarreal,Sevilla,H,H,2024/2025,12,2.6,14,52.63,7,4.74,4.53,4.0,80.0,2.2,73.68,1.61,8,60.0,4.9,5.8,2.8,9.56,2.26,6,1.0,1.89,4.66,9.2,1.97,5.2,1.93,1.2,5.26,3.0,1,0
2025-08-17,SP1,18:30,Ath Bilbao,Sevilla,H,H,2025/2026,14,1.67,12,60.0,3,6.8,5.2,1.0,100.0,3.0,40.0,2.25,8,100.0,7.0,1.0,3.0,11.11,1.0,6,2.0,1.85,4.11,11.0,1.91,10.0,1.85,2.0,6.0,10.0,1,1
2025-08-30,SP1,18:30,Girona,Sevilla,A,A,2025/2026,20,1.7,14,60.0,5,6.8,5.2,2.0,50.0,1.5,50.0,2.23,5,50.0,6.15,3.5,0.5,10.49,0.9,4,2.0,2.12,4.34,8.5,1.68,6.5,1.78,2.5,5.0,10.5,0,1
2025-09-20,SP1,17:30,Alaves,Sevilla,A,D,2025/2026,8,1.5,19,60.0,5,6.8,5.2,2.67,66.67,1.33,50.0,2.7,20,66.67,6.17,3.67,1.33,10.79,1.2,3,2.0,1.9,4.62,7.67,1.92,5.0,1.83,1.33,5.7,8.33,1,0
2025-09-28,SP1,13:00,Vallecano,Sevilla,A,D,2025/2026,18,1.8,15,60.0,6,6.8,5.2,3.0,0.0,1.0,11.11,2.1,12,50.0,7.46,5.0,0.67,12.32,0.78,1,1.75,1.84,4.86,11.67,1.97,8.67,1.88,1.0,7.22,9.25,0,1
2025-10-24,SP1,20:00,Sociedad,Sevilla,H,H,2025/2026,5,1.91,14,60.0,3,6.8,5.2,4.2,60.0,1.2,70.0,2.0,19,60.0,6.81,4.4,1.2,11.61,1.5,1,1.6,1.86,4.8,11.4,1.95,7.2,1.93,1.2,6.6,7.6,1,0
2025-11-01,SP1,15:15,Ath Madrid,Sevilla,H,D,2025/2026,15,2.25,12,60.0,6,6.8,5.2,4.8,60.0,1.2,50.0,1.75,9,60.0,7.84,3.4,2.8,12.47,2.3,2,1.2,1.95,4.63,12.0,1.91,7.2,1.87,0.8,8.5,7.4,1,1
2025-11-24,SP1,20:00,Espanol,Sevilla,H,D,2025/2026,8,1.98,7,60.0,5,6.8,5.2,6.8,60.0,1.6,45.45,1.97,18,80.0,5.5,5.0,1.2,10.74,1.18,6,1.0,1.8,5.24,12.8,2.04,6.0,2.05,1.4,4.73,6.0,1,1
2025-12-07,SP1,15:15,Valencia,Sevilla,D,D,2025/2026,11,1.73,18,60.0,3,6.8,5.2,6.4,20.0,1.6,20.0,2.22,12,60.0,6.61,2.6,0.8,11.39,1.2,1,0.8,2.0,4.78,12.0,1.81,5.6,1.85,1.2,6.9,5.6,0,0
2025-12-20,SP1,20:00,Real Madrid,Sevilla,H,H,2025/2026,18,3.15,19,60.0,8,6.8,5.2,6.6,60.0,2.0,50.0,1.4,13,60.0,6.51,2.2,2.2,10.93,2.3,5,0.6,1.98,4.42,14.0,1.87,7.4,2.0,0.8,6.6,4.4,0,1
2023-08-25,SP1,18:30,Las Palmas,Sociedad,D,D,2023/2024,11,1.58,29,47.37,5,3.68,4.74,7.0,0.0,0.0,31.58,2.59,7,0.0,4.63,6.5,0.5,9.86,1.05,1,0.0,2.07,5.23,11.0,1.84,4.0,2.01,0.5,5.11,5.0,0,1
2023-09-17,SP1,20:00,Real Madrid,Sociedad,H,A,2023/2024,17,2.0,14,47.37,8,3.68,4.74,5.0,100.0,1.0,57.89,1.99,11,50.0,5.36,2.0,2.0,9.46,2.53,5,0.5,2.08,4.1,12.5,1.85,7.5,2.06,1.0,5.89,4.5,1,0
2023-09-27,SP1,20:30,Valencia,Sociedad,A,A,2023/2024,9,1.55,17,47.37,2,3.68,4.74,4.0,50.0,0.67,36.84,2.8,14,33.33,3.91,4.25,1.25,8.43,1.05,1,0.67,2.08,4.52,8.25,1.85,4.25,1.81,0.75,4.11,3.0,0,0
2023-10-08,SP1,15:15,Ath Madrid,Sociedad,H,H,2023/2024,14,1.78,12,47.37,5,3.68,4.74,4.0,100.0,1.0,78.95,2.28,9,50.0,3.86,5.25,2.75,8.79,2.21,4,0.75,1.98,4.93,7.75,1.9,3.75,1.95,1.25,4.21,2.5,1,0
2023-10-29,SP1,15:15,Vallecano,Sociedad,D,D,2023/2024,16,1.63,16,47.37,7,3.68,4.74,4.2,60.0,1.2,36.84,2.5,17,60.0,4.86,3.8,1.4,9.13,0.95,3,1.0,2.11,4.27,9.0,1.81,4.8,2.05,2.4,5.79,2.8,1,0
2023-11-11,SP1,15:15,Almeria,Sociedad,A,D,2023/2024,7,2.07,19,47.37,2,3.68,4.74,3.8,100.0,1.4,68.42,1.9,18,80.0,4.27,4.0,1.8,8.77,1.16,6,1.6,1.97,4.5,8.4,1.92,4.6,2.13,2.6,4.74,2.8,1,0
2023-12-02,SP1,20:00,Osasuna,Sociedad,D,D,2023/2024,9,1.55,10,47.37,3,3.68,4.74,4.8,20.0,1.2,26.32,2.65,12,60.0,4.36,5.4,1.2,9.03,1.0,5,1.6,1.93,4.67,8.6,1.96,3.8,1.88,1.6,5.16,2.2,0,0
2023-12-09,SP1,17:30,Villarreal,Sociedad,A,A,2023/2024,20,1.89,22,47.37,4,3.68,4.74,5.0,80.0,1.2,73.68,2.13,10,80.0,5.21,3.0,1.4,9.59,1.89,5,2.0,1.88,4.38,11.4,2.01,6.4,1.96,2.0,6.05,3.2,1,0
2023-12-21,SP1,18:00,Cadiz,Sociedad,D,D,2023/2024,10,1.61,15,47.37,2,3.68,4.74,5.2,40.0,0.8,26.32,2.51,16,60.0,4.37,4.4,0.6,8.73,0.84,1,1.8,1.88,4.36,9.2,2.01,4.0,1.93,1.4,4.74,4.4,0,1
2024-01-13,SP1,17:30,Ath Bilbao,Sociedad,H,H,2023/2024,10,1.57,21,47.37,3,3.68,4.74,5.2,60.0,0.8,57.89,2.72,16,60.0,5.19,3.6,2.6,9.57,2.21,1,1.6,1.88,4.38,10.6,2.04,5.4,2.13,0.8,5.95,4.6,1,0
2024-01-20,SP1,20:00,Celta,Sociedad,A,A,2023/2024,6,1.5,18,47.37,2,3.68,4.74,4.8,20.0,0.6,42.11,2.93,12,40.0,5.32,3.6,1.0,9.61,1.11,2,1.2,2.14,4.29,12.2,1.79,7.4,1.83,0.8,5.79,4.8,0,0
2024-02-03,SP1,20:00,Girona,Sociedad,D,D,2023/2024,11,1.91,19,47.37,3,3.68,4.74,4.0,80.0,0.4,68.42,2.05,8,40.0,4.22,4.2,2.8,8.62,2.79,2,1.0,2.09,4.4,8.0,1.84,4.0,1.92,1.0,4.32,5.2,0,0
2024-02-18,SP1,17:30,Mallorca,Sociedad,A,D,2023/2024,4,1.33,18,47.37,1,3.68,4.74,5.2,60.0,0.6,26.32,3.77,12,40.0,5.28,3.0,1.4,9.59,0.89,5,0.8,2.17,4.31,11.0,1.75,5.8,2.08,1.4,6.0,4.8,1,1
2024-03-02,SP1,13:00,Sevilla,Sociedad,H,H,2023/2024,12,1.47,15,47.37,5,3.68,4.74,5.2,40.0,1.2,57.89,3.02,12,60.0,4.57,4.8,1.4,9.32,1.42,4,1.2,2.14,4.75,8.4,1.79,3.2,2.06,1.6,5.37,3.8,1,0
2024-03-09,SP1,17:30,Granada,Sociedad,A,H,2023/2024,13,1.57,11,47.37,6,3.68,4.74,5.4,20.0,1.2,47.37,2.61,17,60.0,4.28,5.4,1.2,9.27,1.26,8,1.6,1.92,4.99,10.8,1.98,5.4,1.98,1.2,4.47,3.6,1,0
2024-03-31,SP1,17:30,Alaves,Sociedad,A,D,2023/2024,3,1.47,15,47.37,0,3.68,4.74,6.4,20.0,1.2,26.32,2.91,10,60.0,5.06,6.0,0.8,9.97,1.21,3,1.6,2.06,4.91,13.8,1.83,7.4,1.87,1.2,5.63,3.0,0,1
2024-04-21,SP1,13:00,Getafe,Sociedad,D,D,2023/2024,6,1.5,18,47.37,4,3.68,4.74,6.4,40.0,1.4,31.58,2.88,12,60.0,3.71,4.0,1.6,8.38,1.05,3,1.8,1.89,4.67,9.0,2.01,2.6,1.94,1.4,4.16,2.4,0,0
2024-05-13,SP1,20:00,Barcelona,Sociedad,H,H,2023/2024,14,2.17,14,47.37,5,3.68,4.74,5.0,40.0,1.6,57.89,1.83,12,40.0,5.93,2.6,2.4,10.02,2.26,3,1.4,2.09,4.09,12.2,1.81,7.2,2.02,0.4,7.26,3.0,0,0
2024-05-19,SP1,18:00,Betis,Sociedad,A,A,2023/2024,18,1.58,18,47.37,9,3.68,4.74,4.4,60.0,1.0,36.84,2.75,12,20.0,5.2,4.4,1.6,9.82,1.42,2,1.4,2.08,4.62,10.4,1.82,6.0,2.09,1.8,6.0,3.8,0,0
2024-08-24,SP1,20:30,Espanol,Sociedad,A,D,2024/2025,13,1.55,18,42.11,3,5.74,4.63,4.0,0.0,0.0,36.84,2.79,14,0.0,5.06,4.0,0.0,9.76,1.21,4,1.0,1.81,4.7,11.0,2.07,7.0,1.88,1.0,4.05,7.0,0,1
2024-09-01,SP1,18:15,Getafe,Sociedad,D,D,2024/2025,16,1.38,16,42.11,1,5.74,4.63,2.5,0.0,0.0,26.32,3.66,14,0.0,4.33,1.5,0.0,8.07,0.79,0,0.5,2.06,3.74,6.0,1.83,3.5,1.86,0.0,3.63,5.5,0,0
2024-09-17,SP1,18:00,Mallorca,Sociedad,H,H,2024/2025,10,1.35,10,42.11,4,5.74,4.63,3.33,25.0,0.33,47.37,3.8,5,0.0,5.14,6.75,0.75,10.15,1.05,4,0.33,2.02,5.01,9.58,1.92,6.25,1.97,0.75,4.63,5.33,0,0
2024-09-21,SP1,13:00,Valladolid,Sociedad,D,D,2024/2025,15,1.56,12,42.11,2,5.74,4.63,4.25,0.0,0.25,47.37,2.77,15,0.0,4.7,4.33,0.33,9.49,0.58,4,0.25,1.9,4.79,8.25,1.99,4.0,1.94,0.0,4.26,5.25,0,1
2024-10-19,SP1,17:30,Girona,Sociedad,A,A,2024/2025,8,1.68,12,42.11,3,5.74,4.63,4.6,60.0,0.2,68.42,2.44,10,0.0,5.4,3.2,1.4,9.61,1.42,4,0.4,2.12,4.21,9.0,1.8,4.4,1.98,1.2,5.42,5.4,0,1
2024-11-03,SP1,17:30,Sevilla,Sociedad,A,A,2024/2025,8,1.65,17,42.11,0,5.74,4.63,5.6,20.0,0.2,26.32,2.48,6,0.0,5.3,4.6,0.8,9.85,0.89,3,0.6,1.87,4.55,10.6,2.05,5.0,2.05,1.0,5.21,5.0,0,1
2024-11-24,SP1,20:00,Ath Bilbao,Sociedad,H,H,2024/2025,12,1.55,9,42.11,4,5.74,4.63,6.2,40.0,0.4,36.84,2.82,18,0.0,5.27,4.8,2.0,9.78,1.68,1,0.6,1.98,4.51,10.6,1.89,4.4,1.92,0.8,5.26,5.0,0,0
2024-12-08,SP1,13:00,Leganes,Sociedad,A,A,2024/2025,11,1.45,15,42.11,2,5.74,4.63,5.8,60.0,0.2,47.37,3.31,12,20.0,3.65,3.4,0.8,8.5,1.21,5,1.2,2.35,4.85,8.2,1.66,2.4,1.86,1.2,2.68,5.0,1,0
2024-12-21,SP1,15:15,Celta,Sociedad,H,H,2024/2025,11,1.58,13,42.11,7,5.74,4.63,5.8,40.0,0.6,57.89,2.77,19,20.0,4.81,3.0,1.6,9.2,1.68,1,1.2,1.85,4.39,9.6,2.05,3.8,2.07,0.8,4.53,5.0,0,1
2025-01-19,SP1,20:00,Valencia,Sociedad,H,H,2024/2025,7,1.41,12,42.11,2,5.74,4.63,6.0,60.0,0.8,47.37,3.4,10,20.0,5.55,4.8,1.6,10.18,1.37,3,1.0,2.18,4.63,10.4,1.74,4.4,1.81,1.4,5.84,4.6,0,1
2025-02-02,SP1,17:30,Osasuna,Sociedad,H,H,2024/2025,11,1.58,8,42.11,4,5.74,4.63,5.2,80.0,1.2,57.89,2.63,10,40.0,4.96,4.6,1.6,9.49,1.74,3,0.8,1.83,4.53,9.4,2.08,4.2,2.18,1.6,4.89,4.2,1,0
2025-02-16,SP1,20:00,Betis,Sociedad,H,D,2024/2025,24,1.65,15,42.11,8,5.74,4.63,5.4,80.0,1.6,57.89,2.47,9,60.0,5.28,4.8,1.8,9.81,1.68,1,0.8,2.15,4.53,9.6,1.78,4.2,1.91,1.6,5.42,4.4,1,0
2025-03-02,SP1,15:15,Barcelona,Sociedad,H,H,2024/2025,33,2.77,6,42.11,10,5.74,4.63,4.8,60.0,2.4,68.42,1.55,15,60.0,7.63,2.8,2.8,11.66,2.74,0,0.2,1.93,4.03,14.0,1.95,9.2,2.02,0.6,8.53,5.8,1,1
2025-03-16,SP1,17:30,Vallecano,Sociedad,D,A,2024/2025,10,1.47,9,42.11,5,5.74,4.63,4.2,40.0,2.4,52.63,3.2,16,80.0,5.57,3.6,1.2,9.87,1.26,4,0.6,1.8,4.3,8.4,2.09,4.2,1.91,1.0,5.74,5.6,1,0
2025-04-06,SP1,13:00,Las Palmas,Sociedad,A,A,2024/2025,13,1.8,10,42.11,5,5.74,4.63,3.6,60.0,2.4,47.37,2.2,7,100.0,5.36,3.8,1.0,9.62,1.11,8,1.2,2.08,4.26,8.4,1.8,4.8,2.12,2.0,5.21,5.8,1,0
2025-04-20,SP1,15:15,Villarreal,Sociedad,D,D,2024/2025,20,2.24,12,42.11,5,5.74,4.63,3.4,60.0,2.4,73.68,1.75,12,100.0,5.73,4.8,1.8,10.28,2.26,4,1.4,1.99,4.55,10.2,1.89,6.8,2.11,1.2,5.26,7.2,1,1
2025-04-23,SP1,20:30,Alaves,Sociedad,H,D,2024/2025,10,1.58,17,42.11,1,5.74,4.63,3.6,0.0,2.0,15.79,2.75,17,80.0,5.88,4.2,0.4,10.39,0.74,0,1.4,1.88,4.51,8.8,2.0,5.2,1.91,0.8,5.79,7.4,0,1
2025-05-10,SP1,20:00,Ath Madrid,Sociedad,H,H,2024/2025,13,1.74,12,42.11,7,5.74,4.63,4.2,80.0,2.0,52.63,2.24,7,80.0,5.73,3.0,2.8,9.85,2.21,1,1.4,2.0,4.12,9.4,1.87,5.2,1.87,1.2,5.84,5.6,1,0
2025-05-24,SP1,15:15,Real Madrid,Sociedad,H,H,2024/2025,16,3.43,7,42.11,8,5.74,4.63,4.2,60.0,2.0,63.16,1.34,5,60.0,8.05,3.0,1.8,12.21,2.37,1,1.0,2.03,4.16,17.0,1.85,12.8,1.99,1.0,8.42,7.0,0,1
2025-08-16,SP1,20:30,Valencia,Sociedad,D,D,2025/2026,18,1.55,11,40.0,2,4.3,6.1,7.0,0.0,1.0,20.0,2.63,5,0.0,6.47,7.0,1.0,12.25,1.2,3,1.0,2.13,5.78,15.0,1.74,8.0,1.78,1.0,6.9,8.0,0,1
2025-08-30,SP1,18:00,Oviedo,Sociedad,H,H,2025/2026,8,1.62,18,40.0,1,4.3,6.1,8.5,50.0,1.0,20.0,2.45,7,0.0,4.15,9.5,0.5,10.65,0.3,6,0.5,1.93,6.5,9.5,1.9,1.0,1.98,1.5,4.6,4.5,0,1
2025-09-19,SP1,20:00,Betis,Sociedad,H,D,2025/2026,21,2.2,20,40.0,6,4.3,6.1,7.33,66.67,1.67,50.0,1.73,7,33.33,4.46,5.67,1.67,10.29,2.0,5,0.67,1.93,5.83,11.33,1.89,4.0,1.92,1.0,4.7,4.0,1,0
2025-09-28,SP1,17:30,Barcelona,Sociedad,H,D,2025/2026,22,3.1,12,40.0,12,4.3,6.1,5.75,100.0,1.75,88.89,1.43,6,50.0,6.37,2.33,3.67,11.39,3.11,2,0.75,1.98,5.02,12.42,1.84,6.67,1.96,0.33,7.33,6.0,1,1
2025-10-19,SP1,15:15,Celta,Sociedad,D,H,2025/2026,4,1.87,20,40.0,1,4.3,6.1,6.6,0.0,1.6,27.27,2.1,10,40.0,4.69,5.0,1.0,10.37,1.45,7,0.8,2.05,5.68,12.2,1.8,5.6,1.88,1.0,4.64,5.0,0,1
2025-11-07,SP1,20:00,Elche,Sociedad,D,D,2025/2026,12,1.67,15,40.0,3,4.3,6.1,5.8,20.0,1.6,54.55,2.28,14,40.0,4.1,2.4,1.2,9.16,1.73,5,0.8,1.93,5.06,10.0,1.89,4.2,2.15,0.4,4.09,3.6,0,0
2025-11-22,SP1,17:30,Osasuna,Sociedad,A,H,2025/2026,14,1.62,7,40.0,4,4.3,6.1,4.4,60.0,1.6,50.0,2.4,13,60.0,3.64,4.0,1.6,8.89,1.8,9,1.4,1.91,5.25,7.4,1.9,3.0,2.05,1.6,3.4,4.0,1,0
2025-12-06,SP1,15:15,Alaves,Sociedad,H,H,2025/2026,14,1.5,16,40.0,3,4.3,6.1,5.0,40.0,1.2,50.0,2.75,20,40.0,5.27,4.0,1.2,10.65,1.2,1,1.2,1.93,5.38,11.2,1.88,6.2,2.0,0.6,5.7,4.4,0,1
2025-12-20,SP1,15:15,Levante,Sociedad,D,A,2025/2026,13,1.8,13,40.0,3,4.3,6.1,6.8,60.0,1.0,62.5,2.1,16,20.0,4.36,5.4,0.6,10.59,1.0,6,1.2,1.88,6.23,12.2,1.93,5.4,2.05,2.4,4.38,3.4,0,1
2026-01-09,SP1,20:00,Getafe,Sociedad,A,A,2025/2026,6,1.44,17,40.0,3,4.3,6.1,5.6,40.0,1.0,20.0,3.15,17,40.0,4.52,4.6,0.8,9.94,0.8,5,1.4,2.05,5.42,10.6,1.78,5.0,2.02,1.0,4.7,3.6,1,0
2023-08-11,SP1,21:00,Sevilla,Valencia,A,D,2023/2024,9,1.69,17,47.37,3,5.42,2.42,1.0,100.0,1.0,57.89,2.45,15,100.0,5.91,1.0,1.0,8.59,1.42,3,2.0,1.99,2.68,9.0,1.93,8.0,2.0,2.0,5.37,8.0,1,0
2023-09-02,SP1,17:30,Alaves,Valencia,H,H,2023/2024,7,1.49,9,47.37,1,5.42,2.42,1.5,50.0,1.0,26.32,2.9,18,50.0,5.15,3.0,2.5,8.0,1.21,4,1.0,1.92,2.85,4.0,1.98,2.5,2.3,1.5,5.63,4.5,0,0
2023-09-23,SP1,20:00,Almeria,Valencia,D,A,2023/2024,17,1.95,10,47.37,10,5.42,2.42,2.0,75.0,1.33,68.42,2.19,12,66.67,5.18,4.0,1.25,8.23,1.16,5,1.33,2.05,3.05,8.5,1.85,6.5,1.98,2.5,4.74,5.67,1,1
2023-10-01,SP1,20:00,Betis,Valencia,H,H,2023/2024,15,1.72,10,47.37,7,5.42,2.42,2.25,25.0,1.75,36.84,2.38,11,75.0,5.7,5.25,1.25,8.91,1.42,2,1.0,1.92,3.21,7.25,1.98,5.0,2.21,0.25,6.0,5.5,1,0
2023-10-07,SP1,17:30,Mallorca,Valencia,D,D,2023/2024,9,1.5,11,47.37,5,5.42,2.42,3.0,25.0,1.6,26.32,2.85,17,60.0,5.63,4.5,0.75,8.59,0.89,3,1.0,1.81,2.96,7.75,2.09,4.75,1.82,1.0,6.0,5.0,0,0
2023-10-29,SP1,17:30,Ath Bilbao,Valencia,D,H,2023/2024,12,1.9,10,47.37,7,5.42,2.42,3.6,100.0,1.8,57.89,2.11,11,60.0,5.79,3.4,2.8,8.72,2.21,5,1.0,2.1,2.93,9.8,1.81,6.2,1.85,1.2,5.95,5.4,1,1
2023-11-11,SP1,20:00,Real Madrid,Valencia,H,H,2023/2024,16,2.49,26,47.37,7,5.42,2.42,4.0,60.0,2.6,57.89,1.71,7,80.0,5.81,2.8,2.6,8.61,2.53,4,1.2,1.98,2.8,10.2,1.95,6.2,1.99,0.4,5.89,6.0,1,0
2023-12-02,SP1,13:00,Girona,Valencia,H,D,2023/2024,9,2.03,7,47.37,5,5.42,2.42,3.8,60.0,2.6,68.42,1.95,6,80.0,4.73,3.8,1.8,7.79,2.79,3,1.0,2.03,3.06,8.8,1.88,5.0,2.12,1.4,4.32,5.0,1,0
2023-12-08,SP1,20:00,Getafe,Valencia,H,D,2023/2024,8,1.49,14,47.37,6,5.42,2.42,3.2,20.0,2.2,31.58,2.96,15,60.0,4.7,4.2,1.0,7.8,1.05,0,1.0,2.11,3.1,8.4,1.81,5.2,2.17,0.4,4.16,5.4,0,0
2023-12-19,SP1,18:00,Vallecano,Valencia,A,D,2023/2024,7,1.67,18,47.37,1,5.42,2.42,2.2,40.0,2.0,36.84,2.54,16,60.0,5.76,2.8,0.8,8.46,0.95,3,1.0,2.05,2.7,8.0,1.87,5.8,1.99,1.2,5.79,6.4,0,0
2024-01-14,SP1,15:15,Cadiz,Valencia,A,D,2023/2024,10,1.49,15,47.37,2,5.42,2.42,1.6,60.0,1.8,26.32,3.05,15,60.0,4.82,3.6,0.8,7.46,0.84,5,1.4,1.89,2.64,5.2,2.02,3.6,1.86,2.0,4.74,5.0,1,0
2024-01-28,SP1,20:00,Ath Madrid,Valencia,H,H,2023/2024,12,1.94,9,47.37,8,5.42,2.42,2.0,40.0,1.2,78.95,2.07,9,40.0,4.55,8.2,1.8,8.3,2.21,3,1.2,2.09,3.75,6.0,1.84,4.0,2.02,0.8,4.21,4.8,0,0
2024-02-10,SP1,20:00,Las Palmas,Valencia,H,D,2023/2024,8,1.56,9,47.37,3,5.42,2.42,1.6,60.0,1.2,31.58,2.79,9,20.0,5.07,5.6,1.6,8.4,1.05,1,1.0,2.07,3.33,5.4,1.87,3.8,1.78,1.0,5.11,5.2,0,0
2024-03-17,SP1,15:15,Villarreal,Valencia,H,D,2023/2024,13,1.91,12,47.37,7,5.42,2.42,2.0,20.0,1.2,73.68,2.09,12,20.0,5.92,3.4,1.6,8.76,1.89,7,1.0,2.12,2.84,9.4,1.8,7.4,2.01,0.6,6.05,5.0,0,0
2024-04-04,SP1,19:00,Granada,Valencia,A,D,2023/2024,13,1.71,15,47.37,3,5.42,2.42,2.6,20.0,1.2,47.37,2.35,20,20.0,4.79,5.0,0.8,8.18,1.26,2,1.0,2.0,3.39,8.0,1.86,5.4,2.19,1.4,4.47,4.4,0,0
2024-04-15,SP1,20:00,Osasuna,Valencia,A,A,2023/2024,13,1.53,10,47.37,2,5.42,2.42,2.6,40.0,1.0,26.32,2.77,10,0.0,5.21,3.6,1.0,8.2,1.0,3,0.4,2.04,2.99,8.2,1.87,5.6,1.89,1.6,5.16,4.6,0,0
2024-04-29,SP1,20:00,Barcelona,Valencia,H,A,2023/2024,27,3.0,5,47.37,13,5.42,2.42,1.6,60.0,1.4,57.89,1.66,12,20.0,6.77,2.6,2.6,9.24,2.26,3,0.8,1.87,2.47,8.8,2.04,7.2,2.02,1.0,7.26,7.0,1,1
2024-05-16,SP1,21:00,Sociedad,Valencia,H,H,2023/2024,10,1.77,13,47.37,5,5.42,2.42,2.2,20.0,1.2,31.58,2.27,11,20.0,5.85,2.2,1.4,8.5,1.37,3,0.8,2.08,2.65,9.0,1.83,6.8,2.17,0.6,5.74,6.6,0,0
2024-05-26,SP1,15:15,Celta,Valencia,D,A,2023/2024,9,2.13,18,47.37,4,5.42,2.42,2.2,80.0,1.4,42.11,1.86,17,40.0,5.46,2.4,2.2,8.09,1.11,1,1.2,1.93,2.63,5.6,1.96,3.4,2.01,1.2,5.79,5.8,1,0
2024-08-23,SP1,18:00,Celta,Valencia,H,H,2024/2025,7,1.87,11,42.11,5,6.0,3.95,7.0,100.0,3.0,57.89,2.19,9,100.0,4.74,5.0,2.5,9.07,1.68,5,1.0,2.09,4.33,10.5,1.81,3.5,2.07,1.0,4.53,4.0,1,1
2024-08-28,SP1,18:00,Ath Bilbao,Valencia,H,H,2024/2025,13,1.8,9,42.11,4,6.0,3.95,5.0,0.0,2.0,36.84,2.21,14,50.0,5.34,4.5,1.0,9.33,1.68,0,0.5,2.17,3.99,10.0,1.78,5.0,1.95,0.5,5.26,4.5,0,0
2024-09-15,SP1,20:00,Ath Madrid,Valencia,H,H,2024/2025,14,2.03,8,42.11,5,6.0,3.95,4.33,66.67,2.33,52.63,1.99,10,66.67,5.81,5.0,2.0,9.77,2.21,1,0.33,1.86,3.96,10.0,2.07,5.67,2.17,0.0,5.84,5.33,1,0
2024-09-28,SP1,17:30,Sociedad,Valencia,H,H,2024/2025,11,1.48,12,42.11,6,6.0,3.95,4.25,75.0,2.5,42.11,2.86,7,75.0,6.51,5.25,1.25,10.57,1.05,4,0.25,2.01,4.06,11.75,1.9,7.5,2.08,1.5,6.74,5.5,1,0
2024-10-04,SP1,20:00,Leganes,Valencia,D,D,2024/2025,8,1.38,14,42.11,0,6.0,3.95,3.8,25.0,2.0,47.37,3.4,15,60.0,3.66,4.75,0.5,8.07,1.21,1,0.2,1.91,4.41,6.05,2.01,2.25,1.97,1.0,2.68,4.6,0,0
2024-10-27,SP1,15:15,Getafe,Valencia,D,A,2024/2025,15,1.35,20,42.11,4,6.0,3.95,2.8,0.0,1.6,26.32,3.56,20,40.0,4.52,1.8,1.0,7.94,0.79,1,0.2,2.12,3.42,7.6,1.81,4.8,1.86,0.6,3.63,5.4,0,0
2024-11-29,SP1,20:00,Mallorca,Valencia,H,D,2024/2025,9,1.41,14,42.11,3,6.0,3.95,3.4,20.0,1.8,47.37,3.44,9,60.0,5.05,5.8,0.8,9.6,1.05,1,0.4,1.85,4.55,8.4,2.03,5.0,2.23,0.4,4.63,5.0,1,0
2024-12-13,SP1,20:00,Valladolid,Valencia,H,H,2024/2025,2,1.63,10,42.11,1,6.0,3.95,4.2,60.0,1.4,47.37,2.57,10,40.0,4.58,7.2,0.8,9.28,0.58,2,0.4,2.12,4.7,7.8,1.8,3.6,2.08,2.0,4.26,3.8,0,0
2024-12-18,SP1,20:30,Espanol,Valencia,D,H,2024/2025,10,1.5,11,42.11,3,6.0,3.95,4.8,40.0,1.0,36.84,2.86,13,20.0,4.63,4.8,1.2,9.12,1.21,4,0.6,2.09,4.49,10.4,1.82,5.6,1.81,1.0,4.05,3.4,0,1
2025-01-11,SP1,20:00,Sevilla,Valencia,D,D,2024/2025,15,1.62,8,42.11,5,6.0,3.95,4.6,0.0,1.2,26.32,2.48,16,20.0,5.51,3.6,0.8,9.49,0.89,1,0.8,1.86,3.98,10.8,2.01,6.2,2.14,0.8,5.21,5.2,0,1
2025-01-26,SP1,20:00,Barcelona,Valencia,H,H,2024/2025,22,3.16,12,42.11,11,6.0,3.95,5.0,80.0,2.4,68.42,1.45,10,40.0,7.81,2.8,2.4,11.49,2.74,2,0.8,1.95,3.68,14.8,1.93,9.8,1.91,1.4,8.53,6.4,1,1
2025-02-15,SP1,20:00,Villarreal,Valencia,D,H,2024/2025,13,2.11,17,42.11,4,6.0,3.95,4.8,60.0,2.2,73.68,1.85,6,20.0,5.55,5.6,2.4,9.95,2.26,3,0.8,2.01,4.4,9.8,1.87,5.0,2.02,1.0,5.26,6.6,0,0
2025-03-02,SP1,20:00,Osasuna,Valencia,D,H,2024/2025,12,1.76,7,42.11,5,6.0,3.95,4.0,60.0,2.6,57.89,2.38,10,40.0,5.33,3.4,1.6,9.24,1.74,5,1.4,1.93,3.91,8.4,1.96,4.4,2.04,1.6,4.89,7.0,1,0
2025-03-15,SP1,20:00,Girona,Valencia,D,D,2024/2025,14,1.91,5,42.11,4,6.0,3.95,3.4,80.0,2.6,68.42,2.07,12,40.0,5.96,3.2,1.4,9.68,1.42,2,1.4,1.93,3.72,10.2,1.98,6.8,1.97,1.6,5.42,8.0,0,1
2025-04-05,SP1,15:15,Real Madrid,Valencia,A,A,2024/2025,21,3.0,13,42.11,9,6.0,3.95,4.0,60.0,2.6,63.16,1.44,10,60.0,7.67,3.8,1.8,11.52,2.37,2,1.6,2.0,3.85,11.6,1.88,7.6,1.93,1.2,8.42,7.8,1,1
2025-04-19,SP1,13:00,Vallecano,Valencia,D,H,2024/2025,11,1.73,13,42.11,4,6.0,3.95,3.6,40.0,1.4,52.63,2.35,18,40.0,5.78,4.2,0.8,9.7,1.26,3,1.6,1.93,3.92,8.8,1.93,5.2,1.87,1.8,5.74,6.0,0,0
2025-05-03,SP1,17:30,Las Palmas,Valencia,A,D,2024/2025,15,1.84,6,42.11,3,6.0,3.95,3.6,60.0,1.6,47.37,2.24,12,60.0,5.61,4.2,1.2,9.53,1.11,5,2.0,2.14,3.92,9.0,1.87,5.4,2.08,2.0,5.21,7.0,1,1
2025-05-14,SP1,18:00,Alaves,Valencia,H,D,2024/2025,11,1.45,10,42.11,5,6.0,3.95,3.8,0.0,1.2,15.79,3.01,16,40.0,6.1,4.8,0.4,10.32,0.74,3,1.4,2.04,4.22,9.8,1.83,6.0,2.0,0.6,5.79,8.2,0,1
2025-05-23,SP1,20:00,Betis,Valencia,D,H,2024/2025,14,2.58,12,42.11,4,6.0,3.95,3.4,60.0,1.2,57.89,1.61,8,40.0,5.58,4.0,2.0,9.45,1.68,2,1.4,1.94,3.87,7.4,1.96,4.0,1.98,1.2,5.42,7.0,0,0
2025-08-24,SP1,16:00,Osasuna,Valencia,H,H,2025/2026,16,1.65,13,60.0,4,5.6,3.8,4.0,0.0,1.0,50.0,2.4,14,0.0,3.87,4.0,1.0,7.81,1.8,1,0.0,1.8,3.94,7.0,1.93,3.0,1.98,0.0,3.4,3.0,0,0
2025-09-14,SP1,20:00,Barcelona,Valencia,H,H,2025/2026,24,2.8,8,60.0,10,5.6,3.8,4.0,100.0,3.5,88.89,1.48,9,50.0,6.33,4.0,6.0,10.08,3.11,1,0.0,2.0,3.75,9.0,1.88,5.0,1.88,0.0,7.33,4.0,1,0
2025-09-23,SP1,18:00,Espanol,Valencia,D,A,2025/2026,21,1.67,9,60.0,10,5.6,3.8,3.67,75.0,3.0,45.45,2.3,9,66.67,4.88,4.5,2.0,8.99,1.18,2,0.67,1.91,4.11,7.17,1.91,3.5,1.85,1.25,4.73,5.33,1,1
2025-10-04,SP1,15:15,Girona,Valencia,H,H,2025/2026,4,1.83,12,60.0,4,5.6,3.8,4.5,60.0,2.75,50.0,2.05,13,75.0,5.07,4.4,0.6,8.97,0.9,6,0.75,2.05,3.9,9.7,1.75,5.2,1.84,2.0,5.0,4.0,1,0
2025-10-20,SP1,20:00,Alaves,Valencia,D,D,2025/2026,13,1.65,20,60.0,3,5.6,3.8,3.6,60.0,2.2,50.0,2.35,13,60.0,5.72,3.0,1.4,9.6,1.2,2,0.6,1.93,3.88,10.8,1.9,7.2,2.03,1.0,5.7,4.6,0,0
2025-11-01,SP1,20:00,Real Madrid,Valencia,H,H,2025/2026,21,3.6,7,60.0,11,5.6,3.8,3.0,80.0,2.8,50.0,1.33,14,80.0,6.21,2.6,2.6,9.53,2.3,1,0.6,1.83,3.32,9.4,1.98,6.4,1.84,0.6,6.6,5.4,1,0
2025-12-01,SP1,20:00,Vallecano,Valencia,D,H,2025/2026,19,1.67,9,60.0,7,5.6,3.8,3.2,0.0,1.8,11.11,2.23,11,60.0,6.79,5.8,0.6,10.98,0.78,2,0.8,1.93,4.19,11.0,1.9,7.8,1.93,0.6,7.22,6.4,0,1
2025-12-13,SP1,13:00,Ath Madrid,Valencia,H,H,2025/2026,10,2.4,11,60.0,6,5.6,3.8,4.0,60.0,1.8,50.0,1.6,13,60.0,7.58,3.8,2.2,11.4,2.3,2,0.6,1.93,3.82,13.2,1.88,9.2,1.94,0.4,8.5,5.8,1,1
2026-01-03,SP1,13:00,Celta,Valencia,H,H,2025/2026,12,1.68,9,60.0,6,5.6,3.8,3.4,40.0,2.2,27.27,2.25,10,60.0,4.77,5.2,1.8,8.88,1.45,5,0.6,1.91,4.11,5.4,1.93,2.0,1.85,1.4,4.64,6.2,1,0
2024-08-25,SP1,16:00,Real Madrid,Valladolid,H,D,2024/2025,17,3.35,15,84.21,9,4.74,3.95,5.0,100.0,3.0,63.16,1.41,10,100.0,6.82,5.0,3.0,10.89,2.37,2,0.0,2.1,4.07,10.0,1.84,5.0,2.0,0.0,8.42,5.0,1,0
2024-08-31,SP1,16:00,Barcelona,Valladolid,H,H,2024/2025,23,3.2,12,84.21,10,4.74,3.95,3.0,100.0,5.0,68.42,1.44,6,100.0,7.38,3.5,4.5,10.93,2.74,2,0.0,2.0,3.55,10.5,1.89,7.5,1.99,0.5,8.53,7.5,1,1
2024-09-15,SP1,13:00,Celta,Valladolid,H,H,2024/2025,14,2.11,15,84.21,7,4.74,3.95,3.0,100.0,4.33,57.89,1.84,14,100.0,4.74,4.33,2.67,8.61,1.68,1,0.33,2.04,3.87,7.0,1.84,4.0,2.12,1.0,4.53,6.67,1,0
2024-09-24,SP1,18:00,Sevilla,Valladolid,H,H,2024/2025,22,1.89,12,84.21,5,4.74,3.95,3.25,50.0,3.75,26.32,2.1,14,100.0,5.28,3.75,1.0,9.14,0.89,2,0.5,2.08,3.86,9.0,1.84,5.75,1.85,1.25,5.21,6.5,1,0
2024-10-18,SP1,20:00,Alaves,Valladolid,A,D,2024/2025,10,1.77,14,84.21,4,4.74,3.95,3.8,60.0,3.4,15.79,2.4,15,100.0,5.55,5.4,1.2,9.83,0.74,4,1.0,2.13,4.28,9.4,1.82,5.6,1.85,1.4,5.79,6.2,1,1
2024-11-02,SP1,13:00,Osasuna,Valladolid,H,H,2024/2025,20,1.85,12,84.21,4,4.74,3.95,3.2,80.0,3.0,57.89,2.24,21,80.0,5.13,3.8,2.2,9.0,1.74,4,1.0,2.12,3.87,9.2,1.79,6.0,2.06,1.4,4.89,6.6,0,0
2024-11-22,SP1,20:00,Getafe,Valladolid,H,D,2024/2025,12,1.54,15,84.21,5,4.74,3.95,3.4,0.0,2.0,26.32,2.79,15,60.0,4.14,2.0,1.2,7.64,0.79,3,1.0,2.03,3.5,7.8,1.88,4.4,2.16,0.6,3.63,5.2,0,0
2024-12-07,SP1,13:00,Las Palmas,Valladolid,H,D,2024/2025,11,1.87,13,84.21,5,4.74,3.95,3.4,40.0,1.8,47.37,2.14,17,60.0,4.97,3.4,1.2,8.79,1.11,2,1.0,1.85,3.82,7.8,2.03,4.4,2.14,1.2,5.21,4.8,1,0
2024-12-20,SP1,20:00,Girona,Valladolid,H,H,2024/2025,23,2.08,7,84.21,7,4.74,3.95,2.8,80.0,2.0,68.42,1.92,13,60.0,5.37,2.8,2.2,8.99,1.42,1,0.8,2.05,3.62,9.4,1.87,6.6,2.16,1.6,5.42,5.4,1,0
2025-01-17,SP1,20:00,Espanol,Valladolid,H,H,2024/2025,12,1.62,16,84.21,4,4.74,3.95,3.0,40.0,2.0,36.84,2.5,13,60.0,4.27,5.4,1.4,8.64,1.21,4,0.4,1.89,4.37,7.0,2.05,4.0,2.16,0.8,4.05,4.6,1,0
2025-02-01,SP1,15:15,Villarreal,Valladolid,H,H,2024/2025,22,3.04,14,84.21,8,4.74,3.95,3.8,80.0,2.8,73.68,1.45,9,80.0,4.9,5.6,2.6,9.2,2.26,2,0.6,2.05,4.3,8.2,1.83,4.4,2.04,1.2,5.26,3.8,1,0
2025-02-07,SP1,20:00,Vallecano,Valladolid,H,D,2024/2025,20,1.94,15,84.21,6,4.74,3.95,3.8,80.0,2.6,52.63,2.16,11,80.0,5.06,3.2,1.8,8.91,1.26,3,0.6,2.1,3.85,7.0,1.83,3.2,1.95,1.4,5.74,4.0,0,0
2025-02-23,SP1,13:00,Ath Bilbao,Valladolid,H,H,2024/2025,29,2.36,5,84.21,16,4.74,3.95,4.0,60.0,3.6,36.84,1.72,10,80.0,5.28,2.4,2.8,8.96,1.68,3,0.6,2.0,3.68,11.8,1.92,7.8,2.11,0.4,5.26,4.2,1,0
2025-03-08,SP1,17:30,Valencia,Valladolid,H,D,2024/2025,17,2.01,10,84.21,4,4.74,3.95,4.6,60.0,3.4,47.37,1.97,11,80.0,5.34,3.2,1.4,9.29,1.37,4,0.8,1.91,3.95,10.6,1.97,6.0,1.95,1.0,5.84,3.4,1,0
2025-03-29,SP1,13:00,Sociedad,Valladolid,H,H,2024/2025,12,1.99,10,84.21,2,4.74,3.95,4.4,80.0,3.4,42.11,2.02,20,80.0,5.73,2.8,1.4,9.56,1.05,5,0.8,2.04,3.83,9.0,1.83,4.6,2.08,1.2,6.74,3.8,1,0
2025-04-14,SP1,20:00,Ath Madrid,Valladolid,H,H,2024/2025,24,2.9,8,84.21,9,4.74,3.95,3.4,40.0,3.2,52.63,1.47,11,80.0,5.4,4.0,2.0,9.17,2.21,3,1.0,1.91,3.77,9.2,1.98,5.8,1.94,1.4,5.84,4.2,1,0
2025-04-24,SP1,20:30,Betis,Valladolid,H,D,2024/2025,16,3.2,7,84.21,6,4.74,3.95,3.8,80.0,4.0,57.89,1.42,7,100.0,5.21,2.8,2.2,9.0,1.68,5,1.2,1.93,3.79,10.0,1.94,6.2,1.88,1.0,5.42,4.2,1,0
2025-05-10,SP1,17:30,Mallorca,Valladolid,H,D,2024/2025,12,2.08,12,84.21,4,4.74,3.95,5.0,60.0,3.0,47.37,1.9,16,100.0,4.61,5.4,1.2,9.28,1.05,7,1.2,1.85,4.67,9.4,2.04,4.4,1.9,1.0,4.63,4.4,1,1
2025-05-24,SP1,17:30,Leganes,Valladolid,H,H,2024/2025,16,2.52,16,84.21,6,4.74,3.95,5.0,40.0,3.2,47.37,1.63,11,100.0,3.42,6.6,1.6,8.14,1.21,2,1.0,1.94,4.72,8.6,1.93,3.6,1.96,1.0,2.68,4.0,1,0
2023-08-11,SP1,18:30,Almeria,Vallecano,A,A,2023/2024,19,1.71,25,36.84,5,5.63,3.16,3.0,0.0,0.0,68.42,2.37,16,0.0,5.61,3.0,0.0,9.07,1.16,4,2.0,2.09,3.46,11.0,1.82,8.0,2.09,2.0,4.74,8.0,0,1
2023-08-21,SP1,20:30,Granada,Vallecano,A,D,2023/2024,14,1.66,11,36.84,7,5.63,3.16,4.5,0.0,0.0,47.37,2.49,14,0.0,5.02,6.0,0.0,9.11,1.26,9,2.0,2.08,4.09,9.5,1.82,5.0,2.0,2.0,4.47,6.5,0,1
2023-09-02,SP1,20:00,Betis,Vallecano,H,D,2023/2024,14,1.75,20,36.84,5,5.63,3.16,4.0,0.0,0.33,36.84,2.38,22,0.0,5.41,5.0,0.5,9.18,1.42,6,1.33,1.94,3.77,6.0,1.96,2.0,1.88,0.0,6.0,5.0,0,0
2023-09-27,SP1,20:30,Cadiz,Vallecano,D,D,2023/2024,9,1.65,13,36.84,2,5.63,3.16,3.5,25.0,0.25,26.32,2.53,16,0.0,4.84,3.0,1.25,8.02,0.84,4,1.0,2.11,3.18,7.75,1.8,4.25,2.09,0.5,4.74,4.0,0,0
2023-10-07,SP1,20:00,Sevilla,Vallecano,D,A,2023/2024,22,1.93,19,36.84,6,5.63,3.16,3.2,80.0,0.6,57.89,2.02,16,20.0,5.76,3.2,2.0,9.28,1.42,4,1.2,2.01,3.52,11.6,1.89,8.4,1.86,1.4,5.37,5.6,1,1
2023-10-22,SP1,13:00,Las Palmas,Vallecano,A,D,2023/2024,12,1.58,11,36.84,6,5.63,3.16,3.6,20.0,0.6,31.58,2.67,13,20.0,5.38,6.0,0.8,9.36,1.05,4,1.0,2.05,3.98,9.2,1.85,5.6,2.17,0.6,5.11,6.0,0,1
2023-11-05,SP1,20:00,Real Madrid,Vallecano,D,D,2023/2024,22,2.79,15,36.84,5,5.63,3.16,2.6,60.0,0.6,57.89,1.54,12,20.0,6.13,2.2,2.0,9.14,2.53,0,0.6,1.91,3.01,10.2,2.0,7.6,2.11,0.4,5.89,7.2,0,1
2023-12-02,SP1,15:15,Ath Bilbao,Vallecano,H,H,2023/2024,9,2.34,11,36.84,4,5.63,3.16,2.4,100.0,1.2,57.89,1.76,15,40.0,6.2,2.8,3.0,9.35,2.21,3,0.6,1.92,3.15,9.4,1.99,7.0,1.88,1.4,5.95,8.2,1,0
2023-12-15,SP1,20:00,Osasuna,Vallecano,H,D,2023/2024,10,1.64,13,36.84,4,5.63,3.16,2.2,20.0,1.4,26.32,2.53,20,40.0,5.65,5.2,1.4,9.17,1.0,3,0.6,2.01,3.52,6.4,1.91,4.2,2.05,1.2,5.16,9.8,0,0
2024-01-02,SP1,16:00,Getafe,Vallecano,A,A,2023/2024,5,1.5,16,36.84,0,5.63,3.16,2.4,20.0,1.0,31.58,2.89,16,20.0,4.92,4.0,1.0,8.33,1.05,8,0.6,1.91,3.41,6.8,2.01,4.4,1.94,0.8,4.16,7.8,0,0
2024-01-27,SP1,13:00,Sociedad,Vallecano,D,D,2023/2024,6,1.51,14,36.84,3,5.63,3.16,1.8,20.0,1.0,31.58,2.9,16,20.0,5.64,4.0,0.6,8.84,1.37,0,0.4,2.04,3.2,6.4,1.86,4.6,1.86,0.6,5.74,6.2,0,0
2024-01-31,SP1,20:00,Ath Madrid,Vallecano,H,D,2023/2024,8,1.93,13,36.84,3,5.63,3.16,2.8,60.0,1.4,78.95,2.09,11,40.0,4.58,8.8,2.0,8.87,2.21,2,0.6,2.12,4.29,6.4,1.82,3.6,2.3,1.0,4.21,5.0,1,1
2024-02-11,SP1,15:15,Mallorca,Vallecano,H,D,2023/2024,8,1.43,11,36.84,5,5.63,3.16,2.6,40.0,1.0,26.32,3.6,17,40.0,5.77,3.6,1.4,9.01,0.89,4,0.8,1.92,3.24,8.6,1.99,6.0,1.86,1.0,6.0,4.6,1,0
2024-02-26,SP1,20:00,Girona,Vallecano,H,D,2023/2024,14,2.17,16,36.84,8,5.63,3.16,2.8,80.0,1.4,68.42,1.82,13,60.0,4.48,4.2,3.0,7.89,2.79,1,0.8,2.09,3.41,6.6,1.82,3.8,2.11,0.8,4.32,3.2,1,0
2024-03-10,SP1,13:00,Alaves,Vallecano,H,H,2023/2024,12,1.55,10,36.84,4,5.63,3.16,3.2,20.0,1.6,26.32,2.75,13,60.0,5.68,5.2,1.0,9.32,1.21,3,0.4,2.12,3.64,10.8,1.83,7.6,1.83,1.0,5.63,4.2,0,1
2024-03-31,SP1,13:00,Celta,Vallecano,D,D,2023/2024,13,1.93,16,36.84,0,5.63,3.16,3.2,20.0,1.6,42.11,2.18,12,60.0,5.49,3.4,0.4,8.73,1.11,2,0.4,1.95,3.24,7.8,1.96,4.6,2.01,0.8,5.79,4.4,0,0
2024-04-28,SP1,17:30,Villarreal,Vallecano,H,H,2023/2024,15,2.08,8,36.84,7,5.63,3.16,3.2,60.0,1.8,73.68,2.06,15,60.0,5.66,3.6,2.2,9.05,1.89,4,0.2,2.04,3.39,8.4,1.92,5.2,1.89,0.8,6.05,4.0,1,0
2024-05-12,SP1,17:30,Valencia,Vallecano,D,D,2023/2024,13,1.56,21,36.84,5,5.63,3.16,3.6,20.0,1.4,36.84,2.7,14,40.0,4.61,4.8,0.4,8.28,1.05,1,0.0,1.99,3.67,8.8,1.9,5.2,1.99,0.6,4.11,4.2,0,0
2024-05-19,SP1,18:00,Barcelona,Vallecano,H,H,2023/2024,14,2.83,7,36.84,6,5.63,3.16,4.2,40.0,1.4,57.89,1.53,10,40.0,6.68,2.0,2.2,9.76,2.26,4,0.0,1.95,3.08,11.8,1.96,7.6,2.03,0.4,7.26,5.2,1,1
2024-08-18,SP1,18:00,Sociedad,Vallecano,A,D,2024/2025,11,1.55,21,36.84,5,6.16,4.89,5.0,100.0,1.0,42.11,2.8,14,100.0,7.25,5.0,1.0,11.87,1.05,5,2.0,1.83,4.62,15.0,2.06,10.0,1.89,2.0,6.74,10.0,1,1
2024-08-24,SP1,20:30,Getafe,Vallecano,D,D,2024/2025,12,1.42,18,36.84,0,6.16,4.89,3.5,0.0,0.5,26.32,3.53,16,50.0,4.49,2.0,0.0,8.52,0.79,1,1.0,1.83,4.03,6.5,2.08,3.0,1.77,0.0,3.63,6.5,0,0
2024-08-31,SP1,18:15,Espanol,Vallecano,H,D,2024/2025,10,1.48,16,36.84,5,6.16,4.89,4.67,50.0,1.0,36.84,3.0,14,66.67,4.8,5.5,1.0,9.86,1.21,5,1.0,2.0,5.06,9.67,1.92,5.0,1.99,1.0,4.05,5.33,1,0
2024-09-25,SP1,18:00,Girona,Vallecano,D,D,2024/2025,11,1.92,16,36.84,0,6.16,4.89,4.25,66.67,0.75,68.42,2.02,8,50.0,5.35,3.0,1.67,9.65,1.42,0,0.75,1.92,4.3,7.58,1.96,3.33,2.04,1.33,5.42,5.0,0,0
2024-10-05,SP1,17:30,Valladolid,Vallecano,A,D,2024/2025,13,1.54,18,36.84,5,6.16,4.89,6.0,40.0,0.8,47.37,2.76,13,60.0,4.86,6.0,0.6,10.13,0.58,3,1.0,2.19,5.27,10.8,1.75,4.8,2.12,0.8,4.26,5.0,1,1
2024-10-20,SP1,13:00,Mallorca,Vallecano,H,D,2024/2025,19,1.49,13,36.84,5,6.16,4.89,5.4,20.0,0.8,47.37,2.88,9,40.0,5.25,5.8,0.8,10.52,1.05,2,0.6,1.81,5.27,12.2,2.1,6.8,1.87,0.6,4.63,4.8,0,1
2024-11-24,SP1,15:15,Sevilla,Vallecano,H,H,2024/2025,11,1.74,14,36.84,3,6.16,4.89,5.6,20.0,1.0,26.32,2.38,14,40.0,5.51,4.2,1.0,10.17,0.89,1,0.6,1.94,4.66,10.8,1.97,5.2,1.88,0.6,5.21,5.8,0,1
2024-12-07,SP1,17:30,Valencia,Vallecano,A,A,2024/2025,14,1.54,12,36.84,6,6.16,4.89,5.0,40.0,0.6,47.37,2.85,5,20.0,6.19,3.8,1.6,10.76,1.37,1,0.6,2.02,4.57,12.4,1.87,7.4,2.08,1.2,5.84,7.0,0,1
2024-12-18,SP1,20:30,Villarreal,Vallecano,D,D,2024/2025,14,2.1,15,36.84,5,6.16,4.89,5.8,60.0,0.8,73.68,1.87,10,20.0,5.69,4.8,1.6,10.62,2.26,3,0.8,2.08,4.93,10.8,1.83,5.0,2.21,1.2,5.26,7.6,0,1
2024-12-22,SP1,20:00,Betis,Vallecano,D,H,2024/2025,14,1.87,14,36.84,5,6.16,4.89,4.2,40.0,0.8,57.89,2.19,9,0.0,5.76,4.6,1.4,10.29,1.68,4,0.6,1.85,4.53,9.0,2.05,4.8,1.98,1.0,5.42,7.6,0,0
2025-01-19,SP1,17:30,Osasuna,Vallecano,D,A,2024/2025,12,1.66,13,36.84,3,6.16,4.89,4.4,60.0,0.8,57.89,2.43,9,0.0,5.43,4.0,1.4,9.96,1.74,3,0.8,2.03,4.53,9.4,1.83,5.0,1.98,1.4,4.89,7.0,0,0
2025-01-31,SP1,20:00,Leganes,Vallecano,A,D,2024/2025,5,1.58,19,36.84,1,6.16,4.89,5.6,60.0,0.6,47.37,2.58,7,0.0,3.83,6.0,0.6,9.06,1.21,3,1.0,2.13,5.23,8.0,1.78,2.4,2.09,2.4,2.68,5.8,0,1
2025-02-17,SP1,20:00,Barcelona,Vallecano,H,H,2024/2025,14,3.51,9,36.84,5,6.16,4.89,5.8,40.0,0.8,68.42,1.36,11,0.0,7.55,3.2,2.0,11.86,2.74,4,0.8,1.99,4.31,14.2,1.88,8.4,2.01,0.8,8.53,4.8,0,0
2025-03-09,SP1,15:15,Real Madrid,Vallecano,H,H,2024/2025,10,2.63,17,36.84,5,6.16,4.89,5.6,60.0,1.0,63.16,1.56,12,20.0,7.29,4.0,2.6,11.83,2.37,6,0.8,2.09,4.54,12.6,1.81,7.0,2.11,1.0,8.42,4.2,1,0
2025-03-29,SP1,17:30,Alaves,Vallecano,A,A,2024/2025,12,1.48,12,36.84,4,6.16,4.89,5.6,0.0,0.8,15.79,2.83,14,20.0,5.74,3.6,0.4,10.53,0.74,5,1.0,2.08,4.79,11.0,1.82,5.4,2.13,1.0,5.79,4.8,0,1
2025-04-13,SP1,20:00,Ath Bilbao,Vallecano,H,A,2024/2025,13,1.58,7,36.84,4,6.16,4.89,5.2,60.0,1.2,36.84,2.54,12,40.0,5.49,2.8,2.8,9.85,1.68,3,1.0,1.85,4.36,10.8,2.01,5.6,2.08,0.6,5.26,5.0,1,0
2025-04-24,SP1,20:30,Ath Madrid,Vallecano,H,H,2024/2025,10,2.08,15,36.84,5,6.16,4.89,4.0,60.0,1.8,52.63,1.93,8,60.0,5.83,3.8,2.2,10.15,2.21,5,0.8,1.93,4.32,9.0,1.95,5.0,2.15,1.4,5.84,5.8,1,0
2025-05-09,SP1,20:00,Las Palmas,Vallecano,A,D,2024/2025,11,1.72,9,36.84,2,6.16,4.89,4.6,60.0,1.6,47.37,2.35,8,60.0,5.67,5.2,1.2,10.31,1.11,5,1.0,1.82,4.64,10.6,2.09,6.0,2.08,1.8,5.21,6.6,0,1
2025-05-18,SP1,18:00,Celta,Vallecano,A,A,2024/2025,24,1.96,17,36.84,7,6.16,4.89,3.8,60.0,1.4,57.89,2.02,10,60.0,5.49,3.6,1.6,9.88,1.68,2,1.2,1.87,4.39,10.8,1.98,7.0,1.99,1.4,4.53,7.6,1,1
2025-08-15,SP1,18:00,Girona,Vallecano,A,A,2025/2026,7,1.68,17,54.55,2,5.18,5.09,4.0,100.0,1.0,50.0,2.22,8,100.0,4.44,4.0,1.0,8.96,0.9,5,3.0,1.91,4.52,6.0,1.84,2.0,1.8,3.0,5.0,2.0,1,0
2025-08-25,SP1,18:30,Ath Bilbao,Vallecano,H,D,2025/2026,11,1.73,13,54.55,4,5.18,5.09,5.0,50.0,1.0,40.0,2.28,13,50.0,5.5,3.5,2.0,10.2,1.0,1,1.5,1.95,4.7,11.5,1.84,6.5,1.9,1.0,6.0,2.5,0,0
2025-09-14,SP1,17:30,Osasuna,Vallecano,H,H,2025/2026,9,1.5,7,54.55,7,5.18,5.09,5.33,0.0,1.33,50.0,2.75,13,33.33,3.73,5.0,1.5,8.61,1.8,6,1.0,2.05,4.88,8.33,1.78,3.0,1.95,0.0,3.4,2.67,0,0
2025-09-24,SP1,20:30,Ath Madrid,Vallecano,H,D,2025/2026,20,1.92,12,54.55,8,5.18,5.09,5.5,33.33,1.75,50.0,1.98,6,50.0,7.24,3.67,2.0,11.91,2.3,3,1.25,2.0,4.67,14.17,1.82,8.67,2.1,1.0,8.5,4.0,1,1
2025-10-05,SP1,17:30,Sociedad,Vallecano,A,D,2025/2026,10,1.88,21,54.55,3,5.18,5.09,5.4,50.0,1.4,70.0,2.08,13,40.0,6.26,3.25,1.0,11.0,1.5,2,1.2,1.8,4.74,14.15,1.99,8.75,2.02,1.25,6.6,4.6,0,1
2025-10-19,SP1,17:30,Levante,Vallecano,A,A,2025/2026,17,1.84,18,54.55,4,5.18,5.09,5.4,100.0,1.2,62.5,2.05,6,40.0,4.74,8.5,1.25,10.58,1.0,5,1.2,1.83,5.84,9.4,1.97,4.0,1.95,3.0,4.38,6.4,1,1
2025-11-01,SP1,13:00,Villarreal,Vallecano,H,H,2025/2026,16,2.25,11,54.55,7,5.18,5.09,5.2,80.0,1.8,60.0,1.67,7,60.0,5.43,3.4,2.8,10.04,2.3,3,1.2,1.98,4.61,11.0,1.88,5.8,1.96,0.6,5.3,6.4,1,0
2025-11-23,SP1,13:00,Oviedo,Vallecano,D,D,2025/2026,8,1.67,13,54.55,3,5.18,5.09,5.2,20.0,1.4,20.0,2.3,11,60.0,5.04,5.0,0.2,10.21,0.3,3,1.2,1.9,5.17,10.6,1.9,5.4,1.9,1.4,4.6,6.8,0,1
2025-12-07,SP1,17:30,Espanol,Vallecano,H,H,2025/2026,9,1.62,22,54.55,2,5.18,5.09,4.4,40.0,1.0,45.45,2.36,19,40.0,5.1,4.8,1.0,10.02,1.18,2,0.8,1.9,4.92,10.0,1.91,5.6,1.82,1.0,4.73,6.4,0,0
2025-12-21,SP1,17:30,Elche,Vallecano,H,H,2025/2026,18,1.53,11,54.55,6,5.18,5.09,4.4,60.0,1.8,54.55,2.63,15,60.0,4.42,4.0,2.0,8.95,1.73,8,0.6,1.8,4.53,7.4,2.05,3.0,1.75,0.6,4.09,5.8,1,0
2023-08-18,SP1,18:30,Mallorca,Villarreal,A,D,2023/2024,8,1.81,11,57.89,1,6.47,3.21,5.0,0.0,0.0,26.32,2.31,12,0.0,6.12,5.0,0.0,9.77,0.89,3,1.0,1.86,3.65,11.0,2.06,6.0,1.98,1.0,6.0,6.0,0,1
2023-09-01,SP1,18:30,Cadiz,Villarreal,H,H,2023/2024,18,2.13,15,57.89,4,6.47,3.21,4.0,33.33,1.5,26.32,1.91,21,50.0,5.41,3.33,1.67,8.7,0.84,3,1.0,1.93,3.29,9.33,1.98,5.33,2.0,0.67,4.74,6.5,1,0
2023-09-24,SP1,15:15,Vallecano,Villarreal,D,D,2023/2024,11,2.13,18,57.89,6,6.47,3.21,5.33,33.33,1.33,36.84,1.9,20,33.33,5.8,4.67,1.0,9.43,0.95,6,1.0,2.08,3.63,10.33,1.85,5.0,2.12,2.67,5.79,5.0,0,0
2023-09-30,SP1,13:00,Getafe,Villarreal,D,D,2023/2024,22,1.8,11,57.89,9,6.47,3.21,5.0,25.0,1.0,31.58,2.45,19,25.0,4.91,4.0,1.0,8.6,1.05,0,0.75,1.83,3.69,9.75,2.07,4.75,2.01,0.5,4.16,5.25,0,0
2023-10-30,SP1,20:00,Granada,Villarreal,A,A,2023/2024,18,2.36,15,57.89,8,6.47,3.21,4.2,80.0,1.2,47.37,1.74,14,40.0,4.96,5.4,2.0,8.99,1.26,5,1.2,2.01,4.03,8.0,1.86,3.8,2.1,2.4,4.47,5.0,1,0
2023-11-12,SP1,20:00,Ath Madrid,Villarreal,H,D,2023/2024,25,2.95,8,57.89,10,6.47,3.21,3.8,100.0,1.8,78.95,1.49,8,60.0,4.87,5.0,2.6,8.91,2.21,7,1.2,1.9,4.04,8.2,2.0,4.4,2.04,1.2,4.21,5.0,1,0
2023-12-03,SP1,17:30,Sevilla,Villarreal,D,D,2023/2024,18,2.34,16,57.89,4,6.47,3.21,4.0,40.0,1.4,57.89,1.72,6,40.0,5.93,4.2,2.0,9.66,1.42,4,1.2,2.13,3.73,12.4,1.81,8.4,2.02,1.2,5.37,5.2,0,1
2023-12-17,SP1,20:00,Real Madrid,Villarreal,H,H,2023/2024,22,3.41,12,57.89,9,6.47,3.21,2.4,60.0,2.0,57.89,1.38,14,60.0,6.3,1.8,3.0,9.28,2.53,1,1.2,1.92,2.98,9.8,1.98,7.4,1.89,0.4,5.89,7.0,1,1
2024-01-02,SP1,20:30,Valencia,Villarreal,H,H,2023/2024,11,1.95,15,57.89,8,6.47,3.21,2.2,20.0,2.6,36.84,2.11,12,80.0,4.88,5.2,1.4,8.48,1.05,4,1.4,1.9,3.6,5.6,2.04,3.4,2.01,0.4,4.11,6.6,1,0
2024-01-13,SP1,13:00,Las Palmas,Villarreal,H,H,2023/2024,8,2.16,11,57.89,3,6.47,3.21,3.2,60.0,2.8,31.58,1.85,13,80.0,5.49,6.0,1.8,9.45,1.05,3,0.8,1.8,3.96,7.2,2.13,4.0,2.04,0.8,5.11,6.6,1,0
2024-01-27,SP1,17:30,Barcelona,Villarreal,A,A,2023/2024,22,3.6,13,57.89,10,6.47,3.21,2.6,80.0,2.8,57.89,1.37,8,80.0,7.13,1.2,2.2,10.0,2.26,6,1.6,2.0,2.87,10.4,1.9,7.8,2.02,2.4,7.26,7.4,1,0
2024-02-10,SP1,13:00,Alaves,Villarreal,D,D,2023/2024,17,1.93,11,57.89,4,6.47,3.21,3.6,20.0,2.8,26.32,2.06,7,80.0,6.35,4.8,0.6,10.02,1.21,4,1.6,2.0,3.67,12.2,1.89,8.6,2.02,1.2,5.63,7.8,0,1
2024-02-23,SP1,20:00,Sociedad,Villarreal,A,A,2023/2024,21,2.02,14,57.89,8,6.47,3.21,4.0,20.0,2.2,31.58,1.94,15,80.0,6.21,3.8,0.4,9.64,1.37,4,2.0,2.0,3.43,10.2,1.92,6.2,2.13,1.0,5.74,8.2,1,1
2024-03-10,SP1,20:00,Betis,Villarreal,A,H,2023/2024,13,2.17,17,57.89,4,6.47,3.21,4.2,60.0,2.0,36.84,1.85,12,80.0,6.44,4.8,1.6,10.24,1.42,4,2.4,2.16,3.8,9.8,1.78,5.6,2.08,1.8,6.0,9.6,1,1
2024-04-14,SP1,17:30,Ath Bilbao,Villarreal,D,D,2023/2024,13,2.29,12,57.89,6,6.47,3.21,3.2,40.0,1.6,57.89,1.72,13,60.0,6.25,3.0,2.0,9.53,2.21,2,2.6,1.96,3.28,7.4,1.96,4.2,1.89,0.6,5.95,9.4,0,0
2024-04-21,SP1,15:15,Almeria,Villarreal,A,D,2023/2024,24,2.86,16,57.89,5,6.47,3.21,3.6,80.0,1.2,68.42,1.48,10,60.0,5.42,5.6,1.0,9.22,1.16,3,2.0,2.07,3.8,7.2,1.81,3.6,2.02,1.8,4.74,8.4,1,0
2024-05-05,SP1,15:15,Celta,Villarreal,H,H,2023/2024,23,2.4,5,57.89,7,6.47,3.21,2.0,60.0,1.6,42.11,1.69,11,80.0,5.92,2.4,1.8,8.97,1.11,3,2.2,1.83,3.05,6.4,2.04,4.4,1.94,1.0,5.79,6.8,1,0
2024-05-14,SP1,21:00,Girona,Villarreal,A,D,2023/2024,22,3.52,14,57.89,5,6.47,3.21,1.8,60.0,1.4,68.42,1.37,3,60.0,4.95,4.0,2.6,8.27,2.79,3,1.8,2.06,3.32,6.2,1.84,4.4,2.14,1.2,4.32,5.2,0,0
2024-05-25,SP1,13:00,Osasuna,Villarreal,D,H,2023/2024,12,2.68,6,57.89,6,6.47,3.21,1.8,20.0,1.2,26.32,1.57,13,40.0,5.38,4.2,0.8,8.79,1.0,3,1.4,2.06,3.41,6.8,1.84,5.0,2.03,1.8,5.16,4.2,0,0
2024-08-23,SP1,20:30,Sevilla,Villarreal,A,D,2024/2025,15,2.23,7,57.89,9,4.74,4.37,2.0,100.0,1.0,26.32,1.87,15,100.0,5.45,2.0,1.0,9.24,0.89,5,2.0,1.85,3.79,9.0,2.05,7.0,2.01,2.0,5.21,7.0,1,0
2024-08-31,SP1,20:30,Valencia,Villarreal,D,D,2024/2025,22,1.91,11,57.89,6,4.74,4.37,2.5,50.0,1.0,47.37,2.21,15,50.0,6.3,5.5,1.0,10.5,1.37,3,1.5,1.88,4.2,11.0,2.07,8.5,2.07,1.5,5.84,10.5,0,1
2024-09-14,SP1,13:00,Mallorca,Villarreal,A,A,2024/2025,10,1.75,10,57.89,5,4.74,4.37,3.67,33.33,1.0,47.37,2.25,11,66.67,5.33,7.33,0.67,10.29,1.05,4,1.67,2.17,4.96,10.34,1.8,6.67,1.9,1.0,4.63,9.33,1,1
2024-09-26,SP1,18:00,Espanol,Villarreal,A,D,2024/2025,11,2.12,14,57.89,2,4.74,4.37,3.0,75.0,1.0,36.84,1.84,12,75.0,4.56,4.25,1.5,9.04,1.21,4,1.75,1.92,4.48,6.5,1.97,3.5,1.86,1.5,4.05,8.0,1,0
2024-10-05,SP1,20:00,Real Madrid,Villarreal,H,H,2024/2025,11,3.68,11,57.89,2,4.74,4.37,3.4,60.0,1.2,63.16,1.33,7,60.0,7.04,4.2,2.8,11.1,2.37,1,1.4,2.02,4.06,8.8,1.87,5.4,2.09,0.6,8.42,6.8,0,0
2024-10-26,SP1,13:00,Valladolid,Villarreal,A,A,2024/2025,7,2.05,13,57.89,3,4.74,4.37,4.2,60.0,1.2,47.37,1.95,16,60.0,4.65,6.8,0.6,9.54,0.58,9,1.4,2.05,4.89,9.2,1.85,5.0,2.02,1.2,4.26,6.2,1,0
2024-11-24,SP1,13:00,Osasuna,Villarreal,D,H,2024/2025,4,2.03,13,57.89,3,4.74,4.37,5.2,80.0,1.4,57.89,1.92,12,80.0,4.69,4.8,2.0,9.09,1.74,7,1.6,2.04,4.4,10.0,1.88,4.8,2.04,1.4,4.89,3.4,1,0
2024-12-08,SP1,15:15,Ath Bilbao,Villarreal,H,H,2024/2025,12,2.09,10,57.89,4,4.74,4.37,4.6,40.0,1.6,36.84,2.07,15,60.0,4.8,3.2,2.0,8.85,1.68,1,1.2,1.94,4.05,9.2,1.96,4.6,2.08,0.6,5.26,2.6,0,0
2024-12-22,SP1,17:30,Leganes,Villarreal,A,D,2024/2025,5,1.92,15,57.89,3,4.74,4.37,5.4,80.0,1.8,47.37,2.05,17,60.0,3.1,4.0,1.2,7.83,1.21,9,1.8,1.99,4.73,7.8,1.91,2.4,1.95,2.2,2.68,2.0,1,0
2025-01-13,SP1,20:00,Sociedad,Villarreal,H,D,2024/2025,6,1.94,6,57.89,3,4.74,4.37,5.8,0.0,1.6,42.11,2.01,17,60.0,5.75,5.4,0.8,10.21,1.05,5,1.8,1.93,4.46,12.2,1.94,6.4,1.91,0.4,6.74,2.2,0,0
2025-01-25,SP1,15:15,Ath Madrid,Villarreal,D,A,2024/2025,20,2.22,14,57.89,8,4.74,4.37,5.8,40.0,1.6,52.63,1.9,10,40.0,5.18,2.4,1.8,9.26,2.21,1,1.6,2.02,4.08,11.2,1.86,5.4,1.98,1.0,5.84,2.4,0,1
2025-02-08,SP1,17:30,Las Palmas,Villarreal,A,D,2024/2025,20,2.33,12,57.89,4,4.74,4.37,5.2,60.0,1.4,47.37,1.77,12,40.0,4.79,3.4,1.2,9.03,1.11,4,1.6,1.98,4.24,9.0,1.92,3.8,2.08,1.2,5.21,3.6,1,1
2025-02-22,SP1,15:15,Vallecano,Villarreal,A,D,2024/2025,10,2.01,12,57.89,5,4.74,4.37,5.6,60.0,1.0,52.63,2.0,15,40.0,5.06,2.8,1.6,9.28,1.26,5,1.8,2.13,4.22,9.2,1.8,3.6,1.93,1.2,5.74,3.6,0,0
2025-03-08,SP1,15:15,Alaves,Villarreal,H,H,2024/2025,5,1.72,13,57.89,3,4.74,4.37,5.8,0.0,0.8,15.79,2.47,11,20.0,5.23,3.2,0.4,9.72,0.74,2,0.8,2.07,4.49,10.8,1.8,5.0,2.21,0.8,5.79,3.6,0,0
2025-03-30,SP1,13:00,Getafe,Villarreal,A,A,2024/2025,11,1.67,21,57.89,4,4.74,4.37,4.6,60.0,0.8,26.32,2.47,16,40.0,3.88,5.0,1.0,8.03,0.79,3,1.2,2.03,4.15,8.0,1.85,3.4,2.07,1.2,3.63,3.6,1,0
2025-04-13,SP1,17:30,Betis,Villarreal,A,D,2024/2025,24,2.14,13,57.89,5,4.74,4.37,4.4,80.0,0.8,57.89,1.83,4,60.0,5.17,3.0,1.8,9.27,1.68,2,1.4,1.87,4.1,10.8,1.99,6.4,2.03,0.8,5.42,3.6,1,0
2025-04-23,SP1,18:00,Celta,Villarreal,H,H,2024/2025,21,2.34,10,57.89,9,4.74,4.37,4.0,40.0,1.2,57.89,1.68,16,60.0,4.64,3.8,1.4,8.78,1.68,1,1.0,2.07,4.14,10.0,1.84,6.0,1.85,0.8,4.53,3.6,1,0
2025-05-10,SP1,17:30,Girona,Villarreal,A,D,2024/2025,7,2.38,10,57.89,0,4.74,4.37,3.6,20.0,1.2,68.42,1.7,13,60.0,5.13,4.6,0.6,9.24,1.42,5,1.0,1.93,4.11,9.2,1.94,5.6,2.07,1.2,5.42,4.0,0,0
2025-05-18,SP1,18:00,Barcelona,Villarreal,A,H,2024/2025,24,4.2,9,57.89,9,4.74,4.37,3.0,60.0,1.4,68.42,1.35,14,80.0,7.42,2.2,2.4,11.07,2.74,3,1.6,2.03,3.65,12.4,1.86,9.4,2.08,2.0,8.53,6.0,1,1
2025-08-31,SP1,16:00,Celta,Villarreal,D,D,2025/2026,10,1.98,8,44.44,2,4.78,2.78,5.0,0.0,1.0,27.27,1.91,11,0.0,4.51,4.0,0.67,8.1,1.45,3,1.0,1.83,3.59,11.67,1.94,6.67,1.96,1.33,4.64,1.0,0,0
2025-09-13,SP1,20:00,Ath Madrid,Villarreal,H,H,2025/2026,8,2.05,15,44.44,3,4.78,2.78,4.0,0.0,1.5,50.0,1.88,12,0.0,7.22,2.5,1.5,10.35,2.3,1,0.5,1.83,3.13,13.0,2.01,9.0,1.84,0.5,8.5,4.5,0,1
2025-09-23,SP1,20:30,Sevilla,Villarreal,A,A,2025/2026,16,1.84,14,44.44,2,4.78,2.78,3.67,100.0,1.33,70.0,2.05,17,33.33,4.84,2.67,1.33,7.78,1.4,5,1.0,2.0,2.94,7.0,1.81,3.33,1.9,2.0,5.3,4.0,1,0
2025-10-04,SP1,20:00,Real Madrid,Villarreal,H,D,2025/2026,26,3.0,14,44.44,7,4.78,2.78,2.75,50.0,1.75,50.0,1.45,9,50.0,5.72,2.0,2.0,8.4,2.3,2,1.0,1.94,2.68,7.75,1.88,5.0,2.08,0.5,6.6,4.0,1,0
2025-10-25,SP1,20:00,Valencia,Villarreal,A,A,2025/2026,15,2.0,14,44.44,3,4.78,2.78,3.2,40.0,1.4,20.0,1.88,13,40.0,6.11,5.6,1.4,9.54,1.2,5,1.2,1.93,3.43,9.8,1.9,6.6,2.05,1.0,6.9,4.6,0,1
2025-11-08,SP1,20:00,Espanol,Villarreal,A,A,2025/2026,14,2.0,9,44.44,3,4.78,2.78,2.6,60.0,1.2,45.45,1.93,9,40.0,4.9,4.2,1.4,8.31,1.18,3,1.4,2.1,3.41,8.4,1.75,5.8,1.83,1.6,4.73,5.2,0,0
2025-11-30,SP1,13:00,Sociedad,Villarreal,A,A,2025/2026,18,2.03,18,44.44,7,4.78,2.78,2.4,60.0,1.2,70.0,1.91,15,60.0,6.01,4.0,1.6,9.25,1.5,5,2.0,22.0,3.24,9.0,2.02,6.6,1.85,1.4,6.6,5.2,1,0
2026-01-03,SP1,17:30,Elche,Villarreal,A,A,2025/2026,15,2.1,11,44.44,2,4.78,2.78,2.2,80.0,1.2,54.55,1.8,8,60.0,4.32,4.0,2.2,7.36,1.73,4,2.2,1.93,3.04,5.2,1.9,3.0,1.95,1.2,4.09,5.8,1,0
