{
  "league": "D1",
  "target": "OverUnder10.5Corners",
  "timestamp": "2025-12-11T20:51:06.484287",
  "cross_validation_folds": 5,
  "accuracy_test_mean": 0.7407766990291262,
  "accuracy_test_std": 0.02027243982312727,
  "accuracy_train_mean": 0.9468446601941747,
  "accuracy_train_std": 0.005171668872005472,
  "precision_weighted_test_mean": 0.7394465675743375,
  "precision_weighted_test_std": 0.021941911739640368,
  "precision_weighted_train_mean": 0.9474315970065899,
  "precision_weighted_train_std": 0.0054170528933420335,
  "recall_weighted_test_mean": 0.7407766990291262,
  "recall_weighted_test_std": 0.02027243982312727,
  "recall_weighted_train_mean": 0.9468446601941747,
  "recall_weighted_train_std": 0.005171668872005472,
  "f1_weighted_test_mean": 0.7364180103830102,
  "f1_weighted_test_std": 0.018943828443350238,
  "f1_weighted_train_mean": 0.9465373605605315,
  "f1_weighted_train_std": 0.005164485930436206,
  "roc_auc_test_mean": 0.8086575807908616,
  "roc_auc_test_std": 0.02728518895287034,
  "roc_auc_train_mean": 0.9933880665270541,
  "roc_auc_train_std": 0.0006201630218746089
}