{
  "league": "D1",
  "target": "Over2.5",
  "timestamp": "2025-12-11T20:50:31.388343",
  "cross_validation_folds": 5,
  "accuracy_test_mean": 0.8233009708737864,
  "accuracy_test_std": 0.007887415926831025,
  "accuracy_train_mean": 0.9274271844660195,
  "accuracy_train_std": 0.005608844664219095,
  "precision_weighted_test_mean": 0.8264645691693954,
  "precision_weighted_test_std": 0.008166173882903999,
  "precision_weighted_train_mean": 0.9277789192847891,
  "precision_weighted_train_std": 0.005768173189020226,
  "recall_weighted_test_mean": 0.8233009708737864,
  "recall_weighted_test_std": 0.007887415926831025,
  "recall_weighted_train_mean": 0.9274271844660195,
  "recall_weighted_train_std": 0.005608844664219095,
  "f1_weighted_test_mean": 0.8203571478832508,
  "f1_weighted_test_std": 0.007489991170951669,
  "f1_weighted_train_mean": 0.9269278411716655,
  "f1_weighted_train_std": 0.0056197981702048394,
  "roc_auc_test_mean": 0.9019444444444444,
  "roc_auc_test_std": 0.005922078954927908,
  "roc_auc_train_mean": 0.9871044146825397,
  "roc_auc_train_std": 0.001245834858003934
}