{
  "league": "E0",
  "target": "OverUnder10.5Corners",
  "timestamp": "2025-12-11T20:51:18.034164",
  "cross_validation_folds": 5,
  "accuracy_test_mean": 0.7052242632642597,
  "accuracy_test_std": 0.030782210979735557,
  "accuracy_train_mean": 1.0,
  "accuracy_train_std": 0.0,
  "precision_weighted_test_mean": 0.7079800077489633,
  "precision_weighted_test_std": 0.030937234051862696,
  "precision_weighted_train_mean": 1.0,
  "precision_weighted_train_std": 0.0,
  "recall_weighted_test_mean": 0.7052242632642597,
  "recall_weighted_test_std": 0.030782210979735557,
  "recall_weighted_train_mean": 1.0,
  "recall_weighted_train_std": 0.0,
  "f1_weighted_test_mean": 0.7037362267017209,
  "f1_weighted_test_std": 0.03116708513895663,
  "f1_weighted_train_mean": 1.0,
  "f1_weighted_train_std": 0.0,
  "roc_auc_test_mean": 0.7844944208228111,
  "roc_auc_test_std": 0.03271864933030696,
  "roc_auc_train_mean": 1.0,
  "roc_auc_train_std": 0.0
}