{
  "league": "E0",
  "target": "Over2.5",
  "timestamp": "2025-12-11T20:50:55.998597",
  "cross_validation_folds": 5,
  "accuracy_test_mean": 0.8223720326968902,
  "accuracy_test_std": 0.028061061064806807,
  "accuracy_train_mean": 0.9633446492078888,
  "accuracy_train_std": 0.006468335410182013,
  "precision_weighted_test_mean": 0.8219885845395819,
  "precision_weighted_test_std": 0.028254197182485237,
  "precision_weighted_train_mean": 0.96347200297461,
  "precision_weighted_train_std": 0.006424529707301275,
  "recall_weighted_test_mean": 0.8223720326968902,
  "recall_weighted_test_std": 0.028061061064806807,
  "recall_weighted_train_mean": 0.9633446492078888,
  "recall_weighted_train_std": 0.006468335410182013,
  "f1_weighted_test_mean": 0.8213707357729276,
  "f1_weighted_test_std": 0.02821425262979176,
  "f1_weighted_train_mean": 0.9632690730332403,
  "f1_weighted_train_std": 0.006494819019049727,
  "roc_auc_test_mean": 0.9078455988159824,
  "roc_auc_test_std": 0.029653609660651552,
  "roc_auc_train_mean": 0.9967507273701368,
  "roc_auc_train_std": 0.0006848034771477269
}