{
  "league": "F1",
  "target": "OverUnder10.5Corners",
  "timestamp": "2025-12-11T20:51:24.456129",
  "cross_validation_folds": 5,
  "accuracy_test_mean": 0.7616071428571429,
  "accuracy_test_std": 0.022693330405605096,
  "accuracy_train_mean": 0.9549107142857143,
  "accuracy_train_std": 0.0011381739985698335,
  "precision_weighted_test_mean": 0.7564898599390323,
  "precision_weighted_test_std": 0.022536279543262937,
  "precision_weighted_train_mean": 0.9555755560239312,
  "precision_weighted_train_std": 0.001032137480753966,
  "recall_weighted_test_mean": 0.7616071428571429,
  "recall_weighted_test_std": 0.022693330405605096,
  "recall_weighted_train_mean": 0.9549107142857143,
  "recall_weighted_train_std": 0.0011381739985698335,
  "f1_weighted_test_mean": 0.7520170728750948,
  "f1_weighted_test_std": 0.023284852112706735,
  "f1_weighted_train_mean": 0.9543692382383568,
  "f1_weighted_train_std": 0.0011965152271857025,
  "roc_auc_test_mean": 0.8241884103099743,
  "roc_auc_test_std": 0.022607215407765786,
  "roc_auc_train_mean": 0.9957255851632721,
  "roc_auc_train_std": 0.00021803326680134986
}