{
  "league": "F1",
  "target": "Over2.5",
  "timestamp": "2025-12-11T20:51:03.425910",
  "cross_validation_folds": 5,
  "accuracy_test_mean": 0.8116071428571429,
  "accuracy_test_std": 0.012111303541295113,
  "accuracy_train_mean": 0.8808035714285714,
  "accuracy_train_std": 0.0057083535056001765,
  "precision_weighted_test_mean": 0.8132584444009892,
  "precision_weighted_test_std": 0.011162628891311973,
  "precision_weighted_train_mean": 0.8808122091226845,
  "precision_weighted_train_std": 0.00574125005287379,
  "recall_weighted_test_mean": 0.8116071428571429,
  "recall_weighted_test_std": 0.012111303541295113,
  "recall_weighted_train_mean": 0.8808035714285714,
  "recall_weighted_train_std": 0.0057083535056001765,
  "f1_weighted_test_mean": 0.8108311267343413,
  "f1_weighted_test_std": 0.012981505865041954,
  "f1_weighted_train_mean": 0.8806271475716805,
  "f1_weighted_train_std": 0.005718888176313875,
  "roc_auc_test_mean": 0.8997061435569433,
  "roc_auc_test_std": 0.009332953319447047,
  "roc_auc_train_mean": 0.9568900334159369,
  "roc_auc_train_std": 0.0035981022962550974
}