{
  "league": "I1",
  "target": "OverUnder10.5Corners",
  "timestamp": "2025-12-11T20:51:09.011649",
  "cross_validation_folds": 5,
  "accuracy_test_mean": 0.7615134803921568,
  "accuracy_test_std": 0.015349939199888153,
  "accuracy_train_mean": 0.8960110810728249,
  "accuracy_train_std": 0.0055060916787991274,
  "precision_weighted_test_mean": 0.7589582885952684,
  "precision_weighted_test_std": 0.018333416863004853,
  "precision_weighted_train_mean": 0.897868465057811,
  "precision_weighted_train_std": 0.005462967997277208,
  "recall_weighted_test_mean": 0.7615134803921568,
  "recall_weighted_test_std": 0.015349939199888153,
  "recall_weighted_train_mean": 0.8960110810728249,
  "recall_weighted_train_std": 0.0055060916787991274,
  "f1_weighted_test_mean": 0.7512747127456589,
  "f1_weighted_test_std": 0.016980592895743687,
  "f1_weighted_train_mean": 0.8934744998528961,
  "f1_weighted_train_std": 0.005815344260140394,
  "roc_auc_test_mean": 0.8050473309182016,
  "roc_auc_test_std": 0.03575756266344566,
  "roc_auc_train_mean": 0.976742047073327,
  "roc_auc_train_std": 0.0006040019678969711
}