{
  "league": "I1",
  "target": "Over2.5",
  "timestamp": "2025-12-11T20:50:37.515715",
  "cross_validation_folds": 5,
  "accuracy_test_mean": 0.8084497549019607,
  "accuracy_test_std": 0.020764937378214617,
  "accuracy_train_mean": 0.853987200635386,
  "accuracy_train_std": 0.00509100441906484,
  "precision_weighted_test_mean": 0.8095785357484685,
  "precision_weighted_test_std": 0.020756408941157465,
  "precision_weighted_train_mean": 0.8540576119576591,
  "precision_weighted_train_std": 0.005034766480738885,
  "recall_weighted_test_mean": 0.8084497549019607,
  "recall_weighted_test_std": 0.020764937378214617,
  "recall_weighted_train_mean": 0.853987200635386,
  "recall_weighted_train_std": 0.00509100441906484,
  "f1_weighted_test_mean": 0.8082743409487094,
  "f1_weighted_test_std": 0.020618590692439227,
  "f1_weighted_train_mean": 0.8538499908727916,
  "f1_weighted_train_std": 0.005127482321191742,
  "roc_auc_test_mean": 0.8922334455667789,
  "roc_auc_test_std": 0.016161941315848267,
  "roc_auc_train_mean": 0.9405687862374293,
  "roc_auc_train_std": 0.0024789543367624072
}