{
  "league": "SP1",
  "target": "Over2.5",
  "timestamp": "2025-12-11T20:50:43.237473",
  "cross_validation_folds": 5,
  "accuracy_test_mean": 0.8352879075800079,
  "accuracy_test_std": 0.009795892885581949,
  "accuracy_train_mean": 0.9040395520205309,
  "accuracy_train_std": 0.003520339047367542,
  "precision_weighted_test_mean": 0.8364126973860031,
  "precision_weighted_test_std": 0.009826606278325928,
  "precision_weighted_train_mean": 0.9040825991515138,
  "precision_weighted_train_std": 0.0034958715632572323,
  "recall_weighted_test_mean": 0.8352879075800079,
  "recall_weighted_test_std": 0.009795892885581949,
  "recall_weighted_train_mean": 0.9040395520205309,
  "recall_weighted_train_std": 0.003520339047367542,
  "f1_weighted_test_mean": 0.8349235145713685,
  "f1_weighted_test_std": 0.009814676174698727,
  "f1_weighted_train_mean": 0.9039864290481117,
  "f1_weighted_train_std": 0.0035376211845915607,
  "roc_auc_test_mean": 0.9077285080134209,
  "roc_auc_test_std": 0.004487709043520862,
  "roc_auc_train_mean": 0.9715967745759372,
  "roc_auc_train_std": 0.002242119203090532
}