{
  "league": "SP1",
  "target": "OverUnder10.5Corners",
  "timestamp": "2025-12-11T20:51:11.799174",
  "cross_validation_folds": 5,
  "accuracy_test_mean": 0.773902814224957,
  "accuracy_test_std": 0.01585823592357544,
  "accuracy_train_mean": 0.9050115580212668,
  "accuracy_train_std": 0.004048021601511356,
  "precision_weighted_test_mean": 0.7717338561498227,
  "precision_weighted_test_std": 0.018424879541699128,
  "precision_weighted_train_mean": 0.90634160842257,
  "precision_weighted_train_std": 0.004021090594984973,
  "recall_weighted_test_mean": 0.773902814224957,
  "recall_weighted_test_std": 0.01585823592357544,
  "recall_weighted_train_mean": 0.9050115580212668,
  "recall_weighted_train_std": 0.004048021601511356,
  "f1_weighted_test_mean": 0.7679693456772012,
  "f1_weighted_test_std": 0.016856441652580042,
  "f1_weighted_train_mean": 0.9034230515440299,
  "f1_weighted_train_std": 0.004187972699947797,
  "roc_auc_test_mean": 0.8352694426452036,
  "roc_auc_test_std": 0.0303168101507239,
  "roc_auc_train_mean": 0.9768413596952804,
  "roc_auc_train_std": 0.0011009734134527595
}